lat,lon,hour,dow,is_weekend,crime_type,severity
13.03301,77.546274,4,2,0,theft,1
12.977393,77.604957,23,3,0,assault,3
12.972984,77.611302,0,1,0,assault,3
13.002425,77.572522,18,1,0,theft,2
13.001729,77.570358,18,6,1,fraud,1
12.972105,77.576997,22,3,0,theft,1
12.849211,77.659921,2,0,0,burglary,2
12.964065,77.572462,8,6,1,harassment,1
12.894555,77.586952,3,6,1,burglary,1
13.028914,77.551404,1,1,0,theft,1
12.983536,77.604448,18,1,0,theft,2
13.044931,77.491796,13,2,0,harassment,2
13.027966,77.536932,14,1,0,vehicle_theft,2
12.932795,77.582257,22,3,0,burglary,2
12.969891,77.644742,1,3,0,assault,3
13.040143,77.596032,19,4,0,theft,1
12.92944,77.583254,1,4,0,burglary,1
13.005969,77.564181,19,3,0,fraud,1
12.911525,77.629977,17,0,0,theft,1
12.967659,77.638896,20,6,1,theft,2
12.91773,77.599083,21,4,0,harassment,1
13.106246,77.596916,22,4,0,vehicle_theft,1
12.908223,77.615621,18,6,1,vehicle_theft,3
13.027117,77.541211,7,5,1,vehicle_theft,2
13.045637,77.515438,16,3,0,theft,1
13.003931,77.572792,21,6,1,burglary,2
12.90862,77.584723,14,0,0,burglary,2
13.011533,77.570475,4,6,1,theft,1
12.979656,77.626295,0,2,0,theft,1
13.01447,77.696186,23,0,0,vehicle_theft,2
12.959654,77.573776,16,2,0,harassment,2
12.848971,77.655745,22,6,1,vehicle_theft,3
12.902141,77.629055,6,5,1,assault,3
12.910145,77.640923,22,4,0,vehicle_theft,1
13.037675,77.600813,8,2,0,assault,3
13.014545,77.650333,11,1,0,fraud,1
12.974938,77.637855,0,4,0,harassment,1
12.845259,77.646009,21,6,1,theft,1
12.904153,77.585045,22,3,0,burglary,2
13.009079,77.685363,7,0,0,assault,2
12.970398,77.57043,11,1,0,harassment,1
12.834086,77.650457,3,4,0,vehicle_theft,2
12.899698,77.754069,8,4,0,fraud,2
12.969919,77.579513,10,3,0,harassment,1
12.901891,77.589489,20,4,0,theft,1
12.935719,77.606018,3,2,0,harassment,1
13.002305,77.573174,12,4,0,burglary,2
12.842716,77.6611,12,3,0,burglary,2
13.104956,77.602035,3,1,0,theft,2
12.980616,77.599297,1,2,0,harassment,1
12.976776,77.565294,23,3,0,harassment,1
12.931022,77.583128,19,4,0,theft,2
12.882997,77.550079,1,2,0,vehicle_theft,1
12.971939,77.529904,20,4,0,vehicle_theft,2
12.962725,77.7023,17,1,0,vehicle_theft,2
13.098057,77.596987,22,4,0,vehicle_theft,2
12.985163,77.52705,19,6,1,theft,1
12.935187,77.636532,14,5,1,vehicle_theft,2
12.980775,77.565302,8,0,0,fraud,1
13.047685,77.520801,6,0,0,theft,1
12.975186,77.570699,9,5,1,theft,1
12.979308,77.750764,2,6,1,burglary,2
12.969809,77.565075,19,4,0,theft,1
12.977031,77.529498,16,4,0,theft,2
12.935043,77.632111,22,0,0,theft,2
12.998474,77.554951,19,2,0,theft,1
12.847677,77.652439,9,4,0,vehicle_theft,1
13.008014,77.694803,2,5,1,vehicle_theft,1
12.971858,77.530472,17,5,1,theft,1
12.984582,77.568058,21,2,0,theft,1
12.982853,77.599349,10,2,0,harassment,1
12.969305,77.576879,18,4,0,theft,2
12.914884,77.610936,23,0,0,theft,1
12.97095,77.638259,22,5,1,assault,3
12.930763,77.558429,20,4,0,theft,1
12.96806,77.540184,12,4,0,burglary,1
12.911744,77.616826,11,3,0,theft,2
12.99604,77.552401,10,6,1,theft,1
12.921412,77.654408,17,1,0,harassment,1
12.958154,77.701895,17,4,0,theft,1
12.964814,77.747722,3,6,1,burglary,2
12.97154,77.602767,3,1,0,harassment,2
12.953378,77.707651,9,5,1,vehicle_theft,3
12.964225,77.577827,17,2,0,theft,2
12.961417,77.578848,22,2,0,theft,1
12.982045,77.605266,2,1,0,harassment,1
12.978392,77.566033,9,0,0,theft,2
12.910136,77.638636,20,0,0,burglary,2
12.958455,77.578947,18,2,0,theft,2
12.970804,77.64104,23,6,1,harassment,1
12.906746,77.612271,17,4,0,burglary,3
12.964798,77.58038,17,6,1,harassment,1
12.985104,77.605032,7,0,0,assault,2
12.92075,77.573491,1,4,0,theft,1
13.039711,77.586026,6,3,0,theft,1
12.910905,77.608952,9,1,0,vehicle_theft,3
13.014653,77.698588,18,4,0,burglary,1
13.013723,77.69929,9,1,0,burglary,1
12.908086,77.583495,18,2,0,theft,1
13.02663,77.531491,16,2,0,vehicle_theft,3
12.886914,77.721908,12,2,0,vehicle_theft,2
12.923439,77.614372,18,2,0,theft,1
12.928762,77.583945,16,6,1,burglary,2
12.996155,77.678111,10,6,1,vehicle_theft,1
12.964308,77.5991,18,1,0,assault,2
12.916273,77.60911,8,4,0,harassment,1
12.923028,77.584353,0,6,1,theft,1
12.905123,77.647341,0,0,0,vehicle_theft,1
12.913483,77.613597,13,6,1,burglary,2
12.964673,77.58225,18,5,1,theft,3
13.025472,77.520372,23,4,0,vehicle_theft,2
13.067891,77.757403,15,2,0,theft,1
12.904057,77.585064,20,6,1,theft,1
12.996266,77.555558,22,4,0,assault,2
13.030442,77.583136,4,5,1,burglary,2
12.929528,77.586548,17,1,0,theft,1
12.90275,77.584139,23,0,0,vehicle_theft,2
12.857501,77.681938,2,3,0,vehicle_theft,3
12.935363,77.62559,8,5,1,vehicle_theft,2
12.978789,77.570518,12,5,1,theft,1
12.90683,77.617275,7,6,1,theft,1
12.911579,77.60354,17,0,0,theft,2
12.974777,77.730729,23,0,0,vehicle_theft,2
12.963225,77.576559,12,6,1,assault,3
13.098175,77.5971,3,0,0,vehicle_theft,2
12.970595,77.634459,11,4,0,assault,2
13.110905,77.599182,3,3,0,burglary,1
12.846983,77.662471,16,3,0,burglary,2
12.976358,77.644578,5,3,0,theft,1
13.093735,77.60002,21,4,0,burglary,2
12.974354,77.53108,17,3,0,theft,1
12.923617,77.551268,22,0,0,theft,2
12.96944,77.749578,0,2,0,theft,1
12.978838,77.617247,2,2,0,assault,3
12.967863,77.584559,18,5,1,theft,2
12.997969,77.693438,14,1,0,theft,1
12.956103,77.701425,18,3,0,vehicle_theft,3
12.984354,77.576196,19,5,1,theft,2
12.907948,77.577646,22,6,1,theft,1
12.970704,77.642915,10,5,1,assault,2
12.928486,77.54784,7,2,0,theft,2
12.998655,77.547841,0,3,0,theft,2
12.900921,77.613565,19,5,1,vehicle_theft,2
12.96549,77.579101,0,1,0,harassment,1
12.971585,77.606006,18,0,0,assault,3
12.98407,77.622281,0,5,1,theft,2
12.910592,77.636599,21,4,0,theft,2
12.920544,77.554514,19,6,1,theft,2
13.019268,77.525513,21,5,1,theft,1
12.979649,77.611623,5,4,0,assault,3
12.956224,77.703279,20,4,0,vehicle_theft,3
12.974441,77.762688,5,2,0,burglary,2
12.915157,77.614573,21,2,0,theft,1
12.857803,77.655645,0,3,0,vehicle_theft,3
12.971032,77.749183,22,1,0,fraud,1
12.901435,77.61713,9,3,0,vehicle_theft,2
13.039258,77.509474,1,0,0,burglary,2
12.971454,77.640565,23,5,1,harassment,1
13.0046,77.691203,7,3,0,vehicle_theft,1
12.844934,77.652702,23,4,0,burglary,1
13.04517,77.596822,10,2,0,vehicle_theft,2
12.903623,77.473078,0,2,0,harassment,2
12.995349,77.557278,18,5,1,theft,1
12.930443,77.609239,1,1,0,assault,3
13.007443,77.572396,21,5,1,theft,1
13.037221,77.544789,3,0,0,assault,3
12.974591,77.607192,9,6,1,assault,3
12.915202,77.608701,14,4,0,harassment,1
12.901567,77.614293,21,2,0,theft,2
12.879884,77.768013,10,5,1,fraud,1
13.031913,77.520978,20,5,1,vehicle_theft,2
12.923947,77.644168,14,2,0,fraud,1
12.975902,77.74696,2,0,0,vehicle_theft,2
13.00326,77.572859,9,4,0,fraud,1
12.970032,77.747504,19,1,0,burglary,2
12.975997,77.604072,21,5,1,harassment,1
12.976468,77.570504,18,6,1,theft,1
12.963312,77.579362,9,2,0,fraud,2
12.922202,77.603642,5,1,0,burglary,3
12.906756,77.633442,14,3,0,theft,2
12.910085,77.609591,15,5,1,burglary,2
12.93393,77.628513,5,3,0,theft,1
12.954928,77.577036,8,3,0,theft,1
13.101406,77.595643,5,6,1,vehicle_theft,1
12.907257,77.617925,19,1,0,vehicle_theft,3
12.943587,77.641754,16,2,0,vehicle_theft,3
12.962688,77.577181,18,2,0,harassment,1
12.963337,77.582537,9,3,0,theft,1
12.917121,77.608212,0,3,0,vehicle_theft,3
12.937282,77.625999,7,5,1,theft,1
12.999484,77.571366,8,5,1,fraud,1
13.012201,77.696499,7,6,1,assault,2
12.972539,77.52926,18,3,0,burglary,2
12.968604,77.528903,8,6,1,theft,1
12.905944,77.617762,9,3,0,vehicle_theft,1
12.967817,77.580458,16,4,0,theft,1
13.002392,77.688811,11,1,0,burglary,2
12.932948,77.591248,0,0,0,fraud,1
12.908317,77.615069,10,6,1,vehicle_theft,2
12.997485,77.555751,16,6,1,theft,1
12.971555,77.583896,13,0,0,fraud,1
12.957307,77.697918,19,2,0,vehicle_theft,2
12.909235,77.58243,18,4,0,burglary,1
13.003791,77.554238,16,3,0,theft,1
12.983217,77.621214,2,1,0,assault,3
12.983546,77.621472,22,5,1,assault,3
12.961127,77.569357,14,5,1,assault,3
12.978603,77.573698,1,5,1,harassment,1
13.023062,77.538529,11,5,1,theft,2
12.947142,77.705439,11,5,1,theft,1
12.984911,77.606658,9,2,0,theft,2
12.924968,77.54697,12,6,1,theft,1
12.891041,77.74934,22,2,0,fraud,1
12.837944,77.66538,3,4,0,burglary,2
13.008604,77.696579,12,6,1,vehicle_theft,2
13.032492,77.512783,1,3,0,theft,1
12.978073,77.56779,19,4,0,assault,3
12.980643,77.606814,19,4,0,theft,1
13.009333,77.530695,22,4,0,burglary,3
13.035666,77.59528,19,6,1,vehicle_theft,1
12.972759,77.607326,1,5,1,harassment,1
12.989743,77.609164,12,0,0,assault,3
12.926793,77.580863,22,6,1,burglary,2
12.973077,77.6393,0,3,0,theft,1
12.981352,77.604843,22,0,0,harassment,1
13.095783,77.598485,3,3,0,burglary,2
12.919287,77.632267,21,1,0,burglary,1
12.986086,77.60968,16,1,0,theft,1
12.96507,77.574125,20,4,0,theft,2
12.954754,77.694937,22,3,0,theft,1
13.101457,77.591403,0,2,0,vehicle_theft,3
12.965117,77.702709,20,5,1,vehicle_theft,2
12.937229,77.63007,23,3,0,theft,1
12.97285,77.570685,14,0,0,harassment,1
13.00317,77.569949,17,1,0,fraud,1
12.908529,77.6187,7,3,0,vehicle_theft,2
12.96057,77.582361,11,5,1,theft,1
12.897455,77.593922,22,0,0,burglary,2
12.982424,77.622874,20,1,0,theft,2
12.893047,77.604073,22,2,0,vehicle_theft,3
13.10796,77.592426,22,0,0,vehicle_theft,2
12.934548,77.625209,1,1,0,assault,3
13.045514,77.658453,19,0,0,theft,1
12.983964,77.563575,22,0,0,assault,3
12.964304,77.579673,7,1,0,harassment,1
13.034863,77.688853,15,3,0,assault,2
13.004434,77.571046,17,0,0,fraud,1
12.939042,77.62794,23,2,0,theft,1
12.977063,77.608595,0,6,1,assault,3
12.97411,77.703366,3,4,0,theft,1
12.93506,77.579559,19,6,1,fraud,2
12.903983,77.583722,21,2,0,theft,1
12.915341,77.647149,19,3,0,burglary,2
13.042813,77.596327,8,4,0,theft,2
13.005904,77.695165,19,5,1,assault,3
12.983395,77.599753,21,5,1,theft,1
12.995079,77.569253,11,3,0,burglary,2
12.980899,77.621393,19,3,0,harassment,1
13.109077,77.596624,2,3,0,vehicle_theft,1
12.930411,77.619451,0,1,0,theft,1
12.929622,77.570973,17,2,0,theft,1
12.977159,77.570364,19,4,0,theft,1
13.029393,77.555196,16,1,0,theft,1
12.990652,77.605554,6,6,1,assault,3
12.934882,77.480048,15,0,0,theft,1
12.922108,77.612314,19,6,1,vehicle_theft,3
12.964671,77.747432,7,0,0,vehicle_theft,1
12.9311,77.582471,2,1,0,fraud,1
12.843297,77.66239,12,6,1,burglary,2
12.908116,77.616244,21,0,0,burglary,2
12.996286,77.693713,11,3,0,vehicle_theft,3
12.970598,77.608683,1,2,0,assault,2
12.983958,77.571403,14,5,1,fraud,2
12.985187,77.602031,22,5,1,theft,1
12.972157,77.641167,21,4,0,theft,1
12.965238,77.577713,13,0,0,harassment,1
12.90584,77.609093,8,4,0,assault,3
12.832473,77.644534,6,1,0,vehicle_theft,1
12.940274,77.62454,0,6,1,vehicle_theft,2
13.032092,77.504064,9,1,0,vehicle_theft,3
13.002208,77.562324,8,1,0,theft,2
12.968357,77.576411,8,6,1,theft,1
12.995731,77.551807,22,4,0,theft,2
13.033697,77.542443,11,5,1,vehicle_theft,2
12.907297,77.673442,1,5,1,burglary,2
13.039417,77.589877,22,4,0,assault,3
12.936838,77.638663,23,6,1,assault,3
13.026033,77.539435,17,0,0,vehicle_theft,3
12.950734,77.701259,22,5,1,burglary,2
12.963331,77.577026,19,4,0,harassment,1
12.933225,77.617462,1,3,0,theft,1
12.971987,77.639465,21,4,0,vehicle_theft,3
12.956397,77.700923,17,6,1,burglary,1
13.132585,77.523905,6,0,0,harassment,1
13.097257,77.602336,21,1,0,vehicle_theft,3
12.974751,77.612501,3,5,1,theft,1
12.963418,77.709679,7,4,0,assault,3
12.934628,77.588212,20,2,0,burglary,2
12.924278,77.585066,23,1,0,fraud,1
12.987528,77.620444,4,5,1,assault,3
12.944465,77.629411,22,2,0,assault,1
12.964619,77.577297,14,6,1,harassment,1
13.049912,77.603782,18,5,1,theft,1
12.912132,77.609665,16,2,0,harassment,1
12.961663,77.746775,2,6,1,theft,1
12.959292,77.702678,5,3,0,vehicle_theft,2
12.988049,77.520519,7,0,0,theft,1
12.924139,77.504379,8,4,0,fraud,1
12.899315,77.630102,9,5,1,vehicle_theft,2
12.916048,77.589506,20,2,0,theft,1
12.962947,77.574217,19,5,1,theft,2
12.984745,77.569422,13,1,0,theft,1
12.93309,77.590285,0,0,0,theft,1
13.01304,77.542304,19,0,0,theft,1
12.97064,77.63819,21,6,1,theft,1
12.972157,77.538505,1,5,1,vehicle_theft,3
12.995055,77.557365,18,3,0,burglary,1
12.974657,77.532024,20,4,0,vehicle_theft,3
12.925565,77.606904,4,1,0,burglary,3
12.975405,77.607504,23,6,1,theft,1
12.96307,77.575951,10,3,0,theft,1
12.915899,77.610366,0,1,0,vehicle_theft,2
12.922774,77.548389,15,2,0,vehicle_theft,1
12.988495,77.553369,1,1,0,burglary,3
12.948946,77.710856,3,3,0,vehicle_theft,2
12.98034,77.755358,4,4,0,fraud,1
13.032961,77.520147,1,1,0,theft,1
12.849794,77.663775,2,3,0,theft,1
12.98657,77.604857,19,4,0,theft,1
12.968981,77.578321,14,1,0,theft,1
12.967391,77.757365,21,5,1,theft,2
13.042853,77.508949,22,6,1,vehicle_theft,3
13.100698,77.598332,4,2,0,burglary,1
12.977475,77.571385,14,2,0,harassment,1
12.993151,77.558188,7,0,0,theft,1
12.982908,77.562429,15,3,0,assault,3
12.843479,77.663705,20,2,0,theft,1
12.971756,77.521956,12,5,1,theft,1
12.955259,77.701634,8,1,0,theft,1
12.975865,77.75426,8,4,0,burglary,2
12.921038,77.551116,22,4,0,vehicle_theft,1
12.920136,77.626443,0,6,1,harassment,1
12.917184,77.60601,15,3,0,theft,1
12.955272,77.699357,12,4,0,vehicle_theft,2
12.935427,77.628266,3,1,0,vehicle_theft,1
12.907293,77.58591,21,6,1,theft,1
12.939058,77.614493,23,5,1,assault,3
13.078369,77.750785,19,3,0,burglary,1
12.931935,77.618768,20,1,0,theft,1
12.902144,77.631228,16,2,0,theft,1
12.9921,77.609002,5,1,0,theft,1
12.974137,77.528326,20,5,1,vehicle_theft,2
12.963676,77.573015,10,4,0,theft,1
12.970773,77.572867,9,5,1,theft,1
12.9976,77.571468,9,6,1,burglary,2
12.973427,77.632082,5,5,1,assault,3
13.034272,77.515848,23,0,0,vehicle_theft,1
12.934672,77.626334,10,5,1,theft,1
12.845626,77.662557,3,0,0,burglary,2
13.09883,77.61285,15,3,0,vehicle_theft,3
12.979831,77.614975,21,4,0,harassment,1
12.915846,77.609214,22,0,0,theft,1
12.963101,77.576093,14,4,0,theft,1
12.912208,77.640675,17,2,0,burglary,2
12.928021,77.578526,14,6,1,harassment,1
12.936942,77.62317,22,3,0,assault,3
12.982174,77.621249,23,4,0,assault,3
12.981669,77.606703,4,1,0,harassment,1
12.995858,77.55515,23,4,0,theft,1
13.035487,77.601007,8,1,0,theft,1
13.002906,77.553062,12,3,0,theft,2
12.928479,77.573865,18,2,0,theft,1
12.90646,77.585613,18,2,0,burglary,3
12.952201,77.698865,22,3,0,vehicle_theft,2
12.909102,77.621385,9,1,0,vehicle_theft,2
12.909163,77.5817,21,5,1,theft,2
12.907568,77.617416,21,0,0,vehicle_theft,2
12.974547,77.616455,3,2,0,theft,1
12.970562,77.576994,17,4,0,theft,1
12.914779,77.610208,15,4,0,theft,1
12.940833,77.617198,21,2,0,assault,3
13.011565,77.697378,1,1,0,vehicle_theft,3
13.001003,77.549531,4,5,1,assault,3
12.926611,77.520351,13,3,0,assault,1
12.955546,77.712151,6,6,1,vehicle_theft,1
12.970286,77.522874,17,2,0,theft,2
12.971599,77.749798,21,2,0,theft,2
12.905995,77.617995,10,3,0,theft,1
13.023075,77.531998,6,5,1,theft,1
13.028556,77.613129,2,3,0,vehicle_theft,3
12.933805,77.628566,3,1,0,theft,1
12.905752,77.615555,21,4,0,vehicle_theft,2
12.972543,77.763494,11,3,0,vehicle_theft,2
12.963727,77.575945,13,0,0,harassment,1
12.913183,77.645679,19,5,1,fraud,1
12.960005,77.571681,19,6,1,harassment,1
12.969639,77.586504,14,3,0,theft,1
13.000559,77.56451,8,4,0,theft,2
12.932007,77.617151,7,0,0,harassment,1
12.988331,77.601769,17,1,0,theft,1
12.996791,77.55608,19,2,0,burglary,3
13.013509,77.764382,4,2,0,vehicle_theft,2
12.84827,77.676576,21,5,1,vehicle_theft,1
12.940931,77.697167,15,2,0,vehicle_theft,1
12.953166,77.694612,10,6,1,vehicle_theft,2
12.856288,77.660425,1,5,1,vehicle_theft,3
12.961638,77.577586,2,5,1,harassment,1
12.845479,77.659974,1,4,0,theft,2
12.953561,77.761514,18,4,0,fraud,1
12.969039,77.524689,8,0,0,burglary,2
13.041408,77.527936,3,4,0,theft,1
12.910757,77.621761,8,1,0,vehicle_theft,2
12.961612,77.578178,9,2,0,theft,1
13.031887,77.512978,5,1,0,vehicle_theft,2
12.973036,77.760185,0,4,0,theft,1
12.977063,77.572551,11,5,1,theft,1
12.972856,77.607179,12,2,0,harassment,1
12.918686,77.639064,18,3,0,vehicle_theft,3
12.935578,77.648791,6,6,1,burglary,1
12.981613,77.625002,18,5,1,theft,1
12.969582,77.750036,23,3,0,vehicle_theft,2
12.911992,77.622845,21,0,0,vehicle_theft,1
12.984443,77.616748,17,0,0,harassment,1
12.963501,77.577735,17,0,0,fraud,1
12.941637,77.46988,10,6,1,vehicle_theft,1
12.927072,77.548213,21,5,1,theft,1
13.034823,77.596745,9,3,0,theft,1
12.977378,77.575104,19,1,0,theft,1
13.027302,77.54009,7,0,0,assault,3
12.981935,77.620583,4,4,0,assault,2
13.025175,77.538856,15,3,0,theft,1
12.971705,77.611706,1,4,0,assault,3
12.960708,77.740594,23,2,0,fraud,1
12.915007,77.609547,12,1,0,theft,1
12.858161,77.645396,12,2,0,theft,1
12.967273,77.581122,19,2,0,theft,1
13.025859,77.541868,9,0,0,theft,2
12.972075,77.64098,1,6,1,harassment,2
12.956567,77.704378,23,2,0,burglary,2
12.97523,77.607097,14,3,0,assault,3
12.921186,77.626335,21,5,1,vehicle_theft,2
12.938875,77.530153,23,1,0,harassment,1
12.854292,77.595843,9,3,0,vehicle_theft,1
13.00853,77.694825,19,0,0,theft,2
12.923089,77.612239,3,4,0,vehicle_theft,1
12.939201,77.627038,1,0,0,vehicle_theft,2
12.894322,77.584927,23,3,0,burglary,1
12.980408,77.605043,2,5,1,assault,3
13.034554,77.521056,12,3,0,vehicle_theft,2
13.038315,77.607607,6,2,0,vehicle_theft,3
12.976235,77.570237,20,5,1,assault,3
12.970441,77.750468,2,3,0,burglary,3
12.974082,77.572913,18,6,1,fraud,1
12.90493,77.614777,22,4,0,vehicle_theft,3
12.97006,77.532171,7,3,0,theft,1
12.935061,77.627685,1,3,0,theft,1
12.917269,77.609785,17,3,0,theft,1
12.974939,77.606749,14,5,1,assault,3
12.958208,77.717383,13,1,0,vehicle_theft,2
12.972299,77.518409,22,4,0,theft,1
13.035712,77.597967,14,4,0,assault,3
12.916986,77.610433,23,3,0,vehicle_theft,2
12.967256,77.579177,15,6,1,theft,2
12.969303,77.729556,6,0,0,assault,1
12.930964,77.575332,20,5,1,burglary,2
12.850281,77.654995,22,5,1,vehicle_theft,2
12.982405,77.605617,4,6,1,harassment,1
12.943553,77.62702,4,6,1,theft,2
12.90611,77.618042,18,3,0,vehicle_theft,2
12.967709,77.606893,2,3,0,harassment,1
13.103172,77.597027,6,2,0,theft,1
12.969997,77.750222,1,6,1,burglary,3
12.906987,77.619625,6,5,1,assault,3
12.969841,77.539531,9,0,0,vehicle_theft,2
12.837593,77.652741,1,1,0,burglary,1
12.939605,77.622058,2,5,1,assault,3
12.969879,77.580874,17,2,0,theft,1
12.927953,77.615409,5,2,0,theft,1
13.031403,77.597702,4,6,1,theft,1
13.019121,77.550868,17,6,1,vehicle_theft,3
12.974245,77.644846,23,5,1,assault,3
12.986785,77.598277,18,3,0,theft,1
12.987507,77.604106,15,5,1,assault,2
12.972397,77.642965,5,1,0,assault,2
12.978216,77.566986,12,5,1,theft,1
12.98953,77.617418,2,0,0,theft,1
12.977346,77.605814,20,5,1,assault,3
12.96024,77.577626,12,6,1,theft,1
12.913301,77.604455,22,3,0,vehicle_theft,2
13.003485,77.570358,11,4,0,theft,1
12.92748,77.612184,10,3,0,burglary,2
12.977383,77.571231,19,5,1,harassment,1
12.954519,77.476182,14,5,1,burglary,1
12.905981,77.621596,10,3,0,vehicle_theft,2
12.923523,77.550338,20,2,0,theft,1
12.971909,77.612622,2,5,1,theft,2
12.97201,77.578351,17,0,0,theft,1
12.969272,77.57676,11,4,0,theft,1
12.975144,77.640686,21,2,0,assault,2
12.984817,77.625092,0,3,0,assault,2
12.979864,77.572111,3,2,0,harassment,1
12.899077,77.612512,8,6,1,theft,1
12.976436,77.573696,12,2,0,assault,2
13.035765,77.597578,20,6,1,theft,1
12.973038,77.530587,13,6,1,theft,2
13.033318,77.517906,7,0,0,burglary,2
12.93814,77.62171,1,5,1,harassment,2
12.983276,77.602729,17,3,0,assault,3
12.978432,77.534401,21,2,0,theft,1
12.976471,77.609578,2,5,1,theft,1
13.052748,77.493369,10,2,0,assault,1
12.958952,77.68974,17,4,0,theft,1
12.963165,77.577137,17,2,0,theft,1
12.91294,77.578352,17,0,0,burglary,3
12.99474,77.615873,11,6,1,theft,1
12.953181,77.709251,6,0,0,theft,2
12.968135,77.582789,6,0,0,theft,1
13.008456,77.695288,9,4,0,theft,1
12.986775,77.619985,18,5,1,assault,3
12.843375,77.655802,0,1,0,theft,1
12.915638,77.609635,19,1,0,vehicle_theft,2
12.858124,77.64972,5,6,1,vehicle_theft,2
12.978098,77.601729,10,5,1,harassment,1
12.83591,77.649466,0,3,0,burglary,2
13.033893,77.536789,20,2,0,theft,2
12.971307,77.64265,13,5,1,harassment,1
13.100665,77.595798,4,4,0,burglary,2
12.844165,77.661609,23,1,0,theft,1
12.981648,77.622476,21,5,1,harassment,2
12.919755,77.456633,5,1,0,fraud,1
13.087607,77.613197,2,3,0,burglary,3
12.906028,77.617968,5,4,0,theft,2
13.09035,77.600617,0,1,0,vehicle_theft,2
12.970232,77.604839,0,6,1,harassment,1
12.991391,77.485636,17,2,0,fraud,2
13.027034,77.599716,11,5,1,theft,2
12.872021,77.531403,13,1,0,assault,1
12.981278,77.620696,21,5,1,theft,2
13.001285,77.574762,13,1,0,theft,1
12.913394,77.642963,19,4,0,burglary,2
12.98161,77.752607,1,5,1,vehicle_theft,2
12.924913,77.545143,14,0,0,burglary,2
12.962431,77.579535,17,5,1,theft,1
12.967574,77.641821,3,6,1,harassment,2
12.960398,77.699628,20,2,0,burglary,1
12.975047,77.640328,4,4,0,vehicle_theft,3
12.975732,77.568143,13,1,0,assault,3
12.969366,77.580147,15,6,1,harassment,2
12.895655,77.742192,4,6,1,vehicle_theft,1
12.997941,77.608443,10,0,0,theft,1
12.92534,77.64294,3,5,1,burglary,1
12.937527,77.62503,1,1,0,harassment,1
12.963178,77.575911,19,3,0,theft,1
12.964973,77.642734,2,4,0,assault,2
12.9153,77.602107,0,3,0,theft,1
13.030359,77.539422,23,3,0,theft,2
12.979001,77.603489,0,1,0,assault,2
13.099232,77.596483,22,5,1,burglary,3
13.135232,77.451112,8,4,0,vehicle_theft,1
13.037962,77.597217,19,1,0,theft,1
12.967428,77.754906,23,4,0,fraud,1
12.964505,77.57562,18,3,0,theft,1
12.960796,77.576663,14,3,0,theft,1
12.983047,77.639696,23,2,0,assault,3
13.03145,77.538699,10,2,0,vehicle_theft,2
12.97654,77.571866,20,2,0,theft,2
13.073091,77.743691,12,4,0,assault,2
12.925246,77.547407,16,1,0,burglary,3
12.95904,77.693096,14,0,0,vehicle_theft,1
12.969046,77.568549,18,2,0,theft,1
12.995737,77.546779,2,1,0,assault,3
12.958785,77.701627,17,5,1,vehicle_theft,2
12.888893,77.660045,5,6,1,assault,1
12.986202,77.600248,9,4,0,assault,3
13.101305,77.586567,22,5,1,theft,2
12.842227,77.684865,0,1,0,burglary,2
12.981896,77.594678,15,5,1,theft,1
12.93498,77.623375,0,3,0,theft,1
13.011204,77.702715,9,6,1,theft,1
12.840839,77.658835,1,0,0,vehicle_theft,2
12.924674,77.582163,22,4,0,theft,2
13.00258,77.566534,22,2,0,theft,1
12.993153,77.759505,4,1,0,fraud,1
12.973505,77.601713,0,0,0,assault,3
12.958886,77.573603,17,1,0,theft,2
12.971067,77.749708,23,3,0,burglary,2
12.978706,77.603516,22,1,0,assault,3
13.008991,77.695871,9,0,0,burglary,3
12.979546,77.608239,1,5,1,harassment,1
12.966593,77.642953,8,4,0,assault,2
13.027817,77.539449,7,2,0,theft,1
12.964515,77.580951,10,2,0,theft,1
12.927439,77.597906,1,4,0,burglary,2
12.913135,77.584712,20,6,1,burglary,1
12.91271,77.607321,22,2,0,harassment,1
12.915939,77.598027,21,3,0,theft,2
12.973183,77.613832,1,2,0,theft,1
12.925593,77.572366,17,4,0,fraud,1
13.011885,77.633632,8,6,1,harassment,2
12.93618,77.626813,19,4,0,assault,3
12.847998,77.655392,5,3,0,vehicle_theft,2
12.918158,77.634713,12,5,1,burglary,2
12.97618,77.630832,23,2,0,assault,3
12.978111,77.566471,4,3,0,theft,1
13.004277,77.556857,5,5,1,theft,1
12.837469,77.65951,22,3,0,theft,2
12.963814,77.633799,0,5,1,vehicle_theft,3
12.915039,77.638906,19,4,0,burglary,3
13.001458,77.557107,13,5,1,theft,1
12.972683,77.638994,2,5,1,theft,2
12.916892,77.618824,8,3,0,vehicle_theft,3
12.885502,77.695941,18,1,0,fraud,1
12.90801,77.584933,0,3,0,burglary,2
13.012123,77.698162,6,4,0,vehicle_theft,2
12.962956,77.572238,12,1,0,theft,1
12.932748,77.624128,22,1,0,assault,3
12.917615,77.608442,12,2,0,theft,1
12.846459,77.657118,15,1,0,burglary,1
12.968833,77.573858,12,6,1,theft,1
12.954407,77.701592,9,2,0,burglary,2
12.914863,77.610474,2,6,1,harassment,2
13.024704,77.543881,9,1,0,theft,1
12.905788,77.618074,19,4,0,vehicle_theft,2
12.907497,77.616509,2,5,1,assault,3
12.974156,77.696339,21,5,1,theft,1
12.971,77.711419,6,6,1,vehicle_theft,1
12.938474,77.628266,15,6,1,assault,3
12.980529,77.603162,18,0,0,theft,1
12.970867,77.580596,13,0,0,fraud,1
12.962261,77.580769,17,3,0,harassment,1
12.976156,77.535169,1,0,0,theft,2
12.931669,77.587852,15,1,0,theft,1
12.929145,77.585716,6,0,0,theft,1
13.005301,77.67863,8,3,0,theft,2
13.011998,77.693386,17,4,0,theft,1
12.984738,77.607142,15,1,0,theft,2
12.98941,77.541964,21,4,0,theft,1
12.933462,77.624948,1,2,0,assault,3
13.002724,77.70057,8,6,1,vehicle_theft,2
12.96295,77.575489,15,2,0,theft,2
13.032797,77.599712,18,3,0,theft,1
13.000763,77.695188,21,2,0,assault,3
12.929372,77.583149,15,0,0,burglary,2
12.971277,77.749828,23,0,0,theft,1
12.98122,77.620972,23,1,0,assault,2
12.855268,77.51408,22,2,0,burglary,1
12.985488,77.606986,11,5,1,theft,1
12.971815,77.529509,6,5,1,theft,1
12.974387,77.534659,0,3,0,burglary,2
12.934865,77.623361,0,4,0,harassment,1
13.000509,77.573847,14,0,0,theft,1
13.002549,77.703046,22,1,0,theft,1
12.912054,77.641078,21,1,0,burglary,2
13.00871,77.692831,8,6,1,vehicle_theft,3
12.998033,77.555207,19,4,0,theft,2
13.087355,77.593564,0,5,1,burglary,2
12.89952,77.623172,8,4,0,vehicle_theft,2
12.935573,77.624914,1,3,0,harassment,1
12.975546,77.607796,22,4,0,assault,3
12.999024,77.564757,18,5,1,theft,2
12.982235,77.620504,5,0,0,assault,2
12.842567,77.657029,9,3,0,theft,1
13.009071,77.569623,13,6,1,theft,1
12.978251,77.580022,19,4,0,theft,1
12.905254,77.645093,20,3,0,burglary,3
12.983612,77.604733,17,3,0,theft,1
12.970453,77.642706,3,1,0,theft,1
13.02159,77.604728,18,2,0,vehicle_theft,2
12.958157,77.634582,23,6,1,harassment,1
12.958985,77.691116,10,2,0,assault,3
12.906122,77.61733,0,3,0,vehicle_theft,2
12.961137,77.576262,12,1,0,theft,1
13.024612,77.532672,10,1,0,theft,1
12.974406,77.529838,0,3,0,theft,1
12.956297,77.700891,18,2,0,theft,1
12.918637,77.561697,20,3,0,theft,1
12.907654,77.652247,23,6,1,fraud,1
13.033226,77.519947,21,5,1,theft,1
12.938678,77.574751,4,4,0,fraud,2
12.931218,77.586678,21,6,1,theft,1
12.967874,77.519645,17,6,1,theft,1
12.978242,77.568583,9,2,0,theft,2
13.010049,77.694273,10,5,1,theft,1
12.971179,77.634687,2,3,0,harassment,1
12.942232,77.703868,12,0,0,vehicle_theft,3
12.988363,77.609359,8,0,0,harassment,1
13.034203,77.599276,5,6,1,theft,1
12.935647,77.624712,19,3,0,harassment,1
12.846648,77.661239,3,0,0,burglary,2
12.962943,77.577073,18,4,0,theft,1
13.028098,77.540533,20,3,0,theft,2
12.970956,77.577279,7,6,1,theft,1
12.968762,77.571791,19,0,0,theft,1
12.98101,77.626938,0,3,0,theft,1
12.979154,77.604588,22,3,0,theft,1
12.929879,77.549235,3,2,0,vehicle_theft,2
12.912966,77.611385,18,2,0,vehicle_theft,2
13.098582,77.594168,13,2,0,vehicle_theft,3
12.906105,77.61731,20,6,1,vehicle_theft,2
12.976016,77.570789,20,2,0,fraud,1
12.932794,77.58355,23,5,1,theft,1
13.017435,77.477245,21,4,0,fraud,2
12.997595,77.55526,14,4,0,theft,1
13.014905,77.538622,6,4,0,theft,2
12.901448,77.59278,18,6,1,burglary,2
12.981838,77.57214,17,6,1,theft,1
12.97105,77.578096,13,6,1,theft,1
13.004494,77.571128,11,2,0,fraud,1
12.933781,77.622867,1,4,0,theft,2
12.972942,77.535621,9,5,1,theft,1
12.847271,77.586427,23,5,1,fraud,2
12.985068,77.737009,0,6,1,theft,1
12.918458,77.585967,19,0,0,vehicle_theft,2
12.977234,77.748372,5,2,0,theft,1
12.965986,77.735052,2,5,1,fraud,1
12.955753,77.70099,5,0,0,theft,1
12.970184,77.640088,0,5,1,theft,1
13.000785,77.575196,4,2,0,burglary,2
12.994072,77.613177,19,6,1,theft,1
12.934991,77.62501,2,6,1,assault,3
13.104576,77.594419,3,6,1,theft,2
12.835537,77.666671,5,6,1,vehicle_theft,2
12.985776,77.60485,12,0,0,theft,1
13.008172,77.719055,4,3,0,theft,2
12.969062,77.606722,1,6,1,assault,3
13.034636,77.596084,10,6,1,vehicle_theft,2
13.018722,77.537197,18,5,1,theft,1
12.975205,77.746033,0,3,0,burglary,2
13.005273,77.547116,19,6,1,theft,1
12.914123,77.609784,23,2,0,vehicle_theft,3
13.035666,77.598733,10,5,1,theft,1
13.015949,77.574405,11,6,1,vehicle_theft,1
13.002895,77.566864,17,4,0,theft,1
12.906934,77.615904,19,1,0,vehicle_theft,3
12.959049,77.579043,10,4,0,theft,1
13.104226,77.61506,17,0,0,theft,1
12.975061,77.536346,22,4,0,theft,1
13.000514,77.550156,11,5,1,burglary,3
12.983056,77.623443,16,0,0,theft,2
12.974366,77.644073,0,6,1,theft,1
12.999206,77.630833,19,0,0,vehicle_theft,1
12.880754,77.566071,18,2,0,assault,2
12.967263,77.571349,18,5,1,harassment,1
12.925394,77.551006,3,0,0,burglary,2
12.962564,77.747968,2,3,0,burglary,2
12.959744,77.643342,2,5,1,vehicle_theft,2
12.997812,77.55506,17,4,0,theft,2
12.914098,77.567899,22,6,1,theft,1
13.091537,77.591637,3,1,0,vehicle_theft,2
12.990772,77.561907,8,4,0,theft,1
12.840913,77.656091,5,1,0,burglary,2
12.976895,77.571036,11,0,0,theft,2
12.932292,77.582457,21,2,0,theft,1
13.130409,77.555821,4,2,0,vehicle_theft,1
12.985615,77.605818,10,1,0,theft,1
12.980747,77.620506,22,2,0,assault,2
13.001493,77.568082,15,0,0,fraud,1
12.845343,77.662765,19,4,0,fraud,1
12.841026,77.658875,2,3,0,burglary,3
12.908495,77.640964,14,3,0,burglary,2
12.964416,77.573226,21,4,0,harassment,1
12.99021,77.623321,3,1,0,assault,3
13.00012,77.689667,8,0,0,vehicle_theft,2
12.929295,77.541576,19,6,1,theft,1
12.971933,77.642474,18,5,1,vehicle_theft,2
12.844435,77.663413,22,6,1,vehicle_theft,1
12.985892,77.61419,9,3,0,theft,1
12.980693,77.621844,2,6,1,theft,1
12.934405,77.616032,23,1,0,theft,2
12.97453,77.607005,8,1,0,assault,3
12.938227,77.551709,17,6,1,vehicle_theft,2
13.018054,77.699036,10,3,0,theft,2
12.933438,77.619593,18,2,0,theft,1
13.034196,77.592658,17,4,0,theft,2
12.96783,77.578914,20,6,1,theft,1
12.961943,77.578815,19,0,0,theft,1
13.007399,77.554927,23,4,0,theft,1
12.984075,77.60664,17,0,0,assault,3
12.962885,77.576431,12,0,0,harassment,1
12.976134,77.637284,22,1,0,theft,1
12.977707,77.623487,1,0,0,assault,3
12.90552,77.619002,20,3,0,vehicle_theft,3
12.998099,77.557597,6,3,0,theft,1
12.974902,77.572977,20,5,1,theft,1
12.976205,77.560652,14,4,0,theft,1
12.840852,77.667849,2,5,1,vehicle_theft,2
12.904726,77.611855,23,2,0,assault,3
12.910632,77.643936,11,1,0,burglary,2
12.932108,77.619061,12,1,0,theft,1
12.928189,77.546703,1,5,1,theft,1
12.934919,77.621976,23,5,1,theft,2
12.957887,77.543095,1,1,0,burglary,1
13.000051,77.568821,12,0,0,fraud,2
12.969636,77.750094,2,0,0,vehicle_theft,2
12.986476,77.602336,23,1,0,theft,1
12.969539,77.580093,8,4,0,theft,1
12.839447,77.661614,1,2,0,theft,2
12.994447,77.696233,10,3,0,burglary,3
12.910985,77.602935,21,2,0,theft,1
12.973652,77.610684,2,6,1,harassment,2
12.970346,77.750571,20,4,0,theft,1
12.977538,77.6219,0,3,0,assault,3
13.033599,77.598752,4,4,0,burglary,2
12.976055,77.599016,20,6,1,assault,3
13.018612,77.528176,11,2,0,theft,2
12.857324,77.662519,1,0,0,theft,1
12.973849,77.565281,0,6,1,theft,3
12.964968,77.576265,17,5,1,theft,1
12.932362,77.579143,22,3,0,burglary,2
12.836777,77.451027,18,1,0,theft,1
12.971913,77.579357,12,4,0,theft,1
12.966372,77.577148,8,4,0,fraud,1
13.013375,77.575529,17,1,0,theft,1
12.974254,77.605689,0,6,1,assault,2
12.845155,77.660074,22,1,0,burglary,2
12.842132,77.668619,20,3,0,theft,1
12.925228,77.585482,2,0,0,theft,1
13.035247,77.596622,3,4,0,vehicle_theft,1
12.954711,77.692207,7,5,1,theft,2
13.018877,77.540586,8,0,0,assault,3
12.904567,77.584037,2,2,0,theft,1
12.982662,77.60242,22,5,1,harassment,1
12.907062,77.621817,19,0,0,vehicle_theft,2
13.098067,77.593691,8,4,0,vehicle_theft,1
12.847998,77.653346,23,0,0,vehicle_theft,1
12.924091,77.634224,19,3,0,vehicle_theft,1
12.969762,77.639535,2,5,1,theft,1
12.916634,77.610165,10,0,0,theft,1
12.950564,77.747741,2,3,0,vehicle_theft,2
12.9547,77.693565,17,0,0,vehicle_theft,2
13.02118,77.539282,8,0,0,theft,1
12.936901,77.619003,23,3,0,theft,2
12.972917,77.496721,13,1,0,vehicle_theft,1
12.948471,77.573674,2,5,1,burglary,2
13.08886,77.630157,21,0,0,fraud,1
12.946536,77.614071,23,5,1,vehicle_theft,3
12.884453,77.536176,13,2,0,assault,2
12.968895,77.580418,7,3,0,theft,2
12.921387,77.540336,18,3,0,theft,2
12.95221,77.695199,8,6,1,theft,1
13.101185,77.59726,22,1,0,theft,1
12.977223,77.749741,4,0,0,fraud,1
12.97027,77.640344,0,2,0,harassment,1
13.034626,77.543108,22,0,0,theft,1
13.031627,77.597216,20,4,0,assault,3
12.97754,77.562906,20,2,0,theft,1
12.976402,77.570226,15,4,0,theft,1
13.009654,77.689011,19,0,0,assault,3
12.901367,77.584681,2,4,0,vehicle_theft,3
13.007956,77.700043,13,1,0,vehicle_theft,1
12.970028,77.641998,21,0,0,assault,3
12.975453,77.569948,16,5,1,theft,1
12.928825,77.620119,6,2,0,theft,2
13.029615,77.541385,4,5,1,assault,3
13.030041,77.538731,12,2,0,theft,2
12.956832,77.568843,20,2,0,theft,1
12.999449,77.747568,3,6,1,theft,1
12.988512,77.598861,11,5,1,assault,3
12.993369,77.555856,2,1,0,theft,1
12.994443,77.554006,21,0,0,theft,1
13.008007,77.557843,14,0,0,burglary,1
12.914054,77.636572,21,3,0,burglary,2
12.937554,77.539808,0,0,0,theft,1
12.880913,77.657467,5,6,1,fraud,2
12.981885,77.625756,22,5,1,harassment,1
12.958578,77.701449,21,6,1,vehicle_theft,2
13.013098,77.710425,6,0,0,vehicle_theft,3
12.922229,77.543949,14,6,1,burglary,1
12.971126,77.529618,17,6,1,burglary,2
12.945253,77.707337,19,4,0,burglary,3
12.996025,77.56225,18,1,0,assault,3
12.915807,77.649501,16,2,0,burglary,1
12.916186,77.643834,23,0,0,burglary,1
12.975258,77.544294,17,5,1,vehicle_theft,1
12.956338,77.575427,15,2,0,theft,1
12.84197,77.658554,23,0,0,vehicle_theft,2
13.124194,77.686025,23,2,0,theft,2
13.035612,77.599776,22,5,1,vehicle_theft,2
12.934455,77.625029,6,4,0,vehicle_theft,2
12.982201,77.637881,3,0,0,vehicle_theft,3
12.926936,77.619418,5,0,0,harassment,2
12.927143,77.587902,17,2,0,burglary,2
12.913854,77.611321,2,5,1,theft,2
12.976431,77.636997,23,5,1,vehicle_theft,3
12.967973,77.578999,13,1,0,theft,2
12.982672,77.624274,0,3,0,theft,1
12.969846,77.584598,14,1,0,theft,1
12.975694,77.567605,18,3,0,theft,2
12.936136,77.630752,23,0,0,theft,1
12.926735,77.54717,2,3,0,burglary,2
12.984276,77.605232,13,6,1,theft,2
12.965415,77.576452,13,1,0,theft,1
13.052619,77.490393,10,3,0,harassment,1
12.878023,77.480994,7,0,0,harassment,1
13.080078,77.489765,1,0,0,vehicle_theft,1
12.975686,77.739321,1,5,1,burglary,1
12.986854,77.610392,6,6,1,theft,1
12.981113,77.757891,12,2,0,burglary,2
12.965644,77.529317,22,4,0,burglary,3
12.984668,77.608002,17,5,1,assault,3
12.927728,77.632232,22,1,0,theft,1
12.905117,77.649647,8,3,0,fraud,1
12.971602,77.637578,11,4,0,assault,3
12.965591,77.578202,20,0,0,theft,1
12.961278,77.576573,17,5,1,theft,2
12.972579,77.581438,7,3,0,theft,1
13.061971,77.704033,0,1,0,burglary,1
13.037507,77.524643,4,2,0,burglary,2
12.966264,77.574263,9,5,1,theft,1
12.975133,77.627411,1,6,1,assault,3
12.908171,77.585539,17,4,0,theft,1
12.928902,77.586383,23,5,1,fraud,1
12.993464,77.546701,21,3,0,theft,1
12.935545,77.588376,20,6,1,theft,1
13.102356,77.595841,5,4,0,vehicle_theft,1
12.905704,77.585053,18,1,0,burglary,2
12.974322,77.603824,1,3,0,assault,2
12.969546,77.578137,12,5,1,theft,1
12.983966,77.598835,2,6,1,harassment,1
12.979707,77.564776,1,1,0,harassment,1
13.039958,77.524366,21,4,0,theft,1
12.907233,77.64706,20,2,0,vehicle_theft,2
12.929824,77.584811,11,4,0,theft,1
12.981746,77.57319,17,1,0,assault,3
13.105953,77.599704,1,6,1,vehicle_theft,2
13.025089,77.732576,9,5,1,burglary,1
12.983065,77.623649,7,1,0,assault,3
12.913325,77.611783,20,5,1,theft,1
12.983119,77.627828,23,6,1,theft,1
12.977044,77.639567,20,5,1,theft,1
12.838459,77.664023,9,6,1,vehicle_theft,2
12.986106,77.531905,10,4,0,theft,1
12.924192,77.61398,21,5,1,burglary,2
12.956817,77.696943,17,6,1,vehicle_theft,2
13.026679,77.515291,21,1,0,burglary,2
13.033099,77.51979,2,0,0,theft,1
12.927825,77.559898,23,6,1,burglary,2
12.900339,77.610837,10,5,1,theft,2
13.011736,77.686323,19,1,0,theft,1
12.943099,77.610911,23,0,0,theft,1
12.933111,77.571511,18,0,0,theft,1
12.833032,77.6516,0,5,1,burglary,3
12.96464,77.635552,22,4,0,theft,1
12.931033,77.554367,8,0,0,burglary,2
12.973933,77.641156,9,5,1,theft,1
12.968323,77.585685,15,2,0,theft,1
12.973351,77.739514,2,4,0,burglary,1
12.920679,77.604669,21,5,1,theft,1
13.02709,77.555497,17,6,1,theft,1
12.927783,77.545779,18,1,0,theft,1
12.928608,77.581654,23,5,1,burglary,1
12.948923,77.576431,3,1,0,harassment,1
13.028492,77.540096,15,5,1,vehicle_theft,2
12.967447,77.578325,23,4,0,theft,1
13.064399,77.528987,20,1,0,burglary,1
12.955992,77.711751,16,5,1,assault,2
12.970379,77.603759,0,1,0,theft,1
13.039576,77.523058,1,0,0,theft,1
12.831546,77.572706,12,3,0,assault,2
12.964087,77.577769,11,2,0,theft,1
12.997399,77.705693,11,0,0,vehicle_theft,2
12.977078,77.62594,23,1,0,assault,3
12.936115,77.627708,3,6,1,theft,2
12.986986,77.573612,11,2,0,theft,1
13.037582,77.600446,22,4,0,vehicle_theft,2
12.96742,77.754434,19,4,0,vehicle_theft,3
12.845293,77.661121,22,1,0,vehicle_theft,2
12.977629,77.572958,19,6,1,fraud,1
12.984746,77.605502,9,6,1,theft,1
12.938333,77.632067,3,6,1,theft,1
12.979645,77.574643,14,1,0,fraud,1
12.974552,77.56874,15,3,0,harassment,2
12.975047,77.572087,15,3,0,theft,1
12.972524,77.613403,23,6,1,assault,3
13.105717,77.58228,5,6,1,theft,1
12.916293,77.623922,3,3,0,theft,1
12.93688,77.588586,1,4,0,burglary,2
13.044154,77.611202,19,4,0,theft,1
12.917288,77.77228,15,2,0,harassment,2
13.035306,77.597095,7,0,0,theft,1
13.065337,77.63837,14,3,0,theft,1
12.862439,77.701588,22,6,1,theft,2
12.967944,77.755093,0,5,1,fraud,2
12.935272,77.621656,23,1,0,theft,1
13.026854,77.54005,14,4,0,theft,2
12.906752,77.621838,1,0,0,vehicle_theft,2
12.852591,77.65856,3,3,0,theft,2
12.980434,77.570558,12,3,0,fraud,1
12.971839,77.611238,22,5,1,harassment,1
12.988724,77.608463,12,4,0,assault,3
12.912975,77.636781,22,6,1,theft,1
12.977309,77.60473,0,2,0,harassment,1
12.978178,77.619792,2,3,0,theft,1
12.854296,77.671572,4,1,0,theft,1
12.922725,77.551397,13,4,0,vehicle_theft,1
12.921946,77.546044,23,3,0,theft,1
12.974732,77.759634,1,1,0,burglary,2
12.968787,77.639671,23,5,1,assault,3
12.964884,77.754325,4,1,0,burglary,2
12.968042,77.61267,23,6,1,assault,3
12.915953,77.609935,21,0,0,theft,1
12.973548,77.57023,1,3,0,theft,1
12.928545,77.584127,3,5,1,fraud,1
12.989488,77.605646,13,2,0,theft,2
12.936822,77.583111,20,4,0,theft,1
12.968524,77.579001,23,2,0,theft,2
12.952932,77.579153,19,0,0,assault,2
12.994127,77.589367,13,4,0,theft,1
13.000144,77.574564,11,4,0,theft,1
12.971872,77.640826,0,1,0,assault,3
12.925795,77.548441,12,4,0,theft,2
12.972822,77.634344,22,6,1,theft,1
13.005138,77.573415,19,0,0,fraud,1
12.932304,77.542923,11,6,1,vehicle_theft,3
12.97252,77.641403,3,1,0,theft,1
12.984973,77.605195,13,1,0,theft,2
12.972037,77.565213,16,2,0,theft,1
12.916464,77.606529,19,6,1,harassment,1
12.971162,77.529934,2,3,0,vehicle_theft,2
12.961125,77.580951,12,0,0,theft,1
12.914253,77.610853,3,1,0,harassment,1
12.982009,77.620846,1,3,0,harassment,1
12.969224,77.52836,19,3,0,theft,1
12.965378,77.641693,3,0,0,harassment,2
13.012038,77.689902,16,5,1,vehicle_theft,2
13.130718,77.500559,17,5,1,harassment,1
12.841547,77.657279,15,2,0,burglary,2
13.058881,77.595206,4,3,0,theft,2
12.907094,77.620241,10,0,0,theft,1
13.09117,77.598018,23,4,0,burglary,3
13.008092,77.713691,4,2,0,theft,1
12.972068,77.638079,23,1,0,vehicle_theft,2
12.979309,77.531024,19,4,0,burglary,2
12.968423,77.612344,0,5,1,harassment,1
13.006753,77.571521,22,4,0,theft,1
12.974009,77.606766,4,5,1,harassment,1
12.990971,77.549824,17,3,0,theft,1
13.01192,77.547862,12,4,0,harassment,1
12.966807,77.579566,12,4,0,theft,1
12.898478,77.588053,17,5,1,theft,2
12.911108,77.582173,20,1,0,burglary,3
12.976757,77.757034,1,3,0,burglary,2
13.099087,77.599453,20,2,0,vehicle_theft,1
12.962507,77.575829,11,5,1,fraud,2
12.907539,77.584844,16,4,0,burglary,2
12.854483,77.650643,23,5,1,theft,1
13.006046,77.56584,5,1,0,theft,1
12.926917,77.549511,22,2,0,theft,1
12.976409,77.571134,4,5,1,theft,2
12.913196,77.587364,17,3,0,theft,2
12.972356,77.530865,16,2,0,theft,1
12.899404,77.621166,17,3,0,vehicle_theft,2
12.937574,77.622352,5,3,0,harassment,1
12.969281,77.527293,17,0,0,burglary,2
12.955155,77.702626,8,1,0,vehicle_theft,2
12.983806,77.623798,10,6,1,assault,3
13.003951,77.572836,17,0,0,theft,2
12.940328,77.632237,4,1,0,theft,1
12.956567,77.701051,16,0,0,vehicle_theft,2
12.932863,77.628642,16,5,1,harassment,2
12.920822,77.588848,22,5,1,burglary,2
12.849328,77.66061,21,5,1,theft,1
12.964493,77.752492,16,2,0,theft,1
12.922062,77.540016,19,0,0,vehicle_theft,2
12.980779,77.6203,0,5,1,assault,2
12.972737,77.609,1,5,1,assault,2
13.094647,77.713393,14,3,0,vehicle_theft,1
12.958261,77.575492,8,6,1,harassment,2
13.004008,77.574113,9,4,0,burglary,3
12.974737,77.715032,5,3,0,assault,1
12.968076,77.608662,18,1,0,assault,3
12.992344,77.616631,8,4,0,assault,2
12.934159,77.623907,23,6,1,vehicle_theft,1
12.887531,77.627139,19,5,1,vehicle_theft,2
12.929376,77.576881,12,2,0,fraud,1
12.972322,77.603131,1,6,1,assault,3
12.934456,77.544207,1,0,0,theft,1
12.952744,77.691337,13,1,0,burglary,3
12.96659,77.577281,9,3,0,theft,1
13.035337,77.593946,12,2,0,assault,3
13.000616,77.557258,16,3,0,theft,1
12.972542,77.635139,14,0,0,vehicle_theft,2
12.973221,77.603914,0,2,0,harassment,1
12.973075,77.641179,4,5,1,theft,1
13.100279,77.588781,18,0,0,vehicle_theft,2
12.986874,77.605393,13,4,0,harassment,1
13.009503,77.701414,17,4,0,vehicle_theft,3
12.972188,77.607948,19,5,1,assault,3
12.971889,77.580147,15,6,1,theft,1
12.997478,77.698576,3,0,0,vehicle_theft,3
13.029196,77.540024,16,6,1,vehicle_theft,2
12.849455,77.684016,7,3,0,vehicle_theft,2
12.995515,77.573852,17,2,0,fraud,1
12.977101,77.571019,6,0,0,harassment,1
12.983083,77.573453,14,6,1,harassment,1
12.960877,77.575587,11,2,0,harassment,2
12.956266,77.700669,9,6,1,vehicle_theft,1
12.989473,77.50648,7,0,0,vehicle_theft,1
12.929472,77.582936,1,2,0,fraud,2
12.974245,77.608976,0,3,0,assault,3
12.905806,77.63881,21,4,0,vehicle_theft,2
12.937132,77.625737,7,1,0,theft,2
12.914346,77.57735,19,4,0,theft,1
12.964541,77.614311,4,5,1,theft,1
13.028876,77.513446,3,3,0,vehicle_theft,2
12.905869,77.617838,9,3,0,theft,1
12.983297,77.621954,3,1,0,assault,3
12.985221,77.619723,3,0,0,theft,1
12.974216,77.747806,2,2,0,burglary,1
12.976096,77.694841,15,4,0,vehicle_theft,3
12.96653,77.579198,21,5,1,theft,1
12.992018,77.455471,5,5,1,fraud,1
12.973749,77.70899,17,1,0,burglary,2
12.926955,77.546571,15,2,0,vehicle_theft,2
12.966042,77.572841,18,5,1,theft,1
12.906474,77.615312,7,0,0,vehicle_theft,1
13.007366,77.568133,10,6,1,theft,1
12.954986,77.701592,20,4,0,vehicle_theft,2
12.915827,77.585954,18,0,0,theft,1
12.985563,77.607059,17,2,0,assault,3
12.971616,77.581072,17,5,1,harassment,1
12.974338,77.607309,3,4,0,assault,3
12.94615,77.763343,9,0,0,harassment,2
12.963168,77.574006,3,3,0,theft,1
12.912423,77.631795,1,3,0,theft,1
12.956306,77.706663,7,1,0,burglary,2
12.921616,77.620842,21,6,1,assault,3
12.986468,77.624258,18,3,0,assault,3
13.023457,77.744047,5,2,0,fraud,1
12.985831,77.609093,17,4,0,harassment,2
12.911912,77.641495,20,0,0,vehicle_theft,1
12.924019,77.555189,19,6,1,theft,1
12.977571,77.558941,20,1,0,burglary,1
12.917616,77.641359,19,0,0,burglary,2
13.096891,77.59491,8,0,0,vehicle_theft,2
13.001387,77.569111,6,5,1,theft,1
13.05551,77.579687,8,3,0,theft,1
12.974906,77.609787,1,5,1,assault,3
12.90488,77.59289,15,0,0,burglary,1
12.935159,77.621426,3,4,0,harassment,2
12.905735,77.619623,18,4,0,assault,3
12.933831,77.551461,20,0,0,vehicle_theft,1
12.964742,77.63621,3,0,0,theft,1
12.886369,77.464205,18,3,0,vehicle_theft,2
12.910438,77.617145,13,5,1,vehicle_theft,1
12.973905,77.534722,0,0,0,burglary,2
12.971069,77.642772,2,6,1,assault,3
12.967844,77.580273,14,2,0,theft,2
13.014225,77.69513,19,4,0,vehicle_theft,3
12.97153,77.749795,22,3,0,vehicle_theft,2
12.981731,77.606006,22,0,0,harassment,1
13.099311,77.596082,12,0,0,vehicle_theft,2
13.038993,77.597641,7,5,1,vehicle_theft,2
12.961581,77.575759,8,2,0,theft,1
12.937997,77.635878,23,5,1,assault,2
12.923479,77.582247,21,5,1,burglary,2
12.998086,77.547072,20,6,1,burglary,2
12.970501,77.752218,23,5,1,burglary,2
12.909979,77.638366,20,6,1,burglary,2
13.003857,77.55067,12,0,0,theft,1
12.97758,77.625093,3,0,0,harassment,1
13.054195,77.77063,8,5,1,assault,1
12.979133,77.573292,14,3,0,theft,1
12.963277,77.576932,15,5,1,theft,1
12.978118,77.626404,1,5,1,theft,2
13.007034,77.557571,10,5,1,theft,1
12.920654,77.586884,16,2,0,theft,1
12.971186,77.57062,14,1,0,theft,1
12.967618,77.573499,16,6,1,theft,1
12.904664,77.608471,2,6,1,burglary,1
12.906843,77.589968,18,1,0,vehicle_theft,2
13.102338,77.591708,22,0,0,vehicle_theft,3
12.939392,77.629985,5,3,0,theft,1
12.968096,77.641696,23,6,1,assault,2
12.970585,77.563899,15,2,0,theft,2
12.931908,77.618703,0,4,0,harassment,1
12.92681,77.552766,15,4,0,theft,1
13.03127,77.530915,0,3,0,vehicle_theft,2
12.942825,77.620641,0,3,0,theft,1
12.974155,77.531404,4,1,0,vehicle_theft,3
13.015111,77.693428,17,0,0,vehicle_theft,2
12.933205,77.588314,18,6,1,theft,1
12.936403,77.587136,15,0,0,burglary,2
12.968273,77.606902,22,1,0,harassment,1
13.028004,77.540457,18,0,0,assault,3
12.907444,77.6277,21,4,0,assault,3
13.031653,77.538224,10,1,0,assault,3
12.980927,77.568228,9,6,1,assault,3
12.962158,77.568357,3,2,0,theft,1
12.968244,77.56529,14,0,0,theft,1
12.955596,77.704232,9,5,1,vehicle_theft,1
12.965415,77.576551,19,5,1,theft,1
12.974653,77.606722,1,5,1,harassment,1
12.988919,77.615038,22,3,0,harassment,1
12.979855,77.615494,10,0,0,theft,1
12.930003,77.582083,23,6,1,theft,1
12.975022,77.606979,5,6,1,harassment,1
12.966224,77.575163,11,3,0,theft,2
12.965196,77.63969,23,6,1,harassment,1
13.002334,77.570054,13,6,1,theft,2
12.954854,77.698578,11,3,0,theft,1
12.9068,77.642116,5,3,0,fraud,1
12.850948,77.653301,6,0,0,theft,1
12.996988,77.557557,9,2,0,assault,3
13.031074,77.533356,10,3,0,theft,1
12.926518,77.547851,22,0,0,theft,2
12.977714,77.765125,23,5,1,vehicle_theft,2
12.966117,77.574752,10,5,1,theft,1
12.957569,77.58079,13,0,0,theft,1
12.842997,77.656515,7,4,0,burglary,1
12.928859,77.550611,21,6,1,theft,1
12.974584,77.567713,15,2,0,harassment,2
12.965215,77.581979,18,6,1,theft,1
12.969347,77.748722,22,6,1,vehicle_theft,1
12.923957,77.552885,9,3,0,theft,1
12.970618,77.576692,19,4,0,theft,1
12.907727,77.584646,7,3,0,burglary,1
12.96608,77.572451,5,2,0,fraud,1
12.91292,77.607599,14,1,0,theft,1
12.974197,77.618218,8,2,0,assault,3
12.920467,77.612623,16,2,0,burglary,1
13.034423,77.522613,1,2,0,vehicle_theft,2
12.931375,77.592567,3,5,1,fraud,2
12.971609,77.759438,23,2,0,fraud,2
12.971465,77.751478,3,3,0,theft,1
13.028306,77.514459,1,0,0,vehicle_theft,2
12.88712,77.619985,21,1,0,assault,3
12.968809,77.57934,15,3,0,theft,2
12.981885,77.621489,23,0,0,assault,2
13.027339,77.538082,8,2,0,vehicle_theft,1
13.032994,77.519182,3,2,0,vehicle_theft,2
12.988903,77.621964,20,5,1,theft,1
12.910285,77.644362,22,0,0,fraud,1
12.99243,77.558021,19,4,0,burglary,3
12.98495,77.605362,10,5,1,harassment,1
12.975332,77.63161,16,2,0,assault,2
12.975578,77.608479,1,4,0,theft,1
13.099342,77.6738,3,1,0,assault,2
12.969699,77.52597,17,6,1,burglary,2
13.003634,77.569641,4,4,0,theft,2
12.92566,77.577134,20,5,1,fraud,1
13.122009,77.46639,16,6,1,vehicle_theft,2
12.837576,77.659953,2,0,0,vehicle_theft,2
12.91635,77.635811,13,4,0,vehicle_theft,2
13.025422,77.530275,15,4,0,theft,1
13.039623,77.523372,0,4,0,vehicle_theft,2
13.098475,77.59489,1,2,0,vehicle_theft,2
13.007193,77.691069,20,5,1,vehicle_theft,1
12.976397,77.729683,0,0,0,fraud,1
13.013103,77.689854,7,1,0,burglary,2
12.927936,77.577918,3,0,0,theft,1
13.030289,77.519132,4,4,0,burglary,2
12.969307,77.745559,3,1,0,vehicle_theft,2
12.998633,77.59009,9,5,1,vehicle_theft,1
12.997867,77.56139,16,4,0,burglary,2
12.985006,77.611016,7,0,0,theft,1
12.93254,77.62216,20,1,0,assault,3
12.962867,77.581759,15,4,0,theft,1
12.990972,77.606036,23,2,0,harassment,1
12.882691,77.482548,3,2,0,vehicle_theft,1
12.90735,77.584785,23,3,0,vehicle_theft,1
12.927472,77.628083,2,6,1,harassment,1
13.041774,77.518074,3,0,0,burglary,3
13.028105,77.514029,1,0,0,theft,1
13.004397,77.571597,4,1,0,theft,1
12.974577,77.570134,10,5,1,fraud,1
13.010289,77.693406,20,1,0,assault,3
12.943706,77.694625,21,4,0,vehicle_theft,2
12.984468,77.60464,0,5,1,theft,2
12.912594,77.640141,3,2,0,fraud,1
13.046209,77.599035,5,3,0,theft,1
12.970535,77.643628,0,3,0,theft,2
12.835501,77.655123,1,2,0,burglary,1
12.981028,77.750366,12,0,0,fraud,1
12.972883,77.597669,16,0,0,assault,3
12.963633,77.587878,18,3,0,assault,3
12.971794,77.530503,22,6,1,vehicle_theft,3
13.030491,77.522313,22,6,1,vehicle_theft,3
12.973435,77.571053,18,4,0,fraud,1
12.980301,77.569354,17,6,1,fraud,1
13.003575,77.554283,14,5,1,burglary,1
12.90953,77.614115,12,4,0,theft,2
12.977808,77.56867,0,5,1,theft,1
13.072284,77.504247,1,0,0,burglary,1
12.961831,77.572955,14,6,1,theft,2
12.954206,77.699841,10,0,0,burglary,3
13.043449,77.515933,7,1,0,theft,1
12.913734,77.635176,15,4,0,burglary,1
12.964003,77.576799,3,3,0,theft,1
12.877987,77.634542,0,3,0,fraud,1
13.09654,77.600188,1,1,0,burglary,3
13.037294,77.596181,23,5,1,vehicle_theft,2
12.910078,77.582783,14,0,0,burglary,2
12.963209,77.578857,19,3,0,theft,1
12.9069,77.641597,20,1,0,theft,1
12.910018,77.607524,19,6,1,theft,1
13.002535,77.571596,19,4,0,theft,1
13.001093,77.557982,0,1,0,burglary,1
12.909627,77.604743,12,2,0,vehicle_theft,1
12.97512,77.602223,2,1,0,assault,3
12.955871,77.765794,3,2,0,vehicle_theft,2
12.975355,77.6063,21,5,1,assault,3
13.095949,77.59447,0,0,0,burglary,2
13.036178,77.59729,19,4,0,theft,1
12.977987,77.602344,1,3,0,assault,3
12.981079,77.569115,15,2,0,theft,1
12.973763,77.530091,7,5,1,theft,1
12.967397,77.565198,20,4,0,fraud,1
13.001949,77.542953,21,2,0,harassment,2
12.913683,77.617391,15,6,1,theft,1
12.847665,77.668046,6,4,0,burglary,2
12.927615,77.59969,20,0,0,theft,2
12.839423,77.664528,5,5,1,vehicle_theft,2
12.977422,77.612193,13,4,0,assault,3
12.946301,77.622598,1,2,0,theft,2
12.966808,77.578838,9,6,1,theft,1
12.973797,77.580403,23,5,1,theft,1
12.964123,77.57816,8,6,1,theft,2
12.867064,77.605575,10,4,0,assault,2
12.972836,77.651492,0,2,0,harassment,1
12.904905,77.584058,23,1,0,burglary,2
12.965367,77.639991,12,6,1,theft,1
13.000623,77.683968,21,5,1,vehicle_theft,2
12.915596,77.614226,21,5,1,vehicle_theft,3
12.984536,77.604793,13,6,1,theft,2
12.846906,77.675298,4,1,0,burglary,2
12.962367,77.585418,17,1,0,theft,2
12.987365,77.601863,9,1,0,assault,3
12.859959,77.774646,16,3,0,burglary,1
13.03315,77.518583,2,4,0,vehicle_theft,2
12.912851,77.589914,23,1,0,vehicle_theft,1
12.98004,77.618664,1,4,0,assault,3
12.962808,77.581609,7,1,0,theft,1
13.037381,77.520812,13,6,1,vehicle_theft,2
13.099743,77.596125,22,2,0,burglary,2
12.961564,77.576692,12,0,0,theft,1
13.117365,77.572112,5,4,0,theft,1
12.972077,77.529165,21,6,1,theft,1
12.985108,77.605232,7,5,1,theft,1
13.042207,77.53296,20,2,0,burglary,2
12.911271,77.620774,9,5,1,theft,2
12.997415,77.557839,20,2,0,burglary,2
12.926976,77.754959,9,5,1,harassment,2
13.006465,77.711101,8,0,0,assault,3
12.975658,77.607111,23,5,1,assault,3
12.99778,77.580181,12,0,0,fraud,2
12.846332,77.729517,7,2,0,vehicle_theft,1
12.974154,77.567754,1,1,0,theft,1
12.920122,77.545188,1,2,0,theft,1
12.904108,77.58932,7,2,0,burglary,3
12.971066,77.578582,16,6,1,fraud,1
12.975043,77.606947,2,2,0,theft,1
13.005525,77.68867,21,0,0,vehicle_theft,2
12.91691,77.639036,21,5,1,theft,1
13.032058,77.593094,12,0,0,burglary,2
12.926351,77.608244,18,4,0,burglary,1
12.94153,77.626976,23,2,0,assault,3
12.954442,77.697753,11,5,1,assault,2
13.008294,77.696917,8,0,0,burglary,1
12.980646,77.565947,4,1,0,harassment,1
12.930573,77.583683,20,6,1,theft,1
12.968447,77.751806,19,1,0,theft,1
12.966294,77.575873,12,4,0,theft,1
13.040109,77.510729,10,4,0,theft,1
12.9772,77.641501,21,4,0,assault,2
13.02994,77.583257,9,3,0,vehicle_theft,3
12.973496,77.64289,17,0,0,theft,1
12.9752,77.609825,22,5,1,theft,1
12.951796,77.69482,4,5,1,vehicle_theft,2
12.959256,77.572352,17,2,0,theft,1
12.9273,77.558414,21,6,1,theft,1
12.998334,77.607254,17,4,0,assault,3
12.929326,77.539838,20,4,0,vehicle_theft,1
12.864304,77.65903,4,6,1,fraud,1
13.008646,77.695553,10,5,1,burglary,2
12.893925,77.620202,19,1,0,vehicle_theft,3
12.983614,77.606947,16,3,0,harassment,1
13.037107,77.519934,2,1,0,theft,1
13.043058,77.599958,6,6,1,theft,1
12.979058,77.75547,21,5,1,theft,1
12.980724,77.609159,20,2,0,harassment,2
12.987028,77.610865,2,5,1,theft,1
12.970294,77.522356,21,6,1,burglary,2
12.980487,77.622577,1,5,1,assault,3
12.974014,77.604699,17,2,0,assault,3
12.839067,77.662251,6,4,0,theft,1
12.973271,77.578431,14,3,0,theft,1
12.980629,77.604735,17,4,0,assault,3
12.904147,77.616251,12,4,0,assault,3
12.934418,77.623554,14,5,1,theft,1
12.977289,77.653352,0,0,0,assault,3
12.982616,77.56376,17,3,0,theft,1
12.924959,77.579771,21,2,0,burglary,2
13.041163,77.597932,20,4,0,theft,1
12.928604,77.625297,22,2,0,harassment,1
12.982184,77.54068,18,4,0,theft,1
13.004983,77.573235,19,4,0,theft,1
13.031621,77.547206,17,4,0,theft,1
12.988068,77.572929,12,2,0,assault,2
12.971414,77.644358,1,6,1,theft,2
12.978553,77.625349,0,1,0,assault,3
12.996813,77.559726,21,6,1,theft,1
12.919169,77.60853,21,2,0,vehicle_theft,2
12.985653,77.619731,0,6,1,assault,2
12.993224,77.57313,13,4,0,burglary,2
12.909067,77.635073,21,3,0,vehicle_theft,2
12.924124,77.591764,21,2,0,theft,1
12.844599,77.659853,0,5,1,burglary,2
13.082268,77.772872,14,4,0,harassment,1
13.001678,77.557126,15,5,1,theft,1
12.849167,77.66343,3,0,0,burglary,2
12.912457,77.640449,20,4,0,burglary,1
12.980141,77.60635,14,3,0,harassment,1
13.044623,77.591979,8,4,0,theft,2
12.841703,77.659771,9,1,0,burglary,2
12.845012,77.6764,23,4,0,burglary,2
12.901685,77.612886,18,6,1,fraud,2
12.979389,77.618709,0,6,1,theft,1
13.002498,77.570289,15,1,0,fraud,1
12.978519,77.608883,21,4,0,assault,3
12.970283,77.74613,22,3,0,theft,1
13.02584,77.547243,5,6,1,theft,2
12.935981,77.61378,5,2,0,assault,1
13.008158,77.695217,8,3,0,vehicle_theft,2
12.95474,77.703531,16,2,0,assault,3
12.984763,77.607048,23,6,1,harassment,2
12.975794,77.607915,3,5,1,assault,3
12.90183,77.612091,4,1,0,assault,3
12.934867,77.625033,16,2,0,theft,1
12.953533,77.703632,10,1,0,vehicle_theft,2
12.987623,77.605996,5,2,0,theft,2
12.968826,77.649128,22,0,0,assault,3
12.932107,77.619695,23,5,1,harassment,1
12.972389,77.526891,20,2,0,theft,1
12.954943,77.583343,19,0,0,harassment,1
12.971021,77.74247,23,0,0,fraud,1
12.843286,77.651911,22,4,0,burglary,3
12.975158,77.644094,3,0,0,theft,1
13.054646,77.723658,13,0,0,harassment,1
13.081421,77.544552,18,6,1,theft,1
13.034173,77.59292,9,2,0,assault,3
12.84696,77.658431,1,6,1,theft,1
13.092284,77.57509,23,6,1,burglary,1
13.003387,77.569912,21,6,1,theft,2
12.99939,77.553892,23,5,1,assault,2
12.965925,77.580024,3,2,0,theft,1
12.973471,77.569959,4,3,0,fraud,2
13.103207,77.589273,23,6,1,burglary,2
12.935079,77.58815,0,6,1,theft,1
12.974068,77.603195,22,6,1,assault,3
12.902965,77.643939,21,3,0,burglary,3
12.968707,77.744573,3,2,0,theft,2
12.969402,77.639397,19,6,1,theft,3
13.099958,77.595657,17,6,1,theft,1
12.838429,77.658381,0,4,0,burglary,1
13.073275,77.644478,11,6,1,assault,1
12.9744,77.606882,4,3,0,harassment,1
12.981056,77.576052,14,6,1,assault,3
13.031472,77.593954,10,3,0,vehicle_theft,1
12.963725,77.576844,12,4,0,theft,1
12.984746,77.604956,17,5,1,theft,1
12.984006,77.570098,16,3,0,theft,2
12.909716,77.603371,21,2,0,theft,2
12.918412,77.583398,18,4,0,theft,1
12.983215,77.607346,19,3,0,harassment,1
13.020992,77.515453,5,5,1,theft,1
12.955998,77.700787,9,4,0,theft,2
12.849361,77.666033,2,6,1,vehicle_theft,2
12.921851,77.548239,21,6,1,theft,1
13.002819,77.572454,6,0,0,burglary,2
12.970348,77.585435,2,4,0,theft,1
12.928025,77.58201,19,6,1,burglary,2
12.924687,77.585724,8,2,0,theft,1
12.973655,77.56899,12,0,0,theft,1
12.961703,77.747531,0,6,1,theft,1
13.038925,77.518269,15,1,0,vehicle_theft,2
12.97716,77.570824,15,4,0,theft,1
13.097722,77.601651,21,6,1,theft,1
12.954761,77.701311,13,0,0,vehicle_theft,2
12.920069,77.588547,18,5,1,theft,1
12.958641,77.757746,21,2,0,theft,1
12.970105,77.640714,23,0,0,vehicle_theft,2
13.107721,77.598482,2,0,0,burglary,3
12.915963,77.610927,16,6,1,vehicle_theft,2
12.944256,77.483181,0,2,0,vehicle_theft,2
12.972151,77.640621,22,6,1,vehicle_theft,1
12.906192,77.618262,18,4,0,vehicle_theft,3
12.936278,77.623966,23,1,0,theft,2
12.984772,77.621549,15,4,0,theft,1
13.097983,77.592887,1,5,1,theft,1
12.976731,77.606945,0,5,1,assault,2
12.926819,77.580508,18,3,0,burglary,3
12.916321,77.642256,20,1,0,theft,2
13.039952,77.590449,7,4,0,vehicle_theft,1
12.84498,77.660044,21,0,0,theft,1
12.929294,77.54405,16,1,0,theft,1
12.96966,77.750277,19,6,1,theft,1
12.955937,77.722671,14,3,0,vehicle_theft,1
12.972105,77.605082,22,5,1,harassment,1
12.849461,77.659515,21,4,0,theft,2
12.877561,77.561863,2,0,0,harassment,1
12.985427,77.605159,17,5,1,theft,1
12.925204,77.58781,21,3,0,burglary,2
12.897939,77.622321,17,5,1,theft,1
12.928734,77.543311,21,3,0,burglary,2
13.087727,77.587232,6,0,0,theft,1
12.988885,77.609428,22,2,0,theft,2
12.848876,77.659537,2,6,1,theft,1
12.948487,77.755373,20,4,0,burglary,3
12.96218,77.578312,7,0,0,harassment,1
12.978252,77.568687,14,1,0,theft,1
12.977942,77.605829,22,2,0,harassment,1
12.924267,77.543438,16,6,1,theft,1
12.903674,77.582803,22,1,0,burglary,1
12.974615,77.608025,3,3,0,assault,3
13.002717,77.698794,20,2,0,theft,1
12.973055,77.761283,19,2,0,fraud,1
12.972728,77.519147,12,0,0,burglary,2
12.99846,77.557172,12,6,1,assault,3
12.98572,77.612383,8,3,0,theft,1
12.937036,77.618424,18,5,1,harassment,1
13.02357,77.672915,2,3,0,vehicle_theft,2
12.915986,77.610161,18,2,0,burglary,1
12.985026,77.605107,16,0,0,harassment,2
12.976308,77.6415,23,4,0,assault,3
12.956848,77.700616,20,4,0,vehicle_theft,1
12.988709,77.598187,14,0,0,theft,1
13.007,77.698778,17,3,0,burglary,2
12.971136,77.748091,22,3,0,burglary,3
12.931925,77.543265,18,2,0,theft,1
12.996432,77.556392,22,3,0,burglary,2
12.960166,77.714043,7,4,0,vehicle_theft,2
12.96745,77.583128,15,4,0,theft,1
12.975401,77.644572,4,3,0,assault,3
12.988942,77.555798,21,2,0,burglary,2
12.962895,77.577253,14,4,0,theft,1
12.988394,77.606567,20,3,0,theft,1
12.903455,77.636895,20,4,0,theft,1
13.004247,77.581031,19,3,0,assault,1
12.930467,77.550954,20,1,0,burglary,3
13.095732,77.64447,20,1,0,assault,1
13.108021,77.71121,13,2,0,theft,1
13.108292,77.596858,1,3,0,vehicle_theft,2
12.97452,77.607489,14,0,0,assault,3
13.02977,77.517803,5,6,1,vehicle_theft,2
13.039743,77.604541,8,3,0,vehicle_theft,2
12.963169,77.575524,20,4,0,theft,1
13.025787,77.537891,11,0,0,theft,1
12.979469,77.607503,1,6,1,assault,3
13.008252,77.694427,10,6,1,vehicle_theft,1
13.008791,77.695695,7,4,0,vehicle_theft,1
12.973981,77.645279,4,5,1,assault,3
12.909859,77.578582,22,6,1,burglary,2
13.032167,77.532904,23,1,0,vehicle_theft,2
12.997998,77.554998,21,6,1,burglary,2
12.9224,77.577637,17,3,0,theft,1
12.979886,77.572323,5,6,1,theft,2
12.984958,77.605308,11,3,0,theft,1
12.968794,77.578148,13,0,0,theft,1
12.907962,77.585073,20,5,1,vehicle_theft,2
13.027908,77.541343,20,2,0,vehicle_theft,3
12.97533,77.606816,12,0,0,theft,1
13.011879,77.683954,6,1,0,burglary,2
12.914853,77.587809,23,1,0,burglary,3
13.126391,77.452785,6,5,1,assault,2
12.935981,77.621653,18,4,0,assault,3
13.005879,77.701435,10,3,0,burglary,2
12.90343,77.62357,3,5,1,theft,1
12.977239,77.56708,16,6,1,harassment,1
12.943343,77.631242,0,5,1,assault,3
13.035413,77.595309,22,5,1,vehicle_theft,2
13.008178,77.695588,19,4,0,vehicle_theft,3
12.962805,77.578855,13,0,0,theft,2
12.966855,77.650993,22,3,0,assault,3
13.024507,77.540254,9,4,0,vehicle_theft,2
13.024281,77.489933,15,2,0,burglary,1
12.957488,77.749907,22,1,0,theft,1
12.965956,77.697497,9,1,0,theft,1
12.915615,77.60983,22,0,0,theft,1
12.834214,77.664163,22,1,0,theft,2
12.97673,77.640728,22,5,1,theft,1
12.993868,77.555489,3,3,0,theft,1
12.96399,77.57791,8,2,0,assault,2
12.998376,77.556572,18,4,0,assault,3
12.998194,77.559138,18,1,0,assault,3
12.966193,77.57988,10,5,1,theft,1
13.086851,77.616895,11,1,0,harassment,1
12.971814,77.648253,22,6,1,harassment,1
12.963412,77.576758,16,3,0,theft,1
13.097701,77.593774,13,3,0,vehicle_theft,2
12.937271,77.614328,2,2,0,theft,2
12.843874,77.659707,22,3,0,vehicle_theft,2
12.909793,77.641984,17,6,1,theft,1
12.98405,77.599725,7,0,0,theft,1
12.977086,77.754189,5,1,0,theft,1
12.982651,77.607811,23,0,0,theft,1
13.024706,77.540282,18,4,0,vehicle_theft,2
12.963118,77.526056,23,2,0,theft,1
12.965076,77.746488,22,5,1,fraud,1
12.9719,77.597832,0,2,0,theft,1
12.848432,77.662062,3,6,1,vehicle_theft,1
12.932875,77.624893,0,5,1,theft,2
12.96711,77.532306,19,3,0,theft,1
12.927052,77.607015,6,6,1,vehicle_theft,2
12.978197,77.62757,22,0,0,assault,3
12.995514,77.559094,23,0,0,assault,3
12.856594,77.515161,15,2,0,vehicle_theft,1
13.021496,77.537831,16,4,0,assault,3
12.984996,77.573824,16,2,0,harassment,2
12.934878,77.624808,13,2,0,assault,2
12.982945,77.572596,9,1,0,harassment,1
12.859223,77.664246,23,5,1,vehicle_theft,2
12.96775,77.578806,11,0,0,theft,2
13.132589,77.535035,16,1,0,burglary,2
12.971213,77.747292,4,4,0,fraud,1
12.901436,77.590258,19,2,0,burglary,2
12.962662,77.581939,8,5,1,theft,1
12.946757,77.735378,0,0,0,theft,1
12.966696,77.62427,23,0,0,theft,2
12.935062,77.624864,1,5,1,harassment,2
13.001782,77.570839,9,6,1,fraud,1
12.91097,77.61118,2,6,1,theft,1
13.062427,77.470711,12,2,0,fraud,1
13.097903,77.650207,6,5,1,fraud,1
13.028357,77.530925,8,1,0,theft,1
13.030669,77.539565,7,2,0,assault,3
12.917784,77.551014,22,1,0,burglary,2
12.920054,77.54788,20,1,0,burglary,3
12.965846,77.637584,22,5,1,assault,3
12.889047,77.456223,6,5,1,harassment,1
12.957809,77.775501,14,5,1,theft,1
12.96645,77.73788,3,6,1,theft,2
12.962165,77.574957,20,5,1,harassment,2
12.970587,77.579552,7,3,0,theft,1
13.030423,77.518712,4,1,0,burglary,1
12.968877,77.58004,9,4,0,theft,1
12.969619,77.642728,23,2,0,harassment,2
12.935131,77.623043,21,1,0,assault,3
12.927069,77.623461,2,0,0,theft,1
12.953047,77.697171,21,3,0,burglary,2
12.92576,77.545996,19,0,0,vehicle_theft,2
12.966134,77.643571,2,0,0,harassment,1
13.063605,77.47975,9,0,0,fraud,1
12.965766,77.710777,7,1,0,burglary,2
13.030481,77.519591,4,3,0,vehicle_theft,2
12.998436,77.55484,18,4,0,burglary,2
12.962215,77.577608,6,3,0,theft,1
12.976281,77.611241,22,0,0,theft,1
12.929259,77.589175,18,6,1,theft,1
12.979344,77.570663,12,6,1,harassment,1
12.969636,77.577798,11,1,0,theft,1
12.981161,77.64539,6,0,0,theft,1
12.9994,77.692641,21,5,1,assault,3
12.978437,77.571322,9,6,1,harassment,1
12.90985,77.635317,2,0,0,theft,1
12.928361,77.749906,0,1,0,fraud,2
12.972543,77.748643,2,2,0,fraud,2
12.971763,77.613463,0,2,0,harassment,1
13.003792,77.570249,21,4,0,fraud,1
12.842498,77.659784,7,0,0,theft,2
13.025679,77.54766,3,3,0,assault,3
13.111626,77.591571,16,4,0,vehicle_theft,2
12.912556,77.535309,10,4,0,vehicle_theft,3
12.842365,77.661727,11,0,0,vehicle_theft,2
12.906381,77.587669,10,6,1,theft,2
12.972853,77.636674,22,6,1,theft,1
12.976499,77.640681,3,5,1,assault,2
12.910801,77.613243,18,6,1,vehicle_theft,2
13.034656,77.588715,10,6,1,vehicle_theft,2
12.972643,77.609367,22,1,0,harassment,2
12.97787,77.526932,16,1,0,theft,2
13.028218,77.540107,17,0,0,vehicle_theft,2
12.932951,77.578961,21,1,0,burglary,3
12.964192,77.584598,19,2,0,harassment,1
12.982292,77.621524,0,4,0,theft,1
12.969254,77.749922,3,4,0,vehicle_theft,3
12.957256,77.698514,10,5,1,vehicle_theft,1
12.970234,77.749804,21,6,1,burglary,2
12.936926,77.626493,20,3,0,theft,2
12.925859,77.588802,19,1,0,fraud,2
12.995652,77.62471,1,4,0,burglary,1
12.973381,77.534779,15,1,0,theft,1
12.947314,77.496818,23,4,0,theft,1
12.97665,77.623525,23,4,0,assault,3
12.977444,77.602642,9,2,0,assault,3
12.970891,77.750826,20,4,0,vehicle_theft,1
12.840692,77.669533,22,0,0,burglary,2
12.981147,77.613281,13,5,1,harassment,1
13.00855,77.692667,19,3,0,burglary,1
12.867268,77.500019,11,4,0,burglary,2
12.976657,77.739908,21,0,0,vehicle_theft,2
12.972171,77.640818,8,3,0,assault,3
13.102974,77.572772,23,3,0,fraud,2
12.905319,77.584309,1,1,0,burglary,3
12.985047,77.642778,11,5,1,theft,1
12.842523,77.644849,15,3,0,vehicle_theft,3
12.984895,77.606266,16,2,0,theft,1
12.930575,77.587551,23,6,1,theft,1
12.969425,77.604169,22,2,0,assault,2
12.83324,77.665662,7,0,0,vehicle_theft,2
12.977106,77.627749,23,3,0,harassment,2
13.035909,77.662433,5,0,0,harassment,1
12.937732,77.62314,18,3,0,vehicle_theft,2
12.919104,77.612228,20,1,0,burglary,2
13.027813,77.606526,17,6,1,theft,1
12.968854,77.601249,4,6,1,harassment,1
12.912517,77.636291,23,4,0,vehicle_theft,2
13.029046,77.536083,16,3,0,theft,1
13.095697,77.596074,4,2,0,burglary,3
12.853219,77.646978,6,5,1,vehicle_theft,2
12.848602,77.657889,13,6,1,fraud,1
12.917909,77.62514,2,0,0,theft,1
12.980724,77.63741,1,2,0,theft,1
12.983102,77.620216,0,0,0,harassment,2
12.97483,77.607171,22,2,0,theft,2
13.005832,77.567249,6,0,0,theft,1
12.92462,77.546492,14,0,0,burglary,3
12.932502,77.621138,22,4,0,theft,2
12.914474,77.615804,23,6,1,burglary,2
12.925548,77.539932,15,4,0,burglary,2
12.921575,77.606233,16,5,1,burglary,2
12.973133,77.642483,19,1,0,theft,2
12.848341,77.665182,4,5,1,burglary,3
12.903148,77.577166,21,6,1,theft,1
12.965025,77.530484,16,5,1,theft,2
12.857577,77.672086,16,3,0,vehicle_theft,1
12.973773,77.642634,2,6,1,harassment,1
12.983253,77.602008,6,3,0,harassment,1
12.902842,77.606842,21,1,0,vehicle_theft,2
12.989866,77.623208,21,2,0,assault,3
12.976482,77.57144,13,1,0,theft,3
12.929179,77.587429,17,3,0,theft,1
12.990498,77.550629,17,2,0,theft,2
12.948446,77.707721,10,0,0,vehicle_theft,2
12.929385,77.582851,20,4,0,fraud,1
13.016416,77.509526,22,3,0,theft,1
13.100587,77.59211,21,3,0,vehicle_theft,3
12.967611,77.578281,8,6,1,theft,1
12.904368,77.617677,14,5,1,vehicle_theft,2
13.00393,77.570638,10,2,0,theft,2
12.906288,77.612022,18,3,0,theft,2
13.026369,77.529626,20,1,0,theft,2
12.964647,77.577992,8,4,0,theft,1
12.843949,77.662073,22,1,0,fraud,1
12.929647,77.582625,15,1,0,theft,1
13.03714,77.601637,9,1,0,vehicle_theft,2
13.01307,77.6932,7,2,0,vehicle_theft,2
12.978588,77.6103,22,4,0,theft,1
12.968906,77.582082,12,0,0,assault,2
12.838732,77.65581,23,1,0,burglary,2
12.987417,77.607474,11,4,0,theft,1
12.875026,77.718878,11,2,0,theft,1
12.913525,77.630261,21,6,1,vehicle_theft,2
12.986319,77.603882,19,1,0,theft,1
12.869841,77.736859,5,0,0,theft,1
12.936516,77.52077,19,6,1,vehicle_theft,1
12.975367,77.563434,17,4,0,theft,1
13.046911,77.5927,16,5,1,burglary,2
13.039735,77.599525,21,0,0,theft,2
12.98843,77.617226,22,0,0,harassment,2
12.948099,77.706806,7,4,0,theft,1
12.967368,77.572197,21,2,0,theft,2
12.900794,77.585862,21,6,1,theft,1
12.990403,77.554474,21,4,0,burglary,1
12.96897,77.55417,0,5,1,vehicle_theft,2
12.984612,77.60323,15,0,0,theft,1
12.924296,77.546039,21,6,1,vehicle_theft,3
13.041389,77.604091,19,1,0,vehicle_theft,2
12.980541,77.607145,18,4,0,assault,2
12.981759,77.565219,4,0,0,assault,3
12.992067,77.57154,20,1,0,theft,2
12.966531,77.572225,10,5,1,theft,1
12.984876,77.601774,14,3,0,harassment,1
12.963361,77.537964,19,3,0,theft,1
12.961198,77.703961,15,3,0,burglary,2
12.955816,77.702059,17,2,0,theft,2
12.968769,77.636629,1,3,0,harassment,1
12.995342,77.528073,12,2,0,vehicle_theft,1
13.05804,77.667139,11,0,0,fraud,1
12.965445,77.577687,19,3,0,fraud,2
12.998064,77.550234,21,3,0,theft,1
12.976992,77.606721,2,0,0,assault,3
12.915069,77.613895,10,5,1,vehicle_theft,2
12.985903,77.605735,15,6,1,theft,1
12.921336,77.614389,21,5,1,burglary,2
12.99581,77.604103,11,0,0,theft,2
12.904502,77.620284,11,1,0,vehicle_theft,2
12.927917,77.547365,21,3,0,vehicle_theft,2
12.98195,77.604488,17,0,0,theft,2
13.103784,77.706014,20,5,1,assault,1
12.992875,77.553895,2,6,1,assault,2
12.971365,77.575318,11,1,0,theft,1
12.847641,77.666368,1,2,0,vehicle_theft,2
12.942438,77.626369,20,5,1,vehicle_theft,3
12.968324,77.631988,23,6,1,assault,3
12.903981,77.607925,3,6,1,assault,3
12.971506,77.641315,23,6,1,assault,3
12.929523,77.553289,0,4,0,vehicle_theft,2
12.934403,77.619369,17,6,1,assault,3
12.918283,77.607348,20,0,0,theft,1
12.980508,77.624122,3,4,0,theft,1
12.974873,77.574018,7,1,0,theft,1
12.97509,77.629844,4,5,1,vehicle_theft,1
12.902819,77.620854,10,3,0,vehicle_theft,2
12.913945,77.640764,18,6,1,vehicle_theft,3
13.029445,77.512288,1,6,1,vehicle_theft,2
12.97777,77.570715,19,2,0,theft,2
12.967091,77.714934,17,5,1,theft,1
12.978886,77.570867,15,6,1,theft,1
12.997976,77.555073,20,5,1,assault,3
13.037638,77.500521,3,5,1,theft,1
12.997698,77.558792,11,1,0,burglary,2
13.049034,77.519912,6,1,0,theft,1
12.953251,77.702122,19,5,1,burglary,2
12.925058,77.550439,18,0,0,vehicle_theft,3
12.916238,77.61079,15,4,0,vehicle_theft,1
12.917015,77.609707,0,6,1,theft,1
13.001427,77.560781,3,1,0,theft,2
13.044159,77.452568,17,6,1,vehicle_theft,1
12.974118,77.638389,3,4,0,assault,3
12.930578,77.583642,14,5,1,burglary,2
12.969364,77.567358,18,2,0,theft,1
12.902076,77.642074,1,6,1,fraud,1
13.091825,77.597848,2,1,0,vehicle_theft,1
13.016763,77.531024,12,5,1,theft,1
12.976424,77.569159,21,1,0,fraud,1
12.932631,77.622066,16,1,0,harassment,2
12.896163,77.532335,15,2,0,vehicle_theft,1
12.915972,77.5881,16,5,1,theft,1
12.90594,77.617592,19,4,0,vehicle_theft,2
12.97209,77.529752,0,5,1,theft,2
12.885791,77.615805,7,3,0,burglary,2
12.96155,77.744548,9,4,0,theft,1
13.022462,77.54816,10,6,1,theft,2
12.962602,77.577713,17,4,0,theft,1
13.10027,77.596249,14,4,0,burglary,3
12.909493,77.64186,20,3,0,burglary,2
12.952918,77.694443,19,0,0,vehicle_theft,2
12.935435,77.618329,0,1,0,assault,3
12.926933,77.54841,21,0,0,theft,2
12.892657,77.585168,19,2,0,burglary,2
12.929437,77.5821,1,4,0,theft,1
13.028888,77.624495,5,4,0,theft,1
12.908519,77.643296,10,1,0,vehicle_theft,1
13.037699,77.517341,22,5,1,theft,2
12.968383,77.577435,17,4,0,theft,2
12.935002,77.624706,1,1,0,assault,2
12.90162,77.582184,22,3,0,burglary,3
13.031154,77.593181,18,5,1,theft,1
12.975524,77.645194,21,0,0,assault,3
13.096816,77.698589,19,1,0,assault,1
13.02696,77.529671,5,1,0,theft,1
12.976514,77.573367,10,1,0,assault,3
12.971946,77.580917,10,5,1,theft,1
12.973113,77.525811,22,1,0,theft,1
12.928608,77.546655,18,6,1,vehicle_theft,2
12.965814,77.643723,0,0,0,theft,1
12.907488,77.63928,0,0,0,burglary,2
13.049894,77.733606,2,5,1,burglary,1
13.098022,77.596787,23,3,0,vehicle_theft,1
12.961966,77.579461,20,5,1,assault,3
13.025413,77.539677,20,4,0,vehicle_theft,1
12.907747,77.618046,8,3,0,theft,1
13.033868,77.515889,21,2,0,vehicle_theft,2
12.909428,77.596465,21,5,1,theft,1
13.031151,77.583968,20,0,0,vehicle_theft,2
13.015572,77.689489,4,6,1,vehicle_theft,2
13.110422,77.695488,10,1,0,fraud,1
12.973665,77.580036,11,5,1,theft,1
13.016975,77.695569,21,6,1,assault,3
12.989651,77.605447,16,6,1,theft,1
12.97508,77.607348,19,4,0,harassment,1
12.907764,77.584723,19,5,1,vehicle_theft,1
12.97971,77.570623,15,1,0,harassment,1
12.969508,77.640553,20,5,1,harassment,2
12.937322,77.628339,1,2,0,theft,1
12.971003,77.566423,7,5,1,harassment,1
12.9587,77.691276,11,4,0,burglary,2
12.972768,77.638803,23,4,0,assault,3
13.042858,77.594545,18,0,0,vehicle_theft,2
13.039525,77.603709,21,5,1,vehicle_theft,1
12.973891,77.608278,2,2,0,theft,1
13.023025,77.606599,10,4,0,assault,3
13.006056,77.570999,22,4,0,fraud,1
13.079183,77.658684,0,4,0,assault,1
13.029116,77.537609,11,2,0,vehicle_theft,3
12.978501,77.573177,14,1,0,theft,1
12.968383,77.58241,16,3,0,assault,2
12.962671,77.57673,7,0,0,theft,3
12.910714,77.773725,2,4,0,harassment,2
13.099119,77.593771,4,0,0,vehicle_theft,3
13.003962,77.705115,16,4,0,burglary,3
13.007479,77.694047,5,2,0,vehicle_theft,2
12.913972,77.582726,5,4,0,burglary,3
12.970849,77.525326,2,6,1,vehicle_theft,2
12.956641,77.573775,23,4,0,theft,1
12.908019,77.591496,22,3,0,theft,1
12.903868,77.6081,16,1,0,theft,1
12.92474,77.634083,17,4,0,burglary,3
12.978905,77.607689,4,1,0,theft,1
12.901055,77.577477,21,4,0,vehicle_theft,2
13.07598,77.462821,14,5,1,harassment,2
12.958886,77.695206,6,3,0,assault,3
12.924597,77.583155,20,0,0,burglary,1
12.969956,77.569238,21,6,1,theft,1
12.934596,77.625487,2,6,1,theft,1
12.975002,77.606879,23,4,0,theft,1
13.016727,77.691815,14,4,0,burglary,1
12.844835,77.660189,1,2,0,burglary,2
12.904991,77.612898,18,4,0,vehicle_theft,2
13.024711,77.536104,8,2,0,assault,3
12.962586,77.74855,6,2,0,theft,2
12.972922,77.633397,23,6,1,harassment,1
12.963053,77.576504,6,4,0,harassment,1
12.966891,77.531711,22,5,1,theft,2
12.909242,77.634738,19,6,1,vehicle_theft,2
12.93327,77.593636,21,3,0,theft,1
13.100006,77.596053,21,5,1,burglary,1
12.976922,77.570875,19,5,1,theft,1
12.988927,77.62288,0,6,1,theft,1
12.925773,77.57416,18,5,1,theft,1
13.095831,77.705979,16,1,0,burglary,1
12.972031,77.636066,8,3,0,assault,3
12.908774,77.648118,13,1,0,vehicle_theft,2
12.973245,77.63525,0,0,0,assault,3
12.936408,77.586911,21,1,0,theft,1
12.966886,77.579606,18,1,0,fraud,1
13.025869,77.540806,23,6,1,theft,1
12.854605,77.656255,23,1,0,fraud,1
13.013865,77.698484,8,6,1,vehicle_theft,3
12.905292,77.616929,7,0,0,vehicle_theft,3
12.972076,77.597719,21,2,0,harassment,1
12.976949,77.571153,12,5,1,assault,3
12.975337,77.606752,22,1,0,assault,3
12.838979,77.662783,1,0,0,fraud,1
12.941419,77.626979,1,6,1,vehicle_theft,2
12.977932,77.567371,12,4,0,assault,3
12.972188,77.4642,3,6,1,burglary,1
12.965602,77.744877,20,3,0,burglary,3
12.982122,77.609323,9,4,0,harassment,1
13.114737,77.690075,4,1,0,theft,2
12.931669,77.585939,17,0,0,burglary,2
12.911713,77.577474,23,6,1,vehicle_theft,1
12.997951,77.557574,22,1,0,assault,3
12.935681,77.624624,22,6,1,assault,2
12.987247,77.621515,16,5,1,theft,1
12.970639,77.605941,22,6,1,theft,1
12.99979,77.704082,8,4,0,vehicle_theft,1
12.977959,77.566567,18,6,1,theft,1
12.915192,77.610377,15,4,0,harassment,2
12.971896,77.528983,21,6,1,burglary,1
12.968924,77.527396,19,4,0,theft,1
13.033448,77.520257,4,4,0,burglary,3
12.908501,77.586188,20,5,1,burglary,3
12.975652,77.521721,16,1,0,vehicle_theft,2
13.1005,77.595807,23,6,1,burglary,3
12.984746,77.596972,11,2,0,theft,1
12.929593,77.595189,19,3,0,theft,1
12.962456,77.577499,11,0,0,theft,1
13.002764,77.713518,14,1,0,fraud,1
12.963158,77.576703,13,5,1,theft,1
13.0297,77.543837,9,1,0,vehicle_theft,1
12.959763,77.699731,19,0,0,theft,1
12.969475,77.752015,2,4,0,burglary,3
12.907971,77.624581,7,6,1,vehicle_theft,2
12.92917,77.583224,0,1,0,burglary,2
13.130415,77.667578,2,3,0,vehicle_theft,1
12.940987,77.58718,20,0,0,fraud,1
12.957699,77.701675,20,3,0,vehicle_theft,1
13.032886,77.510745,5,0,0,burglary,2
12.975295,77.606051,1,0,0,harassment,1
12.905177,77.635753,16,5,1,vehicle_theft,1
12.920305,77.541121,21,6,1,theft,1
12.937778,77.58098,9,5,1,fraud,1
12.898839,77.581329,22,5,1,theft,1
12.938337,77.611329,18,1,0,harassment,2
12.936602,77.579018,21,6,1,burglary,2
13.038367,77.595031,10,3,0,burglary,3
12.931191,77.5878,19,5,1,theft,2
13.102898,77.594827,23,6,1,theft,1
12.936408,77.584741,23,6,1,theft,1
12.980234,77.610557,21,3,0,harassment,1
13.003468,77.572254,20,3,0,fraud,1
12.923861,77.615126,19,4,0,harassment,1
12.983811,77.606288,17,6,1,harassment,1
12.980106,77.579988,21,1,0,theft,1
12.973439,77.57489,20,6,1,harassment,1
12.910719,77.639424,19,5,1,vehicle_theft,2
12.991232,77.5648,19,3,0,theft,1
12.979176,77.570423,14,0,0,theft,1
12.901038,77.594172,15,3,0,vehicle_theft,2
12.922712,77.539648,19,0,0,burglary,2
12.966102,77.752106,0,1,0,theft,1
12.98031,77.576987,12,6,1,theft,1
12.940967,77.621988,16,2,0,harassment,2
12.983672,77.607392,13,2,0,theft,1
13.02762,77.539493,17,2,0,theft,2
12.964342,77.581176,16,2,0,theft,1
12.979861,77.623774,5,5,1,assault,2
12.997807,77.687716,9,5,1,burglary,1
12.977737,77.617162,4,5,1,theft,1
12.925073,77.634269,3,2,0,burglary,2
12.925157,77.546499,5,3,0,burglary,2
12.972111,77.608899,6,0,0,theft,2
12.988101,77.606563,21,2,0,assault,3
13.030585,77.606274,9,3,0,vehicle_theft,2
12.929307,77.591742,18,3,0,theft,1
12.9881,77.71206,0,0,0,vehicle_theft,1
12.941262,77.627642,4,5,1,vehicle_theft,2
12.933847,77.624748,0,6,1,theft,1
12.975373,77.604809,0,6,1,theft,2
13.020357,77.605987,6,0,0,theft,2
13.041397,77.5927,11,2,0,vehicle_theft,2
13.093936,77.589801,2,2,0,burglary,2
12.924966,77.583671,0,1,0,burglary,2
12.980168,77.569055,4,0,0,fraud,1
12.923894,77.62553,4,0,0,theft,1
13.101045,77.586304,22,1,0,burglary,1
13.096384,77.603101,22,1,0,theft,2
12.928508,77.574175,16,5,1,theft,2
12.969218,77.572419,17,4,0,theft,2
12.970869,77.567272,17,4,0,harassment,1
12.962747,77.577083,17,0,0,theft,2
12.966086,77.5791,13,0,0,theft,2
12.92421,77.548761,9,3,0,theft,1
12.964866,77.578161,14,2,0,theft,1
12.978581,77.581029,8,2,0,theft,1
12.914323,77.610459,20,2,0,theft,2
12.915952,77.610092,21,5,1,theft,1
12.910623,77.526691,14,5,1,assault,1
12.974317,77.570993,17,2,0,theft,1
12.833581,77.665956,1,5,1,vehicle_theft,2
12.984935,77.609597,20,6,1,harassment,2
12.976924,77.613044,1,6,1,harassment,1
13.104363,77.588287,0,1,0,vehicle_theft,3
12.83,77.657636,5,3,0,burglary,3
12.973163,77.636153,21,2,0,vehicle_theft,2
12.979058,77.747571,23,2,0,burglary,2
12.97667,77.648571,22,3,0,vehicle_theft,3
13.073641,77.680047,12,6,1,burglary,1
12.970256,77.750019,4,6,1,theft,1
12.980095,77.740702,2,0,0,vehicle_theft,2
12.977351,77.571453,22,2,0,harassment,1
12.959449,77.575867,16,0,0,theft,3
12.996783,77.572758,22,4,0,burglary,2
12.971174,77.640823,10,4,0,theft,1
12.84999,77.662412,16,6,1,burglary,3
12.976373,77.570058,16,1,0,assault,2
12.970517,77.642533,21,4,0,harassment,2
12.933236,77.630009,4,0,0,vehicle_theft,2
12.932769,77.624904,10,6,1,vehicle_theft,3
12.91188,77.607164,11,6,1,burglary,1
12.912159,77.640405,22,3,0,theft,2
13.028684,77.606306,8,3,0,vehicle_theft,2
12.963725,77.578702,17,4,0,theft,1
12.910667,77.641031,23,5,1,theft,1
12.927914,77.586059,13,1,0,theft,1
12.977385,77.572329,16,4,0,theft,1
12.970921,77.678452,10,5,1,vehicle_theft,1
12.975797,77.74759,3,1,0,fraud,1
12.999406,77.553621,8,2,0,theft,1
12.979256,77.598431,15,1,0,assault,3
12.974469,77.606407,10,5,1,theft,2
12.977136,77.638567,4,2,0,vehicle_theft,2
12.916775,77.616139,19,1,0,harassment,1
12.96642,77.565258,16,2,0,assault,1
12.977094,77.603877,3,1,0,assault,3
12.984001,77.56675,16,0,0,theft,1
12.963536,77.576616,7,0,0,theft,1
12.979936,77.610942,12,5,1,assault,3
12.928081,77.548424,21,1,0,burglary,1
12.956824,77.68514,17,6,1,vehicle_theft,3
12.973853,77.608117,22,0,0,assault,3
12.956922,77.697204,16,5,1,vehicle_theft,1
12.967458,77.580076,8,5,1,theft,1
12.998243,77.555816,18,0,0,theft,1
13.006949,77.694339,8,6,1,burglary,2
13.053316,77.686725,3,3,0,theft,1
13.008027,77.697183,9,2,0,burglary,2
12.968381,77.535087,21,4,0,theft,1
12.975166,77.525789,14,2,0,theft,1
13.028627,77.520284,13,3,0,vehicle_theft,2
12.96674,77.527224,8,2,0,vehicle_theft,2
12.915652,77.621844,9,6,1,vehicle_theft,1
12.915127,77.610794,22,1,0,theft,1
12.909201,77.6344,1,6,1,vehicle_theft,2
12.98663,77.631517,21,6,1,theft,1
12.933506,77.61102,4,1,0,assault,3
13.033601,77.754965,3,4,0,fraud,1
13.031049,77.530813,5,4,0,burglary,2
12.986185,77.617316,4,6,1,harassment,1
12.964083,77.58282,16,2,0,theft,1
12.92862,77.62421,1,6,1,theft,1
12.97718,77.570744,17,1,0,theft,2
12.941345,77.70252,19,5,1,harassment,2
12.926006,77.544175,20,5,1,vehicle_theft,2
12.930245,77.581915,23,2,0,theft,1
12.972729,77.607483,23,6,1,assault,3
12.905982,77.612693,18,4,0,vehicle_theft,2
13.031295,77.538272,12,6,1,theft,2
12.904919,77.634301,22,3,0,vehicle_theft,1
12.98592,77.607143,13,1,0,theft,1
12.985597,77.610168,16,1,0,theft,1
13.004496,77.569834,10,3,0,theft,1
13.113429,77.622479,2,1,0,burglary,2
12.98051,77.564141,18,6,1,theft,1
12.905326,77.587689,0,5,1,burglary,3
12.968315,77.607073,5,3,0,assault,3
12.918654,77.555192,22,0,0,theft,1
12.921421,77.622445,16,3,0,theft,2
12.999875,77.660609,17,2,0,burglary,1
12.984979,77.605618,11,5,1,theft,1
12.844651,77.659786,0,3,0,vehicle_theft,2
12.906749,77.615663,20,2,0,vehicle_theft,3
13.107081,77.595263,20,2,0,burglary,1
13.104372,77.592422,3,4,0,theft,2
12.898133,77.622741,19,5,1,theft,1
12.987922,77.600685,7,2,0,harassment,2
13.03674,77.602219,15,6,1,vehicle_theft,2
12.981974,77.752892,23,5,1,vehicle_theft,2
12.969825,77.750621,5,6,1,vehicle_theft,2
13.10147,77.605325,0,5,1,theft,1
12.911566,77.621348,17,0,0,vehicle_theft,2
13.105526,77.618218,21,4,0,vehicle_theft,2
13.084776,77.649613,4,1,0,vehicle_theft,1
12.912015,77.643258,22,4,0,theft,1
12.916798,77.639107,18,4,0,burglary,2
12.966036,77.646275,1,6,1,harassment,2
13.019661,77.556154,11,0,0,vehicle_theft,1
13.028058,77.595933,9,3,0,vehicle_theft,2
12.938761,77.631947,0,2,0,harassment,1
12.901932,77.63723,15,4,0,burglary,3
12.970756,77.580057,16,0,0,theft,1
13.102,77.58609,20,4,0,burglary,2
12.985188,77.604784,5,3,0,theft,1
13.016735,77.537692,10,2,0,theft,1
12.972214,77.607123,22,2,0,theft,2
13.022995,77.535319,8,3,0,theft,1
12.968011,77.573673,5,1,0,theft,1
12.984535,77.570501,17,6,1,harassment,2
13.094943,77.599341,5,4,0,burglary,2
12.969986,77.538229,1,4,0,theft,1
12.972564,77.604581,2,2,0,harassment,1
12.904958,77.583078,15,2,0,burglary,1
13.004649,77.546243,17,5,1,burglary,2
12.936416,77.617691,19,0,0,assault,3
12.926102,77.604883,12,4,0,harassment,1
12.968568,77.642844,0,6,1,assault,3
12.924266,77.690077,22,0,0,burglary,1
12.920114,77.641018,13,0,0,theft,1
12.91632,77.612064,20,4,0,burglary,1
12.974953,77.531191,15,0,0,vehicle_theft,1
12.980625,77.56648,2,0,0,assault,3
13.030141,77.543616,20,1,0,theft,2
12.988997,77.603654,20,6,1,assault,3
12.964549,77.541713,15,3,0,theft,1
12.835323,77.636027,4,0,0,theft,1
12.972735,77.523549,22,3,0,theft,1
12.976576,77.569506,19,1,0,theft,1
12.9798,77.623627,1,0,0,theft,1
12.989209,77.607242,11,4,0,theft,1
12.984267,77.600017,8,6,1,harassment,1
13.032856,77.536101,9,0,0,theft,1
13.004559,77.559101,19,5,1,theft,1
12.928657,77.630416,18,2,0,theft,1
12.973562,77.526154,14,3,0,theft,1
12.975468,77.607664,0,6,1,harassment,1
13.007709,77.695444,11,2,0,vehicle_theft,2
12.90525,77.615659,9,5,1,vehicle_theft,3
13.01971,77.699343,14,0,0,burglary,2
12.964071,77.747359,2,4,0,fraud,2
12.849364,77.660851,4,3,0,burglary,2
13.028062,77.517474,16,0,0,vehicle_theft,3
13.042435,77.527683,22,4,0,vehicle_theft,2
12.980335,77.572679,9,1,0,theft,1
12.961781,77.576326,12,2,0,theft,1
12.969672,77.607441,22,0,0,assault,2
12.98506,77.576179,13,5,1,theft,1
12.912402,77.640139,16,0,0,vehicle_theft,1
12.91143,77.633649,19,6,1,burglary,2
13.092423,77.600635,1,4,0,burglary,2
13.028425,77.516114,5,2,0,theft,1
12.96404,77.640055,23,3,0,assault,2
12.979443,77.64145,1,0,0,vehicle_theft,1
12.965772,77.577797,13,0,0,theft,1
12.913338,77.608239,18,2,0,theft,1
12.929678,77.536748,0,6,1,theft,1
13.015958,77.705776,19,6,1,vehicle_theft,2
12.967821,77.579024,15,0,0,fraud,2
12.979771,77.622406,23,3,0,harassment,1
12.894097,77.583109,0,2,0,theft,1
13.106276,77.594226,2,3,0,burglary,2
13.010349,77.703963,20,2,0,theft,1
12.983184,77.620675,2,6,1,assault,3
12.981768,77.623063,23,4,0,harassment,1
13.043855,77.590315,16,0,0,assault,3
12.967216,77.52955,20,5,1,theft,1
13.105166,77.593421,0,0,0,theft,1
12.92245,77.555515,20,6,1,theft,2
13.003981,77.712661,9,4,0,burglary,2
12.971619,77.528816,22,2,0,vehicle_theft,2
13.099341,77.592204,3,1,0,burglary,3
12.978416,77.629229,0,5,1,theft,3
13.011929,77.693169,9,1,0,vehicle_theft,2
12.974444,77.602023,20,0,0,assault,3
12.971781,77.64223,16,0,0,vehicle_theft,2
12.984163,77.742999,15,4,0,fraud,1
12.931936,77.578474,16,6,1,theft,1
12.977111,77.607384,0,1,0,harassment,1
12.961926,77.574533,13,3,0,theft,1
12.97647,77.57097,20,5,1,assault,3
13.005714,77.569742,3,6,1,theft,2
12.978064,77.738684,10,2,0,burglary,3
12.996987,77.554834,9,3,0,burglary,2
12.929344,77.584237,1,1,0,theft,1
13.048236,77.744319,12,6,1,assault,1
12.845551,77.658922,1,0,0,theft,1
12.934135,77.616287,0,6,1,burglary,2
13.066851,77.468706,11,3,0,theft,1
12.961419,77.576672,15,2,0,theft,2
12.973282,77.641397,21,5,1,assault,3
12.918764,77.613112,5,4,0,theft,1
12.974437,77.536461,23,2,0,burglary,2
13.001097,77.568468,17,3,0,fraud,1
12.92653,77.601416,16,2,0,vehicle_theft,2
12.987519,77.609623,6,3,0,assault,2
12.960841,77.578598,21,4,0,theft,1
12.967338,77.579204,14,3,0,theft,1
13.004388,77.564648,13,6,1,theft,1
12.977133,77.571248,10,4,0,harassment,1
12.912038,77.64063,10,2,0,burglary,2
13.040646,77.607992,21,2,0,vehicle_theft,3
12.951991,77.705539,22,0,0,vehicle_theft,2
12.930328,77.582846,0,5,1,theft,1
13.004486,77.559879,14,1,0,fraud,1
12.957241,77.705596,18,2,0,vehicle_theft,2
12.911668,77.640296,17,2,0,burglary,2
12.843382,77.660098,1,4,0,vehicle_theft,2
13.028996,77.540639,8,2,0,assault,2
12.913622,77.641792,21,2,0,vehicle_theft,2
13.101608,77.597548,0,0,0,burglary,1
12.998442,77.555423,20,1,0,theft,1
12.973225,77.607579,23,2,0,theft,1
12.936758,77.533022,16,6,1,theft,1
12.966434,77.579201,22,6,1,theft,1
12.96746,77.580473,9,3,0,theft,1
12.967021,77.748652,11,4,0,vehicle_theft,1
13.036337,77.600685,20,1,0,theft,1
12.911764,77.640617,13,1,0,vehicle_theft,1
13.032087,77.596546,11,0,0,assault,2
13.103973,77.603156,21,1,0,vehicle_theft,2
12.849048,77.656353,20,2,0,vehicle_theft,2
12.981678,77.564032,20,5,1,theft,1
12.913813,77.614728,0,6,1,vehicle_theft,2
12.903284,77.615016,13,6,1,theft,1
13.093351,77.588262,21,0,0,vehicle_theft,2
12.955388,77.700748,19,1,0,assault,3
12.904623,77.642726,20,0,0,vehicle_theft,2
12.982387,77.605955,21,6,1,assault,3
12.937975,77.550266,15,1,0,theft,1
13.01042,77.69297,8,2,0,burglary,2
12.983624,77.559477,11,5,1,assault,3
12.912374,77.637214,17,6,1,burglary,1
12.915881,77.610003,20,4,0,vehicle_theft,2
13.036056,77.59714,13,3,0,vehicle_theft,2
12.975008,77.575713,15,5,1,theft,1
12.967471,77.524155,23,1,0,burglary,2
12.980784,77.62774,15,6,1,harassment,1
12.975152,77.534333,0,3,0,theft,1
13.102796,77.597524,20,1,0,vehicle_theft,2
12.980934,77.609667,4,6,1,theft,2
13.02451,77.541865,10,4,0,theft,1
12.990612,77.606624,18,6,1,assault,2
13.099666,77.599147,23,1,0,burglary,2
12.927778,77.628194,7,5,1,theft,1
12.95955,77.454886,1,1,0,fraud,1
12.973635,77.603427,2,6,1,harassment,1
13.050901,77.480766,12,1,0,theft,1
13.039528,77.52388,0,1,0,burglary,3
13.012126,77.696974,8,4,0,assault,3
12.979777,77.614092,1,5,1,assault,3
12.975833,77.607058,21,2,0,theft,1
12.98718,77.619683,22,1,0,theft,2
12.939152,77.546641,16,3,0,theft,1
13.097088,77.592269,4,2,0,burglary,1
12.955844,77.717229,5,0,0,theft,1
13.123455,77.736366,16,3,0,vehicle_theft,1
12.936952,77.626021,1,6,1,harassment,1
13.003991,77.57211,19,6,1,burglary,2
13.006207,77.554782,0,2,0,assault,3
12.938795,77.62579,17,2,0,harassment,1
13.002689,77.568443,11,0,0,theft,1
12.90114,77.594389,22,5,1,burglary,2
12.955061,77.69764,18,2,0,theft,2
12.914437,77.645511,13,4,0,burglary,2
12.973212,77.741382,15,0,0,theft,2
12.942723,77.623028,13,6,1,assault,1
13.009019,77.695846,7,3,0,vehicle_theft,2
12.924871,77.547118,16,4,0,theft,1
12.981302,77.605753,22,0,0,assault,3
12.96289,77.582586,1,1,0,harassment,1
12.977009,77.571054,11,4,0,harassment,1
13.077897,77.620786,18,1,0,vehicle_theft,1
12.915208,77.611936,1,0,0,harassment,1
12.975941,77.607778,3,6,1,assault,3
12.834485,77.760997,13,1,0,vehicle_theft,2
12.982188,77.620436,23,2,0,theft,1
12.978593,77.571598,11,1,0,theft,1
12.960285,77.577549,2,0,0,theft,1
13.027959,77.539978,10,3,0,assault,3
13.098866,77.587626,23,3,0,theft,1
12.979745,77.57055,14,2,0,fraud,1
12.912627,77.636267,21,3,0,burglary,2
12.998913,77.564721,5,6,1,theft,1
12.968519,77.717457,2,3,0,fraud,2
12.905107,77.636913,7,6,1,fraud,1
12.97059,77.749689,0,4,0,burglary,2
12.958567,77.577563,20,1,0,assault,3
12.991645,77.59907,11,2,0,theft,1
12.973762,77.639162,22,6,1,harassment,1
12.927294,77.636663,22,0,0,theft,1
13.014765,77.686752,19,3,0,vehicle_theft,3
12.913876,77.618179,20,2,0,theft,1
13.025136,77.540806,19,6,1,theft,1
12.896974,77.562228,13,1,0,fraud,1
12.982998,77.570854,9,5,1,theft,1
12.852269,77.647474,4,5,1,burglary,1
13.030751,77.602142,9,4,0,burglary,2
12.976904,77.610607,1,1,0,assault,3
12.915079,77.611247,2,6,1,theft,1
13.105146,77.592941,1,0,0,vehicle_theft,1
12.900651,77.637553,16,6,1,vehicle_theft,2
12.920657,77.602486,3,2,0,theft,1
12.965334,77.567685,14,1,0,theft,1
12.960606,77.577181,9,4,0,theft,1
12.980947,77.52652,19,2,0,theft,1
13.03646,77.596998,20,1,0,assault,3
12.900712,77.617567,19,5,1,theft,2
12.982892,77.620776,2,3,0,harassment,1
13.037107,77.596018,9,5,1,vehicle_theft,1
12.92924,77.578919,15,3,0,theft,1
12.916109,77.610111,20,5,1,theft,2
12.921185,77.579272,19,3,0,burglary,3
12.940619,77.617301,0,5,1,assault,3
12.846887,77.635537,0,0,0,assault,1
13.011536,77.54005,19,2,0,vehicle_theft,1
12.966695,77.555482,8,2,0,burglary,2
12.935298,77.624579,1,0,0,harassment,1
12.97281,77.74593,6,4,0,burglary,3
12.983893,77.604711,19,5,1,assault,3
13.023757,77.540214,9,1,0,theft,1
12.962437,77.577298,20,6,1,harassment,1
12.884948,77.733202,18,3,0,vehicle_theft,1
12.976172,77.571354,19,5,1,harassment,2
12.914293,77.589061,18,4,0,theft,1
12.903313,77.613461,9,4,0,theft,1
12.967246,77.578133,14,6,1,theft,1
12.872784,77.757744,12,2,0,vehicle_theft,1
12.975049,77.529346,18,3,0,vehicle_theft,2
12.971339,77.57804,9,5,1,theft,1
12.950925,77.707201,7,3,0,theft,1
12.935323,77.581427,23,4,0,theft,1
12.975681,77.608545,23,1,0,theft,1
12.912413,77.641142,3,5,1,vehicle_theft,3
12.961662,77.743466,0,3,0,fraud,1
12.974797,77.753118,3,0,0,theft,1
12.899825,77.624991,20,4,0,assault,3
12.989649,77.695785,8,0,0,burglary,2
12.981431,77.536854,18,2,0,theft,1
12.966234,77.580775,6,3,0,theft,1
13.026532,77.51373,1,4,0,theft,1
12.992379,77.612679,13,4,0,theft,1
12.984818,77.605261,10,6,1,theft,1
12.977616,77.571006,6,3,0,harassment,1
12.933777,77.537963,0,4,0,burglary,1
12.981921,77.632835,15,2,0,harassment,1
13.007885,77.696502,21,4,0,burglary,2
12.999313,77.557577,19,1,0,theft,1
13.042424,77.597141,7,2,0,vehicle_theft,3
12.972809,77.641176,0,4,0,theft,1
12.967983,77.57318,17,3,0,theft,1
12.984852,77.603476,22,2,0,theft,1
12.972801,77.749428,23,1,0,fraud,2
12.991441,77.721111,1,2,0,vehicle_theft,1
12.844452,77.660724,0,5,1,theft,1
12.919972,77.546427,7,2,0,vehicle_theft,2
12.979883,77.613363,1,5,1,assault,3
12.974899,77.605359,22,5,1,harassment,2
12.968948,77.635106,1,1,0,harassment,1
13.004575,77.698287,20,5,1,vehicle_theft,1
12.969625,77.584124,13,6,1,theft,1
12.91756,77.599292,23,5,1,burglary,2
12.937892,77.63105,0,2,0,harassment,1
13.033083,77.520446,6,1,0,vehicle_theft,2
13.044316,77.552204,2,0,0,theft,1
12.90763,77.578598,18,3,0,burglary,2
12.908435,77.644063,15,6,1,burglary,2
12.915676,77.610098,21,5,1,burglary,2
12.959583,77.524941,18,0,0,assault,1
12.844276,77.665247,7,6,1,burglary,1
12.968096,77.580592,20,0,0,theft,1
13.043676,77.550164,5,4,0,fraud,1
12.968959,77.749452,23,3,0,theft,1
12.969823,77.742271,18,1,0,burglary,1
12.978651,77.612141,3,4,0,harassment,1
12.975433,77.748223,18,2,0,vehicle_theft,3
12.932646,77.588545,22,2,0,fraud,2
12.975872,77.62438,1,4,0,assault,3
12.973877,77.607705,3,0,0,harassment,1
12.974407,77.746112,15,5,1,theft,1
13.008076,77.69638,17,5,1,assault,2
12.96503,77.608035,6,1,0,assault,3
13.028246,77.513552,22,1,0,burglary,2
12.912024,77.636723,20,3,0,burglary,2
12.975399,77.608786,1,0,0,theft,2
12.837426,77.711853,18,2,0,assault,1
12.985614,77.605187,7,3,0,harassment,1
12.979084,77.6427,3,4,0,assault,2
12.927161,77.557023,18,4,0,vehicle_theft,2
12.904934,77.583419,16,1,0,vehicle_theft,2
13.099833,77.470944,11,3,0,fraud,2
12.934499,77.58919,1,1,0,theft,1
12.975475,77.602057,1,5,1,harassment,1
12.97426,77.52705,18,5,1,theft,2
12.976587,77.607521,2,6,1,harassment,2
12.927724,77.585936,18,6,1,theft,1
12.955713,77.569913,13,0,0,theft,2
12.970366,77.582692,13,1,0,fraud,1
12.910858,77.643302,21,0,0,burglary,2
12.982113,77.620568,23,2,0,assault,2
12.962441,77.579733,18,2,0,theft,3
12.978787,77.534237,19,3,0,theft,1
12.909633,77.641077,14,4,0,theft,1
12.912092,77.643492,19,1,0,burglary,2
12.934268,77.625829,1,1,0,theft,1
13.0395,77.604313,8,0,0,vehicle_theft,3
12.967926,77.579379,16,0,0,fraud,1
12.963679,77.531149,22,1,0,theft,1
13.102625,77.595549,22,2,0,burglary,2
12.974756,77.642039,11,5,1,vehicle_theft,3
12.966532,77.577174,18,6,1,theft,1
13.060184,77.488049,22,3,0,theft,2
12.978038,77.57217,10,0,0,theft,1
13.104654,77.598229,4,1,0,burglary,3
12.838739,77.665881,22,3,0,vehicle_theft,2
12.977614,77.621441,0,4,0,theft,1
12.899654,77.630691,5,1,0,assault,3
12.909982,77.638069,23,5,1,burglary,3
13.002742,77.554689,22,4,0,burglary,1
12.978634,77.572338,12,4,0,harassment,1
13.027793,77.52294,18,0,0,theft,1
12.994366,77.550361,17,3,0,burglary,2
12.907474,77.651657,23,5,1,vehicle_theft,1
12.975026,77.607081,8,6,1,harassment,2
13.030828,77.520536,13,0,0,vehicle_theft,2
12.968648,77.530986,1,6,1,vehicle_theft,2
12.92588,77.58386,21,1,0,theft,1
13.034031,77.521132,20,0,0,vehicle_theft,1
12.928915,77.577359,4,2,0,theft,1
13.006072,77.566533,11,2,0,theft,1
13.028639,77.536116,20,1,0,theft,1
12.848729,77.663987,2,6,1,burglary,2
13.031132,77.542647,22,1,0,vehicle_theft,2
13.003011,77.564601,7,3,0,burglary,1
12.986109,77.540149,19,0,0,vehicle_theft,3
12.982674,77.605491,22,0,0,harassment,2
12.98031,77.562647,6,4,0,harassment,1
12.94583,77.51458,4,1,0,theft,2
12.973198,77.574971,11,5,1,theft,1
12.968305,77.641831,21,4,0,theft,1
12.925084,77.547039,20,0,0,theft,1
12.957741,77.701783,19,2,0,theft,2
12.954662,77.744335,20,3,0,vehicle_theft,2
12.96173,77.575316,14,1,0,theft,1
12.906587,77.581806,22,0,0,burglary,2
12.98872,77.604971,4,6,1,harassment,1
12.986443,77.600553,10,3,0,theft,1
12.918198,77.606564,15,4,0,theft,1
12.978484,77.616271,4,6,1,theft,1
12.931118,77.581241,12,1,0,theft,1
12.981726,77.606034,15,0,0,theft,2
12.864031,77.644728,12,5,1,burglary,1
12.991724,77.617611,11,4,0,vehicle_theft,1
12.967479,77.578483,7,3,0,theft,1
12.984371,77.622459,23,0,0,theft,1
12.968256,77.702426,0,4,0,assault,2
12.972821,77.634916,1,3,0,assault,3
13.037257,77.517035,8,0,0,theft,1
13.007105,77.566749,12,1,0,theft,1
12.935684,77.639433,23,5,1,theft,1
12.96702,77.751411,5,4,0,burglary,2
12.9055,77.585906,20,6,1,theft,2
12.977733,77.602769,18,4,0,assault,3
12.982731,77.624679,3,0,0,theft,1
13.048204,77.515201,7,5,1,harassment,2
12.982803,77.608637,3,5,1,assault,3
12.953841,77.584105,16,4,0,theft,1
12.972295,77.5708,5,6,1,theft,1
12.976774,77.626838,22,3,0,assault,3
12.970984,77.641035,23,4,0,harassment,1
12.973574,77.459583,15,5,1,burglary,1
12.923604,77.546585,0,6,1,theft,1
12.915515,77.592762,17,1,0,vehicle_theft,2
12.935711,77.62333,19,6,1,vehicle_theft,2
12.914315,77.610939,20,3,0,theft,1
12.96319,77.576286,7,5,1,theft,1
12.974953,77.748903,16,3,0,burglary,3
12.987115,77.628135,6,5,1,harassment,1
13.033532,77.598145,9,5,1,theft,1
12.952485,77.615687,2,6,1,harassment,1
12.944302,77.621633,1,5,1,harassment,1
12.906997,77.585718,0,2,0,burglary,1
12.953744,77.704301,20,2,0,vehicle_theft,2
12.969963,77.750536,2,3,0,fraud,1
13.008739,77.683169,4,3,0,assault,2
12.860827,77.668303,2,6,1,vehicle_theft,2
13.027784,77.539515,10,1,0,theft,1
13.033134,77.524544,19,2,0,theft,1
12.979315,77.564442,8,4,0,theft,1
12.968312,77.579414,12,6,1,theft,1
12.97114,77.5763,10,3,0,harassment,1
12.981615,77.620113,19,5,1,theft,2
13.001432,77.585254,10,3,0,theft,2
12.973931,77.577533,17,4,0,theft,2
12.971801,77.530881,17,3,0,theft,2
13.032047,77.522672,0,0,0,theft,1
12.960176,77.693185,15,0,0,burglary,3
13.036148,77.595889,6,1,0,assault,3
12.973439,77.572209,14,2,0,assault,3
12.926075,77.552661,5,0,0,burglary,2
12.967597,77.580132,13,0,0,theft,1
12.90966,77.602228,16,2,0,harassment,1
12.99648,77.553911,22,1,0,theft,1
12.961314,77.693741,18,1,0,theft,1
12.979316,77.602371,20,3,0,harassment,1
12.963201,77.71335,20,1,0,theft,1
13.031388,77.512529,6,5,1,vehicle_theft,2
12.960086,77.578866,14,6,1,theft,1
13.00574,77.695743,3,6,1,vehicle_theft,2
12.960197,77.57112,8,4,0,harassment,1
12.973355,77.532281,8,3,0,theft,1
13.106248,77.605955,13,1,0,vehicle_theft,2
12.971405,77.752085,23,3,0,burglary,2
12.967646,77.532025,21,1,0,theft,2
12.960578,77.568408,18,6,1,theft,1
12.979228,77.569907,11,0,0,theft,1
12.848072,77.662016,1,1,0,burglary,2
13.049077,77.474317,20,4,0,vehicle_theft,1
12.971322,77.640542,23,1,0,harassment,1
13.02774,77.541456,10,6,1,assault,3
12.960087,77.576436,0,5,1,theft,1
12.996678,77.577983,15,3,0,theft,1
12.983787,77.604481,20,4,0,assault,1
12.922431,77.616863,5,2,0,theft,1
13.026525,77.51856,22,3,0,theft,1
13.00463,77.569194,12,4,0,burglary,1
12.972074,77.529542,17,6,1,theft,1
12.968769,77.749937,3,2,0,vehicle_theft,3
13.038979,77.60369,17,4,0,burglary,3
13.002994,77.569934,11,2,0,burglary,2
12.985845,77.606282,14,4,0,theft,1
13.004308,77.569901,10,4,0,theft,1
12.948073,77.58192,9,5,1,burglary,3
12.912677,77.640129,18,5,1,vehicle_theft,2
12.969893,77.647328,23,6,1,harassment,1
12.864192,77.658197,19,2,0,vehicle_theft,2
12.90576,77.61737,11,5,1,assault,2
12.967062,77.755888,0,1,0,vehicle_theft,2
12.98395,77.599472,12,6,1,harassment,1
12.960988,77.754156,3,1,0,burglary,2
13.008841,77.569633,18,3,0,theft,1
13.093098,77.635175,3,4,0,assault,1
12.986906,77.605065,11,4,0,harassment,2
12.981161,77.620569,3,4,0,theft,1
12.908617,77.641715,20,1,0,theft,1
13.012376,77.68984,7,6,1,burglary,2
12.847568,77.657104,22,1,0,burglary,1
12.914717,77.610977,22,4,0,burglary,2
12.844833,77.661214,1,1,0,vehicle_theft,3
12.970264,77.644975,1,1,0,theft,1
12.935811,77.624943,0,3,0,harassment,1
12.942067,77.700206,21,3,0,theft,1
12.981898,77.621101,19,3,0,theft,1
12.935805,77.623809,2,2,0,theft,1
12.958628,77.584827,10,1,0,theft,1
12.915377,77.533436,0,4,0,theft,1
12.967931,77.579189,12,1,0,fraud,1
12.908344,77.558537,19,3,0,vehicle_theft,3
12.975024,77.533668,18,4,0,theft,1
12.981974,77.620931,12,1,0,assault,2
12.973177,77.642643,21,3,0,vehicle_theft,2
12.906262,77.606604,16,6,1,theft,2
12.992064,77.557257,16,0,0,assault,3
12.978652,77.742543,7,3,0,burglary,1
12.957561,77.761485,0,0,0,vehicle_theft,3
12.95646,77.676733,4,5,1,vehicle_theft,2
12.970138,77.750017,2,4,0,fraud,1
12.999135,77.603015,10,4,0,theft,1
12.929309,77.573214,20,5,1,theft,1
12.9505,77.706783,18,3,0,vehicle_theft,2
12.910618,77.611631,1,6,1,theft,1
12.844519,77.655597,6,0,0,burglary,3
12.945144,77.703051,22,1,0,vehicle_theft,2
13.023245,77.545504,21,1,0,theft,1
12.936727,77.614973,0,2,0,burglary,3
13.041107,77.721681,18,5,1,harassment,1
13.023341,77.590216,19,1,0,theft,1
12.983323,77.641954,8,4,0,vehicle_theft,1
12.917125,77.578647,21,2,0,fraud,1
12.978375,77.606285,1,6,1,assault,2
12.963511,77.575272,19,1,0,theft,1
12.979034,77.570994,9,2,0,theft,1
12.936551,77.622293,17,3,0,harassment,1
12.972702,77.603627,6,4,0,assault,3
13.004281,77.563081,4,3,0,theft,1
12.963792,77.58094,16,1,0,harassment,2
12.946977,77.707608,12,4,0,vehicle_theft,2
12.940541,77.550001,0,4,0,burglary,2
12.986034,77.571228,9,2,0,theft,1
12.967835,77.746799,5,0,0,theft,1
12.926372,77.641565,21,1,0,vehicle_theft,3
12.979061,77.759398,3,4,0,theft,1
13.040767,77.53229,1,4,0,vehicle_theft,2
12.902828,77.614961,22,6,1,theft,1
12.923795,77.547398,16,3,0,vehicle_theft,3
12.963132,77.577018,13,3,0,theft,2
13.028212,77.707488,18,5,1,vehicle_theft,2
13.028316,77.537042,20,1,0,theft,1
13.108717,77.595389,6,3,0,vehicle_theft,2
12.972064,77.641072,2,5,1,assault,3
12.989689,77.548434,13,5,1,theft,1
12.98498,77.603994,16,4,0,harassment,1
12.928849,77.624816,9,5,1,theft,1
12.983511,77.639885,19,5,1,vehicle_theft,3
12.91313,77.587673,23,6,1,vehicle_theft,2
13.006554,77.68767,10,6,1,theft,1
12.977076,77.573064,13,1,0,theft,2
12.84319,77.662661,4,6,1,fraud,1
12.977353,77.772758,16,5,1,harassment,1
13.077501,77.456391,1,1,0,vehicle_theft,1
12.954527,77.702813,10,4,0,theft,2
12.955207,77.699115,17,4,0,vehicle_theft,1
12.965889,77.583562,12,2,0,harassment,2
12.909069,77.618648,12,4,0,vehicle_theft,1
12.907923,77.579333,21,3,0,burglary,2
13.004417,77.692774,23,5,1,burglary,1
12.972995,77.607399,21,1,0,theft,1
12.937938,77.61932,21,4,0,theft,1
13.09873,77.612515,21,5,1,burglary,3
12.933829,77.622527,1,1,0,assault,3
12.963163,77.711965,18,2,0,assault,3
12.976377,77.57002,11,1,0,fraud,1
12.933941,77.625184,4,1,0,assault,3
13.094764,77.591692,4,2,0,burglary,2
12.976487,77.571714,13,5,1,assault,3
12.914554,77.615227,0,2,0,harassment,1
13.085045,77.585564,12,2,0,assault,1
12.919358,77.545835,18,0,0,burglary,2
12.971243,77.749286,3,0,0,vehicle_theft,1
12.971624,77.568352,4,1,0,theft,1
12.83,77.632489,5,3,0,vehicle_theft,2
12.921897,77.605738,20,2,0,theft,1
12.931588,77.627296,23,5,1,harassment,3
13.024577,77.528692,16,3,0,assault,3
13.041073,77.521121,20,0,0,burglary,1
12.936729,77.611153,0,6,1,theft,1
12.968854,77.642505,0,4,0,theft,1
12.904499,77.585663,3,6,1,vehicle_theft,3
12.906666,77.582967,0,2,0,theft,1
12.901263,77.616601,8,1,0,vehicle_theft,2
12.90653,77.584235,0,4,0,vehicle_theft,1
12.972557,77.697988,17,0,0,theft,1
12.91554,77.612631,1,0,0,vehicle_theft,2
13.050104,77.594158,16,0,0,harassment,1
13.037041,77.596836,18,6,1,theft,1
12.965109,77.569673,20,4,0,theft,1
13.008595,77.68547,18,6,1,theft,2
12.956074,77.76336,6,6,1,theft,1
12.993424,77.743446,10,5,1,fraud,1
12.852375,77.650196,0,5,1,vehicle_theft,1
12.996627,77.555676,18,1,0,theft,1
12.929597,77.583286,18,0,0,theft,1
12.974339,77.608642,12,1,0,assault,3
12.933914,77.614176,0,0,0,theft,1
13.039213,77.519811,2,2,0,vehicle_theft,2
12.9794,77.604316,1,0,0,harassment,1
12.917378,77.611312,19,5,1,burglary,3
12.924962,77.547371,15,4,0,theft,1
13.007968,77.696521,11,1,0,assault,3
12.926297,77.544831,20,3,0,burglary,2
12.972463,77.609279,2,0,0,assault,3
12.963254,77.647267,22,4,0,assault,3
12.976187,77.606619,16,0,0,assault,2
13.034883,77.544262,9,5,1,theft,1
12.974507,77.60763,4,5,1,assault,3
13.042666,77.511896,3,1,0,theft,2
12.966496,77.529142,1,3,0,theft,2
12.926464,77.547035,23,3,0,theft,1
12.913859,77.608457,22,0,0,theft,1
12.96293,77.738668,1,0,0,vehicle_theft,3
12.839148,77.630736,23,5,1,vehicle_theft,3
12.935494,77.625246,2,4,0,vehicle_theft,2
12.936561,77.604876,15,5,1,vehicle_theft,3
12.927987,77.70437,1,2,0,harassment,1
12.927486,77.630248,1,0,0,harassment,2
12.931835,77.586812,22,6,1,theft,1
12.984247,77.621776,22,6,1,theft,1
12.852734,77.642385,1,2,0,vehicle_theft,1
12.971391,77.603759,0,5,1,harassment,1
12.904803,77.61765,7,6,1,vehicle_theft,1
12.962208,77.577787,9,3,0,theft,1
12.905852,77.619848,10,4,0,vehicle_theft,1
12.905653,77.605917,1,3,0,vehicle_theft,2
13.023606,77.522725,2,0,0,vehicle_theft,2
12.842957,77.651384,22,5,1,theft,1
12.848287,77.665697,14,0,0,vehicle_theft,3
12.843451,77.681057,13,5,1,burglary,1
13.027146,77.540702,12,1,0,theft,1
13.10336,77.593081,2,4,0,burglary,1
12.963707,77.57664,22,2,0,harassment,1
12.914375,77.646893,20,3,0,vehicle_theft,2
12.977039,77.573929,8,4,0,theft,1
12.971808,77.628631,21,0,0,assault,3
12.929486,77.583367,1,0,0,theft,1
12.98169,77.621288,1,3,0,theft,2
12.898564,77.622763,19,2,0,vehicle_theft,3
12.909036,77.639255,20,2,0,burglary,2
12.98068,77.564809,12,5,1,fraud,1
13.000835,77.688728,19,5,1,theft,1
13.107272,77.660894,11,5,1,theft,1
13.027322,77.549514,21,0,0,vehicle_theft,2
12.907805,77.583409,21,4,0,theft,1
12.965931,77.580262,15,1,0,theft,1
13.032317,77.518937,0,2,0,vehicle_theft,3
12.950869,77.700736,19,5,1,vehicle_theft,2
12.965395,77.769739,1,4,0,vehicle_theft,1
12.917393,77.646623,1,0,0,vehicle_theft,2
12.957003,77.692531,11,4,0,theft,1
12.966806,77.60288,1,2,0,theft,2
12.953214,77.735299,0,3,0,vehicle_theft,2
13.002263,77.56133,13,3,0,theft,2
12.981388,77.619988,2,5,1,harassment,1
12.953785,77.70657,8,1,0,vehicle_theft,3
12.965697,77.531125,23,4,0,theft,1
12.973824,77.606295,0,0,0,theft,2
13.074952,77.567777,12,5,1,fraud,1
13.091329,77.716234,18,4,0,theft,2
12.976536,77.570677,15,0,0,harassment,1
12.943749,77.621451,0,3,0,harassment,1
12.894617,77.619351,3,6,1,theft,1
13.110819,77.472826,12,6,1,fraud,2
12.971136,77.642241,15,5,1,theft,1
12.955518,77.579317,10,0,0,theft,1
12.89313,77.571727,7,5,1,theft,1
12.910451,77.587071,23,4,0,theft,1
13.00495,77.575211,11,3,0,theft,1
12.912998,77.569541,2,4,0,burglary,3
12.965766,77.575267,7,0,0,theft,2
13.039422,77.602513,11,5,1,burglary,2
12.943728,77.626347,23,5,1,theft,1
12.912497,77.63906,14,6,1,fraud,1
12.847857,77.657792,17,3,0,vehicle_theft,2
12.967975,77.578996,4,0,0,fraud,1
12.969426,77.749417,21,6,1,burglary,2
12.967831,77.6995,20,0,0,vehicle_theft,1
12.938078,77.625318,1,3,0,theft,1
12.961545,77.745805,23,1,0,fraud,1
13.0273,77.527213,3,5,1,vehicle_theft,2
12.9502,77.698511,22,3,0,theft,2
12.906156,77.617486,1,2,0,assault,3
12.9769,77.56203,15,0,0,theft,1
12.995181,77.551649,14,3,0,burglary,2
12.968424,77.749043,20,2,0,theft,1
12.913297,77.64173,22,1,0,theft,2
12.974379,77.636782,9,6,1,vehicle_theft,2
12.972736,77.613764,2,1,0,assault,3
12.935983,77.619136,23,2,0,assault,3
13.028822,77.536298,8,6,1,vehicle_theft,1
12.95224,77.580045,0,0,0,theft,1
12.97772,77.571857,19,4,0,theft,2
12.917509,77.606731,17,2,0,burglary,2
12.93367,77.616261,22,5,1,theft,1
13.020753,77.703525,21,6,1,vehicle_theft,2
12.927027,77.578602,19,4,0,theft,2
12.948425,77.698699,8,6,1,vehicle_theft,1
12.986562,77.594406,6,3,0,theft,1
12.91476,77.627173,20,5,1,burglary,2
12.990508,77.560684,20,1,0,burglary,2
12.97073,77.643968,2,3,0,assault,3
12.916193,77.61021,18,0,0,theft,1
12.908654,77.583422,23,0,0,burglary,3
12.855768,77.668875,7,6,1,burglary,1
12.933201,77.673059,14,6,1,theft,2
13.023028,77.523472,3,5,1,vehicle_theft,2
12.997059,77.556297,1,2,0,burglary,2
12.946397,77.713202,19,5,1,vehicle_theft,2
12.948661,77.563071,16,0,0,assault,1
13.031864,77.606338,10,6,1,theft,2
13.001581,77.562142,20,2,0,burglary,2
12.956608,77.701802,10,0,0,vehicle_theft,3
12.973396,77.540481,18,1,0,theft,1
12.971573,77.577017,17,0,0,theft,1
13.022474,77.538318,9,0,0,theft,1
12.981529,77.60489,8,4,0,assault,3
12.929472,77.582513,22,5,1,theft,1
13.028363,77.527901,11,2,0,theft,1
13.031559,77.521031,12,3,0,burglary,1
12.976781,77.567632,11,1,0,theft,2
12.969166,77.583326,13,0,0,theft,1
13.106682,77.601019,2,0,0,burglary,2
12.968235,77.579365,5,3,0,theft,1
12.974487,77.603285,0,5,1,harassment,1
12.97406,77.610068,5,1,0,assault,3
12.925132,77.547001,18,0,0,vehicle_theft,3
12.964887,77.57524,18,3,0,theft,1
12.998584,77.556233,19,1,0,theft,1
13.008117,77.571962,10,1,0,theft,1
12.859245,77.661228,8,0,0,vehicle_theft,2
12.980771,77.739955,3,0,0,burglary,2
12.918719,77.610435,8,3,0,burglary,2
13.008084,77.695344,20,5,1,theft,1
12.93956,77.624071,0,6,1,harassment,1
12.962989,77.577916,15,4,0,theft,1
12.899994,77.631195,20,3,0,burglary,2
12.981931,77.623625,1,3,0,harassment,2
12.845021,77.65107,20,2,0,vehicle_theft,2
12.94871,77.71423,20,3,0,theft,2
12.983299,77.622318,6,6,1,harassment,1
12.912219,77.640257,16,6,1,burglary,3
12.974645,77.6,2,5,1,theft,2
12.982108,77.62781,20,5,1,theft,1
12.929265,77.548337,15,2,0,theft,2
13.035799,77.550141,19,4,0,theft,1
12.983805,77.599406,9,6,1,assault,2
13.035834,77.521372,21,4,0,theft,1
12.98036,77.766843,13,0,0,vehicle_theft,2
12.83,77.653334,2,3,0,theft,1
12.966231,77.581162,8,1,0,fraud,1
12.910419,77.616899,23,0,0,vehicle_theft,1
12.976044,77.603353,16,0,0,harassment,1
13.035682,77.597014,15,4,0,theft,1
12.978247,77.611671,6,4,0,theft,1
12.973131,77.606219,2,1,0,harassment,1
13.036866,77.517526,4,0,0,theft,2
13.042449,77.595534,10,1,0,assault,3
12.917166,77.601134,18,2,0,vehicle_theft,2
12.907361,77.586359,22,2,0,vehicle_theft,2
12.997743,77.554054,18,1,0,theft,1
12.946205,77.564106,22,0,0,burglary,3
12.96079,77.578171,17,4,0,theft,1
12.979818,77.5719,10,2,0,fraud,1
12.975958,77.607206,20,6,1,theft,1
12.948181,77.700341,2,1,0,theft,1
12.977009,77.736624,1,5,1,burglary,2
12.905734,77.620642,23,5,1,theft,1
12.9089,77.582019,1,4,0,burglary,2
12.962209,77.746916,7,5,1,burglary,2
12.926031,77.580526,2,3,0,theft,1
13.023199,77.532438,22,0,0,theft,1
12.980327,77.58076,22,4,0,harassment,1
12.965714,77.57943,10,5,1,theft,1
12.958259,77.701545,16,5,1,vehicle_theft,2
13.039198,77.520484,18,3,0,burglary,3
12.995517,77.543425,0,6,1,theft,1
12.932178,77.629516,2,1,0,theft,1
12.840631,77.652398,23,0,0,burglary,3
12.967634,77.579958,17,6,1,fraud,2
12.976119,77.64199,20,5,1,theft,2
12.931042,77.577108,2,4,0,burglary,2
12.972292,77.749867,0,0,0,vehicle_theft,2
12.959025,77.717426,22,6,1,vehicle_theft,2
12.978887,77.622438,23,3,0,harassment,1
12.932496,77.543395,19,4,0,vehicle_theft,2
12.912144,77.640132,7,0,0,vehicle_theft,2
12.978823,77.567898,17,1,0,harassment,2
12.90028,77.575618,12,2,0,burglary,3
12.846938,77.658683,5,5,1,fraud,1
13.032996,77.519944,2,5,1,theft,1
12.919217,77.458502,15,3,0,fraud,1
13.036829,77.514192,0,5,1,theft,1
12.979575,77.731,8,3,0,burglary,2
12.837757,77.659367,20,5,1,theft,1
12.908147,77.636012,19,4,0,burglary,1
13.095285,77.590252,4,0,0,theft,1
12.926361,77.587238,17,1,0,burglary,2
13.046663,77.517932,3,4,0,burglary,2
12.959008,77.57819,17,6,1,assault,3
12.984113,77.624568,23,3,0,assault,3
13.010647,77.517636,11,3,0,vehicle_theft,2
13.029228,77.547047,18,2,0,theft,1
12.965038,77.576838,14,0,0,theft,1
13.005833,77.555808,18,6,1,assault,3
12.994813,77.537479,2,0,0,theft,1
12.971142,77.526057,16,5,1,theft,1
12.968878,77.74682,5,2,0,vehicle_theft,2
12.966318,77.643579,1,1,0,harassment,1
12.97618,77.608498,18,1,0,assault,3
12.996494,77.548204,18,5,1,theft,1
12.915298,77.612448,12,2,0,vehicle_theft,2
13.037041,77.542439,15,3,0,vehicle_theft,2
13.063235,77.66906,0,0,0,assault,1
13.002965,77.556218,20,0,0,assault,3
13.036014,77.596983,17,2,0,theft,1
12.978748,77.758443,23,4,0,burglary,2
13.109524,77.596053,11,6,1,vehicle_theft,3
12.961544,77.575011,14,0,0,theft,1
12.975237,77.605611,2,1,0,assault,3
13.031343,77.525395,1,5,1,theft,3
12.980805,77.569444,14,1,0,theft,1
12.983134,77.624259,0,5,1,harassment,1
12.976496,77.528145,20,6,1,theft,1
13.108413,77.608422,6,0,0,burglary,2
12.841408,77.645095,21,2,0,vehicle_theft,2
12.943359,77.579937,21,6,1,theft,2
12.953847,77.702837,20,5,1,burglary,3
13.036037,77.594251,9,6,1,burglary,1
12.92317,77.556446,18,5,1,vehicle_theft,1
12.97805,77.573675,12,3,0,theft,1
12.976205,77.569012,13,0,0,harassment,2
13.010112,77.692366,11,4,0,vehicle_theft,2
12.982494,77.60578,22,6,1,assault,2
13.032098,77.59488,3,0,0,theft,1
12.902584,77.640156,3,3,0,theft,1
12.927405,77.555326,15,0,0,vehicle_theft,2
13.014458,77.696402,8,6,1,vehicle_theft,2
13.012443,77.546996,20,4,0,assault,3
12.935712,77.624733,0,0,0,theft,1
12.927691,77.62088,20,2,0,harassment,2
12.978301,77.568456,10,0,0,theft,1
12.977379,77.567204,9,3,0,theft,2
12.913807,77.640216,22,4,0,burglary,2
12.934543,77.578488,1,5,1,burglary,2
12.97149,77.754041,6,6,1,vehicle_theft,1
13.012392,77.698109,8,3,0,vehicle_theft,3
12.971264,77.746139,1,2,0,burglary,3
12.921316,77.74336,11,4,0,burglary,1
12.976825,77.568148,16,2,0,theft,1
12.929724,77.629073,1,3,0,assault,3
12.970273,77.530373,15,0,0,vehicle_theft,3
12.936787,77.581206,21,0,0,theft,1
13.008401,77.572769,13,5,1,burglary,3
12.983344,77.573005,10,4,0,harassment,3
12.837341,77.666109,7,0,0,vehicle_theft,2
12.961949,77.575864,10,5,1,theft,2
12.929521,77.584222,20,4,0,burglary,2
13.007837,77.685122,20,1,0,theft,1
12.906042,77.621712,18,3,0,theft,1
12.90867,77.635614,22,3,0,theft,1
12.986208,77.608689,14,4,0,harassment,1
12.973101,77.71833,21,3,0,vehicle_theft,2
12.904613,77.576713,19,5,1,burglary,3
12.907576,77.641525,19,5,1,theft,1
12.975459,77.574291,19,2,0,theft,1
12.969531,77.750705,6,6,1,burglary,2
12.951747,77.699772,15,5,1,theft,1
12.986258,77.604311,10,0,0,theft,1
12.921037,77.710283,6,2,0,theft,1
13.032471,77.599799,15,1,0,theft,1
12.933709,77.625274,23,6,1,vehicle_theft,2
12.949954,77.699528,19,2,0,vehicle_theft,3
12.930608,77.584598,4,3,0,theft,1
12.976345,77.754433,7,5,1,vehicle_theft,3
12.983861,77.619391,21,2,0,assault,2
12.928229,77.620096,1,0,0,assault,3
12.935353,77.622843,2,2,0,harassment,1
13.104996,77.583367,21,3,0,burglary,2
12.97109,77.606882,20,3,0,assault,3
12.969471,77.745905,2,0,0,burglary,3
12.905808,77.617907,10,2,0,theft,1
12.905136,77.587767,2,2,0,theft,1
13.100239,77.597947,18,2,0,theft,1
12.917058,77.646142,20,5,1,vehicle_theft,3
12.969725,77.748625,23,6,1,burglary,1
12.972178,77.579361,14,4,0,theft,1
12.973174,77.536125,19,0,0,theft,2
12.975057,77.606265,0,0,0,assault,3
12.92428,77.58374,21,4,0,theft,1
12.914078,77.601055,2,5,1,theft,1
12.936842,77.572383,15,1,0,theft,1
12.959421,77.739482,22,5,1,vehicle_theft,2
12.975366,77.618075,5,3,0,vehicle_theft,1
13.027362,77.539673,17,4,0,vehicle_theft,1
12.876978,77.723937,6,1,0,vehicle_theft,1
12.98143,77.624748,2,6,1,assault,3
12.967355,77.637891,1,5,1,vehicle_theft,2
12.973301,77.6034,3,5,1,theft,2
12.843879,77.660761,1,1,0,vehicle_theft,2
12.965784,77.579518,22,0,0,harassment,1
12.93677,77.61907,5,2,0,harassment,2
13.027151,77.538498,8,6,1,vehicle_theft,2
12.919315,77.541888,21,4,0,vehicle_theft,2
13.08141,77.601418,21,3,0,burglary,1
12.972005,77.53006,19,1,0,theft,1
12.916045,77.610011,22,5,1,vehicle_theft,2
12.905402,77.617239,9,5,1,vehicle_theft,1
12.981702,77.572225,19,2,0,theft,1
12.932437,77.622494,4,6,1,assault,3
12.960267,77.701895,21,3,0,vehicle_theft,1
12.974286,77.644708,0,6,1,assault,3
13.002758,77.697162,9,2,0,vehicle_theft,2
12.991684,77.601287,19,1,0,harassment,1
12.921188,77.616277,18,1,0,theft,1
13.041934,77.596231,10,3,0,theft,1
12.990348,77.607126,11,6,1,theft,1
12.912123,77.641248,21,1,0,theft,1
12.907201,77.584573,9,1,0,vehicle_theft,3
12.958786,77.701525,20,5,1,vehicle_theft,2
13.002591,77.570328,8,5,1,burglary,2
12.972278,77.609991,4,3,0,theft,1
12.931694,77.621043,3,6,1,harassment,1
12.984287,77.624602,16,1,0,assault,3
12.976565,77.76384,17,6,1,burglary,2
12.920438,77.609467,1,0,0,vehicle_theft,2
13.02005,77.522319,21,2,0,theft,1
12.976899,77.61011,3,2,0,harassment,2
12.853376,77.592428,9,3,0,vehicle_theft,1
12.99811,77.555133,0,2,0,theft,1
12.964126,77.582159,19,1,0,theft,1
12.927297,77.585302,23,5,1,burglary,2
12.966731,77.581408,13,6,1,theft,1
12.982436,77.60782,3,3,0,assault,2
12.897325,77.622821,18,3,0,theft,1
12.938854,77.617932,0,2,0,theft,1
13.000882,77.747739,14,5,1,burglary,1
12.997088,77.5565,17,3,0,theft,2
13.110441,77.58926,0,1,0,burglary,1
12.987798,77.602985,9,1,0,assault,2
12.982069,77.564768,21,5,1,assault,3
12.975995,77.520746,20,3,0,vehicle_theft,3
12.967865,77.579038,18,5,1,theft,2
13.034571,77.53213,10,4,0,vehicle_theft,1
12.925578,77.545927,20,2,0,theft,2
13.030192,77.585658,9,1,0,assault,3
12.930534,77.633982,7,1,0,vehicle_theft,2
12.996934,77.695978,7,5,1,vehicle_theft,2
12.909491,77.586189,23,6,1,burglary,2
12.904403,77.618252,12,4,0,assault,3
12.926943,77.621515,1,1,0,theft,2
12.960576,77.688431,1,5,1,assault,1
12.972837,77.573281,23,5,1,theft,1
12.975911,77.747229,2,6,1,fraud,1
12.918428,77.64349,0,4,0,vehicle_theft,3
12.925667,77.554904,22,2,0,theft,1
12.838102,77.550293,12,3,0,burglary,1
12.934963,77.625103,23,5,1,theft,1
12.928589,77.576938,18,5,1,theft,1
12.959939,77.577786,11,0,0,theft,1
13.100876,77.647677,23,1,0,theft,1
12.969986,77.750015,4,0,0,burglary,1
12.983957,77.572401,3,3,0,assault,3
12.926357,77.549644,22,3,0,theft,1
12.934658,77.624761,18,2,0,assault,3
13.017863,77.452879,14,5,1,fraud,1
13.001349,77.552121,6,4,0,theft,1
12.912801,77.626128,18,5,1,burglary,2
12.905904,77.638264,23,2,0,burglary,2
12.935276,77.62159,2,1,0,theft,1
12.974593,77.536029,19,0,0,vehicle_theft,2
12.97504,77.750869,14,0,0,vehicle_theft,1
12.971932,77.639987,21,3,0,assault,3
13.030004,77.520024,20,1,0,burglary,2
12.965039,77.644464,12,5,1,harassment,1
12.94555,77.569885,6,0,0,vehicle_theft,1
12.998587,77.567763,15,4,0,burglary,2
12.849584,77.648692,8,1,0,vehicle_theft,2
12.95413,77.702176,9,0,0,theft,1
12.913052,77.527931,17,2,0,fraud,2
12.998457,77.574117,16,0,0,burglary,2
13.001158,77.699911,21,1,0,vehicle_theft,2
13.034121,77.516652,22,6,1,vehicle_theft,3
12.980956,77.530305,21,5,1,theft,1
12.935328,77.624732,20,5,1,theft,1
12.972006,77.530021,14,1,0,theft,1
12.929468,77.586269,2,2,0,burglary,1
12.845407,77.662868,20,6,1,vehicle_theft,3
12.925445,77.537272,19,3,0,theft,1
12.985605,77.609279,6,1,0,harassment,1
12.90115,77.629312,7,0,0,theft,1
12.975965,77.608047,7,5,1,assault,3
13.018826,77.541869,2,3,0,theft,1
12.972261,77.610524,3,1,0,harassment,1
12.94875,77.619544,2,0,0,theft,1
12.929293,77.572129,18,0,0,burglary,3
12.90731,77.58558,20,2,0,theft,2
12.943801,77.476471,0,6,1,assault,1
12.962617,77.690262,18,3,0,assault,3
12.96676,77.751329,21,6,1,burglary,2
12.982153,77.606156,6,3,0,theft,1
13.02653,77.524952,19,5,1,vehicle_theft,2
12.840643,77.658964,12,1,0,burglary,2
12.978045,77.629313,0,1,0,harassment,1
12.976223,77.581288,10,0,0,theft,1
12.915043,77.612558,18,5,1,theft,2
12.894494,77.666391,4,5,1,vehicle_theft,2
12.971047,77.636794,4,5,1,harassment,1
13.137769,77.729845,1,1,0,fraud,2
12.90295,77.585968,4,6,1,burglary,1
12.997162,77.706122,20,3,0,theft,1
12.966257,77.578341,17,1,0,theft,1
12.934243,77.623378,4,0,0,theft,1
13.007537,77.695799,19,2,0,vehicle_theft,2
12.917082,77.648697,14,1,0,fraud,2
12.996366,77.559176,23,5,1,burglary,2
12.969079,77.579055,19,1,0,theft,1
12.967771,77.749048,5,2,0,burglary,2
12.993882,77.559928,23,2,0,burglary,2
12.963366,77.710731,2,4,0,burglary,3
12.862741,77.613022,6,5,1,harassment,2
12.966388,77.762232,22,0,0,theft,2
13.033093,77.519829,21,0,0,theft,1
13.028148,77.594105,20,3,0,vehicle_theft,2
13.00333,77.580921,4,6,1,fraud,2
12.976396,77.570945,14,4,0,harassment,2
12.98585,77.621445,7,5,1,assault,3
12.958763,77.642849,1,5,1,assault,3
13.001938,77.572589,8,5,1,fraud,1
12.924386,77.546807,19,1,0,vehicle_theft,3
13.020833,77.686793,21,4,0,assault,3
13.008605,77.539748,5,6,1,theft,1
12.926534,77.579611,21,6,1,theft,1
12.911682,77.759924,9,2,0,burglary,2
13.081476,77.596197,13,1,0,assault,1
12.91653,77.574182,21,1,0,vehicle_theft,1
12.9419,77.712633,0,0,0,burglary,2
12.934776,77.628599,23,5,1,theft,1
12.91223,77.58626,21,2,0,theft,1
12.926387,77.547137,20,6,1,burglary,2
12.983552,77.598945,17,4,0,theft,1
12.98416,77.606939,11,6,1,assault,3
12.964421,77.564606,16,0,0,harassment,2
12.959341,77.707582,17,0,0,vehicle_theft,2
13.001332,77.701152,20,2,0,theft,1
12.835342,77.664581,17,5,1,burglary,3
12.986253,77.57266,12,6,1,theft,2
12.912122,77.643648,18,1,0,theft,1
13.022878,77.530042,7,0,0,theft,1
13.099898,77.596069,1,4,0,vehicle_theft,2
12.980439,77.56871,16,0,0,harassment,3
13.032778,77.520321,14,3,0,vehicle_theft,2
12.919617,77.627182,2,1,0,vehicle_theft,2
12.982233,77.561888,11,5,1,theft,2
12.964216,77.576093,21,2,0,theft,1
12.86684,77.486622,16,2,0,burglary,1
12.945819,77.699601,17,3,0,theft,2
12.907852,77.574949,0,2,0,theft,1
12.931909,77.579142,23,6,1,fraud,1
12.990885,77.603171,8,0,0,theft,1
12.933294,77.582923,0,6,1,burglary,2
12.987954,77.603594,14,4,0,theft,2
12.990626,77.606209,12,1,0,assault,3
12.908403,77.604332,22,4,0,theft,1
12.930523,77.546581,19,3,0,theft,1
12.901772,77.612047,15,2,0,vehicle_theft,2
12.976388,77.59941,18,6,1,harassment,2
12.917386,77.636165,18,0,0,theft,1
12.916623,77.611737,0,3,0,burglary,1
12.875924,77.749914,9,2,0,theft,1
12.912595,77.640966,2,2,0,theft,1
12.995375,77.572641,12,5,1,theft,2
12.915419,77.610246,17,0,0,vehicle_theft,2
12.991731,77.613194,19,0,0,assault,3
12.922807,77.549565,0,3,0,theft,1
12.980726,77.572661,18,2,0,assault,3
13.019956,77.540662,20,2,0,theft,2
12.840188,77.661647,22,0,0,burglary,2
12.981904,77.62108,23,2,0,theft,1
12.982839,77.610216,11,6,1,assault,3
13.035977,77.521584,22,3,0,burglary,2
13.028418,77.540068,8,1,0,vehicle_theft,1
12.970062,77.578075,0,1,0,theft,1
12.986365,77.605534,7,2,0,theft,1
12.913388,77.602054,3,3,0,theft,1
12.908918,77.603044,22,6,1,burglary,2
12.970421,77.750133,0,1,0,theft,1
12.842844,77.648536,4,2,0,theft,1
12.991546,77.610525,16,6,1,theft,1
12.970624,77.584005,21,4,0,theft,1
12.979516,77.611547,16,5,1,harassment,1
12.977685,77.569883,19,2,0,theft,1
12.97078,77.636358,1,2,0,vehicle_theft,2
12.930028,77.57526,21,0,0,fraud,1
12.925706,77.547372,22,1,0,vehicle_theft,1
12.96769,77.578283,12,1,0,theft,1
12.988549,77.620701,4,4,0,theft,1
13.011438,77.697331,18,6,1,vehicle_theft,3
13.132773,77.695424,0,3,0,burglary,1
12.90097,77.610627,20,1,0,vehicle_theft,3
12.95909,77.576582,12,3,0,theft,2
12.851983,77.674295,2,1,0,burglary,2
13.001248,77.551318,19,1,0,burglary,2
12.973069,77.608019,22,2,0,assault,3
12.933381,77.591805,18,2,0,theft,1
12.966646,77.577617,19,0,0,theft,2
12.8472,77.648939,12,2,0,burglary,2
12.97819,77.63442,0,6,1,assault,3
12.962729,77.573189,13,4,0,theft,1
12.971062,77.636639,6,5,1,fraud,1
12.980323,77.570429,20,1,0,theft,1
13.0276,77.540346,10,6,1,theft,2
12.978863,77.570377,9,0,0,theft,1
13.047585,77.757985,14,3,0,theft,1
12.973713,77.64263,0,5,1,harassment,1
12.903848,77.585372,21,1,0,burglary,2
12.931161,77.633853,1,5,1,theft,1
12.91561,77.610014,20,5,1,burglary,3
12.969636,77.640487,23,4,0,assault,3
12.961067,77.579045,11,6,1,assault,3
12.970173,77.578511,19,5,1,fraud,1
12.935495,77.627726,2,1,0,assault,2
12.843926,77.677965,20,4,0,fraud,1
13.047162,77.525788,6,6,1,theft,1
12.927001,77.584294,18,3,0,theft,1
12.975412,77.607356,23,2,0,harassment,2
12.911044,77.620502,14,4,0,vehicle_theft,2
12.9323,77.551217,14,1,0,theft,1
12.979862,77.572474,18,4,0,fraud,2
12.975157,77.607159,2,2,0,assault,3
12.996224,77.557079,20,3,0,assault,3
12.965219,77.576245,13,5,1,theft,1
12.971969,77.567245,12,1,0,theft,2
12.979286,77.612169,9,0,0,assault,3
12.927396,77.556575,23,5,1,theft,1
12.927049,77.624553,21,3,0,assault,2
13.020858,77.692928,23,3,0,vehicle_theft,1
13.028015,77.539752,22,5,1,assault,2
13.033207,77.517144,23,2,0,vehicle_theft,2
12.988348,77.608864,8,4,0,harassment,2
12.91202,77.610334,23,1,0,theft,1
12.934985,77.583379,18,6,1,theft,1
13.026855,77.521401,18,0,0,vehicle_theft,2
12.973451,77.570747,18,2,0,fraud,1
12.924534,77.591587,17,1,0,burglary,2
12.992687,77.565843,6,5,1,harassment,1
13.027088,77.539176,19,0,0,assault,3
12.912505,77.612607,20,5,1,burglary,2
12.972504,77.529952,20,0,0,burglary,2
12.980439,77.610515,0,5,1,assault,3
12.975592,77.607138,0,2,0,assault,3
12.980253,77.565081,10,1,0,theft,1
12.998253,77.554368,14,0,0,burglary,1
12.97247,77.601457,14,3,0,harassment,1
12.993197,77.574133,6,5,1,burglary,1
12.971593,77.607786,11,1,0,harassment,2
12.91258,77.62614,4,6,1,theft,1
12.996735,77.55578,19,1,0,theft,1
12.905028,77.611763,18,1,0,theft,1
12.934983,77.625106,2,0,0,theft,1
12.940011,77.631263,20,5,1,assault,3
12.982298,77.609687,1,5,1,harassment,2
12.972211,77.641038,2,3,0,assault,2
12.998907,77.555299,20,0,0,theft,1
13.004238,77.567711,12,2,0,fraud,1
13.087537,77.579118,22,6,1,harassment,2
12.981925,77.574696,3,2,0,harassment,1
13.024333,77.543194,17,1,0,theft,1
12.998103,77.555085,18,5,1,theft,1
12.977744,77.571012,18,4,0,theft,1
12.930118,77.556857,0,3,0,theft,1
12.903778,77.580067,5,4,0,theft,1
12.968392,77.579711,10,0,0,theft,1
12.967853,77.528222,19,1,0,burglary,3
12.924515,77.550879,15,4,0,vehicle_theft,1
12.838701,77.666078,1,4,0,fraud,2
13.015113,77.700741,10,1,0,assault,3
12.977076,77.570202,17,5,1,theft,1
13.034333,77.518693,4,6,1,vehicle_theft,1
12.912617,77.609947,16,3,0,theft,1
12.998312,77.554402,8,3,0,assault,2
12.843948,77.666423,19,1,0,theft,1
12.972239,77.644827,21,1,0,assault,3
12.98355,77.604017,14,3,0,harassment,1
12.967834,77.571144,14,0,0,theft,2
12.928671,77.633204,18,5,1,assault,3
12.970429,77.531105,18,1,0,vehicle_theft,2
13.001749,77.571786,14,3,0,theft,1
12.975307,77.607271,1,5,1,assault,2
13.046954,77.604979,10,0,0,burglary,2
13.035166,77.522641,0,2,0,burglary,2
12.935634,77.625064,19,2,0,assault,3
12.93834,77.572582,20,1,0,theft,1
13.007997,77.696002,21,3,0,assault,3
12.971617,77.577654,6,4,0,fraud,1
12.956718,77.706117,0,6,1,vehicle_theft,2
13.100896,77.577695,16,3,0,burglary,2
12.959521,77.700695,20,1,0,theft,2
12.962636,77.572096,5,4,0,theft,2
12.969719,77.74556,21,2,0,theft,1
12.970039,77.578982,4,0,0,theft,1
12.985455,77.621345,1,6,1,assault,3
12.912341,77.643459,21,5,1,burglary,2
13.036074,77.592943,11,1,0,assault,3
12.97689,77.633938,5,3,0,harassment,2
12.982122,77.621131,5,3,0,assault,2
12.907219,77.584869,19,3,0,theft,1
13.005251,77.69763,16,6,1,vehicle_theft,3
13.135382,77.466585,15,6,1,vehicle_theft,1
12.963641,77.686983,6,3,0,vehicle_theft,2
13.04107,77.511598,4,4,0,burglary,2
12.970847,77.602219,22,6,1,harassment,1
13.004531,77.5569,20,6,1,theft,1
12.979656,77.752433,2,2,0,fraud,1
12.97464,77.606933,23,3,0,assault,3
12.989114,77.602813,11,6,1,harassment,1
12.906646,77.622214,9,4,0,theft,1
12.914888,77.613766,22,1,0,burglary,2
12.970333,77.579101,21,6,1,theft,1
12.977742,77.574083,23,5,1,harassment,1
12.932965,77.584613,19,2,0,theft,1
12.930617,77.548642,15,4,0,vehicle_theft,1
12.97267,77.640645,13,6,1,theft,1
12.974753,77.541971,10,1,0,burglary,2
13.056867,77.520351,5,1,0,burglary,2
12.969983,77.604807,3,0,0,harassment,1
13.00932,77.581801,9,6,1,burglary,2
12.928468,77.583538,21,6,1,theft,1
13.023417,77.537651,16,6,1,theft,2
12.949028,77.702095,23,2,0,theft,1
12.97838,77.569755,1,5,1,fraud,1
13.001926,77.569751,18,0,0,fraud,1
13.109472,77.597853,2,2,0,theft,1
12.902703,77.608706,0,0,0,vehicle_theft,3
12.939294,77.581338,18,4,0,theft,1
12.968708,77.752936,0,1,0,burglary,2
13.028289,77.540166,21,4,0,assault,3
13.120161,77.599621,11,5,1,vehicle_theft,2
12.959225,77.707017,8,2,0,burglary,3
13.036533,77.598489,19,5,1,burglary,3
12.962926,77.577143,10,2,0,harassment,2
13.000719,77.700836,16,1,0,assault,3
12.974469,77.602832,2,0,0,theft,1
12.893066,77.582899,22,4,0,theft,1
12.968559,77.526504,23,0,0,theft,1
12.908462,77.584765,22,4,0,burglary,2
12.96778,77.748059,7,1,0,burglary,2
12.97644,77.569855,20,0,0,assault,2
12.932018,77.544883,20,5,1,burglary,1
12.979015,77.611317,22,2,0,assault,3
13.030537,77.548004,2,5,1,vehicle_theft,1
13.033421,77.522164,1,1,0,theft,1
12.842764,77.660699,4,4,0,vehicle_theft,3
12.989475,77.619898,0,2,0,theft,1
12.96659,77.708632,18,5,1,assault,3
12.955727,77.583981,15,4,0,burglary,3
13.004553,77.698127,20,3,0,burglary,2
12.984359,77.603258,17,3,0,theft,1
13.034132,77.598123,3,2,0,theft,1
12.910006,77.585446,1,0,0,theft,2
12.935307,77.626254,21,5,1,theft,1
12.976496,77.575711,4,3,0,assault,3
12.898503,77.623648,10,2,0,theft,1
12.986872,77.58237,12,6,1,theft,2
12.903477,77.631301,9,3,0,vehicle_theft,2
12.982898,77.736667,22,1,0,vehicle_theft,2
12.982211,77.626665,23,4,0,assault,2
12.963253,77.577045,17,1,0,harassment,1
12.984332,77.600863,19,2,0,theft,1
12.990543,77.750115,0,0,0,theft,1
12.957055,77.746373,23,3,0,burglary,1
12.974985,77.638255,23,5,1,harassment,1
12.846293,77.659767,6,4,0,vehicle_theft,2
12.982404,77.716333,1,5,1,assault,1
12.84382,77.576213,5,6,1,fraud,1
12.958963,77.709129,19,0,0,burglary,3
12.95507,77.576473,14,3,0,harassment,1
13.001262,77.567735,16,3,0,burglary,3
12.928546,77.61957,1,0,0,assault,3
12.846786,77.661446,19,0,0,burglary,1
12.920103,77.639566,0,6,1,burglary,3
12.968133,77.536837,7,0,0,theft,1
13.017597,77.597906,23,0,0,vehicle_theft,3
12.97061,77.57507,10,5,1,theft,2
12.976214,77.606138,15,3,0,harassment,1
13.000285,77.741512,11,4,0,vehicle_theft,2
12.98029,77.571928,10,6,1,theft,1
12.985312,77.60501,11,1,0,harassment,1
12.971821,77.642977,22,2,0,assault,3
12.911949,77.637424,16,5,1,burglary,1
12.843782,77.52561,14,1,0,burglary,1
13.027848,77.540826,9,1,0,assault,3
12.925233,77.57883,16,3,0,theft,1
13.03555,77.597236,18,1,0,theft,1
13.032739,77.596978,17,3,0,assault,3
13.034598,77.538422,19,2,0,theft,1
13.011914,77.485866,7,2,0,theft,1
12.937095,77.630729,1,2,0,theft,1
12.931798,77.628989,0,1,0,theft,1
12.929576,77.647479,23,5,1,burglary,2
12.96199,77.532618,15,6,1,vehicle_theft,2
12.962391,77.575215,8,2,0,theft,2
12.959585,77.773502,21,0,0,vehicle_theft,2
12.922377,77.588079,15,3,0,theft,1
13.031892,77.517792,6,4,0,burglary,2
12.993072,77.610754,16,5,1,theft,1
12.941191,77.621456,2,0,0,assault,3
12.83,77.671781,1,4,0,vehicle_theft,3
12.97175,77.75482,13,1,0,fraud,1
12.977798,77.569843,15,0,0,harassment,1
12.872427,77.6196,8,4,0,vehicle_theft,1
12.927545,77.545305,22,2,0,burglary,2
12.978165,77.621259,17,1,0,theft,1
12.999234,77.578062,17,0,0,theft,1
12.985086,77.604701,18,4,0,assault,3
12.915749,77.641086,13,6,1,fraud,1
12.933917,77.624374,20,3,0,harassment,1
12.911019,77.63961,22,1,0,fraud,1
12.845581,77.657831,1,0,0,burglary,2
13.071877,77.565106,22,1,0,burglary,1
12.972973,77.574708,11,5,1,theft,2
12.953832,77.702762,6,4,0,vehicle_theft,2
13.070369,77.561598,4,3,0,theft,1
13.100298,77.596206,15,6,1,burglary,2
13.03076,77.532521,8,4,0,assault,3
12.929916,77.628464,1,2,0,assault,3
13.031207,77.516827,1,0,0,burglary,3
12.979966,77.568106,14,4,0,harassment,2
12.930619,77.546272,20,5,1,burglary,3
13.015928,77.698334,11,4,0,vehicle_theft,1
13.008681,77.550081,17,0,0,assault,3
12.976501,77.611153,23,6,1,harassment,1
12.984955,77.598157,0,4,0,theft,1
12.959409,77.707818,8,5,1,theft,1
13.001963,77.555624,21,6,1,burglary,2
12.915062,77.60934,23,2,0,harassment,1
12.964267,77.576685,12,0,0,theft,1
12.935582,77.63216,21,6,1,theft,1
12.926346,77.58323,23,4,0,burglary,1
12.972301,77.576034,23,3,0,assault,2
12.967124,77.568991,19,0,0,fraud,1
12.973434,77.607576,20,4,0,harassment,1
12.98439,77.604584,16,5,1,harassment,1
13.060999,77.736494,19,6,1,vehicle_theft,1
12.9765,77.571405,11,1,0,theft,1
13.101728,77.732158,6,5,1,fraud,1
12.989234,77.56007,16,3,0,theft,2
12.900229,77.622656,11,4,0,vehicle_theft,1
12.984878,77.604724,6,5,1,harassment,1
13.002892,77.570424,9,6,1,theft,1
13.122532,77.513871,8,3,0,theft,1
12.979575,77.607272,18,2,0,assault,3
12.9065,77.642308,3,3,0,vehicle_theft,3
12.928239,77.580408,18,0,0,theft,2
12.97122,77.57638,12,3,0,theft,1
13.034644,77.517605,12,1,0,vehicle_theft,2
13.038617,77.533272,7,6,1,burglary,2
13.007514,77.695154,20,6,1,assault,3
12.972974,77.577716,13,4,0,fraud,1
12.955447,77.709958,4,0,0,theft,1
12.983795,77.605716,16,5,1,harassment,1
12.965925,77.756818,20,4,0,fraud,1
12.996317,77.708742,18,6,1,burglary,3
12.924762,77.547049,14,3,0,theft,1
13.034718,77.528184,23,1,0,burglary,1
12.933356,77.57966,16,3,0,theft,1
12.973111,77.567843,9,3,0,assault,3
12.941224,77.626544,3,6,1,assault,3
12.969658,77.578357,17,0,0,fraud,1
12.847987,77.652028,1,6,1,vehicle_theft,2
12.92139,77.548601,22,6,1,theft,1
12.97365,77.606869,0,4,0,assault,3
12.949473,77.714867,11,1,0,assault,1
13.068793,77.559319,23,1,0,burglary,1
12.992689,77.557577,14,0,0,burglary,2
12.957002,77.705036,11,2,0,vehicle_theft,2
12.971408,77.604485,21,1,0,harassment,1
12.969022,77.749637,9,2,0,fraud,1
12.962759,77.658206,11,2,0,burglary,1
13.013493,77.491338,17,5,1,theft,2
12.920063,77.545247,20,5,1,burglary,2
12.914924,77.642182,18,5,1,burglary,3
12.908901,77.620123,18,4,0,vehicle_theft,3
12.975594,77.61241,5,5,1,assault,3
12.989426,77.597355,12,2,0,assault,2
12.997598,77.697309,8,5,1,vehicle_theft,2
12.838169,77.654995,20,3,0,burglary,2
12.895571,77.637321,6,4,0,burglary,2
12.964865,77.548448,7,5,1,assault,1
12.964321,77.583927,11,6,1,theft,1
12.911912,77.579329,17,5,1,vehicle_theft,2
13.108289,77.598507,0,0,0,burglary,3
12.852574,77.656219,3,5,1,burglary,2
12.922526,77.547486,20,4,0,vehicle_theft,2
12.848518,77.663838,2,2,0,burglary,2
12.929284,77.620854,0,5,1,theft,1
12.965588,77.58383,12,5,1,theft,2
12.985417,77.568493,9,4,0,assault,3
12.935216,77.624494,2,0,0,harassment,1
12.970487,77.525184,21,2,0,theft,1
12.84714,77.665922,21,6,1,burglary,2
12.973037,77.641095,0,3,0,theft,1
12.996954,77.557113,3,3,0,burglary,2
12.85906,77.663743,22,5,1,vehicle_theft,2
12.934395,77.627221,17,3,0,assault,3
12.935331,77.62355,0,0,0,theft,1
12.986459,77.604466,7,5,1,harassment,1
12.962152,77.577655,21,6,1,assault,3
12.971751,77.524714,18,2,0,theft,1
12.961183,77.580525,21,5,1,theft,1
12.972869,77.642294,2,1,0,theft,2
12.966199,77.574235,14,0,0,assault,2
12.971684,77.64093,0,6,1,vehicle_theft,3
12.951103,77.697458,12,3,0,theft,2
13.031632,77.501456,4,0,0,burglary,2
12.984539,77.599361,17,0,0,theft,1
12.933093,77.631659,23,0,0,assault,3
13.008113,77.568768,10,5,1,theft,1
12.922622,77.622996,3,6,1,theft,1
13.065831,77.473038,6,1,0,fraud,1
12.929152,77.584634,22,0,0,theft,1
12.977765,77.634023,21,5,1,theft,1
13.036733,77.591233,10,3,0,burglary,2
12.97084,77.636779,2,5,1,vehicle_theft,1
12.933359,77.619839,1,1,0,theft,1
12.933812,77.624248,8,2,0,theft,1
12.950692,77.713992,17,6,1,burglary,2
12.966246,77.573569,16,5,1,theft,2
12.917583,77.642111,11,6,1,vehicle_theft,1
13.002908,77.570045,21,4,0,fraud,1
12.906064,77.57613,16,0,0,burglary,2
12.963094,77.57276,16,0,0,harassment,1
13.011484,77.707097,15,0,0,vehicle_theft,2
12.933532,77.585814,21,2,0,burglary,2
12.91361,77.640838,20,1,0,vehicle_theft,2
12.967769,77.575709,17,2,0,theft,1
12.962436,77.754177,2,5,1,burglary,2
12.979017,77.619691,14,1,0,assault,3
12.983312,77.531445,22,3,0,theft,1
12.934794,77.625473,2,5,1,assault,3
12.968726,77.753427,15,0,0,vehicle_theft,2
13.033124,77.609003,17,2,0,theft,1
12.913443,77.644719,20,6,1,vehicle_theft,2
12.92459,77.546436,18,2,0,theft,1
12.961436,77.576348,17,0,0,theft,1
12.917242,77.488962,20,0,0,vehicle_theft,1
12.972017,77.530068,19,3,0,vehicle_theft,2
12.907674,77.615172,1,5,1,theft,2
13.040834,77.537374,0,4,0,burglary,2
12.977027,77.604569,23,0,0,assault,3
12.939926,77.59064,20,6,1,burglary,2
12.962492,77.578307,15,0,0,assault,2
12.921422,77.727298,19,5,1,burglary,1
12.906057,77.624776,9,2,0,theft,1
12.835767,77.521177,23,1,0,fraud,2
12.959252,77.69973,10,6,1,assault,3
12.976308,77.614096,23,1,0,assault,2
13.035943,77.59763,5,1,0,vehicle_theft,2
12.977303,77.532544,23,0,0,theft,1
12.851288,77.660018,2,4,0,vehicle_theft,3
13.007684,77.700956,16,6,1,burglary,3
12.945899,77.704755,19,2,0,burglary,2
12.983471,77.578494,3,4,0,theft,1
12.951552,77.69017,21,4,0,vehicle_theft,3
12.861167,77.744269,23,1,0,harassment,2
13.090419,77.605157,4,0,0,vehicle_theft,1
12.920332,77.583875,20,4,0,burglary,3
12.922412,77.604535,18,6,1,vehicle_theft,2
12.973995,77.527783,19,2,0,theft,1
12.946772,77.515112,10,4,0,assault,1
13.031788,77.521534,1,0,0,theft,1
13.008658,77.696557,12,0,0,burglary,2
12.937197,77.629807,6,5,1,assault,3
13.012493,77.691531,17,2,0,vehicle_theft,2
12.933446,77.621362,1,5,1,harassment,1
12.950356,77.656376,23,5,1,vehicle_theft,2
12.981849,77.566803,7,4,0,harassment,1
13.097663,77.596145,19,0,0,burglary,2
13.088618,77.598795,2,1,0,burglary,3
12.985959,77.605286,13,0,0,theft,1
12.968289,77.579942,11,4,0,assault,3
12.953805,77.623229,2,6,1,harassment,2
13.008358,77.565645,4,3,0,theft,2
12.911895,77.605894,1,6,1,harassment,1
13.034494,77.509791,13,0,0,burglary,2
13.002905,77.566526,11,1,0,fraud,1
12.961928,77.581079,10,2,0,theft,1
12.954564,77.691675,18,4,0,vehicle_theft,2
12.972899,77.528696,19,6,1,burglary,2
12.942451,77.628526,4,5,1,assault,3
12.929809,77.583906,17,3,0,theft,1
12.924118,77.624295,2,2,0,assault,3
12.903392,77.619066,16,2,0,vehicle_theft,2
12.931592,77.620161,23,2,0,harassment,2
12.914699,77.607698,21,3,0,theft,1
12.965533,77.579397,18,0,0,theft,1
12.848845,77.65914,4,1,0,burglary,3
13.024389,77.53832,17,2,0,theft,1
12.897085,77.617234,11,5,1,vehicle_theft,1
12.977366,77.573474,20,4,0,theft,1
12.972126,77.535347,20,4,0,theft,1
12.906182,77.58999,1,2,0,vehicle_theft,2
12.998351,77.553727,15,5,1,assault,3
12.957939,77.701437,19,5,1,vehicle_theft,2
12.941559,77.62576,23,3,0,harassment,1
12.968079,77.608185,20,1,0,harassment,2
13.003712,77.56993,11,5,1,theft,1
12.954025,77.734095,0,3,0,theft,1
12.921402,77.665558,0,5,1,theft,2
12.983495,77.645218,21,1,0,harassment,1
13.006519,77.580699,22,1,0,theft,1
12.842454,77.66162,9,6,1,vehicle_theft,1
12.974292,77.528776,21,4,0,burglary,1
12.970967,77.579529,17,6,1,theft,1
12.900006,77.587395,0,5,1,burglary,2
12.900384,77.60731,21,2,0,burglary,3
13.036253,77.58037,21,2,0,vehicle_theft,2
12.977226,77.575398,16,1,0,harassment,1
13.037411,77.595653,0,4,0,vehicle_theft,1
12.975641,77.580871,1,4,0,assault,3
12.840251,77.667597,5,3,0,burglary,2
13.024209,77.545775,9,6,1,theft,1
12.965649,77.632236,23,3,0,theft,1
13.115101,77.77244,22,4,0,burglary,1
13.04319,77.523431,15,2,0,vehicle_theft,2
12.971796,77.5314,16,4,0,burglary,1
12.985091,77.529543,19,0,0,vehicle_theft,3
12.977778,77.597497,1,6,1,theft,1
12.960551,77.704462,9,4,0,vehicle_theft,2
12.95408,77.697146,18,6,1,burglary,3
12.977386,77.536298,16,2,0,theft,1
12.992577,77.582053,17,0,0,theft,1
12.965965,77.577942,16,1,0,theft,1
12.994439,77.553129,14,0,0,burglary,1
12.843152,77.657572,22,2,0,theft,2
12.932334,77.583655,0,6,1,theft,1
13.029848,77.523611,5,6,1,vehicle_theft,2
12.935816,77.618877,12,4,0,theft,1
12.958215,77.573622,19,6,1,assault,3
12.960957,77.528791,4,1,0,theft,1
12.965706,77.638602,1,2,0,harassment,2
12.925191,77.555175,22,5,1,theft,1
13.027132,77.541262,10,1,0,theft,1
13.103705,77.596056,7,1,0,fraud,1
12.96801,77.526252,20,0,0,theft,1
12.976407,77.614154,0,6,1,harassment,1
12.999542,77.554726,14,4,0,theft,1
13.010608,77.692061,20,0,0,theft,1
12.986203,77.600506,12,5,1,theft,1
12.929502,77.578618,21,2,0,theft,1
12.97376,77.744455,19,3,0,vehicle_theft,2
12.921098,77.615227,17,4,0,theft,1
12.928381,77.582778,19,4,0,fraud,1
12.99023,77.608376,16,2,0,theft,1
13.065833,77.655384,3,5,1,fraud,2
12.983478,77.60727,14,2,0,theft,1
13.0335,77.544525,18,0,0,theft,2
12.940004,77.581192,11,6,1,burglary,1
13.036127,77.531752,23,4,0,theft,1
12.933816,77.616934,3,3,0,vehicle_theft,3
12.989164,77.548337,21,3,0,theft,2
12.983005,77.612519,0,3,0,harassment,1
12.980798,77.621711,4,0,0,assault,2
12.996188,77.552792,23,0,0,theft,2
12.917529,77.615059,22,4,0,theft,1
12.920782,77.603736,23,2,0,theft,1
13.007466,77.706911,14,1,0,vehicle_theft,1
13.014754,77.69761,8,4,0,burglary,2
12.938201,77.629596,23,0,0,assault,3
12.966918,77.579688,9,3,0,theft,1
12.916701,77.606946,21,6,1,theft,2
12.922401,77.55611,23,1,0,theft,1
12.985058,77.599973,0,1,0,harassment,1
12.924055,77.550273,14,1,0,theft,2
13.030552,77.532451,21,2,0,burglary,2
12.910404,77.589037,19,6,1,burglary,2
12.96869,77.577655,10,4,0,fraud,1
12.925398,77.62177,3,6,1,harassment,1
12.840831,77.66221,18,2,0,vehicle_theft,2
12.935707,77.584639,17,0,0,burglary,2
12.97041,77.761919,23,4,0,vehicle_theft,2
12.983608,77.566648,20,4,0,assault,3
12.84213,77.661312,22,2,0,vehicle_theft,2
12.981912,77.622233,23,0,0,theft,1
12.916222,77.622894,21,1,0,theft,1
12.972937,77.766809,0,5,1,vehicle_theft,1
12.980626,77.61945,22,1,0,assault,3
12.916842,77.610728,19,6,1,burglary,1
12.937879,77.626853,22,5,1,harassment,1
12.978593,77.607694,0,5,1,theft,1
12.844923,77.657065,22,1,0,vehicle_theft,3
13.021514,77.540178,20,2,0,vehicle_theft,2
12.974662,77.608389,0,6,1,assault,2
12.975956,77.73934,2,0,0,vehicle_theft,1
12.838642,77.661109,7,6,1,theft,1
12.963415,77.576078,13,6,1,theft,1
12.977403,77.567108,10,4,0,theft,1
13.012418,77.573223,18,3,0,theft,3
12.857105,77.667457,0,0,0,vehicle_theft,2
13.107288,77.596797,1,1,0,burglary,2
12.832311,77.502562,8,3,0,burglary,2
13.004645,77.555672,21,5,1,burglary,2
13.027872,77.540164,18,2,0,vehicle_theft,2
12.924915,77.635493,20,3,0,theft,1
12.981168,77.621436,10,3,0,burglary,1
12.830309,77.611857,20,2,0,assault,1
12.976692,77.748945,11,4,0,fraud,1
12.83,77.658111,10,2,0,vehicle_theft,2
12.983093,77.622218,22,2,0,assault,3
12.969783,77.578818,14,1,0,theft,1
12.936721,77.622114,0,1,0,assault,2
13.023206,77.544406,11,3,0,vehicle_theft,2
12.914363,77.58643,19,3,0,theft,1
12.90892,77.58636,21,3,0,burglary,2
12.972313,77.641045,5,2,0,vehicle_theft,3
12.924136,77.585084,23,2,0,theft,1
12.963182,77.576934,9,0,0,theft,1
12.927707,77.548338,12,5,1,theft,1
12.917465,77.612452,16,6,1,theft,1
12.917506,77.543547,0,0,0,burglary,2
12.976963,77.571788,12,3,0,assault,3
12.966784,77.752465,6,5,1,fraud,1
12.949721,77.711842,18,5,1,vehicle_theft,2
12.921909,77.543615,15,3,0,burglary,1
12.982066,77.621142,23,0,0,assault,3
12.974232,77.526476,5,4,0,theft,1
13.026989,77.692337,20,2,0,theft,2
12.973408,77.606842,21,1,0,harassment,2
12.955843,77.702217,19,6,1,vehicle_theft,3
12.956843,77.747821,23,6,1,burglary,2
13.092624,77.59462,1,4,0,vehicle_theft,2
12.914627,77.643772,19,2,0,theft,1
12.931246,77.642478,20,6,1,assault,3
12.982548,77.602041,8,4,0,theft,1
12.95799,77.582402,10,1,0,harassment,1
12.978565,77.570828,10,6,1,harassment,1
13.101518,77.600087,1,0,0,burglary,2
13.103073,77.587739,4,5,1,burglary,2
12.973286,77.605943,0,6,1,assault,3
13.032962,77.5445,22,2,0,assault,3
12.982909,77.605826,10,0,0,harassment,1
12.840942,77.71984,18,6,1,vehicle_theft,2
13.089856,77.727531,17,4,0,assault,1
13.037307,77.598643,10,5,1,burglary,2
12.966899,77.577702,18,4,0,theft,1
12.902679,77.616616,20,2,0,vehicle_theft,1
12.989252,77.605457,11,6,1,theft,1
13.037398,77.599348,4,1,0,theft,1
12.984323,77.621158,23,1,0,theft,1
12.924311,77.546083,19,4,0,vehicle_theft,2
12.974103,77.566303,7,4,0,theft,1
12.972201,77.529772,18,3,0,vehicle_theft,1
12.934238,77.63547,19,6,1,fraud,2
12.907117,77.6117,19,5,1,theft,2
12.953178,77.69756,17,4,0,burglary,1
12.893157,77.744864,12,0,0,fraud,2
12.956316,77.56408,12,3,0,theft,1
12.966397,77.739432,10,5,1,vehicle_theft,3
12.901453,77.621736,19,3,0,theft,1
12.911732,77.631287,16,5,1,burglary,1
12.897426,77.640943,16,3,0,vehicle_theft,2
13.016556,77.686799,18,2,0,vehicle_theft,3
13.030595,77.608811,18,2,0,vehicle_theft,2
12.946322,77.709659,10,6,1,burglary,3
12.977007,77.738781,5,3,0,assault,1
12.91379,77.641607,10,5,1,burglary,2
12.961017,77.718625,13,2,0,vehicle_theft,1
12.974811,77.607065,4,6,1,harassment,1
12.971051,77.762347,23,5,1,vehicle_theft,2
13.023868,77.517439,3,4,0,vehicle_theft,2
13.030374,77.532364,21,4,0,theft,1
12.971776,77.529938,0,0,0,theft,1
13.000608,77.571374,15,2,0,burglary,2
13.033965,77.546963,1,0,0,assault,2
12.934824,77.625112,0,0,0,harassment,1
12.925032,77.538874,20,1,0,theft,1
13.039705,77.505714,2,4,0,vehicle_theft,2
12.989197,77.606388,13,6,1,harassment,2
12.962913,77.577012,15,4,0,theft,1
12.986415,77.628583,1,3,0,harassment,1
12.976278,77.608654,23,3,0,theft,1
12.978131,77.757837,0,1,0,fraud,1
12.904614,77.615535,19,5,1,theft,1
13.011486,77.698127,0,1,0,vehicle_theft,2
12.899912,77.608327,17,2,0,vehicle_theft,2
12.930125,77.576676,16,5,1,theft,1
13.00204,77.570628,8,5,1,theft,1
12.916253,77.61881,6,0,0,vehicle_theft,2
12.971085,77.752213,6,3,0,fraud,1
12.973853,77.64776,23,6,1,vehicle_theft,3
13.035018,77.596016,19,1,0,burglary,2
12.933784,77.626147,4,2,0,theft,1
12.917617,77.609864,20,6,1,theft,2
12.982122,77.604048,1,5,1,harassment,1
12.970261,77.579958,10,3,0,theft,1
12.938073,77.629425,23,2,0,theft,1
12.844359,77.661891,2,3,0,vehicle_theft,2
12.955271,77.699706,10,0,0,burglary,3
12.937562,77.59662,16,4,0,theft,2
13.02723,77.540769,4,2,0,theft,1
12.936236,77.624909,3,2,0,harassment,1
13.027588,77.538941,14,4,0,assault,2
12.840267,77.661662,1,2,0,burglary,2
12.89942,77.625129,10,5,1,theft,2
12.995554,77.691158,4,0,0,fraud,1
12.999874,77.568052,13,6,1,theft,1
13.005096,77.698273,10,5,1,vehicle_theft,2
12.917333,77.612149,0,1,0,theft,1
12.953602,77.707767,7,3,0,burglary,2
13.1044,77.597001,14,0,0,burglary,3
12.968984,77.63725,22,6,1,harassment,1
13.031597,77.598841,19,6,1,theft,1
12.961507,77.579451,14,2,0,theft,1
13.030965,77.529341,22,0,0,vehicle_theft,2
12.969065,77.635207,16,1,0,assault,3
12.971888,77.529478,10,2,0,theft,1
12.968982,77.750817,22,5,1,fraud,1
12.986073,77.60698,13,6,1,theft,1
12.9831,77.608918,6,1,0,theft,1
12.907491,77.583357,23,2,0,burglary,2
12.967958,77.646085,1,1,0,assault,3
13.039283,77.5952,9,6,1,theft,1
12.927757,77.547679,17,6,1,vehicle_theft,2
12.98085,77.615579,3,4,0,theft,1
12.903376,77.628534,22,0,0,vehicle_theft,2
12.926282,77.622702,17,4,0,assault,3
12.910236,77.639562,19,3,0,burglary,3
12.927396,77.680453,16,1,0,theft,2
12.918127,77.621775,14,5,1,fraud,1
12.943031,77.715023,9,1,0,vehicle_theft,1
12.950042,77.700879,23,4,0,assault,2
12.932791,77.627754,23,1,0,assault,3
12.990466,77.566977,19,5,1,burglary,3
12.971564,77.530969,2,6,1,vehicle_theft,2
13.107548,77.58669,1,2,0,burglary,2
13.042817,77.590416,10,6,1,burglary,3
13.101005,77.605023,23,0,0,burglary,2
12.925087,77.547567,23,3,0,vehicle_theft,1
12.972211,77.59588,0,1,0,theft,1
12.912992,77.643123,14,6,1,burglary,2
12.970496,77.570146,14,3,0,theft,1
13.007955,77.684589,7,6,1,theft,1
12.96872,77.580166,16,3,0,theft,1
13.003371,77.554817,4,4,0,theft,1
13.029923,77.542676,19,5,1,theft,2
12.962969,77.577741,19,5,1,assault,2
12.845744,77.659173,3,3,0,theft,1
12.861123,77.621458,10,2,0,vehicle_theft,1
12.962251,77.523185,3,4,0,theft,1
12.980398,77.523543,20,1,0,theft,2
12.911373,77.618562,16,0,0,theft,1
12.913857,77.612652,19,6,1,vehicle_theft,2
12.985805,77.576176,6,5,1,theft,1
13.100541,77.596073,8,4,0,theft,1
12.969931,77.749965,3,6,1,theft,1
12.958753,77.630218,10,5,1,theft,1
12.906227,77.618678,9,1,0,theft,1
12.960885,77.582365,19,3,0,theft,1
12.979629,77.57333,6,0,0,fraud,1
12.979357,77.563777,12,3,0,theft,1
12.958848,77.706387,20,2,0,vehicle_theft,1
12.994569,77.549251,15,2,0,theft,1
12.843571,77.653983,3,5,1,vehicle_theft,2
12.930493,77.581831,19,6,1,theft,2
12.915976,77.610138,1,3,0,burglary,2
13.035156,77.464486,18,3,0,assault,1
13.035367,77.519838,9,1,0,burglary,2
12.986072,77.607576,3,2,0,harassment,1
12.878915,77.723525,19,5,1,theft,1
12.972209,77.640342,22,5,1,vehicle_theft,2
12.84838,77.651809,18,6,1,fraud,2
13.02745,77.517395,1,1,0,burglary,3
12.955456,77.69187,11,1,0,assault,3
12.924146,77.641233,22,5,1,theft,1
12.910764,77.583162,17,0,0,vehicle_theft,1
12.940781,77.627162,12,3,0,vehicle_theft,2
12.990119,77.605341,23,5,1,harassment,1
13.072828,77.517925,1,4,0,assault,1
12.975058,77.611835,17,4,0,assault,2
12.91769,77.609103,5,6,1,vehicle_theft,2
12.983232,77.604777,14,2,0,assault,3
13.000832,77.554694,16,4,0,theft,1
13.015929,77.712526,8,2,0,assault,3
13.026467,77.532381,19,0,0,assault,3
13.002325,77.565051,14,2,0,burglary,2
13.049311,77.671806,7,4,0,assault,1
12.972859,77.750047,5,2,0,vehicle_theft,1
12.909014,77.607184,3,0,0,harassment,1
12.974263,77.566315,10,1,0,theft,2
13.01854,77.668947,21,5,1,burglary,2
13.033193,77.520041,18,6,1,burglary,2
12.976971,77.744435,1,3,0,vehicle_theft,2
12.967043,77.636967,0,0,0,theft,1
12.900632,77.615561,20,6,1,burglary,2
12.965632,77.747672,21,2,0,vehicle_theft,2
12.970094,77.582007,11,4,0,fraud,2
12.922716,77.612535,0,0,0,vehicle_theft,2
12.97216,77.52983,17,3,0,burglary,2
12.998033,77.55531,20,2,0,theft,1
13.035685,77.594712,20,4,0,burglary,3
12.939545,77.600428,19,2,0,burglary,2
12.933264,77.586292,18,3,0,burglary,1
12.980344,77.62117,9,2,0,assault,3
12.994647,77.55419,18,2,0,burglary,3
12.962132,77.564929,6,2,0,theft,2
13.001158,77.568431,11,1,0,burglary,2
12.913174,77.616057,19,2,0,harassment,2
12.900994,77.576048,21,5,1,vehicle_theft,1
13.006644,77.573354,13,3,0,theft,2
12.961965,77.576434,18,3,0,harassment,1
12.929637,77.580864,18,4,0,theft,1
12.970067,77.640812,22,4,0,assault,3
13.026158,77.538206,20,0,0,vehicle_theft,2
13.117711,77.763353,0,0,0,vehicle_theft,1
12.978605,77.524727,23,6,1,burglary,2
12.937545,77.623309,2,2,0,harassment,1
13.001171,77.565899,10,3,0,theft,1
12.909993,77.595384,23,2,0,vehicle_theft,1
12.973022,77.526194,14,4,0,vehicle_theft,2
12.907138,77.642801,2,3,0,burglary,2
12.973133,77.529871,21,2,0,theft,1
12.997547,77.573625,20,5,1,fraud,2
13.027879,77.542354,12,6,1,theft,1
12.863262,77.643789,19,6,1,vehicle_theft,2
13.007902,77.575367,18,0,0,theft,1
12.983765,77.606449,0,3,0,harassment,2
13.009558,77.688979,7,2,0,burglary,2
12.9791,77.574597,10,5,1,fraud,1
12.973997,77.562322,8,3,0,harassment,1
12.973795,77.599525,19,5,1,assault,3
13.035953,77.59699,0,3,0,assault,3
12.976613,77.608875,0,6,1,harassment,1
12.968016,77.570714,0,5,1,theft,1
12.949267,77.703225,0,5,1,theft,2
12.936831,77.625091,23,6,1,assault,3
12.953274,77.700876,11,6,1,vehicle_theft,1
13.037459,77.596694,10,3,0,vehicle_theft,1
12.917202,77.620739,10,6,1,vehicle_theft,2
12.978428,77.570998,2,3,0,harassment,1
12.843043,77.654503,18,4,0,burglary,2
13.007696,77.692155,20,3,0,theft,1
12.905044,77.627826,18,0,0,theft,2
13.039056,77.597538,8,0,0,theft,2
13.031681,77.53394,8,4,0,vehicle_theft,2
12.897157,77.591682,19,2,0,vehicle_theft,1
12.987684,77.605573,7,5,1,assault,2
13.008866,77.697411,20,1,0,theft,2
12.925974,77.547893,15,1,0,burglary,2
12.918846,77.749209,2,5,1,harassment,1
13.004599,77.697069,10,6,1,vehicle_theft,3
12.978761,77.571686,16,3,0,theft,1
13.102164,77.663398,10,2,0,harassment,1
12.984409,77.626261,2,1,0,assault,3
12.910196,77.590011,19,4,0,burglary,2
12.853936,77.661631,2,5,1,burglary,2
13.029243,77.537707,8,0,0,vehicle_theft,2
12.907308,77.584907,22,6,1,vehicle_theft,2
12.966946,77.657673,21,3,0,vehicle_theft,2
12.904503,77.585487,0,2,0,vehicle_theft,1
12.980784,77.608871,13,4,0,harassment,1
12.970943,77.575376,13,3,0,theft,1
12.990139,77.621543,6,6,1,theft,1
12.958364,77.689706,9,6,1,theft,1
12.92868,77.583816,17,6,1,theft,2
13.01005,77.69634,20,4,0,vehicle_theft,2
12.975072,77.637409,2,0,0,theft,2
12.975688,77.606077,0,6,1,assault,3
13.101947,77.59639,7,1,0,vehicle_theft,2
12.995397,77.574493,19,2,0,theft,1
12.908945,77.578735,16,6,1,theft,1
12.931883,77.579061,20,4,0,theft,1
12.980371,77.614888,2,5,1,theft,1
13.016129,77.59197,4,6,1,harassment,1
12.971988,77.641382,0,5,1,assault,3
12.978685,77.610016,18,4,0,assault,3
12.900554,77.616442,21,5,1,vehicle_theft,1
12.999506,77.554137,11,1,0,burglary,1
13.036563,77.597246,9,5,1,burglary,2
12.968946,77.579753,20,4,0,fraud,1
13.021987,77.526705,11,0,0,fraud,2
13.032076,77.518708,1,6,1,theft,2
12.916228,77.637305,17,3,0,theft,1
12.868785,77.669952,20,5,1,assault,1
12.97181,77.585493,15,4,0,theft,1
12.996138,77.573884,13,0,0,theft,2
12.908026,77.584949,20,0,0,vehicle_theft,3
12.980777,77.558637,12,5,1,harassment,1
13.104656,77.584047,2,1,0,burglary,1
12.934743,77.640836,19,6,1,theft,1
13.034886,77.518064,7,0,0,burglary,2
12.904038,77.716354,15,2,0,assault,2
12.916347,77.608909,15,1,0,burglary,1
12.953418,77.708664,21,0,0,burglary,2
13.035341,77.59835,17,2,0,vehicle_theft,2
12.984151,77.561332,20,4,0,theft,1
13.018462,77.698677,8,3,0,assault,3
12.953817,77.708662,22,5,1,vehicle_theft,2
12.987628,77.546622,7,1,0,burglary,1
13.037135,77.611622,9,4,0,theft,2
13.036354,77.599698,20,6,1,theft,2
13.027073,77.539155,14,0,0,theft,1
12.974099,77.580218,13,2,0,theft,1
12.964721,77.523534,1,0,0,theft,2
12.928365,77.585128,18,5,1,burglary,1
12.952255,77.699721,18,4,0,theft,1
13.027974,77.539934,17,3,0,assault,2
12.92705,77.580479,11,2,0,burglary,2
12.964055,77.576722,16,0,0,theft,1
13.030795,77.524914,21,1,0,burglary,3
12.963125,77.577801,20,5,1,theft,1
12.975248,77.607262,22,3,0,theft,2
12.904815,77.615854,7,0,0,theft,1
12.915996,77.603273,22,0,0,burglary,3
12.970763,77.639461,20,4,0,theft,2
12.996242,77.567704,10,5,1,theft,1
12.908131,77.618056,9,5,1,vehicle_theft,3
12.968028,77.57989,17,1,0,theft,1
12.937153,77.625432,23,6,1,assault,3
13.032621,77.520484,0,6,1,vehicle_theft,2
12.982465,77.606441,21,1,0,theft,1
13.132628,77.650198,16,4,0,burglary,2
12.84299,77.719295,13,5,1,fraud,2
12.997289,77.555444,20,5,1,burglary,2
13.029443,77.596383,18,2,0,vehicle_theft,2
12.980514,77.604636,0,2,0,theft,1
13.091284,77.588416,6,3,0,burglary,3
13.031114,77.528503,16,5,1,vehicle_theft,2
13.030741,77.542766,18,6,1,theft,1
12.977292,77.638139,1,2,0,assault,2
12.929618,77.583046,1,3,0,burglary,1
12.984921,77.605148,19,6,1,assault,3
12.920266,77.545898,18,4,0,vehicle_theft,2
12.975099,77.641234,22,6,1,vehicle_theft,1
12.97168,77.604414,3,0,0,theft,1
12.981343,77.620333,0,0,0,assault,2
12.910642,77.638961,8,6,1,burglary,2
13.033868,77.525904,5,0,0,vehicle_theft,3
12.84533,77.650565,6,3,0,burglary,3
12.998647,77.57942,16,4,0,theft,1
12.83617,77.661933,2,4,0,vehicle_theft,1
12.981782,77.620844,20,6,1,assault,3
12.979689,77.642741,20,1,0,vehicle_theft,2
12.904047,77.61407,7,3,0,theft,1
12.905089,77.621456,6,6,1,vehicle_theft,2
12.981464,77.608875,17,2,0,theft,1
12.979167,77.608004,2,6,1,assault,3
12.975047,77.562137,17,0,0,fraud,1
12.980065,77.613061,4,1,0,harassment,2
12.972907,77.748681,4,2,0,fraud,1
12.912391,77.61547,14,0,0,vehicle_theft,1
12.973129,77.745906,3,1,0,fraud,1
12.977629,77.60953,23,6,1,theft,1
12.96091,77.583151,17,1,0,fraud,1
12.963295,77.574805,10,1,0,harassment,3
13.033459,77.515934,13,1,0,burglary,3
13.035481,77.595971,8,4,0,assault,2
12.966815,77.604878,0,5,1,harassment,1
12.965342,77.575619,9,1,0,assault,3
13.06653,77.468589,3,3,0,assault,1
12.957567,77.579423,12,2,0,theft,1
12.978327,77.520147,19,3,0,vehicle_theft,3
12.965585,77.571439,10,3,0,theft,1
12.936538,77.623803,0,2,0,assault,3
12.972025,77.529861,6,6,1,theft,1
12.993907,77.61182,21,5,1,assault,2
12.940728,77.627878,1,3,0,assault,3
12.935652,77.622749,22,6,1,harassment,1
12.906712,77.622011,17,4,0,vehicle_theft,2
12.989277,77.559224,15,1,0,theft,2
13.026913,77.541666,10,4,0,theft,2
12.918684,77.613652,14,4,0,theft,1
13.008301,77.695387,18,4,0,assault,2
12.9655,77.574154,13,2,0,harassment,1
12.902692,77.620449,11,1,0,assault,3
12.906388,77.584089,21,2,0,vehicle_theft,2
12.979488,77.621359,2,5,1,harassment,2
12.918874,77.618087,23,5,1,burglary,1
12.90613,77.618116,23,5,1,theft,1
12.97433,77.574656,18,2,0,theft,1
12.938641,77.623651,0,2,0,harassment,1
12.927449,77.547466,14,2,0,burglary,2
13.021766,77.532964,20,5,1,theft,1
12.988804,77.612627,1,4,0,harassment,1
12.935508,77.626794,14,6,1,harassment,1
12.923548,77.549308,21,3,0,theft,1
12.833685,77.648761,1,0,0,theft,1
12.970231,77.578092,17,4,0,theft,1
12.974941,77.609907,1,5,1,assault,3
12.960563,77.750371,23,6,1,vehicle_theft,2
12.90995,77.549937,16,3,0,vehicle_theft,2
12.960843,77.578823,21,6,1,theft,1
12.988288,77.607501,16,1,0,assault,3
12.919917,77.624457,14,1,0,burglary,2
12.917883,77.628334,20,5,1,vehicle_theft,2
12.968681,77.576466,0,2,0,harassment,1
12.961195,77.567061,15,1,0,assault,3
12.91689,77.615896,15,2,0,theft,1
12.998823,77.687163,20,0,0,assault,2
12.90162,77.61011,20,2,0,vehicle_theft,3
12.92371,77.607506,4,2,0,theft,1
12.921792,77.548391,21,1,0,theft,2
13.109151,77.596469,1,1,0,vehicle_theft,3
12.933628,77.624511,13,6,1,theft,1
12.923753,77.545242,21,5,1,burglary,3
12.905276,77.680133,20,5,1,theft,2
13.003667,77.564606,21,0,0,theft,1
12.907705,77.628267,19,2,0,assault,3
13.028106,77.523376,2,3,0,theft,2
12.928452,77.591193,21,0,0,theft,1
12.970763,77.759398,1,2,0,burglary,2
12.973118,77.63959,2,0,0,harassment,2
12.90436,77.619202,18,2,0,vehicle_theft,2
12.962119,77.698523,20,3,0,burglary,2
13.003414,77.569995,0,6,1,burglary,2
12.973017,77.643537,23,2,0,harassment,1
13.084387,77.514519,4,1,0,theft,1
13.043206,77.606514,15,1,0,assault,1
12.97957,77.609018,4,5,1,assault,3
12.935162,77.624485,1,5,1,theft,1
12.966913,77.733868,6,4,0,fraud,1
12.985412,77.629186,0,6,1,assault,3
12.980017,77.607496,23,5,1,assault,3
13.003038,77.560642,17,1,0,theft,1
13.016304,77.524173,0,1,0,theft,2
12.980092,77.601038,8,5,1,theft,1
12.96517,77.575041,9,3,0,theft,1
12.907196,77.583106,21,0,0,theft,1
12.973564,77.641659,7,3,0,assault,3
13.000373,77.570021,1,1,0,burglary,2
12.923483,77.577083,19,5,1,burglary,2
12.963761,77.577429,13,0,0,theft,1
12.932558,77.574829,23,5,1,theft,1
12.912004,77.601257,19,3,0,vehicle_theft,3
12.927693,77.553011,7,4,0,vehicle_theft,2
13.007027,77.699807,18,5,1,burglary,1
12.943153,77.62472,1,1,0,harassment,1
12.915032,77.617808,13,2,0,theft,1
13.011508,77.692789,11,1,0,theft,1
13.0596,77.564774,9,1,0,fraud,1
12.892783,77.639958,22,5,1,harassment,2
12.906098,77.535161,9,6,1,fraud,1
12.971358,77.575043,17,2,0,theft,1
12.968962,77.577386,11,3,0,fraud,1
12.986244,77.604989,14,4,0,theft,2
12.9238,77.569491,7,3,0,fraud,1
12.963228,77.576368,13,2,0,theft,1
13.045665,77.606686,19,1,0,theft,1
12.980033,77.744711,4,1,0,theft,1
12.962399,77.57807,18,1,0,theft,2
12.983045,77.607316,22,1,0,harassment,1
12.938197,77.57739,17,2,0,theft,1
12.912235,77.612506,21,1,0,vehicle_theft,2
12.929116,77.582149,2,5,1,burglary,2
12.966386,77.596715,10,6,1,harassment,1
13.095614,77.592055,2,5,1,burglary,3
12.972072,77.530971,0,1,0,theft,1
12.977611,77.573004,12,1,0,theft,2
13.043732,77.521223,14,3,0,burglary,2
12.984343,77.605897,11,4,0,assault,3
12.998343,77.55546,21,6,1,theft,1
12.961893,77.579809,15,6,1,theft,1
12.920984,77.618813,4,0,0,harassment,1
12.887509,77.593036,5,5,1,harassment,2
12.926237,77.548164,21,4,0,burglary,3
12.911986,77.610979,21,1,0,vehicle_theft,1
12.971683,77.641598,12,4,0,harassment,1
12.98458,77.618245,1,2,0,theft,2
12.959468,77.579412,14,5,1,theft,2
13.027625,77.54732,8,0,0,theft,1
12.911105,77.631173,19,5,1,fraud,2
13.032047,77.525482,3,1,0,burglary,1
12.902091,77.618903,19,0,0,vehicle_theft,2
12.987895,77.602957,17,6,1,harassment,2
12.994679,77.563876,1,3,0,theft,1
12.905298,77.584266,19,0,0,theft,1
13.028438,77.525925,12,5,1,theft,1
12.95929,77.661921,12,2,0,fraud,1
12.971864,77.526191,20,3,0,theft,1
12.926163,77.546218,16,4,0,theft,1
12.965606,77.578717,15,0,0,harassment,1
12.967126,77.575754,7,0,0,harassment,2
12.970352,77.763709,1,3,0,fraud,1
12.969428,77.528422,15,1,0,burglary,2
12.981692,77.748323,4,1,0,burglary,1
12.900741,77.619215,19,1,0,vehicle_theft,3
12.971144,77.567488,9,6,1,fraud,1
12.955189,77.700145,18,4,0,theft,1
13.00183,77.680658,17,1,0,vehicle_theft,1
12.904073,77.580924,20,1,0,vehicle_theft,2
13.003251,77.571873,7,3,0,burglary,2
12.984439,77.581492,9,3,0,theft,2
13.011998,77.69616,20,3,0,theft,1
12.968027,77.578948,14,6,1,theft,1
13.038567,77.59953,6,0,0,vehicle_theft,1
12.981344,77.639728,23,2,0,vehicle_theft,2
13.023437,77.688859,6,4,0,assault,3
13.024795,77.539872,8,5,1,theft,1
12.970335,77.530161,21,1,0,theft,1
12.967954,77.577298,15,2,0,fraud,1
12.996747,77.555176,16,1,0,burglary,2
12.928892,77.576359,21,1,0,theft,1
12.935515,77.614617,20,0,0,theft,1
13.102131,77.580653,1,1,0,theft,1
12.993196,77.740267,1,1,0,fraud,1
12.98648,77.548611,21,3,0,theft,2
12.909363,77.573596,10,2,0,vehicle_theft,2
12.991396,77.557832,22,2,0,theft,2
12.972889,77.574568,20,3,0,fraud,1
12.93613,77.5794,17,6,1,theft,1
12.94867,77.632827,4,5,1,assault,3
12.968539,77.634521,6,3,0,theft,2
12.911354,77.643919,23,0,0,vehicle_theft,1
12.975581,77.574089,0,4,0,assault,2
12.902199,77.587637,9,5,1,burglary,1
12.970224,77.579287,19,0,0,theft,2
13.007972,77.692387,9,4,0,vehicle_theft,2
13.001468,77.570588,20,2,0,fraud,1
12.967098,77.574156,9,0,0,theft,1
12.974551,77.75259,22,1,0,vehicle_theft,2
12.924686,77.547395,17,5,1,theft,1
12.94263,77.68935,18,4,0,burglary,2
13.007295,77.695786,8,2,0,theft,1
13.110678,77.566309,5,4,0,theft,2
12.906317,77.616834,19,3,0,theft,1
12.96535,77.647061,20,1,0,assault,3
12.966572,77.580296,15,0,0,theft,1
13.099602,77.61206,3,4,0,vehicle_theft,1
12.925859,77.591166,5,5,1,burglary,3
12.889675,77.608735,0,6,1,burglary,2
12.984114,77.60852,12,1,0,theft,1
12.946986,77.690654,18,0,0,theft,1
12.990324,77.570882,9,0,0,harassment,1
12.97317,77.641501,2,2,0,vehicle_theft,3
12.984909,77.604206,16,2,0,theft,1
12.955118,77.701299,9,0,0,burglary,2
12.973958,77.574105,16,3,0,theft,2
12.983571,77.62273,13,2,0,assault,3
12.901119,77.610137,10,2,0,vehicle_theft,3
12.976779,77.525029,21,1,0,burglary,2
12.935017,77.589183,6,5,1,burglary,2
12.971069,77.641428,23,6,1,assault,3
12.987589,77.609155,11,2,0,harassment,1
13.116128,77.607618,23,6,1,burglary,3
12.85381,77.669359,0,3,0,vehicle_theft,2
12.962667,77.576148,18,5,1,theft,1
13.007895,77.695056,21,1,0,vehicle_theft,2
12.988318,77.628654,23,1,0,assault,3
12.963804,77.580728,13,1,0,theft,2
12.933936,77.620411,0,0,0,assault,3
12.921184,77.53387,9,2,0,burglary,2
12.979493,77.620832,4,0,0,theft,1
13.005927,77.569004,16,1,0,fraud,1
12.956152,77.514015,4,3,0,theft,2
12.904068,77.580316,22,4,0,theft,2
12.885504,77.596021,13,6,1,theft,2
13.028862,77.534305,9,2,0,theft,1
13.024466,77.750388,17,3,0,vehicle_theft,2
12.989597,77.606435,12,1,0,assault,3
12.984079,77.612028,0,6,1,theft,1
12.916796,77.607399,14,2,0,theft,1
13.026043,77.537195,23,3,0,vehicle_theft,2
12.933225,77.625777,22,6,1,assault,3
12.847303,77.62993,7,0,0,burglary,3
12.972278,77.641438,20,6,1,assault,3
12.961343,77.70847,9,4,0,vehicle_theft,1
12.892247,77.610005,13,0,0,vehicle_theft,2
12.958657,77.697288,8,2,0,vehicle_theft,2
12.970531,77.755933,3,1,0,vehicle_theft,2
13.136796,77.682779,20,6,1,fraud,1
12.929508,77.584563,6,3,0,theft,1
12.935194,77.624925,0,6,1,assault,3
12.996333,77.569861,3,1,0,theft,1
12.842056,77.757792,19,6,1,burglary,2
12.97596,77.636179,23,5,1,vehicle_theft,2
12.84769,77.667551,23,4,0,vehicle_theft,2
13.031602,77.540532,20,0,0,theft,1
12.847716,77.656419,12,2,0,theft,1
12.916175,77.60979,20,1,0,theft,2
12.980038,77.643516,23,3,0,harassment,1
12.963136,77.577655,16,3,0,theft,1
13.004698,77.568061,12,4,0,burglary,2
13.103573,77.58727,0,3,0,burglary,2
13.033765,77.593594,11,5,1,assault,3
12.98191,77.621102,1,6,1,theft,1
12.957959,77.702593,23,6,1,assault,3
12.925706,77.556676,21,5,1,burglary,2
12.973839,77.610097,1,4,0,harassment,2
12.960832,77.705375,4,6,1,theft,1
12.964871,77.754119,1,4,0,fraud,1
12.965589,77.582505,10,0,0,theft,1
13.081306,77.584372,5,4,0,vehicle_theft,2
12.845803,77.492018,17,5,1,assault,2
12.987128,77.603352,17,5,1,assault,3
12.997265,77.552842,21,0,0,assault,3
13.07115,77.527027,19,0,0,assault,2
12.842706,77.779738,12,1,0,theft,2
12.986267,77.603014,20,2,0,assault,3
12.977795,77.61027,23,3,0,harassment,1
12.967842,77.747812,22,5,1,theft,1
12.960929,77.701015,3,6,1,vehicle_theft,1
12.971691,77.641074,22,1,0,vehicle_theft,2
12.960623,77.571789,13,2,0,theft,1
12.966289,77.543056,17,2,0,theft,1
12.985352,77.609422,10,4,0,theft,1
13.104225,77.599247,3,2,0,theft,1
12.968598,77.577213,8,3,0,theft,1
13.094146,77.635434,16,4,0,burglary,2
12.980991,77.600224,21,3,0,harassment,1
12.958438,77.699117,8,0,0,assault,3
13.049236,77.595218,16,1,0,assault,3
13.097534,77.605524,2,5,1,fraud,2
12.972051,77.64086,12,6,1,assault,3
12.860822,77.637157,16,4,0,fraud,1
12.83329,77.659829,20,6,1,theft,1
12.985801,77.609964,16,5,1,harassment,1
12.984143,77.576476,18,4,0,theft,2
12.986988,77.609958,12,0,0,harassment,1
12.910544,77.620549,9,4,0,vehicle_theft,3
13.031905,77.598905,18,5,1,theft,1
12.982651,77.610458,8,0,0,assault,3
12.971852,77.760549,2,2,0,fraud,1
12.902876,77.655174,23,5,1,fraud,1
12.926762,77.63187,3,3,0,assault,3
12.893824,77.615635,14,1,0,assault,3
13.014703,77.536906,17,0,0,vehicle_theft,3
12.993688,77.553601,19,0,0,theft,2
12.914252,77.637495,10,4,0,burglary,2
13.10246,77.597581,5,5,1,theft,1
13.105097,77.584788,20,4,0,theft,2
13.037867,77.514725,8,1,0,burglary,1
13.036223,77.601925,22,3,0,theft,1
12.917485,77.536762,19,2,0,theft,1
12.943842,77.549229,16,1,0,burglary,2
12.924628,77.699957,14,0,0,vehicle_theft,2
12.934511,77.624023,20,2,0,assault,3
12.929907,77.583542,21,3,0,theft,1
12.937185,77.629398,2,6,1,vehicle_theft,3
13.040242,77.591103,15,3,0,assault,2
12.91354,77.604119,19,4,0,theft,2
12.931109,77.585546,18,1,0,theft,1
12.958631,77.583507,8,2,0,theft,1
12.9998,77.548987,17,4,0,theft,1
12.975056,77.735128,3,1,0,fraud,1
12.915905,77.538423,19,5,1,theft,1
13.030971,77.509272,5,6,1,vehicle_theft,2
12.958863,77.695895,9,4,0,assault,2
13.009873,77.525558,6,6,1,vehicle_theft,2
12.959947,77.698931,19,0,0,theft,1
12.965353,77.574054,4,3,0,fraud,1
13.003244,77.570161,6,2,0,theft,2
12.859234,77.651529,3,1,0,burglary,3
12.959971,77.576971,20,5,1,theft,1
12.921645,77.636906,0,3,0,burglary,2
12.997962,77.568791,20,0,0,theft,1
12.955572,77.697443,11,2,0,vehicle_theft,3
13.113184,77.582557,16,6,1,fraud,1
12.930644,77.582928,16,5,1,burglary,2
13.037853,77.51286,2,6,1,theft,1
12.933601,77.626495,16,3,0,theft,2
12.969379,77.576436,9,2,0,theft,2
12.888301,77.542492,4,0,0,burglary,1
12.92847,77.587714,18,0,0,burglary,1
12.90979,77.643071,16,0,0,burglary,3
12.962305,77.57316,10,5,1,harassment,2
12.978062,77.603407,0,3,0,assault,3
13.002788,77.688152,9,4,0,vehicle_theft,3
12.843951,77.660375,3,3,0,theft,1
12.958956,77.570256,10,5,1,harassment,2
12.936402,77.627331,0,5,1,theft,1
12.985964,77.60518,13,2,0,theft,1
13.027757,77.553735,9,0,0,theft,1
13.001543,77.694381,19,1,0,burglary,2
12.955981,77.701034,21,5,1,vehicle_theft,1
12.921112,77.543759,18,2,0,vehicle_theft,2
12.971498,77.608516,21,5,1,assault,3
12.940326,77.632901,23,6,1,assault,3
12.970582,77.571383,3,6,1,harassment,1
12.971922,77.532009,21,1,0,theft,2
12.853889,77.664749,7,1,0,theft,1
13.007982,77.566135,18,3,0,theft,1
12.95098,77.694544,6,3,0,burglary,2
12.979937,77.602684,23,5,1,assault,3
12.981532,77.646987,0,0,0,harassment,1
12.932707,77.626612,15,6,1,assault,3
13.008796,77.682901,20,1,0,harassment,1
12.985284,77.603621,8,1,0,theft,1
12.996216,77.776174,12,4,0,assault,1
13.010187,77.698038,13,0,0,burglary,1
12.92176,77.542142,19,2,0,burglary,2
13.032442,77.543147,18,5,1,vehicle_theft,2
12.932207,77.595485,21,2,0,theft,1
12.962997,77.58186,17,6,1,theft,1
12.989158,77.610088,9,2,0,assault,2
13.053012,77.5171,4,2,0,vehicle_theft,2
13.004655,77.571842,10,5,1,theft,1
12.934444,77.624906,1,5,1,assault,3
12.977,77.570999,20,4,0,theft,1
12.90777,77.58542,3,2,0,burglary,1
12.908311,77.606954,2,2,0,theft,2
12.967644,77.577242,9,6,1,harassment,2
12.978397,77.602859,11,6,1,harassment,1
12.985312,77.605372,8,0,0,assault,3
13.002861,77.569332,12,4,0,theft,1
12.956841,77.699244,18,5,1,theft,1
12.856007,77.659672,2,1,0,vehicle_theft,2
13.101187,77.596803,20,1,0,vehicle_theft,2
12.971516,77.577518,17,3,0,theft,1
13.100188,77.598954,2,3,0,vehicle_theft,3
12.971687,77.528795,20,6,1,theft,1
12.989826,77.604465,17,4,0,assault,3
12.988693,77.622758,3,3,0,theft,1
12.934335,77.613585,5,3,0,theft,2
12.963384,77.575095,20,4,0,theft,1
12.98297,77.605723,18,1,0,assault,3
12.979458,77.567191,9,2,0,theft,1
12.921667,77.60046,14,2,0,harassment,1
12.998508,77.554373,19,3,0,assault,2
12.969492,77.539376,18,0,0,theft,2
12.998136,77.551899,10,0,0,burglary,2
12.838384,77.661708,3,2,0,burglary,2
12.966258,77.643931,3,1,0,theft,1
12.913735,77.549964,18,0,0,burglary,1
13.044184,77.545839,10,0,0,assault,3
12.96452,77.580088,9,3,0,theft,1
13.0293,77.539539,20,3,0,assault,2
13.005091,77.551829,1,6,1,theft,1
12.956703,77.700549,19,2,0,theft,1
12.937088,77.624815,13,2,0,theft,1
12.913641,77.640731,13,6,1,theft,1
12.909448,77.632484,22,6,1,fraud,1
12.978867,77.567448,14,6,1,theft,1
12.905862,77.618073,12,3,0,vehicle_theft,3
12.98225,77.755498,21,3,0,vehicle_theft,2
12.990014,77.569715,1,2,0,theft,2
13.033962,77.58841,10,1,0,theft,1
12.923989,77.611969,0,6,1,theft,1
12.955018,77.700258,6,3,0,vehicle_theft,1
12.968001,77.69643,21,0,0,vehicle_theft,2
12.997468,77.56414,21,6,1,theft,2
12.971191,77.526188,13,5,1,vehicle_theft,2
12.977483,77.570415,7,6,1,theft,2
12.953345,77.696221,11,0,0,vehicle_theft,2
12.926921,77.540646,3,1,0,theft,1
13.026934,77.585887,21,1,0,theft,1
12.936765,77.628551,7,5,1,harassment,1
12.972561,77.610417,21,3,0,harassment,1
12.944118,77.623025,4,5,1,harassment,2
12.925426,77.578693,17,0,0,theft,2
12.976995,77.570423,13,6,1,assault,3
13.025972,77.531227,3,2,0,theft,2
12.907447,77.612889,18,2,0,burglary,2
13.090506,77.590603,21,6,1,burglary,1
13.08368,77.609541,15,5,1,vehicle_theft,1
12.924962,77.546638,21,0,0,burglary,3
12.924913,77.544073,7,0,0,theft,1
12.903601,77.60573,21,6,1,theft,1
13.016519,77.695213,7,6,1,vehicle_theft,2
12.9665,77.650329,22,4,0,harassment,2
12.989117,77.751112,0,6,1,burglary,2
12.976651,77.63324,1,4,0,vehicle_theft,2
12.919426,77.618202,20,5,1,vehicle_theft,2
12.974363,77.616657,23,2,0,theft,1
13.020431,77.548518,10,0,0,theft,1
12.899658,77.616357,18,3,0,vehicle_theft,2
12.904599,77.580901,20,2,0,burglary,3
13.004228,77.568381,17,5,1,burglary,2
12.919616,77.60405,11,4,0,theft,2
13.035243,77.508415,18,2,0,burglary,2
12.957909,77.63131,11,6,1,assault,3
13.028596,77.541573,12,6,1,theft,2
12.963361,77.580962,7,4,0,theft,1
12.934273,77.62215,11,6,1,assault,3
12.974431,77.573939,10,3,0,theft,2
12.964603,77.571358,15,5,1,fraud,1
12.973624,77.577814,23,1,0,theft,1
12.966094,77.582314,20,3,0,theft,1
12.9821,77.603216,8,1,0,theft,1
13.098669,77.585755,6,0,0,fraud,1
12.981475,77.65251,23,5,1,theft,1
12.910722,77.618834,7,3,0,vehicle_theft,2
13.08005,77.635427,14,2,0,fraud,1
12.982179,77.642559,0,1,0,vehicle_theft,2
12.935736,77.625377,4,1,0,harassment,1
12.906802,77.580919,16,6,1,burglary,2
13.024522,77.55432,12,6,1,assault,1
12.938605,77.587318,3,3,0,burglary,2
12.968755,77.580378,12,4,0,theft,1
12.980686,77.615033,23,5,1,assault,3
12.949924,77.693605,9,3,0,burglary,2
12.898116,77.587366,1,2,0,burglary,1
12.876204,77.77723,17,2,0,harassment,1
12.837123,77.733702,20,1,0,vehicle_theft,1
13.074291,77.530884,14,2,0,assault,1
12.988092,77.60715,18,6,1,harassment,1
12.911414,77.640782,19,0,0,vehicle_theft,1
12.906048,77.586639,2,0,0,burglary,1
12.985676,77.607631,8,5,1,assault,3
12.971367,77.568219,16,1,0,theft,1
12.925727,77.541116,20,0,0,theft,2
12.976016,77.606052,22,5,1,theft,1
12.960907,77.577427,11,6,1,harassment,1
12.847485,77.670528,1,6,1,vehicle_theft,2
12.946259,77.638031,2,6,1,assault,2
12.932975,77.583073,16,4,0,theft,1
12.974312,77.649651,3,4,0,vehicle_theft,2
12.926694,77.625826,1,5,1,theft,1
12.976056,77.571483,15,5,1,theft,1
12.924093,77.582133,19,0,0,burglary,3
12.962989,77.648558,0,4,0,vehicle_theft,2
12.896049,77.645493,20,5,1,theft,2
12.950268,77.706665,17,0,0,theft,1
12.863032,77.682358,13,0,0,theft,2
12.96374,77.691487,19,4,0,theft,1
12.982673,77.74809,19,5,1,burglary,2
12.967609,77.640175,23,5,1,harassment,1
12.95634,77.701078,12,3,0,assault,3
12.934178,77.584341,10,1,0,burglary,2
12.850106,77.601988,13,6,1,theft,1
12.986675,77.603727,6,2,0,theft,1
12.961342,77.754296,21,3,0,burglary,1
12.846135,77.658576,0,2,0,vehicle_theft,2
12.926074,77.623932,22,1,0,assault,3
12.96426,77.738097,12,4,0,burglary,1
12.961215,77.578427,22,2,0,harassment,1
12.901482,77.617868,8,3,0,theft,1
13.101316,77.598441,21,3,0,vehicle_theft,2
13.032912,77.519193,3,0,0,vehicle_theft,2
12.90516,77.62307,18,5,1,vehicle_theft,1
12.91385,77.710661,21,1,0,fraud,1
13.102227,77.604826,5,4,0,theft,1
12.902031,77.468035,0,1,0,assault,1
13.003754,77.570564,9,3,0,theft,2
12.844211,77.65952,4,1,0,fraud,1
13.101647,77.595662,6,0,0,burglary,2
12.966331,77.576919,23,3,0,theft,1
12.97478,77.601724,2,5,1,assault,3
12.960226,77.748005,14,1,0,theft,1
12.971202,77.639228,20,5,1,assault,3
13.019031,77.524854,4,2,0,vehicle_theft,3
12.987362,77.553402,22,5,1,burglary,1
12.976753,77.606911,23,2,0,assault,3
13.037306,77.595951,15,2,0,vehicle_theft,3
12.934439,77.657075,1,1,0,theft,2
12.913635,77.613434,19,0,0,vehicle_theft,2
13.027982,77.540284,10,4,0,vehicle_theft,2
12.967243,77.582155,9,2,0,theft,2
13.031748,77.522045,23,5,1,theft,1
12.948858,77.527813,3,6,1,burglary,1
12.962936,77.577255,9,2,0,harassment,1
13.00315,77.696872,7,4,0,vehicle_theft,2
12.887264,77.693602,10,0,0,theft,1
12.978889,77.61037,3,4,0,assault,2
13.001571,77.571302,13,1,0,theft,1
12.853829,77.644495,2,0,0,vehicle_theft,1
13.036977,77.596122,0,6,1,theft,1
12.970404,77.75095,1,0,0,burglary,1
13.001379,77.558016,18,5,1,burglary,2
12.88374,77.675061,19,4,0,assault,1
13.003412,77.552427,18,1,0,assault,3
12.902526,77.591967,19,5,1,theft,2
12.920682,77.586056,18,5,1,burglary,3
12.901203,77.617432,23,3,0,assault,3
12.981165,77.57332,20,6,1,fraud,1
12.960548,77.644679,23,6,1,assault,3
13.011027,77.68902,15,6,1,vehicle_theft,1
12.900477,77.619045,1,0,0,theft,2
12.916085,77.612976,18,3,0,theft,1
13.007771,77.697202,19,6,1,theft,2
13.007053,77.563556,4,6,1,fraud,1
13.000691,77.567575,15,3,0,theft,1
12.963273,77.576322,9,6,1,theft,1
12.982001,77.62069,4,2,0,assault,2
12.904925,77.58361,17,5,1,vehicle_theft,3
12.967006,77.711022,1,1,0,fraud,1
13.139569,77.463611,16,3,0,vehicle_theft,2
12.967912,77.579986,10,2,0,theft,2
13.009574,77.69412,9,0,0,theft,1
12.914642,77.608531,7,2,0,vehicle_theft,2
13.007249,77.703632,20,1,0,vehicle_theft,1
12.936971,77.616261,12,1,0,harassment,1
12.911933,77.605221,8,0,0,vehicle_theft,3
12.952561,77.697405,19,4,0,assault,3
12.935079,77.628088,12,3,0,theft,1
13.005603,77.576142,5,2,0,theft,2
12.915243,77.608032,19,2,0,burglary,1
12.909021,77.541323,7,1,0,theft,1
13.007987,77.695966,10,0,0,theft,1
12.935201,77.622777,23,6,1,theft,1
12.912092,77.641132,22,6,1,fraud,2
12.973771,77.639242,3,0,0,harassment,1
12.929894,77.585226,17,5,1,theft,1
12.986253,77.600971,14,2,0,theft,1
12.993283,77.542548,3,0,0,theft,2
12.970285,77.573386,16,1,0,theft,1
12.935363,77.619228,0,4,0,assault,3
12.944975,77.457916,20,3,0,fraud,2
12.851569,77.661497,3,3,0,burglary,2
13.033965,77.601348,21,2,0,vehicle_theft,3
12.919983,77.61576,21,2,0,burglary,2
12.975734,77.573165,7,5,1,theft,1
12.974462,77.635421,22,6,1,assault,3
12.987952,77.571332,10,0,0,fraud,1
12.973146,77.605429,0,4,0,assault,3
12.971391,77.603619,0,0,0,assault,3
12.843281,77.674725,6,2,0,vehicle_theft,2
12.907937,77.587941,20,1,0,theft,1
12.840391,77.650557,23,2,0,vehicle_theft,2
12.953236,77.703275,6,4,0,assault,3
12.962658,77.577037,18,4,0,theft,1
12.974857,77.570154,22,0,0,fraud,1
12.955978,77.751416,4,6,1,fraud,1
12.911289,77.644658,18,4,0,theft,1
12.984703,77.605021,10,5,1,assault,3
12.985006,77.604996,18,3,0,theft,1
12.96458,77.573265,6,6,1,harassment,2
13.0254,77.543261,8,0,0,theft,1
12.984475,77.570757,12,6,1,theft,1
12.909908,77.642195,20,2,0,theft,1
12.992808,77.620491,14,5,1,harassment,1
12.969458,77.528786,19,0,0,theft,2
12.975278,77.560319,3,2,0,theft,1
12.972959,77.527844,1,1,0,theft,1
12.986865,77.604569,17,1,0,theft,1
12.855312,77.663601,1,1,0,vehicle_theft,2
12.980249,77.740853,12,6,1,vehicle_theft,1
12.956056,77.700635,17,1,0,vehicle_theft,3
12.914474,77.619059,13,3,0,theft,2
12.91378,77.580608,21,0,0,theft,1
13.010166,77.691554,21,2,0,vehicle_theft,2
12.976629,77.573165,10,1,0,theft,1
12.918144,77.679163,1,6,1,burglary,1
12.901242,77.641435,20,3,0,burglary,2
12.978985,77.613695,6,6,1,theft,1
12.977079,77.526225,4,1,0,theft,2
12.948811,77.698789,20,0,0,vehicle_theft,2
12.982201,77.620403,2,2,0,theft,1
13.035844,77.59766,18,4,0,theft,1
12.970698,77.756342,21,0,0,vehicle_theft,2
12.974411,77.608638,22,4,0,theft,1
12.852677,77.665925,2,0,0,burglary,1
13.010639,77.572641,20,3,0,fraud,1
12.883643,77.652995,6,6,1,harassment,2
12.978654,77.598655,0,2,0,harassment,1
12.984213,77.574437,8,0,0,fraud,1
12.991405,77.601245,17,3,0,theft,1
12.938455,77.626352,22,0,0,assault,3
12.982117,77.629124,20,4,0,assault,3
12.972447,77.531987,3,5,1,theft,1
12.980411,77.569391,0,3,0,theft,1
13.026674,77.523239,22,5,1,burglary,1
12.956092,77.700677,7,3,0,vehicle_theft,1
12.971184,77.651271,21,3,0,assault,3
12.943397,77.696474,22,5,1,vehicle_theft,2
12.847629,77.661871,19,5,1,vehicle_theft,2
12.930516,77.545651,21,6,1,burglary,3
12.960349,77.574004,13,3,0,theft,1
12.978047,77.59437,20,1,0,harassment,1
12.957386,77.577749,17,6,1,theft,1
13.00859,77.695928,19,6,1,vehicle_theft,2
12.96111,77.577234,21,6,1,theft,1
12.931774,77.591346,20,5,1,burglary,2
12.953293,77.708751,7,5,1,assault,2
12.972154,77.641126,21,3,0,assault,3
12.981853,77.621641,23,5,1,assault,3
12.968186,77.578966,12,3,0,theft,1
12.962995,77.577049,21,5,1,theft,1
12.956058,77.700937,8,0,0,burglary,3
12.947392,77.703083,10,0,0,burglary,2
12.951487,77.701686,10,1,0,theft,2
13.00185,77.565742,18,2,0,theft,2
12.98282,77.620985,1,5,1,theft,1
12.976694,77.604836,15,5,1,harassment,1
12.941193,77.536433,21,4,0,burglary,2
12.926031,77.574695,7,4,0,fraud,2
12.973683,77.608876,23,3,0,assault,3
12.984551,77.578192,11,4,0,theft,1
12.916664,77.602571,20,5,1,burglary,3
13.021401,77.604491,9,0,0,vehicle_theft,1
12.985671,77.605067,7,4,0,theft,1
12.940732,77.622128,22,4,0,assault,3
12.963187,77.577284,1,5,1,harassment,2
12.976505,77.643463,1,2,0,theft,1
12.976233,77.607679,1,0,0,harassment,1
13.006835,77.695366,22,3,0,assault,3
13.000844,77.570955,19,0,0,fraud,1
12.915523,77.609838,18,4,0,theft,1
12.908997,77.593756,17,1,0,vehicle_theft,1
12.972739,77.608136,6,6,1,assault,3
12.934796,77.5849,1,6,1,burglary,1
12.892657,77.638445,19,4,0,burglary,2
12.930047,77.635968,6,5,1,theft,1
12.955879,77.581119,13,0,0,assault,3
12.912194,77.639623,21,2,0,burglary,2
12.962958,77.577104,15,4,0,theft,1
12.987071,77.60727,13,3,0,assault,3
12.915665,77.611061,1,1,0,vehicle_theft,1
12.920631,77.618133,17,1,0,theft,1
12.98159,77.572201,8,3,0,theft,1
12.984903,77.569828,19,6,1,theft,1
12.954041,77.705744,8,3,0,vehicle_theft,2
12.969762,77.578935,6,2,0,theft,1
13.007706,77.694884,8,2,0,assault,3
13.036316,77.516785,22,2,0,burglary,2
12.970352,77.580746,13,5,1,theft,2
12.934671,77.625833,23,3,0,assault,3
12.967695,77.752126,13,2,0,vehicle_theft,3
12.853623,77.46932,2,2,0,fraud,2
12.876959,77.458374,14,5,1,vehicle_theft,1
13.037807,77.603863,11,5,1,vehicle_theft,2
13.025725,77.533893,6,3,0,theft,1
12.988006,77.60698,15,2,0,theft,1
12.978917,77.608302,2,2,0,harassment,1
12.997508,77.555012,10,6,1,burglary,2
13.100546,77.596866,10,5,1,vehicle_theft,2
13.034503,77.514337,1,3,0,burglary,3
12.906998,77.585002,3,3,0,vehicle_theft,2
12.971857,77.641412,22,0,0,vehicle_theft,1
12.977485,77.603278,3,5,1,harassment,1
12.98181,77.605722,14,0,0,theft,1
12.917091,77.64478,19,6,1,fraud,1
13.034885,77.603563,23,3,0,theft,1
12.935999,77.624249,15,6,1,theft,1
12.969094,77.585317,12,1,0,theft,2
12.904284,77.585572,18,2,0,burglary,2
12.912604,77.618315,5,2,0,vehicle_theft,1
12.903727,77.586043,13,1,0,vehicle_theft,1
12.968506,77.750347,20,5,1,fraud,1
12.96426,77.749699,0,1,0,burglary,2
12.853806,77.657918,10,3,0,vehicle_theft,2
12.984235,77.604918,9,5,1,theft,1
12.849542,77.654497,5,5,1,vehicle_theft,2
12.914193,77.603555,22,3,0,theft,1
12.932683,77.633643,9,6,1,harassment,2
12.911515,77.621608,11,4,0,assault,3
12.906612,77.584811,20,4,0,vehicle_theft,2
13.032369,77.521215,2,0,0,theft,2
12.967586,77.637822,0,6,1,vehicle_theft,1
12.83,77.658822,18,4,0,vehicle_theft,2
12.975047,77.526832,1,1,0,vehicle_theft,3
13.09911,77.595332,1,4,0,burglary,1
12.973166,77.641827,22,1,0,assault,3
12.911193,77.637858,18,1,0,burglary,2
12.836238,77.636385,13,1,0,assault,1
12.908672,77.618129,10,1,0,burglary,3
12.988308,77.606779,10,5,1,assault,3
12.984474,77.605019,11,0,0,harassment,1
12.907647,77.616959,14,6,1,vehicle_theft,1
12.968945,77.638549,17,4,0,vehicle_theft,2
12.890073,77.524394,5,5,1,assault,1
12.906331,77.583755,1,5,1,burglary,3
12.965385,77.568189,12,6,1,harassment,2
12.984132,77.605468,11,5,1,assault,2
12.960242,77.526098,0,5,1,theft,1
12.903688,77.611134,18,5,1,vehicle_theft,2
13.043262,77.777518,19,0,0,vehicle_theft,2
12.834253,77.755488,5,1,0,burglary,1
12.910396,77.638797,19,4,0,fraud,1
12.961234,77.696054,20,3,0,vehicle_theft,2
13.032975,77.520222,22,1,0,vehicle_theft,2
12.845209,77.655242,21,1,0,vehicle_theft,1
13.034139,77.585572,10,6,1,vehicle_theft,1
12.958083,77.575924,11,3,0,theft,1
12.928752,77.619743,10,2,0,vehicle_theft,2
12.937006,77.625498,2,2,0,harassment,1
12.977245,77.573678,10,1,0,theft,2
12.920406,77.592476,18,2,0,burglary,1
13.005009,77.695485,13,0,0,vehicle_theft,1
12.957716,77.703396,10,0,0,assault,3
13.013412,77.703666,19,1,0,burglary,2
12.973739,77.606103,21,1,0,theft,1
12.95511,77.759298,2,4,0,burglary,2
12.977942,77.609221,2,5,1,assault,3
12.913238,77.541909,18,6,1,burglary,3
12.983816,77.604018,13,5,1,assault,3
12.90573,77.59395,21,2,0,burglary,1
12.968963,77.578949,14,3,0,theft,1
12.930889,77.75074,1,0,0,assault,1
13.008972,77.696688,15,0,0,theft,1
12.916664,77.613872,0,0,0,burglary,2
12.915114,77.542987,10,5,1,theft,2
13.039146,77.505882,21,3,0,burglary,2
12.935086,77.625157,0,4,0,assault,3
12.937523,77.628858,19,2,0,assault,3
12.967732,77.755919,7,3,0,burglary,2
12.953794,77.6871,19,0,0,burglary,2
12.878802,77.529681,11,6,1,harassment,2
12.86125,77.657262,0,1,0,vehicle_theft,3
13.03198,77.519654,21,6,1,theft,1
12.977795,77.5632,7,4,0,burglary,1
12.976802,77.60515,2,6,1,harassment,2
13.087235,77.594354,4,5,1,burglary,2
12.912063,77.641041,23,4,0,vehicle_theft,2
12.922904,77.547657,21,4,0,burglary,3
12.849211,77.653313,5,5,1,vehicle_theft,1
12.929504,77.541289,17,1,0,vehicle_theft,2
12.899834,77.616163,13,3,0,theft,1
12.974788,77.606917,4,4,0,harassment,1
12.936341,77.625443,23,6,1,harassment,1
12.967818,77.575901,11,0,0,theft,1
13.021394,77.540152,14,4,0,vehicle_theft,3
12.911835,77.611564,17,4,0,theft,1
12.921426,77.544519,2,6,1,burglary,3
12.981096,77.575994,14,5,1,theft,1
12.996255,77.555713,10,0,0,burglary,2
12.980691,77.572247,13,3,0,theft,1
12.964188,77.577,6,3,0,theft,1
12.941728,77.588853,1,6,1,theft,1
12.969128,77.525682,21,1,0,theft,1
12.916202,77.609966,20,2,0,vehicle_theft,2
13.012224,77.708522,12,2,0,theft,1
12.846708,77.652595,23,1,0,burglary,2
12.971688,77.753705,23,6,1,burglary,1
12.912694,77.64177,20,2,0,vehicle_theft,2
12.931075,77.626679,23,3,0,harassment,1
12.959659,77.734434,2,4,0,burglary,2
12.958189,77.585484,16,6,1,theft,1
12.935383,77.578571,1,3,0,burglary,1
12.909113,77.636497,15,3,0,theft,1
12.974918,77.580399,16,5,1,theft,1
12.918451,77.556792,21,5,1,vehicle_theft,2
12.83,77.665886,14,1,0,fraud,1
13.030049,77.526525,1,3,0,burglary,2
12.956484,77.698561,19,2,0,vehicle_theft,2
12.970883,77.566559,18,1,0,fraud,1
12.957991,77.704284,10,2,0,vehicle_theft,2
12.909102,77.61611,22,4,0,theft,1
12.982629,77.607795,9,1,0,theft,1
12.908921,77.607757,17,3,0,assault,3
13.103025,77.589488,9,1,0,burglary,2
12.915821,77.548728,1,4,0,theft,3
12.953156,77.687455,9,6,1,vehicle_theft,2
12.901836,77.581812,23,6,1,vehicle_theft,3
12.995171,77.555798,12,6,1,vehicle_theft,1
12.987664,77.617245,1,2,0,theft,1
12.96988,77.639404,22,4,0,vehicle_theft,2
12.966249,77.581564,20,4,0,theft,2
12.983558,77.603732,12,3,0,harassment,1
12.97503,77.60765,23,5,1,assault,2
12.938297,77.624124,0,4,0,assault,2
12.965629,77.579531,13,6,1,fraud,1
12.970225,77.642275,20,0,0,assault,3
12.987107,77.602597,15,1,0,harassment,1
12.995581,77.574168,20,1,0,burglary,2
12.916302,77.610146,0,0,0,theft,1
12.982959,77.601157,17,3,0,harassment,1
12.902854,77.646669,20,3,0,vehicle_theft,2
12.970453,77.752163,5,6,1,burglary,2
12.971802,77.639858,0,1,0,theft,2
12.969997,77.750078,18,1,0,vehicle_theft,2
13.013921,77.702605,4,1,0,theft,1
12.981143,77.574787,6,0,0,theft,1
12.975089,77.605298,21,2,0,assault,2
12.836489,77.654141,5,6,1,theft,1
12.938355,77.580854,21,2,0,burglary,3
12.976508,77.607967,5,6,1,assault,2
12.901292,77.617978,22,0,0,theft,1
13.091278,77.594547,7,3,0,burglary,2
13.023528,77.538825,9,5,1,assault,2
13.035062,77.606013,22,0,0,vehicle_theft,3
12.939533,77.610989,19,2,0,theft,2
13.104114,77.675859,14,2,0,assault,1
13.008095,77.695652,8,5,1,vehicle_theft,2
12.974013,77.586008,12,1,0,theft,1
12.972718,77.642564,2,3,0,vehicle_theft,2
12.984973,77.605279,6,2,0,theft,1
12.999889,77.562427,14,3,0,fraud,2
13.033956,77.519091,2,2,0,vehicle_theft,2
13.028028,77.540024,21,2,0,vehicle_theft,3
12.860242,77.480076,20,5,1,theft,2
12.944975,77.631951,16,5,1,assault,3
12.984496,77.604415,22,3,0,harassment,1
12.982099,77.59847,2,4,0,theft,2
12.986093,77.542177,12,2,0,theft,1
12.976,77.57152,19,3,0,theft,1
12.9765,77.630072,23,6,1,harassment,1
12.916255,77.612345,19,4,0,vehicle_theft,1
12.935338,77.625496,13,5,1,harassment,2
12.976051,77.535918,8,6,1,theft,1
13.002638,77.642645,20,1,0,harassment,1
13.036891,77.622796,8,6,1,assault,3
12.952749,77.696152,9,0,0,vehicle_theft,3
12.905617,77.588983,21,3,0,burglary,3
12.972417,77.529744,20,2,0,theft,2
13.014148,77.69564,10,5,1,theft,1
12.923547,77.544714,12,1,0,theft,1
12.963108,77.535135,21,5,1,burglary,2
12.912595,77.590054,1,6,1,burglary,3
12.948207,77.621793,23,5,1,assault,3
12.911771,77.553259,1,0,0,theft,1
12.964624,77.577736,9,6,1,harassment,1
13.000146,77.564866,9,0,0,theft,1
12.975352,77.569752,17,2,0,theft,1
12.978269,77.619544,22,5,1,theft,1
12.905861,77.645007,18,4,0,fraud,1
12.917526,77.541504,19,5,1,vehicle_theft,2
12.971745,77.575583,13,3,0,theft,1
12.847823,77.655901,16,0,0,vehicle_theft,2
12.978246,77.749858,23,5,1,fraud,1
12.97986,77.614625,23,5,1,assault,3
13.022345,77.55011,23,1,0,assault,3
12.938011,77.615787,10,0,0,harassment,1
13.029904,77.540709,10,5,1,theft,1
12.985124,77.605017,10,0,0,theft,1
13.003393,77.564957,21,6,1,theft,1
12.905823,77.61448,16,6,1,burglary,2
12.989001,77.60465,1,5,1,theft,1
12.985083,77.604884,18,1,0,harassment,2
12.914449,77.641551,8,0,0,fraud,3
12.92728,77.60854,19,0,0,vehicle_theft,1
12.936826,77.588142,22,6,1,burglary,2
12.926979,77.621866,2,5,1,harassment,1
12.978438,77.64171,0,1,0,theft,1
12.835838,77.635821,23,4,0,burglary,1
12.914258,77.586555,17,0,0,vehicle_theft,2
12.852598,77.659539,23,1,0,vehicle_theft,3
12.965904,77.560168,15,5,1,theft,1
12.981956,77.618102,12,5,1,theft,1
12.916837,77.609632,16,5,1,theft,1
12.96643,77.573169,10,0,0,harassment,1
12.982696,77.595538,4,2,0,theft,1
12.859389,77.665627,3,0,0,theft,1
12.964786,77.74586,4,2,0,burglary,2
13.034899,77.596918,10,5,1,vehicle_theft,1
12.925874,77.565907,18,6,1,vehicle_theft,2
12.965416,77.582322,11,4,0,theft,1
12.963221,77.574861,9,4,0,harassment,1
13.008038,77.569383,18,5,1,theft,1
12.919325,77.542134,20,5,1,vehicle_theft,3
12.977511,77.740653,0,3,0,theft,1
12.961684,77.578748,1,1,0,theft,1
12.99552,77.552259,18,6,1,burglary,2
12.958624,77.699618,9,4,0,burglary,2
12.969221,77.752546,22,2,0,theft,1
12.980321,77.565837,5,4,0,theft,1
12.925207,77.61801,4,6,1,vehicle_theft,3
12.980632,77.611432,3,1,0,assault,3
12.980552,77.610302,7,4,0,theft,1
13.112177,77.53635,6,2,0,vehicle_theft,2
12.975011,77.523666,22,4,0,theft,1
13.030723,77.529307,0,0,0,vehicle_theft,2
13.037059,77.598751,19,2,0,assault,3
12.956184,77.716233,17,5,1,burglary,2
13.00199,77.570653,13,2,0,theft,2
13.000639,77.551627,15,3,0,burglary,2
12.975528,77.579059,11,1,0,theft,1
12.898657,77.568887,1,0,0,burglary,2
12.906594,77.59153,21,5,1,theft,2
13.028327,77.561302,6,3,0,harassment,2
12.907019,77.583672,19,5,1,burglary,2
13.08554,77.76084,3,4,0,theft,2
12.95476,77.68957,22,5,1,theft,2
13.101998,77.588283,0,4,0,vehicle_theft,2
12.97725,77.530017,3,3,0,theft,1
13.088183,77.53922,13,3,0,assault,1
12.984901,77.598571,15,5,1,harassment,1
13.002933,77.570905,15,6,1,theft,1
13.032531,77.518998,20,0,0,burglary,3
12.930275,77.597434,22,5,1,burglary,2
13.045254,77.611525,20,3,0,vehicle_theft,1
12.971073,77.605736,21,0,0,assault,2
12.937939,77.618085,1,6,1,assault,3
12.976964,77.60004,23,5,1,theft,1
13.130473,77.540678,12,3,0,vehicle_theft,1
13.000934,77.558014,18,5,1,theft,1
12.876291,77.742015,9,6,1,burglary,2
12.910887,77.610731,18,3,0,theft,1
12.974743,77.636455,9,3,0,assault,3
12.927851,77.582871,12,6,1,burglary,2
12.967494,77.575691,11,2,0,theft,1
12.928382,77.629865,0,5,1,assault,3
12.923114,77.596492,14,2,0,theft,1
12.971057,77.584237,17,4,0,theft,1
12.931514,77.583674,4,3,0,theft,1
12.9134,77.602128,10,1,0,theft,2
12.926584,77.622007,0,6,1,vehicle_theft,1
12.933857,77.547148,22,3,0,burglary,3
12.972683,77.532274,19,4,0,burglary,1
12.84903,77.666182,15,1,0,burglary,2
12.924581,77.720302,19,1,0,assault,1
13.033211,77.611755,17,0,0,vehicle_theft,2
12.973633,77.608315,13,0,0,assault,3
12.99722,77.702979,18,2,0,burglary,1
12.96621,77.751855,9,6,1,theft,1
12.924289,77.544137,15,5,1,burglary,2
12.934709,77.620379,3,5,1,vehicle_theft,3
13.10178,77.490224,13,4,0,assault,1
12.926295,77.585157,18,3,0,fraud,2
13.015333,77.565419,10,4,0,theft,1
13.003388,77.562191,13,6,1,theft,1
13.026198,77.533182,16,3,0,vehicle_theft,2
12.973137,77.536819,6,3,0,vehicle_theft,2
12.913471,77.613728,12,3,0,vehicle_theft,1
12.981129,77.614232,1,6,1,assault,3
12.936503,77.498171,19,5,1,vehicle_theft,1
12.917618,77.608804,19,5,1,vehicle_theft,2
12.994551,77.609565,10,3,0,theft,1
12.962406,77.577024,22,6,1,harassment,2
13.023059,77.518877,12,4,0,burglary,3
12.964372,77.746359,20,1,0,burglary,1
12.915306,77.639836,18,2,0,vehicle_theft,2
12.957589,77.58199,18,4,0,harassment,1
12.978473,77.602375,0,4,0,theft,1
12.997746,77.555026,2,3,0,burglary,2
12.911219,77.639825,17,0,0,burglary,3
12.946962,77.571959,19,6,1,harassment,1
12.972339,77.734496,1,3,0,burglary,3
12.844853,77.660687,23,4,0,vehicle_theft,2
12.970274,77.609188,22,2,0,assault,2
12.967321,77.691983,6,6,1,assault,3
12.91467,77.613733,18,0,0,vehicle_theft,2
12.984625,77.603991,19,0,0,harassment,1
12.975589,77.571606,17,0,0,theft,1
12.971208,77.61338,10,6,1,assault,3
13.008568,77.700402,12,6,1,vehicle_theft,3
12.931391,77.540267,19,2,0,burglary,3
12.972256,77.641605,22,6,1,harassment,1
12.835367,77.66566,3,0,0,vehicle_theft,2
12.981937,77.604001,12,6,1,assault,3
12.97525,77.565106,19,1,0,harassment,1
12.975365,77.60973,2,0,0,assault,3
12.92818,77.582319,16,3,0,burglary,3
12.98715,77.60708,14,0,0,theft,1
12.924783,77.583012,19,3,0,theft,1
12.92608,77.618416,2,4,0,theft,1
12.887502,77.559947,5,1,0,assault,1
12.977937,77.581545,9,2,0,fraud,1
12.96668,77.580853,9,5,1,theft,1
12.9101,77.620765,11,0,0,vehicle_theft,2
13.007705,77.569261,10,3,0,theft,1
12.831188,77.651761,8,0,0,harassment,1
12.91478,77.612139,15,3,0,burglary,2
12.964683,77.706528,1,3,0,theft,1
12.964651,77.633634,21,0,0,theft,3
12.876611,77.568594,21,3,0,assault,2
12.844275,77.664974,11,1,0,burglary,1
12.983987,77.556469,5,5,1,theft,1
13.027652,77.540488,19,2,0,assault,3
12.933899,77.582442,11,4,0,theft,1
12.9312,77.585674,22,2,0,theft,1
12.970484,77.750175,2,3,0,burglary,2
12.928387,77.584981,7,5,1,theft,1
13.033942,77.536811,9,5,1,theft,1
12.921229,77.614432,22,1,0,harassment,1
13.030797,77.538054,8,2,0,theft,2
12.923776,77.550452,16,0,0,vehicle_theft,2
12.968866,77.467628,13,1,0,burglary,1
12.903593,77.749365,22,3,0,burglary,2
12.984954,77.715555,22,2,0,vehicle_theft,1
12.964817,77.579786,16,3,0,theft,1
12.927836,77.548738,3,1,0,burglary,1
13.067119,77.491305,1,4,0,harassment,2
12.984074,77.602054,11,0,0,harassment,1
13.039312,77.594112,11,2,0,assault,3
13.005293,77.691187,8,1,0,burglary,1
13.100556,77.595983,5,3,0,burglary,2
12.92926,77.617181,22,5,1,vehicle_theft,3
12.966915,77.609521,3,2,0,theft,1
12.956617,77.703658,8,6,1,vehicle_theft,2
12.856785,77.664617,1,0,0,burglary,3
12.993896,77.572962,8,5,1,burglary,2
12.963266,77.577022,18,5,1,harassment,3
12.967958,77.642347,2,4,0,assault,2
13.096454,77.594682,20,5,1,vehicle_theft,1
12.96803,77.578983,10,2,0,theft,1
12.983271,77.605284,15,0,0,theft,1
12.844303,77.65965,23,6,1,fraud,1
12.938092,77.577934,18,6,1,theft,1
12.962962,77.70958,9,4,0,burglary,3
12.908924,77.590351,17,0,0,theft,1
13.024683,77.539651,18,6,1,vehicle_theft,2
12.907895,77.630633,20,5,1,burglary,2
12.987865,77.609149,18,3,0,assault,3
12.928332,77.546331,11,0,0,burglary,1
12.903533,77.644175,21,6,1,burglary,2
13.007199,77.693694,21,5,1,vehicle_theft,3
12.898946,77.624753,6,3,0,theft,1
12.919602,77.55266,20,2,0,theft,1
13.007756,77.570918,23,0,0,theft,1
12.868146,77.48848,6,4,0,vehicle_theft,2
12.833268,77.675349,22,2,0,vehicle_theft,2
13.017491,77.688914,6,5,1,vehicle_theft,2
13.00362,77.569876,8,1,0,theft,1
13.004223,77.566485,14,1,0,fraud,1
12.971274,77.539794,19,1,0,vehicle_theft,2
12.968312,77.579044,9,6,1,theft,1
13.010181,77.697504,18,2,0,vehicle_theft,3
13.006108,77.69638,17,1,0,assault,3
12.943329,77.617126,23,5,1,assault,3
13.001277,77.565761,20,2,0,theft,1
12.923751,77.583574,7,6,1,theft,2
13.013756,77.573925,12,1,0,theft,1
12.904036,77.587245,18,6,1,theft,1
12.954568,77.697951,16,1,0,vehicle_theft,3
12.956994,77.570037,20,6,1,theft,1
12.904449,77.589181,20,4,0,theft,2
12.974496,77.612434,23,2,0,theft,1
12.931354,77.590741,22,3,0,theft,2
12.916982,77.606809,15,0,0,burglary,2
13.111248,77.722322,10,5,1,harassment,1
12.998946,77.559442,4,6,1,burglary,3
12.982589,77.569514,8,3,0,assault,3
12.956907,77.70278,17,3,0,burglary,2
12.920073,77.54921,5,1,0,theft,3
12.924395,77.542787,16,3,0,vehicle_theft,2
13.03417,77.520747,1,3,0,vehicle_theft,2
12.975565,77.606177,13,5,1,harassment,1
12.969813,77.749216,3,0,0,vehicle_theft,2
13.025574,77.52315,9,6,1,vehicle_theft,2
12.977348,77.606122,14,3,0,assault,3
13.111612,77.585413,20,0,0,burglary,2
13.025786,77.545728,13,5,1,theft,1
12.984039,77.603736,17,5,1,theft,1
13.123412,77.575377,5,2,0,fraud,1
12.970115,77.750034,19,5,1,fraud,1
12.975403,77.637557,0,4,0,vehicle_theft,2
12.981066,77.59414,1,6,1,harassment,1
12.892118,77.769886,22,1,0,vehicle_theft,1
13.102927,77.600028,20,6,1,vehicle_theft,2
13.008474,77.694911,17,1,0,theft,1
12.978009,77.567189,12,6,1,theft,1
12.983163,77.621518,22,6,1,theft,1
12.964327,77.52398,7,0,0,theft,1
12.998437,77.553866,18,0,0,theft,1
12.850025,77.661708,1,5,1,vehicle_theft,2
13.001454,77.569444,12,5,1,fraud,1
12.971453,77.522264,22,0,0,theft,1
12.908895,77.622749,8,5,1,theft,2
12.974345,77.534664,17,4,0,theft,1
12.986879,77.572157,10,6,1,theft,1
12.964654,77.573709,19,3,0,theft,1
12.966255,77.57119,8,6,1,theft,1
12.974593,77.643913,5,4,0,assault,2
12.870233,77.674554,15,3,0,burglary,1
12.975605,77.603549,23,6,1,assault,3
13.035783,77.516603,23,4,0,vehicle_theft,2
12.925535,77.580603,21,3,0,theft,1
12.846746,77.659464,1,0,0,burglary,1
13.102985,77.603106,23,4,0,burglary,2
12.849479,77.674581,8,3,0,vehicle_theft,2
13.00023,77.55888,15,5,1,theft,1
12.934801,77.609562,18,3,0,vehicle_theft,2
12.976605,77.63881,4,6,1,harassment,1
12.985057,77.606259,2,3,0,harassment,1
12.952117,77.706636,21,1,0,theft,1
13.037741,77.533884,6,2,0,theft,2
12.835367,77.664728,4,1,0,theft,1
12.969829,77.529888,20,4,0,vehicle_theft,1
12.974349,77.608113,22,0,0,theft,1
12.975326,77.570193,8,1,0,theft,1
12.909393,77.609503,20,0,0,vehicle_theft,1
13.026556,77.535312,19,2,0,vehicle_theft,2
12.971647,77.528549,17,2,0,theft,1
12.924013,77.551469,21,4,0,burglary,2
13.012524,77.690259,17,1,0,assault,3
12.936675,77.618883,0,3,0,theft,1
12.933661,77.625616,13,6,1,harassment,1
12.987671,77.601158,12,2,0,theft,2
13.039004,77.516345,18,6,1,theft,2
12.989623,77.620354,2,1,0,harassment,1
12.859125,77.65385,6,1,0,burglary,3
12.974054,77.645106,4,6,1,theft,1
12.96959,77.635299,0,3,0,assault,3
13.032819,77.510668,20,3,0,theft,1
12.973756,77.639358,0,0,0,theft,1
12.844849,77.655733,21,6,1,burglary,2
12.97216,77.606781,23,3,0,harassment,2
13.027027,77.54012,19,5,1,theft,1
13.039323,77.518207,5,4,0,theft,1
12.841723,77.520498,18,2,0,fraud,1
12.930959,77.614724,1,6,1,vehicle_theft,2
12.952883,77.701114,10,1,0,vehicle_theft,2
13.030632,77.594826,8,0,0,assault,3
12.932676,77.583671,6,4,0,theft,2
13.00915,77.534509,19,1,0,theft,1
12.958997,77.705645,18,0,0,vehicle_theft,1
12.908713,77.61954,18,3,0,vehicle_theft,2
12.991019,77.543643,19,2,0,burglary,3
12.979997,77.570414,17,5,1,harassment,1
12.966865,77.577228,9,5,1,fraud,1
12.937767,77.634721,20,4,0,theft,2
12.971558,77.749879,15,0,0,vehicle_theft,2
12.926658,77.53967,21,1,0,burglary,2
12.973073,77.531717,20,6,1,burglary,2
12.915962,77.610046,6,2,0,theft,1
12.949343,77.582416,11,2,0,theft,2
12.982423,77.578606,11,0,0,theft,1
12.963359,77.575497,18,4,0,theft,1
13.013078,77.545562,17,0,0,burglary,1
12.93114,77.583596,18,0,0,theft,2
12.960074,77.575581,9,5,1,theft,1
12.967409,77.577724,15,0,0,theft,2
12.973847,77.640874,23,3,0,vehicle_theft,3
12.977909,77.571098,16,0,0,theft,1
13.102762,77.720733,18,0,0,fraud,1
12.943813,77.62216,23,4,0,theft,1
12.977014,77.604071,16,4,0,theft,1
12.976356,77.606148,1,6,1,harassment,1
13.037335,77.703173,5,4,0,theft,1
12.978293,77.607562,23,0,0,harassment,1
12.979115,77.606946,23,3,0,harassment,1
13.032317,77.595324,22,0,0,assault,3
12.985427,77.615335,1,3,0,theft,1
12.984812,77.622211,7,2,0,assault,3
12.998034,77.555052,18,1,0,theft,1
13.091957,77.603324,1,0,0,theft,1
12.830398,77.661498,7,1,0,fraud,2
12.95074,77.703257,8,0,0,vehicle_theft,3
12.954204,77.693521,13,2,0,vehicle_theft,2
13.028503,77.540076,22,6,1,theft,1
12.975224,77.608722,0,1,0,harassment,1
12.974198,77.60635,2,5,1,harassment,1
13.037231,77.591665,10,5,1,burglary,1
12.983599,77.597155,9,2,0,harassment,1
12.934512,77.580735,16,1,0,theft,1
13.037095,77.515208,12,3,0,vehicle_theft,2
13.033106,77.524936,20,4,0,vehicle_theft,2
12.852779,77.606069,23,4,0,harassment,1
12.935215,77.626137,0,1,0,assault,3
12.839196,77.671112,3,3,0,fraud,1
13.027859,77.541085,19,1,0,theft,1
12.912081,77.624446,3,3,0,theft,1
13.109048,77.681937,22,5,1,burglary,1
12.917249,77.546508,18,1,0,theft,2
12.966051,77.642547,0,2,0,harassment,3
12.961773,77.599912,22,5,1,harassment,1
12.931924,77.552039,20,1,0,theft,1
12.962649,77.580818,11,6,1,theft,1
12.906124,77.61918,17,4,0,theft,1
12.849409,77.65787,22,1,0,vehicle_theft,1
12.845055,77.660067,5,4,0,burglary,1
12.97003,77.643668,16,6,1,harassment,1
12.97856,77.61346,23,5,1,assault,3
12.902771,77.586788,17,3,0,burglary,3
12.89664,77.650572,22,1,0,fraud,1
12.958101,77.57708,21,6,1,assault,2
12.93,77.583215,10,1,0,theft,1
12.928094,77.589015,19,4,0,theft,2
12.969339,77.575255,23,1,0,theft,1
12.901553,77.620022,8,0,0,vehicle_theft,2
12.977676,77.56619,13,1,0,assault,2
12.967826,77.581249,13,1,0,fraud,1
12.843243,77.716225,23,2,0,fraud,1
12.936855,77.627411,2,5,1,theft,1
12.981833,77.599972,0,0,0,harassment,2
12.852061,77.652551,1,2,0,theft,1
12.976568,77.608678,2,5,1,harassment,1
13.006965,77.693281,0,5,1,vehicle_theft,2
12.921767,77.597382,18,1,0,vehicle_theft,2
13.011208,77.55852,19,3,0,assault,1
12.912308,77.611355,0,6,1,vehicle_theft,3
13.101643,77.597619,1,3,0,burglary,2
12.973689,77.57116,12,5,1,fraud,1
12.99847,77.57614,16,2,0,burglary,2
13.00253,77.57443,16,2,0,theft,1
13.006062,77.699559,10,3,0,theft,1
12.907189,77.58787,2,6,1,vehicle_theft,2
12.988249,77.603636,19,4,0,theft,1
13.038373,77.516839,23,3,0,burglary,3
12.893659,77.778007,7,0,0,vehicle_theft,2
12.96675,77.604616,9,1,0,assault,3
12.946178,77.705141,21,1,0,vehicle_theft,2
12.924759,77.636438,23,0,0,theft,1
12.9228,77.54328,23,0,0,burglary,2
13.038971,77.594608,20,1,0,burglary,2
12.937924,77.567836,17,0,0,theft,1
12.928404,77.583138,17,6,1,burglary,2
13.028378,77.540945,6,6,1,vehicle_theft,2
12.975533,77.606891,5,4,0,assault,2
12.92209,77.550104,21,3,0,burglary,3
12.983253,77.746779,4,3,0,vehicle_theft,3
12.966669,77.500347,5,6,1,theft,1
12.930281,77.582902,21,5,1,theft,1
12.982126,77.620737,5,6,1,assault,3
12.932813,77.58341,18,2,0,theft,1
12.972091,77.576621,12,1,0,theft,2
13.008649,77.690059,21,4,0,theft,1
13.02253,77.541798,14,0,0,vehicle_theft,1
12.990208,77.566167,11,0,0,theft,1
13.027697,77.53923,22,5,1,vehicle_theft,3
12.998167,77.558128,18,3,0,theft,1
12.896425,77.627106,0,4,0,vehicle_theft,1
12.928291,77.582115,1,0,0,burglary,2
12.959653,77.576935,15,1,0,harassment,1
12.984353,77.770083,8,1,0,vehicle_theft,1
13.025402,77.540742,17,2,0,vehicle_theft,2
12.985401,77.606115,16,1,0,assault,3
12.968446,77.579124,13,2,0,theft,1
13.017656,77.689981,9,1,0,burglary,2
12.973797,77.531008,19,5,1,theft,1
12.921325,77.545976,21,6,1,theft,2
12.92936,77.623223,5,6,1,harassment,1
12.983145,77.706443,2,2,0,burglary,1
12.997208,77.555822,18,1,0,assault,3
12.959072,77.728529,3,6,1,theft,2
12.970368,77.639655,1,1,0,theft,1
12.913241,77.619246,10,1,0,vehicle_theft,2
12.98547,77.60384,17,1,0,theft,1
13.011351,77.576958,7,1,0,theft,1
12.907854,77.619558,23,3,0,theft,1
12.968165,77.579463,19,4,0,theft,1
12.978797,77.617171,0,5,1,assault,3
12.974988,77.732872,3,0,0,burglary,2
12.923414,77.648142,23,0,0,burglary,3
12.865428,77.63772,11,1,0,theft,1
12.860009,77.660395,21,3,0,vehicle_theft,1
13.007087,77.697101,9,4,0,burglary,2
12.975154,77.607173,0,5,1,harassment,1
12.985445,77.621218,21,5,1,assault,3
12.996937,77.55565,15,0,0,assault,3
12.924826,77.54713,17,1,0,theft,1
12.97511,77.756282,19,5,1,theft,1
13.009554,77.691917,20,0,0,theft,1
12.901856,77.607352,18,0,0,vehicle_theft,1
12.972151,77.752535,21,2,0,burglary,1
12.942548,77.624105,9,3,0,theft,1
12.926633,77.548878,18,1,0,theft,1
12.983925,77.600601,0,3,0,assault,3
12.969291,77.579258,9,0,0,theft,1
12.94354,77.608897,1,6,1,assault,1
13.105094,77.584964,7,2,0,vehicle_theft,1
13.027159,77.536957,10,2,0,vehicle_theft,3
12.971759,77.641167,23,5,1,vehicle_theft,3
12.909254,77.580038,17,2,0,burglary,1
12.933786,77.625168,2,5,1,theft,1
13.00437,77.570571,6,0,0,theft,2
13.04536,77.516432,12,1,0,theft,1
12.90842,77.582035,20,5,1,vehicle_theft,1
12.970994,77.575162,17,3,0,theft,1
12.911328,77.606049,20,5,1,theft,1
13.032423,77.517929,0,0,0,vehicle_theft,2
12.977536,77.564176,17,1,0,theft,1
12.924244,77.550233,7,3,0,burglary,2
12.98059,77.602825,19,3,0,assault,2
12.976448,77.570084,12,4,0,fraud,2
12.910368,77.620469,17,0,0,assault,3
12.969462,77.52716,14,6,1,vehicle_theft,2
12.985706,77.606181,18,3,0,theft,1
13.011404,77.565529,17,2,0,theft,1
12.999282,77.688048,10,2,0,theft,1
12.965923,77.576478,17,4,0,theft,1
12.904723,77.651362,15,4,0,vehicle_theft,2
12.935132,77.61941,23,5,1,assault,3
12.969968,77.644444,0,5,1,theft,1
13.022922,77.538585,11,1,0,vehicle_theft,2
12.972067,77.640907,2,6,1,harassment,1
12.921042,77.632609,10,6,1,burglary,3
12.983594,77.605747,8,5,1,theft,1
13.09325,77.48457,0,0,0,assault,1
12.914144,77.620212,0,1,0,vehicle_theft,2
12.98834,77.604776,11,3,0,assault,3
12.915434,77.639852,2,1,0,fraud,1
12.893431,77.586126,17,5,1,burglary,2
12.985252,77.607221,17,5,1,theft,1
12.920891,77.60527,14,5,1,burglary,1
13.037661,77.516067,22,3,0,burglary,3
12.981607,77.620885,22,1,0,harassment,2
13.010509,77.547893,10,0,0,vehicle_theft,1
12.985962,77.602268,12,3,0,theft,1
12.984847,77.600915,16,3,0,theft,1
12.965019,77.749845,1,3,0,burglary,1
13.060962,77.60923,20,5,1,harassment,1
12.915379,77.639632,3,2,0,burglary,1
12.974945,77.606759,4,1,0,theft,1
12.905397,77.649185,22,5,1,fraud,1
12.900653,77.5007,23,4,0,theft,2
12.969237,77.571053,11,0,0,theft,1
12.974342,77.569946,9,1,0,harassment,2
12.923432,77.58807,14,1,0,theft,1
12.957047,77.705728,20,0,0,burglary,2
12.988317,77.605235,22,6,1,theft,1
12.968199,77.584417,0,5,1,theft,1
12.910391,77.61002,8,1,0,assault,3
12.966703,77.580963,21,0,0,theft,1
12.976458,77.603322,1,5,1,harassment,1
12.918371,77.612328,13,5,1,vehicle_theft,2
12.948377,77.704291,11,6,1,theft,1
12.839209,77.652289,2,6,1,burglary,2
12.907361,77.582919,19,0,0,burglary,2
12.93243,77.624558,17,6,1,harassment,1
12.963622,77.575303,17,4,0,theft,1
12.957409,77.757516,23,1,0,theft,1
12.968452,77.538789,3,1,0,vehicle_theft,1
12.973624,77.639412,1,6,1,theft,1
12.908771,77.637699,18,4,0,theft,2
12.984073,77.604456,16,2,0,harassment,2
12.984841,77.603428,19,0,0,theft,1
13.100254,77.598281,19,1,0,burglary,2
12.975703,77.568938,15,4,0,theft,1
12.925011,77.556682,22,5,1,theft,1
12.947314,77.698412,19,2,0,vehicle_theft,1
12.902726,77.583076,16,2,0,burglary,2
12.93482,77.620646,17,5,1,vehicle_theft,3
12.937711,77.626674,2,1,0,assault,3
12.912363,77.640451,18,5,1,fraud,1
13.101024,77.60188,2,5,1,burglary,2
12.940038,77.627965,2,0,0,theft,2
13.070573,77.565554,5,0,0,vehicle_theft,2
12.932232,77.622245,22,1,0,theft,2
12.972285,77.640689,3,5,1,assault,3
13.03671,77.514359,5,3,0,vehicle_theft,3
12.968681,77.643809,0,0,0,theft,1
12.983429,77.604572,9,0,0,theft,1
12.99523,77.552151,15,2,0,assault,3
12.970562,77.642445,22,6,1,harassment,2
12.953457,77.701739,23,4,0,vehicle_theft,1
12.988021,77.554487,16,6,1,burglary,1
12.930051,77.630733,22,2,0,theft,1
12.840763,77.661722,15,4,0,vehicle_theft,1
12.831731,77.614409,14,1,0,fraud,1
12.977189,77.541086,19,5,1,vehicle_theft,3
12.930735,77.528311,20,4,0,burglary,2
12.850457,77.666441,15,0,0,burglary,2
12.985699,77.625723,11,1,0,assault,3
12.89637,77.587499,20,5,1,burglary,2
12.912728,77.640755,8,3,0,fraud,1
12.952898,77.592369,12,6,1,assault,1
12.917054,77.586048,4,5,1,theft,1
12.91638,77.614056,18,1,0,theft,1
12.990218,77.611972,13,3,0,theft,1
12.962292,77.577377,15,0,0,harassment,1
12.971602,77.529167,12,5,1,burglary,2
12.965472,77.534368,10,5,1,vehicle_theft,1
12.967369,77.580059,10,2,0,theft,1
12.974909,77.703669,8,2,0,fraud,2
12.910289,77.610198,23,3,0,vehicle_theft,2
13.00468,77.575639,17,0,0,theft,1
12.912308,77.639786,23,6,1,burglary,2
12.91971,77.606409,19,3,0,theft,1
13.100244,77.601618,13,1,0,vehicle_theft,2
12.986886,77.746084,3,6,1,burglary,2
13.006639,77.547941,18,0,0,assault,3
12.915702,77.610797,15,6,1,burglary,1
12.83,77.661134,3,1,0,burglary,1
12.97842,77.568544,20,3,0,assault,3
12.997629,77.554925,5,1,0,theft,1
12.9099,77.63963,18,5,1,theft,1
12.999066,77.568219,22,0,0,theft,1
12.968095,77.577952,12,5,1,theft,1
13.104143,77.469818,20,5,1,assault,2
12.998809,77.55223,4,0,0,burglary,2
13.033904,77.537911,2,5,1,theft,1
13.00394,77.548524,18,3,0,theft,2
12.97574,77.568616,14,3,0,harassment,1
13.008445,77.694764,7,2,0,theft,1
13.097278,77.609033,2,1,0,vehicle_theft,2
12.963256,77.576886,18,1,0,harassment,2
12.904451,77.587182,1,5,1,vehicle_theft,1
12.934195,77.623267,1,3,0,harassment,1
13.09193,77.598115,19,5,1,vehicle_theft,3
12.906293,77.617777,11,6,1,theft,1
13.001401,77.552962,8,4,0,theft,1
12.962253,77.577765,16,2,0,theft,1
12.94254,77.63024,1,3,0,theft,1
12.95365,77.701354,20,3,0,burglary,2
12.962404,77.699362,8,1,0,vehicle_theft,2
12.972954,77.635122,20,3,0,harassment,1
12.965242,77.640408,0,1,0,harassment,1
12.923947,77.54689,22,3,0,burglary,2
12.951304,77.484382,11,4,0,burglary,2
12.905856,77.645893,0,0,0,theft,1
13.033231,77.594892,17,6,1,vehicle_theft,2
13.095606,77.591469,0,4,0,burglary,1
13.031657,77.520717,2,5,1,burglary,2
12.971831,77.754571,1,4,0,theft,2
12.931643,77.583063,16,1,0,theft,1
12.978805,77.602781,16,1,0,harassment,1
12.915132,77.640268,21,4,0,vehicle_theft,2
13.00298,77.569978,10,5,1,fraud,1
12.915605,77.615195,23,5,1,theft,1
12.950487,77.704155,6,0,0,burglary,2
12.976653,77.571537,11,5,1,theft,1
12.961559,77.574742,15,3,0,theft,1
12.907725,77.615797,15,3,0,vehicle_theft,1
12.834396,77.651478,5,4,0,burglary,2
12.905255,77.618541,19,0,0,vehicle_theft,3
12.905497,77.620459,19,1,0,vehicle_theft,2
12.917019,77.600757,16,6,1,vehicle_theft,2
13.029643,77.516802,2,3,0,vehicle_theft,3
12.976644,77.636617,21,2,0,assault,3
12.933714,77.584559,16,5,1,theft,1
12.971301,77.639414,4,5,1,theft,1
12.96282,77.62771,0,2,0,assault,2
12.931758,77.589271,20,5,1,fraud,2
12.960176,77.707122,16,6,1,assault,3
12.934051,77.624962,23,0,0,theft,2
12.977598,77.569686,5,5,1,fraud,1
12.973419,77.624704,6,2,0,harassment,1
12.996182,77.551586,22,4,0,burglary,2
12.963641,77.583426,11,4,0,theft,1
12.998058,77.555029,8,6,1,theft,1
12.960309,77.575648,7,6,1,theft,1
12.962082,77.771875,7,6,1,vehicle_theft,2
12.980825,77.595333,0,5,1,harassment,1
12.975489,77.636665,23,2,0,assault,3
12.965441,77.57495,17,4,0,theft,1
12.908297,77.638586,13,3,0,burglary,2
12.975371,77.603823,23,6,1,theft,1
12.983933,77.618295,0,6,1,assault,3
13.008857,77.565658,9,2,0,theft,1
12.91126,77.644945,18,0,0,vehicle_theft,2
13.004548,77.545718,23,5,1,theft,1
12.973617,77.60972,0,5,1,assault,3
12.966876,77.577615,18,6,1,theft,1
12.907345,77.585307,20,0,0,theft,1
12.912043,77.641147,8,5,1,burglary,2
13.036314,77.594847,6,4,0,burglary,1
12.910536,77.613512,12,0,0,assault,3
13.02892,77.539256,10,0,0,theft,1
12.977318,77.601768,3,6,1,assault,3
13.026437,77.54143,21,1,0,vehicle_theft,1
12.930735,77.593061,16,5,1,theft,1
12.901427,77.635637,15,5,1,assault,2
12.971818,77.571219,23,2,0,theft,2
12.984105,77.604514,18,4,0,harassment,1
12.996961,77.555927,21,4,0,burglary,2
13.001473,77.482414,5,0,0,harassment,2
12.96158,77.578141,10,5,1,fraud,1
12.915667,77.611693,0,5,1,theft,1
12.970406,77.611889,0,0,0,assault,2
12.919066,77.575826,7,6,1,theft,1
12.940884,77.62566,0,2,0,assault,2
12.880725,77.603191,2,6,1,burglary,1
13.006636,77.708255,8,5,1,vehicle_theft,3
12.935244,77.591397,1,0,0,theft,1
12.95044,77.708174,16,1,0,burglary,1
12.975483,77.762355,18,1,0,theft,1
12.912962,77.622152,9,3,0,theft,1
12.934735,77.625309,18,5,1,harassment,1
12.949043,77.710417,0,6,1,burglary,2
12.993819,77.561238,18,5,1,theft,1
12.984437,77.621194,4,1,0,theft,1
12.979247,77.560531,12,2,0,theft,3
12.840042,77.659797,4,4,0,vehicle_theft,2
12.969437,77.622482,12,3,0,harassment,2
12.915706,77.553182,21,4,0,burglary,2
12.997558,77.459083,21,1,0,harassment,2
12.970831,77.578476,11,3,0,theft,1
13.026619,77.549112,7,4,0,theft,1
12.980467,77.611335,20,5,1,assault,3
12.984336,77.598551,17,5,1,assault,3
12.911961,77.634613,16,1,0,vehicle_theft,2
12.981659,77.60322,16,4,0,assault,2
12.901208,77.644357,18,2,0,burglary,2
12.974786,77.601413,2,6,1,theft,1
12.967692,77.742829,6,5,1,fraud,1
12.996956,77.602264,19,1,0,theft,1
12.972338,77.606714,6,3,0,harassment,1
12.916163,77.61026,0,4,0,vehicle_theft,2
12.915159,77.643066,14,1,0,vehicle_theft,2
13.002741,77.570351,13,2,0,burglary,3
12.969954,77.559829,15,0,0,theft,2
13.085761,77.761133,14,5,1,burglary,2
13.0042,77.702916,20,1,0,vehicle_theft,1
12.964696,77.640428,2,0,0,assault,3
12.913156,77.61447,18,3,0,burglary,2
12.830927,77.65908,2,6,1,burglary,2
12.845112,77.659887,0,2,0,fraud,1
12.972651,77.519317,3,4,0,vehicle_theft,3
12.966015,77.58354,21,4,0,theft,1
12.969699,77.751047,4,6,1,burglary,3
12.979828,77.645149,23,0,0,harassment,2
12.96687,77.520782,18,2,0,theft,1
13.030078,77.540142,18,1,0,theft,1
12.976899,77.572524,19,2,0,harassment,1
12.966911,77.580702,22,1,0,fraud,1
12.977932,77.57229,10,5,1,theft,1
13.015185,77.705756,11,4,0,burglary,2
12.915326,77.643213,8,5,1,burglary,2
12.964685,77.748134,1,2,0,vehicle_theft,2
12.86682,77.556751,8,2,0,burglary,1
13.032198,77.602857,6,3,0,vehicle_theft,2
13.038395,77.595765,8,6,1,vehicle_theft,3
12.979711,77.572698,18,6,1,assault,3
12.971494,77.523819,17,6,1,theft,1
12.905272,77.582447,16,2,0,vehicle_theft,3
13.034546,77.538582,20,3,0,vehicle_theft,3
12.916633,77.642533,9,6,1,theft,1
12.972218,77.529488,21,2,0,theft,1
12.983392,77.622929,12,4,0,assault,3
12.971214,77.637057,22,0,0,assault,2
12.977679,77.596478,18,5,1,assault,3
12.971758,77.603695,23,6,1,assault,3
12.931055,77.543896,7,1,0,burglary,2
12.998199,77.553198,19,0,0,assault,2
13.013642,77.693368,9,6,1,burglary,1
12.95386,77.690705,6,0,0,vehicle_theft,3
12.994158,77.605908,10,1,0,assault,3
12.971711,77.754303,10,2,0,vehicle_theft,3
13.030264,77.521959,2,5,1,theft,1
12.97334,77.611252,23,6,1,assault,3
12.844553,77.670453,4,3,0,vehicle_theft,2
12.927765,77.626891,2,3,0,harassment,1
12.911997,77.640997,2,6,1,burglary,3
12.931787,77.644766,14,3,0,assault,2
13.100457,77.595743,2,6,1,theft,2
12.963271,77.57534,11,5,1,harassment,1
12.972156,77.563253,9,1,0,assault,3
13.025347,77.600944,20,4,0,assault,3
13.044975,77.524755,8,0,0,vehicle_theft,2
13.02793,77.599499,19,0,0,vehicle_theft,2
12.944868,77.618583,21,6,1,assault,3
12.935018,77.626144,2,0,0,theft,1
12.915683,77.610345,18,0,0,vehicle_theft,1
12.963299,77.577018,19,2,0,harassment,1
12.935083,77.626149,15,5,1,theft,1
12.973447,77.646831,3,6,1,vehicle_theft,2
12.974052,77.643323,0,6,1,assault,3
12.940316,77.622464,21,0,0,harassment,2
12.935851,77.582671,14,6,1,fraud,1
12.96791,77.607517,23,6,1,assault,3
12.933652,77.622393,13,5,1,assault,2
12.970971,77.530319,21,1,0,theft,1
13.05761,77.520609,20,3,0,burglary,1
13.060536,77.669817,18,3,0,vehicle_theft,2
12.907506,77.609604,20,6,1,theft,1
12.970686,77.530298,15,6,1,vehicle_theft,2
12.978465,77.614275,21,0,0,harassment,1
12.975086,77.607438,3,3,0,theft,1
12.975583,77.576775,11,3,0,theft,1
13.020024,77.704134,10,1,0,vehicle_theft,2
13.00126,77.580359,8,5,1,fraud,1
12.970392,77.529251,10,4,0,burglary,2
13.005345,77.695773,18,0,0,burglary,2
12.983897,77.575898,3,2,0,theft,2
13.105055,77.609851,7,2,0,vehicle_theft,3
12.89502,77.474234,11,2,0,harassment,1
12.85117,77.663638,0,4,0,burglary,2
12.976267,77.613459,0,4,0,assault,3
13.007654,77.696425,20,2,0,burglary,2
12.970403,77.602585,23,5,1,theft,1
12.982796,77.539709,1,3,0,assault,2
12.968473,77.639327,1,4,0,harassment,1
12.910412,77.617537,11,0,0,vehicle_theft,2
12.934563,77.578648,21,5,1,fraud,1
13.023454,77.515567,2,4,0,theft,1
13.003038,77.547978,20,0,0,assault,3
12.932606,77.61439,9,3,0,vehicle_theft,2
12.966707,77.642016,1,6,1,assault,3
12.978007,77.619578,23,1,0,harassment,1
12.949924,77.69842,19,2,0,vehicle_theft,2
12.844408,77.655092,3,5,1,theft,2
12.987909,77.600293,8,1,0,assault,2
12.846846,77.657713,22,3,0,theft,2
12.976496,77.607443,20,3,0,assault,2
13.030909,77.522231,19,6,1,theft,1
13.047999,77.522169,13,5,1,burglary,2
12.974489,77.606901,0,1,0,harassment,1
12.920509,77.63938,18,3,0,vehicle_theft,1
12.907602,77.579084,9,2,0,burglary,3
13.038715,77.588645,12,5,1,burglary,2
12.979964,77.610219,7,5,1,theft,2
12.974856,77.606944,18,6,1,harassment,1
12.83,77.652166,22,0,0,theft,2
12.92044,77.540626,22,3,0,theft,1
13.037205,77.520847,11,0,0,burglary,2
12.944462,77.701742,6,3,0,theft,1
12.908597,77.620638,4,3,0,vehicle_theft,2
12.97233,77.64072,20,5,1,theft,1
12.970458,77.531566,19,1,0,theft,1
12.915907,77.609376,21,0,0,vehicle_theft,3
12.900952,77.646047,2,5,1,vehicle_theft,1
12.974015,77.623215,7,3,0,assault,3
13.036629,77.58105,21,1,0,vehicle_theft,3
13.02161,77.517286,21,2,0,theft,2
12.894702,77.616062,2,4,0,vehicle_theft,2
12.986442,77.601577,12,0,0,harassment,1
12.989441,77.606863,9,0,0,theft,1
12.968425,77.578842,16,6,1,theft,2
12.904583,77.612983,22,5,1,vehicle_theft,2
12.903732,77.580898,21,4,0,theft,1
12.928999,77.583408,17,4,0,theft,1
13.011037,77.564418,23,2,0,theft,1
12.982934,77.606841,1,6,1,theft,1
12.982793,77.605414,3,6,1,assault,3
12.98496,77.61994,23,3,0,assault,2
12.992058,77.613103,16,3,0,theft,1
12.932687,77.638193,1,1,0,assault,3
12.971547,77.580528,7,3,0,theft,1
12.96967,77.57417,21,6,1,theft,1
12.976899,77.606849,0,2,0,assault,3
13.106485,77.609916,3,6,1,burglary,1
12.972014,77.638274,1,1,0,theft,1
12.959886,77.570458,19,2,0,theft,1
13.014895,77.700733,13,1,0,assault,3
12.926934,77.58202,19,4,0,theft,1
12.973939,77.647589,3,6,1,theft,1
12.932627,77.556683,20,4,0,vehicle_theft,2
13.003758,77.555957,22,1,0,assault,2
12.968547,77.636269,23,2,0,harassment,1
12.921176,77.632733,15,3,0,theft,1
12.9476,77.743682,20,0,0,burglary,2
12.97806,77.576034,21,4,0,assault,3
12.909105,77.621552,20,4,0,vehicle_theft,3
12.854877,77.66571,0,6,1,burglary,2
12.990829,77.604984,0,0,0,assault,3
12.966022,77.701491,18,0,0,burglary,2
12.974244,77.752545,20,4,0,vehicle_theft,2
12.926415,77.548193,22,1,0,theft,1
12.92416,77.548027,21,4,0,theft,1
12.934769,77.57207,2,6,1,fraud,1
12.999875,77.574358,20,6,1,burglary,2
13.08409,77.555575,5,4,0,harassment,1
12.912357,77.637961,20,6,1,theft,1
12.925433,77.617567,18,2,0,vehicle_theft,3
12.914886,77.608905,15,5,1,vehicle_theft,2
13.021871,77.588767,21,4,0,theft,1
12.989801,77.602337,15,1,0,theft,1
12.969777,77.75061,0,4,0,vehicle_theft,2
12.977464,77.602528,23,3,0,harassment,2
12.993143,77.605485,11,1,0,theft,1
12.983445,77.624412,3,3,0,assault,3
12.908379,77.65537,11,3,0,assault,1
13.114584,77.603808,1,0,0,burglary,2
12.964661,77.743888,2,3,0,burglary,2
12.91292,77.645908,19,5,1,theft,1
13.098474,77.59492,11,2,0,burglary,3
12.908558,77.626207,17,1,0,burglary,3
12.979282,77.611815,2,2,0,theft,2
12.912844,77.640275,16,6,1,vehicle_theft,3
12.915307,77.720024,19,4,0,assault,2
12.915551,77.638987,21,2,0,vehicle_theft,2
12.949359,77.702026,19,3,0,vehicle_theft,2
12.998602,77.554917,19,0,0,theft,1
12.982025,77.62151,11,0,0,harassment,2
13.038656,77.599337,15,3,0,vehicle_theft,1
12.830892,77.666445,21,6,1,theft,1
13.036811,77.51205,11,4,0,theft,1
12.963527,77.58103,12,1,0,theft,1
12.847164,77.656016,5,2,0,vehicle_theft,2
12.908548,77.640286,0,3,0,burglary,1
12.971642,77.641193,0,6,1,vehicle_theft,2
12.972643,77.529163,22,6,1,theft,2
12.979669,77.525428,13,1,0,vehicle_theft,1
12.912256,77.602392,22,0,0,harassment,1
12.998168,77.569121,7,5,1,theft,1
12.998242,77.572142,8,2,0,theft,1
12.905397,77.585137,3,6,1,burglary,2
12.969564,77.749695,3,2,0,burglary,2
12.93319,77.632025,3,6,1,harassment,2
12.97979,77.616192,20,6,1,theft,1
12.974447,77.570065,19,4,0,fraud,1
12.970242,77.611497,19,0,0,harassment,1
12.930776,77.584563,21,6,1,fraud,2
12.905026,77.622299,15,1,0,theft,1
13.027137,77.539131,19,1,0,theft,1
12.980863,77.752189,4,5,1,fraud,1
12.935494,77.6248,21,1,0,harassment,2
12.966203,77.574555,5,3,0,theft,1
13.028877,77.517552,20,0,0,burglary,2
13.030076,77.547273,7,5,1,vehicle_theft,1
13.014887,77.703201,7,0,0,vehicle_theft,3
13.032646,77.52171,22,2,0,vehicle_theft,2
12.905605,77.618547,10,5,1,assault,3
12.965886,77.519663,20,1,0,theft,1
12.978076,77.56657,20,1,0,theft,1
12.924984,77.545497,1,1,0,burglary,1
13.010016,77.695716,20,3,0,theft,1
12.976858,77.57301,8,1,0,theft,1
12.985777,77.605935,17,3,0,harassment,1
12.839237,77.666109,5,1,0,theft,1
12.898213,77.61308,22,1,0,harassment,1
12.967758,77.611613,21,5,1,assault,3
12.988359,77.550221,16,4,0,assault,3
12.973432,77.60628,23,5,1,assault,3
12.980453,77.760515,22,1,0,vehicle_theft,2
12.985517,77.606197,19,6,1,assault,3
12.958357,77.613454,6,0,0,harassment,1
13.023565,77.540221,12,0,0,assault,3
12.978146,77.608656,0,2,0,theft,1
12.971429,77.577711,3,1,0,theft,1
12.9687,77.580921,14,3,0,theft,1
12.991348,77.603831,16,6,1,harassment,1
12.956221,77.700061,21,3,0,assault,3
12.975019,77.60836,0,5,1,assault,3
13.025793,77.536523,10,1,0,theft,2
12.98051,77.629893,1,6,1,theft,2
12.915373,77.610335,23,5,1,theft,1
12.977517,77.60063,18,4,0,assault,2
13.018153,77.688883,7,6,1,vehicle_theft,2
12.984466,77.746362,1,6,1,theft,1
12.994613,77.569446,11,6,1,theft,1
12.909592,77.618725,5,5,1,vehicle_theft,3
12.962931,77.569756,14,2,0,harassment,2
12.973998,77.609938,3,1,0,assault,3
12.971539,77.647303,1,6,1,assault,3
12.98767,77.609041,6,2,0,assault,3
13.037047,77.590167,20,0,0,vehicle_theft,2
12.939488,77.626244,23,0,0,assault,3
12.962039,77.577475,19,5,1,harassment,1
12.970277,77.581011,17,6,1,theft,2
12.908009,77.581341,7,3,0,burglary,1
12.841172,77.667347,21,2,0,burglary,2
12.996024,77.562213,21,5,1,theft,2
12.976329,77.571029,19,5,1,fraud,2
13.02836,77.539152,19,6,1,theft,1
12.925461,77.547281,13,2,0,theft,1
12.905406,77.615573,9,6,1,theft,1
12.985819,77.57137,19,2,0,theft,2
12.919088,77.612744,21,3,0,theft,1
12.845446,77.66029,6,2,0,burglary,2
12.955239,77.695237,8,6,1,vehicle_theft,1
12.964896,77.736376,3,2,0,vehicle_theft,2
12.971458,77.635986,23,6,1,harassment,2
12.955668,77.70243,20,2,0,theft,1
12.971632,77.576707,21,0,0,theft,1
13.008567,77.69286,2,3,0,theft,1
12.962343,77.576478,11,3,0,theft,1
12.955473,77.702881,21,6,1,vehicle_theft,3
12.984864,77.606055,21,6,1,harassment,2
13.029735,77.531342,18,0,0,theft,1
12.914991,77.618149,22,6,1,vehicle_theft,3
13.095735,77.598278,21,3,0,vehicle_theft,2
12.985167,77.607535,19,6,1,assault,3
12.927738,77.619291,14,3,0,assault,2
13.136932,77.717243,14,3,0,harassment,2
12.968368,77.579639,18,6,1,fraud,2
12.898744,77.6229,21,3,0,assault,3
12.961106,77.571661,19,0,0,theft,1
12.998549,77.557239,17,4,0,theft,1
13.039389,77.595804,6,3,0,assault,3
13.012314,77.695347,7,5,1,theft,1
12.964783,77.69228,9,2,0,theft,1
13.007992,77.695951,11,1,0,burglary,2
12.967259,77.578333,14,3,0,theft,1
13.026409,77.529958,6,0,0,vehicle_theft,2
12.928095,77.572951,19,6,1,burglary,2
12.970825,77.531232,23,0,0,vehicle_theft,2
12.903135,77.625318,18,0,0,vehicle_theft,2
12.983951,77.74399,4,1,0,vehicle_theft,2
13.032747,77.545222,9,0,0,vehicle_theft,3
12.975169,77.608409,6,0,0,assault,3
13.026731,77.519921,22,4,0,theft,1
12.950704,77.697678,5,0,0,vehicle_theft,2
12.984909,77.604908,20,2,0,harassment,1
12.915866,77.611743,18,1,0,burglary,2
12.969526,77.584782,19,0,0,fraud,1
12.922081,77.604395,22,4,0,burglary,2
12.990368,77.57653,10,2,0,theft,1
12.955016,77.702052,9,6,1,burglary,2
12.962617,77.580452,23,3,0,harassment,1
12.987109,77.604977,18,2,0,theft,1
12.97661,77.604863,3,1,0,assault,3
12.932945,77.624228,22,5,1,harassment,1
13.098169,77.594435,8,6,1,theft,1
12.919501,77.643118,22,0,0,burglary,1
12.917007,77.615845,21,1,0,burglary,2
12.973708,77.531875,21,4,0,theft,2
12.984515,77.606681,6,4,0,theft,1
12.994518,77.555129,6,5,1,burglary,1
12.91337,77.61062,7,2,0,vehicle_theft,3
13.035884,77.598487,9,6,1,assault,3
12.951434,77.69449,19,5,1,burglary,3
12.915394,77.544082,20,6,1,theft,1
12.939335,77.620658,22,4,0,vehicle_theft,1
13.055545,77.450014,17,6,1,theft,2
13.01135,77.693134,9,6,1,burglary,3
12.976283,77.529058,1,0,0,theft,1
12.971709,77.614228,23,5,1,assault,2
12.98391,77.604129,8,4,0,harassment,2
13.09249,77.588866,17,6,1,vehicle_theft,1
12.854236,77.679038,15,4,0,vehicle_theft,3
12.974536,77.606214,23,5,1,theft,1
12.980687,77.530527,2,5,1,burglary,2
12.930072,77.582976,20,5,1,burglary,2
12.999482,77.567936,14,3,0,theft,1
13.005416,77.577801,17,3,0,theft,1
12.978263,77.571613,12,1,0,theft,2
12.95695,77.579565,8,4,0,theft,1
12.889538,77.519428,10,1,0,burglary,1
12.911605,77.627219,17,5,1,assault,3
12.854368,77.658033,0,5,1,theft,1
13.0887,77.545283,21,6,1,theft,2
13.036019,77.597136,3,4,0,theft,1
12.96533,77.576361,15,4,0,theft,2
13.009746,77.570811,17,0,0,theft,1
12.933724,77.589057,6,0,0,burglary,1
12.85316,77.648769,21,4,0,burglary,3
12.846032,77.658418,3,1,0,burglary,1
13.009872,77.569522,5,2,0,theft,2
12.913226,77.611278,5,3,0,theft,1
13.018598,77.542869,18,4,0,theft,1
13.029116,77.525375,1,6,1,theft,1
12.951195,77.66172,21,1,0,burglary,1
12.908024,77.616785,15,0,0,harassment,1
12.906189,77.59577,17,1,0,theft,1
13.026475,77.545589,11,0,0,theft,1
12.912764,77.66599,19,3,0,theft,1
13.045518,77.598584,10,2,0,assault,3
12.975689,77.531137,9,4,0,burglary,3
12.949224,77.614928,23,5,1,harassment,1
12.9628,77.577396,16,4,0,theft,2
12.976605,77.770989,22,1,0,fraud,1
13.032341,77.497371,4,0,0,vehicle_theft,2
12.963194,77.581788,1,2,0,theft,1
12.919158,77.619241,15,5,1,theft,1
12.975299,77.607196,2,3,0,assault,3
12.931313,77.584731,6,3,0,theft,1
12.998118,77.554828,15,3,0,burglary,2
12.911688,77.623152,9,2,0,vehicle_theft,2
12.99829,77.565211,19,1,0,theft,2
12.928977,77.582499,17,1,0,burglary,2
12.971932,77.60657,1,4,0,harassment,2
12.980481,77.605306,14,6,1,harassment,1
13.131529,77.668782,2,1,0,harassment,1
12.971966,77.634181,1,6,1,assault,2
13.057864,77.688353,16,0,0,vehicle_theft,1
12.989489,77.609298,17,6,1,assault,3
12.926882,77.545433,19,0,0,burglary,3
12.904543,77.625157,7,0,0,theft,1
13.109055,77.583036,10,0,0,burglary,2
12.962768,77.743711,3,5,1,vehicle_theft,2
12.851602,77.655694,16,4,0,vehicle_theft,3
13.037079,77.594214,10,0,0,theft,1
12.97791,77.605018,4,4,0,assault,3
13.019195,77.534701,16,0,0,theft,2
12.96349,77.579836,13,6,1,theft,1
12.907868,77.621272,18,0,0,vehicle_theft,2
12.909877,77.580675,19,3,0,burglary,2
12.942924,77.686756,20,1,0,burglary,2
12.967375,77.647081,11,5,1,theft,2
13.040921,77.604694,8,5,1,burglary,1
12.944393,77.691453,11,0,0,vehicle_theft,3
13.027243,77.593535,11,2,0,vehicle_theft,2
13.001488,77.69362,19,4,0,burglary,2
12.931947,77.62927,7,2,0,vehicle_theft,2
13.014838,77.68725,10,2,0,vehicle_theft,2
12.976038,77.644139,3,2,0,harassment,2
12.974069,77.611466,2,0,0,assault,3
12.970602,77.634253,3,4,0,harassment,1
12.97985,77.751612,2,6,1,vehicle_theft,2
12.917155,77.612592,3,3,0,theft,1
12.910149,77.64174,22,5,1,theft,1
13.026243,77.539959,20,4,0,theft,2
13.093257,77.592708,20,0,0,theft,1
12.97708,77.612379,0,2,0,harassment,1
12.84802,77.657754,1,3,0,theft,1
12.997328,77.558397,10,5,1,theft,1
12.968323,77.529419,14,3,0,theft,1
13.010076,77.686973,9,4,0,burglary,2
12.976283,77.755703,20,5,1,burglary,3
12.934219,77.625385,23,5,1,assault,3
12.844647,77.65891,0,0,0,vehicle_theft,1
12.937493,77.621264,1,5,1,vehicle_theft,2
12.936337,77.522996,4,3,0,fraud,1
12.925623,77.630767,4,1,0,assault,3
12.927206,77.547428,21,2,0,theft,1
12.949357,77.58284,10,4,0,theft,1
13.014211,77.693651,10,4,0,theft,1
12.954441,77.693931,8,6,1,theft,1
12.903946,77.609694,6,0,0,vehicle_theft,1
12.966427,77.575372,19,5,1,theft,1
13.030877,77.539453,10,1,0,theft,1
12.97072,77.709691,22,0,0,burglary,2
12.91534,77.579498,21,5,1,vehicle_theft,2
12.983669,77.604625,7,2,0,theft,1
12.8449,77.665771,4,3,0,burglary,2
12.961128,77.574402,12,6,1,theft,1
12.980335,77.647796,23,3,0,assault,2
12.999925,77.541243,17,5,1,theft,1
12.953493,77.699384,4,5,1,vehicle_theft,3
12.970008,77.608214,21,0,0,assault,3
13.023015,77.516288,20,4,0,theft,1
12.985114,77.604815,16,2,0,assault,3
12.938548,77.631732,0,6,1,vehicle_theft,3
12.973418,77.638404,22,3,0,theft,1
12.990295,77.550578,0,1,0,theft,1
12.972885,77.611364,1,6,1,assault,3
12.842474,77.659969,2,1,0,vehicle_theft,2
13.023417,77.545476,10,3,0,vehicle_theft,2
12.974505,77.531258,12,2,0,vehicle_theft,2
13.099443,77.593058,20,3,0,vehicle_theft,1
12.961065,77.576613,17,4,0,theft,1
12.985241,77.604083,8,0,0,harassment,2
12.933302,77.628266,23,4,0,vehicle_theft,1
12.969189,77.581051,7,1,0,theft,1
12.905639,77.57657,18,4,0,burglary,2
12.940474,77.546375,21,1,0,vehicle_theft,1
12.903114,77.579694,17,5,1,burglary,2
12.911814,77.579875,18,3,0,vehicle_theft,2
12.917475,77.589513,20,1,0,vehicle_theft,2
13.032927,77.51869,0,4,0,burglary,2
12.940725,77.619296,23,4,0,theft,2
12.969853,77.753333,2,4,0,theft,2
12.936955,77.626821,2,4,0,harassment,1
12.869234,77.754309,13,3,0,vehicle_theft,1
13.041441,77.517947,2,2,0,theft,1
12.83633,77.653587,0,3,0,fraud,1
12.993347,77.598017,12,4,0,theft,2
12.971749,77.641186,3,4,0,assault,3
12.984182,77.607045,11,0,0,theft,1
13.032382,77.521094,2,0,0,burglary,2
13.039408,77.60451,6,6,1,theft,1
12.935456,77.624361,3,3,0,assault,2
12.966526,77.64922,16,4,0,fraud,1
13.004715,77.573671,17,0,0,theft,1
12.940878,77.617411,1,4,0,harassment,1
12.949676,77.740276,6,2,0,vehicle_theft,2
12.91222,77.64112,3,4,0,fraud,2
12.897139,77.584001,21,6,1,theft,1
12.931313,77.629683,11,3,0,theft,1
12.966264,77.64657,4,5,1,harassment,2
12.972336,77.617727,22,0,0,harassment,1
12.977732,77.617675,0,5,1,theft,1
12.853292,77.658722,3,1,0,vehicle_theft,2
13.079671,77.759194,4,4,0,fraud,2
13.034649,77.66248,7,2,0,vehicle_theft,2
12.928365,77.62398,17,6,1,assault,3
12.844671,77.661164,16,1,0,burglary,3
12.989938,77.559393,12,4,0,theft,1
13.007074,77.69715,5,3,0,vehicle_theft,3
12.969489,77.579697,12,6,1,theft,1
12.964749,77.583091,11,5,1,theft,1
12.950858,77.585661,14,4,0,theft,1
12.893597,77.631622,10,4,0,fraud,2
12.928518,77.583271,18,3,0,theft,1
13.030647,77.597765,8,5,1,theft,1
12.904322,77.648783,11,4,0,vehicle_theft,3
12.971124,77.583542,13,5,1,theft,1
13.100019,77.597179,0,5,1,burglary,1
12.967299,77.578467,15,5,1,theft,2
13.030372,77.476013,2,3,0,harassment,1
12.936834,77.627107,23,5,1,assault,3
12.905278,77.613954,20,5,1,vehicle_theft,2
12.968668,77.530125,19,3,0,vehicle_theft,2
13.054118,77.716176,19,0,0,vehicle_theft,1
12.933128,77.552034,22,3,0,burglary,2
12.936638,77.691787,11,3,0,theft,1
12.912734,77.597327,23,4,0,theft,1
13.031826,77.511623,2,4,0,burglary,2
13.087654,77.581174,22,1,0,burglary,1
12.929762,77.545656,18,1,0,burglary,3
13.077803,77.504999,9,0,0,harassment,1
12.907286,77.647085,17,0,0,burglary,2
12.982772,77.641605,22,6,1,theft,1
12.968099,77.570899,18,1,0,theft,1
12.960423,77.571013,6,5,1,theft,1
13.026449,77.531643,9,0,0,theft,1
12.904965,77.615984,19,5,1,theft,1
12.970959,77.644152,23,6,1,assault,3
13.006916,77.570885,16,1,0,theft,1
12.992406,77.555699,22,6,1,burglary,2
13.029276,77.522135,22,4,0,theft,1
12.971976,77.532883,0,2,0,theft,1
12.945214,77.669165,20,4,0,fraud,2
12.976637,77.640485,1,5,1,assault,3
12.964385,77.569122,14,2,0,assault,3
12.964999,77.577232,14,2,0,theft,1
12.964114,77.576588,22,1,0,harassment,1
12.997825,77.554485,19,3,0,burglary,1
12.931263,77.579764,12,6,1,burglary,3
12.929449,77.583242,2,5,1,theft,1
12.971417,77.532093,18,0,0,theft,1
12.90468,77.601862,0,4,0,harassment,1
12.999342,77.564509,20,6,1,theft,1
13.037071,77.598499,10,6,1,burglary,2
12.972325,77.645735,20,1,0,assault,2
12.96914,77.640809,3,0,0,assault,3
12.975256,77.579126,20,0,0,theft,2
13.099341,77.605174,23,5,1,burglary,2
12.996268,77.567737,10,5,1,theft,1
12.920712,77.646637,23,3,0,theft,1
12.962427,77.577013,9,5,1,theft,1
12.974793,77.564269,13,4,0,theft,1
12.978121,77.720791,2,1,0,burglary,2
12.98404,77.611273,17,0,0,theft,1
12.973542,77.606668,18,5,1,assault,3
12.927482,77.583982,17,1,0,burglary,2
12.98296,77.604839,13,3,0,theft,1
12.952098,77.709041,17,2,0,vehicle_theft,2
12.895796,77.510847,23,3,0,vehicle_theft,1
13.005286,77.696432,8,3,0,vehicle_theft,2
12.984022,77.606899,18,0,0,theft,1
12.975014,77.607006,0,5,1,assault,3
12.919255,77.679696,7,5,1,burglary,2
12.9788,77.624588,8,6,1,assault,1
13.035715,77.597935,5,3,0,theft,1
12.923357,77.534347,21,6,1,vehicle_theft,2
12.966493,77.750264,6,3,0,burglary,1
12.99209,77.548492,23,6,1,theft,1
12.980937,77.617719,20,3,0,harassment,1
13.036077,77.590986,19,0,0,vehicle_theft,2
13.134632,77.575916,21,6,1,burglary,1
12.974839,77.60619,20,0,0,theft,2
12.985274,77.602315,12,1,0,theft,1
12.906885,77.618316,20,5,1,theft,2
12.855665,77.655197,0,1,0,vehicle_theft,2
12.916627,77.554923,14,2,0,theft,1
12.848005,77.655045,5,4,0,vehicle_theft,3
12.906304,77.612656,21,2,0,vehicle_theft,2
12.977898,77.569494,16,5,1,harassment,2
12.999083,77.698314,11,5,1,vehicle_theft,3
12.993305,77.572944,17,0,0,theft,2
12.974719,77.64389,3,5,1,harassment,1
12.960768,77.578521,14,6,1,theft,1
12.979528,77.607298,14,4,0,theft,1
13.031182,77.597022,20,4,0,theft,1
12.915432,77.648807,17,2,0,burglary,1
12.929796,77.588526,19,1,0,theft,2
12.985914,77.571904,20,1,0,theft,2
12.926729,77.551156,1,5,1,theft,1
12.970677,77.63701,21,6,1,assault,3
13.001501,77.698368,10,2,0,theft,1
13.100138,77.600448,7,0,0,vehicle_theft,2
12.971971,77.576991,6,3,0,theft,2
12.972259,77.52992,6,0,0,theft,1
12.83769,77.647574,1,6,1,burglary,3
12.851233,77.645307,21,4,0,vehicle_theft,2
13.100901,77.597098,1,0,0,vehicle_theft,2
12.971826,77.640326,3,4,0,vehicle_theft,3
12.924858,77.54539,14,6,1,theft,2
12.973652,77.532434,21,6,1,theft,1
12.986843,77.604879,10,2,0,theft,1
12.913941,77.641732,21,1,0,vehicle_theft,3
12.97993,77.606261,23,6,1,assault,3
12.932676,77.577558,21,0,0,theft,2
12.986211,77.608719,20,5,1,assault,3
12.898959,77.63361,23,6,1,theft,1
12.930285,77.583047,23,3,0,theft,1
12.927109,77.580193,19,6,1,theft,1
13.078425,77.76494,18,2,0,burglary,2
13.033365,77.51962,4,1,0,vehicle_theft,2
13.100885,77.727352,4,3,0,fraud,1
12.968627,77.579451,17,2,0,theft,1
12.952025,77.710712,6,1,0,vehicle_theft,2
12.899372,77.614646,0,6,1,harassment,1
12.956987,77.701475,18,4,0,burglary,2
13.008179,77.570395,12,0,0,theft,2
12.963334,77.57675,18,1,0,theft,1
12.845461,77.666205,13,0,0,burglary,3
12.972844,77.596576,10,6,1,harassment,1
12.970571,77.605199,7,1,0,harassment,1
12.844124,77.65778,1,6,1,burglary,1
12.926314,77.614517,19,5,1,theft,1
12.978153,77.601959,2,3,0,harassment,1
12.917548,77.615318,21,2,0,theft,1
12.997382,77.555499,20,3,0,theft,1
13.037079,77.535652,14,6,1,vehicle_theft,2
12.978702,77.605635,9,0,0,theft,1
13.003846,77.567234,8,5,1,theft,2
12.962789,77.577635,14,2,0,assault,3
12.970497,77.579501,11,2,0,theft,1
13.004244,77.549947,23,4,0,theft,1
12.915109,77.648962,21,3,0,burglary,2
12.909542,77.626536,19,6,1,assault,3
12.981684,77.621553,22,6,1,harassment,1
12.938924,77.633843,3,0,0,assault,3
13.001058,77.572447,6,4,0,theft,1
13.084222,77.487182,8,2,0,burglary,1
12.953235,77.697454,5,6,1,vehicle_theft,1
12.97264,77.64404,20,1,0,assault,3
12.981095,77.602871,2,3,0,theft,2
12.9738,77.630276,0,6,1,harassment,1
12.839417,77.651551,17,4,0,burglary,1
12.929924,77.58297,14,3,0,burglary,1
12.97337,77.739868,20,3,0,vehicle_theft,2
12.838438,77.663464,0,2,0,burglary,3
12.853591,77.676168,15,5,1,burglary,2
12.939536,77.623685,15,1,0,assault,3
12.92835,77.743746,21,2,0,theft,2
12.922069,77.543498,21,2,0,burglary,3
13.109883,77.596375,19,4,0,vehicle_theft,1
12.90971,77.608409,18,3,0,vehicle_theft,2
13.046647,77.592004,19,0,0,vehicle_theft,2
12.937404,77.564863,13,4,0,harassment,2
13.01402,77.578355,17,1,0,theft,2
12.923137,77.74855,10,2,0,theft,2
12.965093,77.633801,2,1,0,harassment,1
12.893529,77.612506,4,5,1,vehicle_theft,2
12.976499,77.602551,22,2,0,theft,1
13.008033,77.552156,22,6,1,theft,1
12.978135,77.579625,13,3,0,assault,2
12.966823,77.707316,19,4,0,burglary,2
13.004735,77.568041,12,0,0,burglary,2
12.98384,77.573299,2,5,1,theft,2
12.921626,77.546277,15,3,0,burglary,1
13.122236,77.464475,15,4,0,burglary,2
12.959347,77.530331,22,2,0,vehicle_theft,2
12.974505,77.567022,16,2,0,harassment,1
12.906746,77.58356,14,5,1,burglary,1
12.984889,77.604543,18,3,0,theft,1
12.987886,77.605164,12,1,0,harassment,1
13.036339,77.61711,10,0,0,vehicle_theft,2
12.98962,77.550325,14,5,1,theft,1
13.03636,77.596612,19,1,0,vehicle_theft,1
12.97207,77.610792,21,6,1,assault,3
12.97395,77.641423,0,6,1,assault,3
12.969008,77.583005,17,0,0,assault,2
12.904639,77.643574,16,0,0,vehicle_theft,2
12.921548,77.641653,22,6,1,theft,1
13.026403,77.540105,19,5,1,vehicle_theft,3
13.028939,77.556069,8,3,0,vehicle_theft,1
13.024485,77.540879,11,4,0,vehicle_theft,2
12.922133,77.6093,10,0,0,theft,1
12.943949,77.622393,3,4,0,assault,3
12.955202,77.656807,11,6,1,theft,1
12.906609,77.588181,3,2,0,vehicle_theft,1
12.940487,77.708119,21,5,1,vehicle_theft,2
12.955778,77.699932,8,2,0,burglary,1
12.975781,77.606805,17,2,0,harassment,1
12.968556,77.577586,14,4,0,theft,2
13.12482,77.613479,21,6,1,theft,1
12.999625,77.561415,12,6,1,theft,1
12.956003,77.701291,2,0,0,assault,2
12.980488,77.570114,11,0,0,theft,1
12.963172,77.580087,16,3,0,theft,1
13.023556,77.567056,23,3,0,theft,1
12.995079,77.742723,9,1,0,assault,2
12.96535,77.608238,1,5,1,harassment,1
12.90875,77.577652,22,0,0,burglary,2
13.099472,77.595053,1,0,0,vehicle_theft,2
12.977986,77.568373,20,6,1,theft,1
12.986756,77.605527,15,2,0,assault,3
12.983573,77.607498,17,6,1,theft,1
12.911943,77.640674,23,4,0,burglary,2
12.980141,77.622123,2,5,1,assault,3
12.912031,77.641683,18,3,0,fraud,1
12.923482,77.592865,19,0,0,theft,2
12.982346,77.623647,3,1,0,theft,1
12.935397,77.624183,22,1,0,harassment,1
12.875526,77.625875,17,3,0,burglary,2
12.978467,77.578728,10,2,0,harassment,1
12.974478,77.607557,3,4,0,assault,3
13.004622,77.695865,19,0,0,assault,3
12.950709,77.698857,6,2,0,vehicle_theft,2
12.968302,77.578667,9,4,0,theft,1
12.986141,77.603167,17,3,0,harassment,1
12.956169,77.581298,8,3,0,harassment,1
13.002197,77.55437,19,2,0,assault,3
12.973183,77.745713,10,6,1,burglary,3
12.934208,77.633544,1,4,0,harassment,1
12.89137,77.618011,9,5,1,theft,1
13.016824,77.562328,17,1,0,harassment,1
12.921928,77.546307,13,6,1,burglary,2
12.979402,77.618042,20,0,0,harassment,1
12.934239,77.582316,21,6,1,burglary,2
12.976424,77.611093,11,2,0,theft,2
12.933464,77.544576,21,6,1,vehicle_theft,1
13.124786,77.709653,16,6,1,burglary,2
12.97659,77.581884,18,2,0,theft,1
13.104711,77.59893,21,4,0,burglary,1
12.978336,77.620951,21,2,0,theft,2
12.941121,77.695028,11,4,0,burglary,2
13.006111,77.695278,10,4,0,assault,3
12.840951,77.659347,3,6,1,vehicle_theft,3
12.974975,77.604677,14,0,0,assault,3
12.905624,77.618332,10,5,1,vehicle_theft,2
12.9216,77.541389,0,6,1,theft,1
13.003132,77.695314,17,4,0,assault,3
12.907579,77.617883,10,5,1,assault,3
12.966374,77.578285,17,5,1,assault,2
12.969109,77.573885,1,1,0,theft,1
12.958263,77.576714,18,5,1,harassment,1
12.998813,77.555958,22,0,0,theft,1
12.91464,77.538331,3,4,0,theft,2
12.959319,77.699765,0,5,1,burglary,1
12.974467,77.760188,15,5,1,vehicle_theft,1
12.971225,77.60419,2,3,0,harassment,2
12.932712,77.638093,0,0,0,harassment,1
12.923799,77.552178,19,3,0,vehicle_theft,3
13.024918,77.534995,18,0,0,assault,3
12.99965,77.709966,6,4,0,theft,1
12.956414,77.7472,22,0,0,burglary,3
12.962823,77.578121,11,5,1,theft,1
12.892745,77.759353,1,3,0,burglary,1
13.008543,77.569848,9,3,0,burglary,3
12.977421,77.525696,23,5,1,burglary,2
12.983914,77.752353,20,5,1,vehicle_theft,2
12.973891,77.573966,14,2,0,fraud,2
13.015946,77.704499,10,1,0,assault,3
12.90978,77.632612,2,5,1,vehicle_theft,3
12.9215,77.639031,7,1,0,harassment,2
12.960795,77.579257,16,2,0,theft,1
12.965839,77.751995,0,4,0,fraud,1
12.841028,77.656485,1,2,0,burglary,2
12.921397,77.561237,20,3,0,burglary,2
12.961544,77.759845,4,5,1,vehicle_theft,2
12.97243,77.57699,15,5,1,harassment,1
12.973461,77.615555,1,2,0,harassment,1
12.964683,77.575224,17,0,0,assault,3
12.908656,77.585546,21,6,1,burglary,2
13.036755,77.595504,23,6,1,vehicle_theft,2
12.914629,77.58639,19,1,0,burglary,1
12.970072,77.605787,21,4,0,assault,3
12.909624,77.639072,3,3,0,burglary,2
12.912455,77.641382,19,4,0,vehicle_theft,3
12.929778,77.63674,0,1,0,harassment,1
12.979853,77.569483,9,3,0,assault,2
12.934733,77.624084,2,3,0,assault,3
13.035977,77.597196,9,4,0,theft,1
12.930219,77.582706,16,3,0,theft,1
12.974799,77.611054,20,3,0,theft,2
13.079743,77.717046,16,0,0,fraud,2
12.851887,77.660661,20,3,0,vehicle_theft,2
12.959867,77.481642,12,2,0,theft,2
12.907856,77.583797,15,2,0,burglary,1
12.975831,77.570889,0,5,1,theft,1
13.040114,77.531485,20,4,0,theft,1
12.984268,77.571732,16,5,1,harassment,1
12.984721,77.621056,7,4,0,assault,3
13.004313,77.698103,18,4,0,burglary,3
12.979565,77.744816,15,6,1,theft,1
12.976943,77.571003,21,4,0,fraud,1
12.969902,77.584057,10,4,0,fraud,1
12.927736,77.584996,0,4,0,fraud,1
12.983688,77.620754,1,0,0,harassment,1
12.967578,77.642327,2,5,1,harassment,1
13.013791,77.699979,18,4,0,burglary,2
12.892682,77.579483,3,0,0,burglary,3
12.938394,77.578236,12,6,1,theft,1
12.980157,77.607899,0,5,1,theft,1
12.972182,77.733455,5,3,0,burglary,1
12.919104,77.61185,21,6,1,burglary,2
12.907623,77.607594,21,2,0,vehicle_theft,2
12.955022,77.705955,0,2,0,theft,1
12.997676,77.558399,18,1,0,theft,2
12.837343,77.664906,21,4,0,vehicle_theft,2
13.023904,77.532886,18,1,0,vehicle_theft,2
13.000315,77.570058,17,5,1,theft,1
12.848849,77.649825,4,6,1,fraud,1
12.951682,77.728249,4,3,0,theft,1
13.085576,77.769487,14,6,1,fraud,2
12.973276,77.640576,2,6,1,vehicle_theft,2
12.869847,77.595991,4,0,0,harassment,2
12.927957,77.583847,23,4,0,theft,1
12.905394,77.583117,0,2,0,theft,1
12.911264,77.611087,8,6,1,theft,2
13.005828,77.696281,13,0,0,assault,3
13.003186,77.569876,17,1,0,theft,1
12.968972,77.571856,18,5,1,theft,1
13.007965,77.695954,17,1,0,theft,2
12.969989,77.745842,16,5,1,burglary,1
13.02749,77.590948,8,1,0,theft,1
12.919061,77.613726,12,0,0,harassment,1
13.044592,77.606122,18,6,1,burglary,2
12.959119,77.690755,19,2,0,theft,1
13.003233,77.684506,0,1,0,theft,2
12.90741,77.64491,22,6,1,theft,1
13.088053,77.590735,23,1,0,burglary,3
12.982892,77.626855,0,0,0,harassment,1
12.90745,77.620647,12,6,1,theft,2
12.921966,77.580576,19,6,1,burglary,1
13.02982,77.547154,4,2,0,vehicle_theft,2
13.003042,77.569854,4,1,0,theft,1
12.845755,77.670024,23,3,0,vehicle_theft,2
12.992804,77.571234,18,0,0,fraud,1
12.90714,77.613114,12,2,0,theft,2
12.979074,77.561108,17,5,1,theft,2
12.969035,77.574474,10,3,0,theft,1
12.958922,77.577438,8,4,0,harassment,1
12.97516,77.739275,17,3,0,burglary,2
12.977936,77.572623,14,2,0,harassment,2
12.906566,77.605414,5,0,0,vehicle_theft,2
13.002083,77.685751,12,2,0,vehicle_theft,1
12.964165,77.576421,6,5,1,theft,2
12.832063,77.63024,12,2,0,theft,1
13.120087,77.525433,21,1,0,assault,2
12.847265,77.524447,3,6,1,harassment,1
12.95109,77.702114,19,0,0,theft,1
12.969823,77.529204,16,2,0,burglary,2
13.004002,77.548521,21,3,0,assault,3
12.912351,77.490661,9,2,0,harassment,2
12.9562,77.700908,12,2,0,burglary,2
12.926647,77.607827,7,0,0,theft,1
13.001918,77.568123,16,2,0,theft,2
13.012623,77.694976,10,4,0,theft,1
12.974075,77.562282,11,4,0,harassment,1
13.020398,77.701624,10,1,0,burglary,2
12.969822,77.632224,17,1,0,theft,1
12.978776,77.605491,3,6,1,assault,3
13.124369,77.476313,17,2,0,theft,2
12.979403,77.568776,3,3,0,fraud,1
12.986202,77.604819,14,6,1,theft,1
12.908345,77.638024,23,4,0,theft,1
12.937364,77.628444,1,2,0,assault,3
13.108646,77.604352,1,3,0,burglary,2
12.966497,77.643616,20,6,1,vehicle_theft,2
12.976056,77.603405,0,5,1,harassment,1
12.970505,77.574668,7,3,0,theft,2
13.002862,77.566935,11,4,0,theft,1
12.926272,77.631763,4,3,0,theft,1
12.945385,77.626038,3,5,1,theft,1
12.979146,77.616691,12,4,0,theft,1
12.975266,77.741074,3,5,1,burglary,1
13.003729,77.570955,19,2,0,theft,1
12.994803,77.558427,19,3,0,burglary,2
12.96812,77.641075,1,1,0,harassment,1
12.918338,77.641656,17,5,1,burglary,2
12.925212,77.580491,0,4,0,burglary,2
12.973094,77.570743,12,3,0,assault,3
12.850946,77.571678,8,1,0,fraud,1
12.9806,77.571363,17,6,1,theft,1
12.97741,77.746907,0,3,0,vehicle_theft,3
12.997839,77.555188,17,0,0,burglary,1
12.852471,77.667304,8,1,0,vehicle_theft,2
12.974064,77.638054,10,0,0,assault,3
12.982585,77.566806,22,6,1,theft,1
12.96723,77.582467,18,2,0,theft,1
12.85211,77.667144,15,1,0,vehicle_theft,2
13.034187,77.546101,11,5,1,assault,2
12.982576,77.607547,15,3,0,theft,1
12.967835,77.579173,19,2,0,theft,1
12.947068,77.630323,12,5,1,vehicle_theft,1
12.974361,77.569143,14,1,0,theft,1
12.985487,77.621652,0,3,0,theft,1
13.090138,77.603376,0,4,0,burglary,2
12.990136,77.550014,22,1,0,theft,2
12.972,77.640936,23,1,0,assault,3
13.110903,77.60152,23,2,0,theft,1
12.949007,77.712081,23,3,0,assault,1
12.960496,77.579659,10,4,0,harassment,1
12.976605,77.519331,3,2,0,theft,1
12.973639,77.599429,22,6,1,assault,2
12.972036,77.646517,22,0,0,theft,1
12.978493,77.569636,4,3,0,theft,1
12.938103,77.622296,6,0,0,assault,3
12.999414,77.571777,13,6,1,fraud,1
12.972547,77.608447,1,0,0,harassment,2
12.843732,77.655388,6,6,1,vehicle_theft,1
12.963612,77.744881,1,5,1,vehicle_theft,2
12.962612,77.582549,14,4,0,theft,1
12.935846,77.496676,15,6,1,vehicle_theft,1
12.970282,77.639567,2,0,0,assault,2
13.032449,77.51911,17,3,0,theft,1
13.021788,77.540622,18,1,0,assault,3
12.989106,77.765252,3,5,1,vehicle_theft,2
13.034275,77.519729,6,2,0,theft,2
12.917588,77.61307,15,3,0,theft,1
12.925188,77.647414,18,1,0,theft,1
12.929717,77.631241,0,3,0,theft,1
12.927947,77.580254,11,2,0,theft,1
13.02091,77.707082,18,5,1,burglary,2
12.995603,77.553412,14,1,0,burglary,3
13.100441,77.596192,0,4,0,burglary,2
12.985027,77.570056,12,4,0,harassment,2
12.907725,77.635982,21,5,1,vehicle_theft,2
12.972673,77.637942,1,0,0,assault,3
12.988736,77.541025,9,3,0,vehicle_theft,1
12.933406,77.595713,18,0,0,fraud,1
13.032118,77.531374,21,5,1,theft,1
12.919961,77.609795,5,1,0,burglary,2
12.983962,77.6256,18,5,1,assault,2
13.030005,77.517346,18,6,1,burglary,3
12.974848,77.610784,23,6,1,assault,3
12.978194,77.621465,1,6,1,theft,1
12.969227,77.645419,22,4,0,harassment,1
12.923463,77.582153,2,1,0,burglary,2
12.912632,77.574182,2,3,0,burglary,2
12.973132,77.603446,4,6,1,assault,3
12.995543,77.556077,2,4,0,burglary,3
13.009261,77.697469,7,5,1,vehicle_theft,2
12.96527,77.580719,15,2,0,theft,1
13.100039,77.595939,0,6,1,theft,1
12.955613,77.586712,20,0,0,theft,1
12.981382,77.563608,7,6,1,harassment,1
12.973577,77.607617,6,6,1,assault,3
13.033104,77.51944,0,1,0,vehicle_theft,2
12.903716,77.58862,13,0,0,burglary,1
12.910295,77.645479,21,0,0,vehicle_theft,3
12.928376,77.581666,18,6,1,theft,2
12.970183,77.571721,22,5,1,theft,1
13.036412,77.541595,11,5,1,theft,1
12.965207,77.576168,12,1,0,theft,2
12.982454,77.593207,16,6,1,theft,1
12.912352,77.63647,1,5,1,burglary,2
13.044905,77.669588,22,2,0,theft,1
12.96276,77.577415,13,1,0,theft,1
12.987769,77.605548,9,0,0,theft,1
12.990828,77.569894,19,2,0,burglary,2
13.033079,77.523149,21,1,0,vehicle_theft,3
12.978429,77.647281,4,6,1,assault,3
13.028981,77.538563,18,0,0,vehicle_theft,2
12.975009,77.607014,20,6,1,theft,1
13.024677,77.535223,18,4,0,vehicle_theft,2
12.919998,77.61217,6,3,0,vehicle_theft,2
12.913891,77.589122,0,4,0,vehicle_theft,1
13.040822,77.597534,9,2,0,assault,3
12.91125,77.603804,0,1,0,theft,2
12.994016,77.559671,17,4,0,theft,1
12.976258,77.608754,0,4,0,assault,3
12.9813,77.60678,11,1,0,harassment,1
12.900567,77.555777,2,4,0,burglary,1
12.943315,77.619815,0,3,0,assault,3
13.00056,77.699605,15,3,0,vehicle_theft,1
12.927049,77.629039,22,1,0,theft,1
12.844166,77.651217,19,3,0,vehicle_theft,2
12.95726,77.701607,15,0,0,assault,3
12.964563,77.748122,0,3,0,fraud,1
12.99999,77.702627,19,6,1,burglary,2
12.972011,77.747139,0,6,1,theft,1
12.971575,77.522247,20,4,0,burglary,3
12.938872,77.631794,21,5,1,theft,1
12.985602,77.604363,12,5,1,harassment,1
13.037567,77.515174,2,0,0,theft,1
12.974868,77.603751,21,5,1,theft,1
12.98221,77.741931,22,1,0,burglary,2
13.101294,77.601115,1,6,1,burglary,1
12.920412,77.61483,9,5,1,assault,3
12.96007,77.582471,8,1,0,theft,2
12.976228,77.571125,19,5,1,theft,2
12.989094,77.603025,9,6,1,assault,3
13.004822,77.571476,12,2,0,theft,1
12.904491,77.616374,10,6,1,theft,2
12.97883,77.602077,1,2,0,assault,3
13.035504,77.533968,12,0,0,theft,1
12.909044,77.721255,7,0,0,vehicle_theft,2
13.117983,77.478051,2,6,1,fraud,1
12.907136,77.596831,20,1,0,burglary,3
12.98307,77.581477,17,6,1,theft,2
12.911348,77.599908,16,1,0,fraud,1
12.908512,77.632598,18,6,1,vehicle_theft,2
12.998273,77.557439,21,3,0,theft,1
13.013161,77.698937,12,3,0,vehicle_theft,3
12.916852,77.575308,10,0,0,fraud,2
12.962577,77.75425,1,0,0,vehicle_theft,2
12.985762,77.605798,19,1,0,assault,3
12.907055,77.586489,18,2,0,vehicle_theft,2
13.00309,77.570208,18,3,0,theft,1
12.858242,77.656519,22,5,1,vehicle_theft,3
12.941567,77.625027,22,3,0,theft,1
13.027909,77.547045,17,3,0,theft,1
13.099845,77.592379,3,6,1,vehicle_theft,2
12.98797,77.610449,12,4,0,theft,2
12.906379,77.634576,6,6,1,theft,1
13.038551,77.59994,22,4,0,theft,1
12.956992,77.696469,9,4,0,assault,3
12.905754,77.586153,3,5,1,burglary,2
12.91164,77.643417,17,4,0,fraud,1
12.969337,77.608797,0,1,0,assault,3
13.077309,77.594597,16,2,0,assault,1
12.986415,77.608067,11,3,0,harassment,1
13.036475,77.530207,1,5,1,theft,1
13.129112,77.750588,21,2,0,fraud,1
12.971308,77.529145,5,0,0,theft,1
12.969365,77.580629,15,3,0,theft,2
12.923366,77.578999,17,1,0,fraud,1
12.951446,77.651709,22,0,0,burglary,1
13.032977,77.519946,23,6,1,vehicle_theft,3
12.930643,77.535713,21,5,1,burglary,3
13.040688,77.584651,6,4,0,theft,1
12.965247,77.577858,19,3,0,theft,2
13.037875,77.594725,11,0,0,burglary,2
12.933477,77.581572,21,0,0,theft,2
12.960737,77.750825,5,0,0,burglary,3
12.852299,77.654495,20,6,1,fraud,1
12.925135,77.547217,18,1,0,theft,1
13.010711,77.694991,11,0,0,vehicle_theft,2
12.969902,77.529624,18,3,0,vehicle_theft,3
12.966941,77.576029,19,5,1,fraud,2
12.963149,77.581399,12,2,0,harassment,1
12.930899,77.585662,20,5,1,theft,2
12.966803,77.578455,20,1,0,fraud,2
12.994078,77.556619,21,4,0,burglary,2
13.042756,77.593296,23,2,0,vehicle_theft,2
12.94569,77.706083,19,2,0,theft,1
12.972965,77.531401,23,6,1,theft,1
12.979054,77.620868,0,2,0,assault,2
12.917213,77.60964,17,6,1,theft,1
12.917883,77.608307,16,2,0,vehicle_theft,3
12.913689,77.639304,22,6,1,fraud,1
12.980587,77.583664,9,0,0,harassment,1
12.975914,77.761697,4,5,1,burglary,2
12.845489,77.65818,3,0,0,vehicle_theft,3
12.973528,77.610079,2,4,0,harassment,1
12.981991,77.536298,17,3,0,vehicle_theft,2
12.990452,77.598433,8,2,0,assault,3
12.904334,77.633539,22,1,0,theft,1
12.930543,77.632901,1,3,0,assault,2
12.905839,77.616366,8,1,0,vehicle_theft,2
13.016119,77.553087,9,5,1,theft,1
12.90327,77.615019,11,4,0,theft,1
12.967516,77.74773,3,4,0,burglary,1
13.100585,77.744869,19,6,1,vehicle_theft,2
12.962467,77.576097,15,3,0,harassment,1
13.033807,77.536078,21,4,0,theft,2
12.977273,77.533174,19,2,0,theft,1
13.006337,77.566826,13,4,0,theft,1
12.998866,77.571118,12,3,0,theft,2
13.001008,77.573442,3,2,0,theft,2
12.924536,77.554157,5,0,0,vehicle_theft,2
12.845217,77.660003,21,2,0,burglary,3
12.971607,77.755288,5,1,0,burglary,3
12.915262,77.582947,20,1,0,burglary,2
13.001414,77.692267,11,1,0,vehicle_theft,2
12.967925,77.568913,8,5,1,theft,1
12.92533,77.58524,20,1,0,theft,1
12.974341,77.642239,2,3,0,harassment,1
12.93006,77.626999,2,5,1,harassment,2
12.904249,77.621428,19,1,0,theft,1
12.966836,77.749699,4,4,0,theft,1
12.902659,77.618637,22,0,0,vehicle_theft,2
12.936897,77.581088,0,3,0,theft,1
12.983045,77.602373,20,1,0,assault,2
12.974943,77.609844,3,6,1,assault,3
12.926029,77.623201,19,5,1,assault,2
13.026051,77.542721,10,2,0,theft,1
12.981871,77.757421,20,0,0,vehicle_theft,1
12.945111,77.75567,13,5,1,theft,1
12.911183,77.611634,20,3,0,burglary,2
12.978995,77.56921,17,6,1,assault,2
13.009216,77.70141,21,0,0,theft,2
12.966925,77.576852,2,5,1,theft,1
12.916182,77.644212,18,0,0,fraud,1
12.971419,77.746987,13,4,0,burglary,2
12.97374,77.641022,23,1,0,assault,3
12.950615,77.712926,19,4,0,vehicle_theft,1
13.036891,77.593873,20,6,1,assault,3
13.127438,77.581363,9,5,1,theft,1
12.971849,77.648346,2,0,0,assault,1
12.971169,77.74982,1,6,1,burglary,2
12.971895,77.61471,12,4,0,assault,2
12.961512,77.575425,18,3,0,theft,1
13.034123,77.57542,21,2,0,fraud,2
12.977809,77.626171,14,5,1,theft,1
12.996059,77.550599,14,0,0,assault,3
13.099754,77.596015,4,2,0,burglary,1
13.068832,77.481845,0,5,1,harassment,1
12.980668,77.621023,2,5,1,harassment,1
12.962925,77.571573,19,4,0,harassment,1
13.01894,77.700244,7,3,0,burglary,2
12.931135,77.617766,23,5,1,assault,2
12.978668,77.570064,5,6,1,theft,1
12.905414,77.589759,0,5,1,theft,1
12.912806,77.636722,21,6,1,burglary,1
12.926068,77.540039,12,0,0,theft,1
12.977131,77.573496,4,6,1,theft,1
12.962602,77.577369,9,1,0,assault,3
12.969667,77.645967,23,0,0,assault,2
12.973441,77.607281,0,4,0,harassment,1
12.963255,77.574703,8,3,0,theft,1
12.982586,77.752792,3,3,0,burglary,3
12.999598,77.541309,14,0,0,theft,1
12.998817,77.553705,22,2,0,theft,1
12.906152,77.636127,16,6,1,vehicle_theft,3
12.844868,77.658509,2,2,0,vehicle_theft,2
12.915843,77.598483,19,1,0,theft,1
12.999339,77.551019,23,0,0,burglary,1
12.967299,77.56709,18,3,0,theft,1
12.950953,77.704981,10,4,0,assault,3
12.977603,77.745099,23,2,0,vehicle_theft,1
12.966013,77.572319,16,3,0,theft,1
12.962333,77.578686,12,5,1,harassment,1
12.972825,77.607486,20,1,0,harassment,1
13.107168,77.602569,2,3,0,vehicle_theft,2
12.99732,77.555832,15,3,0,theft,2
13.026422,77.542027,21,4,0,vehicle_theft,2
12.899005,77.724013,0,2,0,burglary,1
12.978229,77.575346,18,5,1,harassment,1
12.97394,77.576945,17,3,0,fraud,1
12.963777,77.577233,14,0,0,theft,2
12.974027,77.608044,23,5,1,assault,3
12.977022,77.573403,15,3,0,theft,1
12.916629,77.611344,20,1,0,theft,1
12.976171,77.608693,23,6,1,harassment,1
12.91615,77.609717,20,6,1,theft,1
13.028187,77.773872,2,3,0,vehicle_theft,1
12.930228,77.60964,0,0,0,theft,1
12.956181,77.701349,7,0,0,burglary,2
13.069553,77.539934,16,0,0,fraud,1
12.969817,77.749036,13,6,1,fraud,2
12.976987,77.651745,21,1,0,assault,3
13.006996,77.69237,11,6,1,burglary,3
12.915981,77.645815,21,0,0,fraud,1
13.01885,77.535888,20,6,1,assault,3
12.960526,77.571551,13,0,0,theft,1
12.988238,77.619664,0,4,0,assault,2
13.006687,77.558354,12,6,1,assault,3
12.990176,77.6206,0,6,1,harassment,1
12.936435,77.585734,21,4,0,burglary,3
13.003167,77.570475,14,5,1,burglary,3
12.965086,77.575641,12,6,1,harassment,1
13.102345,77.597458,4,6,1,burglary,2
12.960737,77.576109,12,0,0,theft,1
13.006374,77.697138,21,1,0,vehicle_theft,1
12.83,77.645857,0,4,0,burglary,2
12.903098,77.619267,13,2,0,theft,2
13.027723,77.538263,20,5,1,theft,1
12.923399,77.598715,0,1,0,theft,1
12.983187,77.602638,23,6,1,assault,3
13.040446,77.517594,1,1,0,theft,2
13.036533,77.608477,15,4,0,theft,1
12.941119,77.621896,1,2,0,theft,1
12.965514,77.582825,21,2,0,fraud,1
12.968129,77.580855,1,3,0,theft,2
12.939774,77.498912,11,5,1,vehicle_theft,2
12.966876,77.576238,10,1,0,harassment,1
12.985665,77.59711,10,3,0,assault,3
12.927253,77.626573,1,3,0,assault,3
12.976589,77.606418,16,6,1,assault,3
13.007842,77.556977,15,4,0,burglary,2
12.83,77.639416,0,0,0,theft,1
12.971782,77.529962,2,5,1,theft,2
13.028949,77.539915,9,5,1,assault,3
12.916715,77.612903,20,1,0,vehicle_theft,1
12.997394,77.545437,16,2,0,theft,1
13.037444,77.594244,9,4,0,assault,3
12.986627,77.57732,17,2,0,theft,2
13.044302,77.59502,11,4,0,burglary,1
12.989613,77.615745,1,4,0,theft,1
13.037849,77.596451,11,2,0,vehicle_theft,3
12.924772,77.550061,18,3,0,burglary,2
12.913411,77.640394,14,2,0,vehicle_theft,3
12.973602,77.53745,16,3,0,theft,1
13.007733,77.695968,21,0,0,burglary,2
12.916016,77.580819,15,1,0,vehicle_theft,1
13.025653,77.595335,5,4,0,vehicle_theft,2
12.912491,77.64796,19,6,1,theft,1
13.005391,77.692248,17,1,0,vehicle_theft,3
13.034985,77.51994,20,1,0,burglary,1
12.975,77.60729,3,6,1,theft,2
12.87178,77.711065,9,1,0,burglary,1
12.929848,77.581003,0,5,1,theft,1
13.031631,77.519688,1,6,1,theft,1
12.980314,77.621656,0,2,0,harassment,1
13.039168,77.512668,2,2,0,burglary,2
12.971186,77.526195,18,0,0,theft,1
12.966249,77.587259,8,2,0,theft,1
13.035755,77.592494,19,3,0,vehicle_theft,2
13.099762,77.597,23,1,0,burglary,1
12.964189,77.748486,0,4,0,vehicle_theft,2
12.961752,77.577141,8,2,0,theft,1
12.907924,77.577886,19,1,0,theft,1
12.967228,77.756409,6,1,0,burglary,2
12.970162,77.579651,23,4,0,theft,2
12.972272,77.561471,11,4,0,theft,1
13.011473,77.576007,16,1,0,theft,1
12.95023,77.702142,7,3,0,burglary,2
12.852621,77.647271,11,2,0,burglary,1
12.837307,77.749356,12,0,0,harassment,1
12.929225,77.584066,21,1,0,burglary,2
12.965846,77.579118,15,3,0,theft,2
12.97148,77.752013,3,0,0,theft,1
13.002771,77.569789,13,3,0,theft,1
12.966237,77.57821,14,2,0,theft,1
12.994287,77.559903,18,5,1,theft,1
12.97124,77.533425,21,2,0,vehicle_theft,1
13.005488,77.568657,20,4,0,fraud,1
12.965562,77.711659,17,6,1,burglary,2
13.020597,77.779444,7,3,0,harassment,1
13.088899,77.597954,10,1,0,theft,2
12.8526,77.649982,4,2,0,fraud,1
12.967346,77.576986,20,6,1,theft,1
12.977351,77.531573,23,2,0,burglary,2
12.97248,77.750592,1,3,0,burglary,2
12.984201,77.550916,21,2,0,theft,1
12.999068,77.554472,9,1,0,theft,1
12.844574,77.660945,11,3,0,burglary,2
12.984902,77.604965,21,4,0,theft,2
12.843506,77.660312,0,0,0,vehicle_theft,3
12.965577,77.750738,3,5,1,vehicle_theft,2
13.026558,77.522061,0,6,1,burglary,3
12.927326,77.581717,20,0,0,burglary,2
12.915931,77.610681,22,0,0,theft,2
12.972856,77.598065,22,6,1,theft,1
12.984598,77.601941,4,4,0,harassment,1
12.981307,77.611372,20,6,1,assault,3
12.927378,77.548196,20,6,1,theft,1
12.917015,77.649792,21,6,1,burglary,2
12.913859,77.501584,16,3,0,burglary,1
12.971081,77.576557,17,5,1,harassment,1
12.911882,77.615464,21,5,1,vehicle_theft,1
12.980274,77.620329,17,0,0,harassment,1
12.932005,77.624109,3,0,0,harassment,2
12.847725,77.665277,1,6,1,theft,2
12.970319,77.569723,19,4,0,theft,2
12.934481,77.588877,17,6,1,theft,1
12.970028,77.577079,21,6,1,harassment,1
12.976691,77.611299,21,4,0,assault,3
13.001419,77.551855,7,4,0,theft,1
13.012612,77.714539,19,1,0,assault,3
12.945247,77.695005,4,6,1,vehicle_theft,3
13.024781,77.545887,7,6,1,vehicle_theft,2
13.098963,77.598399,21,3,0,burglary,1
12.9348,77.623319,2,0,0,assault,3
12.978744,77.571605,14,5,1,fraud,1
12.910807,77.586613,19,3,0,vehicle_theft,1
12.955817,77.696011,5,1,0,assault,3
13.036044,77.596233,19,6,1,theft,1
12.980582,77.636935,23,4,0,theft,1
12.977443,77.643063,1,0,0,assault,3
12.977328,77.60346,2,2,0,harassment,1
12.933236,77.579809,23,2,0,theft,1
13.002855,77.569468,4,1,0,theft,1
12.976149,77.579696,10,3,0,theft,2
13.012161,77.701729,9,6,1,burglary,3
12.847048,77.663952,3,1,0,fraud,1
12.975883,77.75137,0,2,0,fraud,2
12.937498,77.627468,3,6,1,vehicle_theft,3
12.947793,77.708232,18,6,1,theft,1
12.868113,77.533233,7,3,0,assault,2
13.027759,77.513947,0,6,1,theft,1
12.9664,77.58114,8,0,0,theft,1
13.108469,77.698132,7,2,0,harassment,1
12.936904,77.538879,17,0,0,harassment,2
12.979273,77.537039,17,6,1,theft,2
12.964129,77.579828,17,3,0,theft,1
12.98382,77.621647,2,2,0,theft,1
13.087159,77.670586,6,2,0,vehicle_theft,2
12.961194,77.578017,10,1,0,theft,2
12.984916,77.526591,0,0,0,vehicle_theft,2
12.984555,77.626003,21,2,0,theft,2
12.916203,77.60275,0,4,0,theft,1
12.954205,77.700776,20,4,0,theft,1
12.973372,77.561987,21,3,0,theft,2
13.025525,77.54367,8,1,0,assault,3
12.836005,77.743589,16,3,0,burglary,1
12.967792,77.582211,12,4,0,theft,1
12.962041,77.571994,19,2,0,assault,3
12.964538,77.57434,14,1,0,theft,1
12.972067,77.640329,0,1,0,theft,1
13.028613,77.523473,23,3,0,burglary,1
12.95833,77.580746,21,6,1,harassment,1
13.047449,77.598155,18,4,0,vehicle_theft,2
13.018517,77.593668,8,1,0,harassment,1
12.987353,77.608369,20,0,0,theft,1
12.898961,77.587377,2,0,0,burglary,2
12.924655,77.544296,17,5,1,vehicle_theft,2
12.928876,77.551347,21,1,0,vehicle_theft,2
12.974484,77.568751,10,1,0,theft,1
12.920007,77.536744,20,4,0,vehicle_theft,2
12.96966,77.530428,21,0,0,vehicle_theft,2
13.013534,77.579718,12,3,0,fraud,1
12.986421,77.602445,2,1,0,harassment,1
12.923551,77.612822,10,6,1,burglary,1
13.028215,77.540342,21,1,0,vehicle_theft,3
12.952422,77.698882,17,3,0,vehicle_theft,2
12.974444,77.569738,2,3,0,theft,1
12.915839,77.613716,5,4,0,harassment,1
12.976244,77.606939,8,4,0,harassment,1
12.912385,77.643142,14,1,0,vehicle_theft,2
12.84503,77.664598,1,4,0,theft,2
12.931803,77.638162,0,5,1,assault,2
12.963118,77.577082,15,2,0,theft,1
12.936509,77.625649,0,5,1,vehicle_theft,3
12.954974,77.699804,4,6,1,vehicle_theft,2
13.005213,77.569977,13,2,0,burglary,3
12.973713,77.606671,1,5,1,assault,3
12.972504,77.750693,1,2,0,theft,1
12.958766,77.697831,4,5,1,vehicle_theft,2
12.953539,77.699437,17,5,1,theft,1
12.885466,77.57195,22,2,0,burglary,1
12.963279,77.576617,20,6,1,harassment,1
13.003528,77.697937,9,4,0,assault,3
12.972239,77.640986,2,3,0,assault,3
13.093283,77.691835,21,4,0,theft,1
12.977964,77.578882,11,1,0,harassment,1
12.91181,77.626072,19,0,0,vehicle_theft,1
13.100853,77.592364,6,5,1,theft,1
12.983412,77.603439,11,6,1,theft,2
12.971657,77.576692,19,3,0,theft,3
12.956433,77.470898,20,4,0,vehicle_theft,1
12.918511,77.535315,0,2,0,vehicle_theft,2
13.00444,77.55471,14,6,1,burglary,2
12.932787,77.590491,18,3,0,burglary,2
12.912871,77.602575,21,6,1,vehicle_theft,1
12.848195,77.534236,0,4,0,theft,2
13.036254,77.530888,8,5,1,theft,1
13.002619,77.559936,19,6,1,assault,3
13.006784,77.687627,19,2,0,burglary,3
12.966248,77.576855,10,2,0,harassment,1
12.855135,77.650327,3,2,0,theft,1
13.029777,77.521508,23,0,0,burglary,2
13.03452,77.530804,22,0,0,burglary,1
12.970909,77.580795,23,2,0,theft,3
12.973025,77.750017,21,5,1,vehicle_theft,3
13.009309,77.569432,1,1,0,theft,1
13.030019,77.544212,10,6,1,assault,3
12.911947,77.64089,13,3,0,burglary,2
12.966264,77.774075,7,0,0,harassment,1
12.905893,77.61994,21,1,0,vehicle_theft,3
13.019873,77.517417,9,3,0,theft,1
12.904755,77.587277,19,5,1,vehicle_theft,2
13.052494,77.632776,12,5,1,theft,1
12.838939,77.490824,13,4,0,theft,1
12.912469,77.635868,21,3,0,vehicle_theft,2
12.933339,77.624259,23,4,0,theft,1
12.849489,77.673095,0,2,0,vehicle_theft,3
12.970478,77.608517,9,2,0,harassment,1
12.928942,77.581809,14,2,0,theft,1
12.909515,77.644919,22,5,1,burglary,2
12.967125,77.703959,9,2,0,vehicle_theft,2
12.850362,77.675456,9,4,0,vehicle_theft,2
12.966046,77.573792,15,1,0,theft,1
12.92338,77.554867,22,5,1,theft,2
12.93182,77.626094,6,1,0,assault,3
13.002663,77.569542,9,0,0,theft,1
13.027002,77.533534,13,6,1,theft,1
12.971891,77.755586,3,3,0,theft,2
12.986961,77.575425,10,1,0,theft,1
12.907028,77.691066,14,2,0,burglary,1
12.991712,77.598169,0,3,0,theft,1
13.019333,77.535757,3,0,0,theft,1
13.009941,77.684573,18,5,1,theft,1
12.982722,77.618334,0,1,0,assault,3
13.037188,77.58758,17,0,0,theft,2
12.908876,77.586217,23,4,0,theft,1
12.96643,77.570563,9,0,0,theft,1
12.909411,77.61036,19,1,0,vehicle_theft,2
13.110974,77.625416,23,6,1,theft,2
12.963033,77.577116,14,2,0,harassment,1
12.906068,77.583963,13,1,0,burglary,2
13.101059,77.600044,1,1,0,vehicle_theft,3
12.9115,77.642553,22,1,0,theft,2
13.004962,77.691467,20,5,1,burglary,2
12.973199,77.572364,11,6,1,theft,1
12.952743,77.73552,1,6,1,theft,2
13.002069,77.575792,20,4,0,theft,2
12.993158,77.501147,10,3,0,harassment,2
12.926575,77.551852,18,5,1,theft,1
12.972536,77.606511,3,2,0,theft,1
12.972295,77.645002,1,4,0,harassment,1
12.906814,77.59012,2,4,0,burglary,2
13.001896,77.553744,19,2,0,assault,3
13.130443,77.776394,1,5,1,theft,1
12.908538,77.62756,8,3,0,assault,3
12.914073,77.609848,1,2,0,theft,1
12.932329,77.540417,10,0,0,burglary,2
12.951688,77.701457,6,6,1,theft,2
12.969502,77.510583,20,3,0,burglary,2
13.002839,77.569824,14,0,0,fraud,1
12.872132,77.648532,23,4,0,fraud,1
12.97488,77.607033,19,6,1,theft,1
12.846787,77.647882,0,0,0,fraud,1
12.972171,77.541055,19,3,0,theft,1
12.909737,77.619277,17,1,0,assault,3
13.001924,77.560365,18,4,0,burglary,2
12.92928,77.58667,21,3,0,theft,2
13.133173,77.75074,22,2,0,harassment,2
13.029552,77.520075,2,6,1,theft,1
12.979296,77.574206,14,2,0,theft,2
12.980111,77.574363,21,4,0,theft,1
12.904825,77.641784,17,2,0,burglary,1
12.982132,77.621173,21,1,0,theft,1
12.980664,77.606543,20,4,0,theft,1
12.936749,77.626468,2,1,0,assault,3
12.900425,77.617057,11,6,1,vehicle_theft,2
12.925758,77.547122,22,3,0,theft,1
12.972928,77.64677,3,4,0,assault,2
13.011743,77.700099,12,1,0,vehicle_theft,2
13.038882,77.495574,3,1,0,vehicle_theft,1
12.932815,77.624661,18,6,1,theft,1
12.976691,77.614255,23,6,1,theft,1
12.911394,77.64044,20,5,1,theft,1
12.97798,77.642425,12,6,1,theft,1
12.965091,77.683913,2,3,0,assault,2
12.96773,77.577374,11,5,1,fraud,1
12.972612,77.608228,22,5,1,theft,2
12.978407,77.564221,19,5,1,harassment,1
12.902463,77.610537,23,6,1,assault,3
12.9122,77.645008,0,2,0,burglary,1
12.837633,77.705116,1,2,0,burglary,1
13.077637,77.737174,17,2,0,assault,1
12.97894,77.57158,9,6,1,theft,1
12.842881,77.653787,4,0,0,vehicle_theft,2
12.964855,77.587061,14,0,0,theft,2
12.97051,77.520498,17,0,0,vehicle_theft,2
12.929535,77.542041,0,1,0,burglary,1
13.04121,77.598272,8,5,1,theft,1
12.986237,77.605885,14,2,0,assault,3
12.88984,77.563392,5,4,0,burglary,1
13.014407,77.558118,11,0,0,theft,1
12.972717,77.648254,10,6,1,theft,1
12.991632,77.550522,5,3,0,assault,3
13.014997,77.69842,18,5,1,vehicle_theft,1
13.009641,77.701045,15,6,1,vehicle_theft,1
12.915999,77.630981,18,1,0,vehicle_theft,3
13.07726,77.672631,9,2,0,harassment,2
12.940003,77.622498,23,5,1,assault,3
13.006076,77.572863,15,3,0,fraud,1
12.976866,77.605747,20,5,1,harassment,1
12.953168,77.702682,11,6,1,vehicle_theft,3
12.999689,77.568453,6,6,1,burglary,1
12.969358,77.578268,12,2,0,theft,1
12.923723,77.549704,19,1,0,vehicle_theft,2
12.991034,77.606222,8,5,1,theft,1
13.020757,77.703855,8,2,0,vehicle_theft,3
13.001601,77.569364,22,2,0,theft,1
12.967721,77.578042,12,6,1,theft,1
13.036138,77.596964,0,1,0,theft,1
12.999538,77.55322,0,0,0,theft,1
12.967676,77.74677,21,2,0,vehicle_theft,2
12.961485,77.697912,10,6,1,theft,1
12.915716,77.614238,19,0,0,vehicle_theft,2
12.924607,77.547142,16,1,0,theft,1
13.099627,77.61616,5,4,0,burglary,3
12.924816,77.616008,5,2,0,harassment,2
12.921244,77.613007,19,2,0,vehicle_theft,2
12.998711,77.555617,18,2,0,theft,1
12.965768,77.644288,0,3,0,harassment,2
12.996869,77.553376,0,4,0,burglary,3
12.971991,77.582373,20,4,0,harassment,2
12.987002,77.550219,19,0,0,theft,1
12.919835,77.609273,22,1,0,harassment,1
12.982104,77.559907,22,2,0,theft,1
12.975333,77.607004,6,6,1,assault,3
12.992314,77.555093,22,5,1,burglary,2
12.912823,77.593078,0,5,1,harassment,1
12.84802,77.660304,5,5,1,vehicle_theft,2
12.929829,77.61835,5,4,0,assault,3
13.00798,77.696018,7,5,1,theft,1
13.101944,77.714861,11,3,0,assault,1
12.911756,77.647511,5,1,0,theft,1
12.935947,77.626255,4,3,0,theft,1
12.972674,77.573143,6,6,1,fraud,2
13.033739,77.599134,21,5,1,vehicle_theft,2
12.955404,77.711762,11,4,0,burglary,3
12.906249,77.611594,10,4,0,vehicle_theft,2
12.90841,77.644297,21,2,0,vehicle_theft,2
13.032308,77.59816,7,3,0,theft,2
12.974744,77.643667,1,3,0,vehicle_theft,1
12.978253,77.762646,6,3,0,theft,2
12.991405,77.612164,8,4,0,theft,1
12.925889,77.537941,17,3,0,vehicle_theft,2
12.956004,77.70087,17,2,0,vehicle_theft,2
12.906399,77.617476,21,2,0,vehicle_theft,1
12.97458,77.569234,21,6,1,theft,1
13.001229,77.567883,2,2,0,burglary,1
13.004031,77.698564,17,6,1,burglary,2
12.839671,77.659299,21,4,0,vehicle_theft,3
13.010955,77.684177,1,2,0,theft,2
12.855784,77.673106,2,6,1,vehicle_theft,3
12.947469,77.702526,9,3,0,vehicle_theft,3
12.993635,77.574163,11,1,0,theft,1
12.981865,77.607701,0,6,1,assault,3
12.929478,77.620709,22,1,0,assault,3
12.995415,77.746733,21,5,1,theft,1
12.90644,77.585787,1,0,0,vehicle_theft,2
12.912329,77.643739,19,0,0,theft,1
12.996637,77.553068,11,5,1,burglary,2
12.977759,77.607726,12,3,0,assault,3
12.978943,77.608054,13,4,0,theft,2
12.978536,77.570245,7,0,0,theft,1
12.979046,77.569998,7,5,1,harassment,1
12.978357,77.561282,5,4,0,theft,1
12.849328,77.673344,21,6,1,vehicle_theft,2
12.970997,77.575837,19,4,0,theft,2
12.980307,77.624571,22,0,0,theft,1
13.005804,77.693494,17,3,0,vehicle_theft,1
12.957871,77.576651,10,6,1,theft,1
12.922046,77.545649,20,2,0,theft,1
12.982686,77.648386,22,5,1,theft,2
12.855681,77.682488,21,0,0,assault,1
12.929057,77.582873,22,5,1,theft,1
12.919808,77.62656,17,5,1,harassment,2
12.953662,77.73707,1,0,0,fraud,1
12.899227,77.590294,21,3,0,theft,1
12.974181,77.586409,13,3,0,theft,1
12.969634,77.580312,16,3,0,theft,1
12.976496,77.619627,20,0,0,harassment,1
12.925975,77.545371,19,5,1,theft,1
12.926684,77.581489,19,2,0,fraud,2
12.911782,77.643294,15,2,0,theft,2
12.905707,77.591753,8,2,0,theft,1
12.972422,77.611273,15,6,1,theft,1
12.965429,77.715215,15,2,0,vehicle_theft,3
12.987479,77.605582,7,6,1,theft,2
12.844374,77.659088,23,2,0,burglary,1
12.969477,77.573544,6,6,1,theft,1
12.904719,77.580974,0,0,0,theft,2
12.93557,77.62532,2,5,1,vehicle_theft,2
12.998676,77.555788,3,6,1,theft,1
13.099966,77.596255,17,2,0,theft,1
13.000104,77.553261,4,2,0,theft,2
12.954666,77.585728,0,2,0,harassment,1
12.928744,77.633384,10,6,1,assault,3
12.968775,77.746687,13,1,0,vehicle_theft,2
12.906563,77.585083,21,3,0,burglary,2
13.03361,77.518859,21,2,0,vehicle_theft,2
12.962672,77.577282,9,6,1,harassment,1
12.95315,77.750866,2,0,0,burglary,3
12.982237,77.60686,6,2,0,harassment,2
12.979549,77.571646,0,1,0,fraud,1
12.90805,77.608951,18,1,0,burglary,2
12.968196,77.579543,14,3,0,theft,1
12.971415,77.603512,14,5,1,theft,1
13.044786,77.590915,7,2,0,vehicle_theft,2
12.940807,77.631356,14,2,0,assault,3
12.853219,77.666583,4,2,0,burglary,1
12.97365,77.573432,11,6,1,theft,1
12.964045,77.57443,10,0,0,harassment,2
13.030833,77.521784,21,6,1,burglary,2
12.971486,77.569507,14,5,1,theft,1
13.038157,77.524358,20,2,0,burglary,2
12.967289,77.752242,5,6,1,burglary,1
12.911605,77.614048,21,6,1,vehicle_theft,2
12.990872,77.55799,18,3,0,burglary,2
12.981854,77.620857,22,4,0,theft,1
13.098363,77.611861,2,1,0,burglary,2
13.095741,77.591719,1,3,0,theft,1
13.032683,77.595808,7,1,0,vehicle_theft,3
12.973077,77.641603,1,5,1,vehicle_theft,1
12.91112,77.645064,0,6,1,burglary,2
13.01414,77.704777,0,4,0,vehicle_theft,2
12.974987,77.606998,1,6,1,theft,1
12.929152,77.572447,18,1,0,theft,1
12.967926,77.580142,14,0,0,theft,2
12.959755,77.706218,20,2,0,burglary,1
12.958495,77.702519,20,2,0,burglary,2
12.91234,77.640478,18,5,1,burglary,2
13.000272,77.549422,19,4,0,assault,3
12.964306,77.569878,22,6,1,theft,1
12.910323,77.604863,2,4,0,harassment,1
12.978209,77.604177,22,5,1,assault,3
13.022905,77.531803,4,6,1,theft,1
12.924118,77.542623,0,6,1,theft,1
12.951322,77.694733,7,2,0,burglary,2
12.903934,77.577721,21,5,1,burglary,1
12.912388,77.640821,9,2,0,burglary,2
13.029895,77.521086,22,4,0,vehicle_theft,1
12.977975,77.574241,11,1,0,theft,1
12.971209,77.586874,14,0,0,theft,1
12.917029,77.548641,19,2,0,burglary,2
12.845088,77.663672,3,6,1,vehicle_theft,2
12.845231,77.587863,3,1,0,harassment,1
12.97433,77.568646,12,4,0,theft,1
12.834548,77.6733,2,3,0,burglary,2
12.845425,77.660085,9,0,0,theft,1
12.994479,77.60194,15,0,0,harassment,1
12.982173,77.609361,17,2,0,theft,2
13.029082,77.542882,10,2,0,theft,2
12.974887,77.751337,0,6,1,vehicle_theft,2
12.982263,77.573276,20,0,0,harassment,1
12.980843,77.623725,1,3,0,theft,1
12.93111,77.580066,0,0,0,theft,1
13.009972,77.564702,22,2,0,theft,1
12.96023,77.694592,8,5,1,burglary,2
12.937679,77.633385,4,5,1,assault,3
12.998091,77.555145,23,6,1,theft,1
12.930642,77.58306,14,3,0,burglary,2
12.91119,77.639451,18,2,0,fraud,1
13.010792,77.690103,10,6,1,burglary,2
13.025221,77.534625,15,0,0,theft,1
13.004537,77.569543,21,1,0,fraud,1
12.983479,77.602877,19,3,0,theft,1
13.079233,77.517791,14,3,0,harassment,2
13.036277,77.597037,19,4,0,vehicle_theft,1
12.974524,77.570493,13,6,1,theft,1
13.002366,77.567108,16,2,0,burglary,2
12.980069,77.611805,23,4,0,theft,2
12.907517,77.586672,23,5,1,burglary,2
12.830046,77.644233,2,1,0,fraud,1
12.985929,77.620689,22,1,0,assault,3
12.872696,77.681858,23,0,0,burglary,1
12.929622,77.476535,19,5,1,harassment,1
12.927281,77.684002,1,3,0,vehicle_theft,2
12.970588,77.57126,12,3,0,fraud,1
12.922002,77.543979,15,5,1,theft,1
13.089919,77.599511,23,6,1,burglary,3
12.980348,77.607644,0,0,0,assault,3
12.98478,77.566618,13,5,1,assault,3
13.028965,77.595668,17,5,1,burglary,1
12.956948,77.700336,7,2,0,theft,1
12.888938,77.560088,22,3,0,vehicle_theft,1
12.957172,77.701305,19,2,0,burglary,3
13.075778,77.613122,0,6,1,burglary,1
12.975411,77.644832,2,1,0,assault,3
12.905622,77.584208,16,4,0,theft,1
12.90956,77.622151,9,3,0,vehicle_theft,2
12.970171,77.64585,2,5,1,theft,1
12.971744,77.636452,19,1,0,assault,3
12.914142,77.631062,2,2,0,assault,3
12.965094,77.578668,7,3,0,assault,2
12.974787,77.606926,0,0,0,assault,3
13.028989,77.540151,20,1,0,assault,3
12.982344,77.569909,8,3,0,fraud,1
12.988585,77.623347,2,1,0,assault,3
12.852433,77.655744,18,0,0,burglary,2
12.972186,77.530403,18,2,0,theft,1
12.979259,77.756402,0,4,0,fraud,1
12.937638,77.619734,4,6,1,assault,3
12.997694,77.555117,18,2,0,theft,1
13.037694,77.531637,19,6,1,theft,1
12.906805,77.583939,0,0,0,theft,1
12.914967,77.64229,5,4,0,burglary,2
13.002349,77.571326,12,6,1,burglary,3
12.969397,77.531698,22,3,0,theft,1
13.045803,77.516275,0,6,1,vehicle_theft,2
12.907851,77.641368,23,4,0,fraud,1
13.025423,77.534719,10,0,0,theft,1
12.981844,77.552481,21,2,0,harassment,1
12.98267,77.601142,19,3,0,harassment,1
12.988115,77.602614,8,2,0,assault,3
12.92954,77.573637,7,5,1,theft,2
12.968111,77.577111,11,3,0,theft,1
12.971419,77.744151,22,3,0,theft,1
13.055621,77.624331,20,6,1,assault,2
12.959189,77.579129,7,1,0,assault,3
13.033215,77.520202,21,0,0,vehicle_theft,3
12.932472,77.538447,10,6,1,theft,2
13.034173,77.519027,6,4,0,vehicle_theft,1
12.979548,77.63416,23,3,0,assault,2
12.923889,77.579873,21,5,1,fraud,1
12.983512,77.562548,20,5,1,theft,1
12.912935,77.615598,2,0,0,vehicle_theft,3
12.973486,77.748515,20,5,1,theft,1
13.002997,77.567407,13,1,0,burglary,2
12.971351,77.747947,3,4,0,theft,1
12.907437,77.616851,4,5,1,vehicle_theft,2
12.930851,77.591133,21,4,0,theft,1
12.978098,77.573461,21,1,0,harassment,1
12.970758,77.74957,3,3,0,burglary,3
13.036929,77.522278,0,0,0,theft,1
12.960942,77.618245,12,3,0,theft,2
12.907059,77.532191,22,1,0,harassment,1
13.031131,77.518161,1,6,1,burglary,1
12.973192,77.751851,10,6,1,vehicle_theft,1
12.956424,77.575679,12,4,0,theft,1
12.980988,77.605851,21,3,0,theft,1
13.102769,77.592338,3,3,0,vehicle_theft,1
13.005613,77.567156,15,0,0,fraud,1
13.001718,77.570534,14,1,0,burglary,3
12.910622,77.631873,19,2,0,burglary,1
12.901859,77.640914,16,1,0,burglary,2
12.871231,77.52342,12,2,0,theft,1
12.917687,77.611302,5,0,0,theft,1
13.026497,77.54634,8,6,1,vehicle_theft,2
12.981145,77.604215,9,4,0,assault,3
12.987447,77.603428,7,0,0,theft,2
12.849957,77.685607,7,6,1,vehicle_theft,2
12.969519,77.750422,23,3,0,vehicle_theft,1
12.974499,77.606317,2,6,1,assault,3
12.994507,77.568425,23,4,0,theft,1
12.905,77.591382,6,5,1,burglary,2
12.868319,77.500565,1,5,1,assault,1
12.961132,77.570578,20,5,1,theft,2
12.926101,77.545301,17,4,0,burglary,3
12.933936,77.632367,1,5,1,assault,3
12.909062,77.634965,6,0,0,vehicle_theft,1
13.016905,77.553752,11,0,0,vehicle_theft,1
13.02988,77.521922,17,2,0,theft,1
12.979734,77.605649,12,3,0,harassment,1
12.980888,77.622215,13,5,1,assault,3
13.030085,77.539902,11,6,1,theft,1
12.998427,77.57681,13,4,0,theft,2
12.83,77.648525,1,4,0,theft,1
13.096704,77.60463,4,4,0,vehicle_theft,2
13.0263,77.524159,21,4,0,vehicle_theft,2
12.975974,77.570266,9,5,1,theft,1
13.121159,77.639383,11,4,0,theft,1
12.964069,77.576933,7,2,0,harassment,1
13.00403,77.569755,16,6,1,theft,1
12.923921,77.571066,11,3,0,theft,1
12.9409,77.583342,21,4,0,theft,1
12.975469,77.607501,18,4,0,theft,1
12.999721,77.56365,21,6,1,fraud,2
12.970931,77.757014,23,0,0,vehicle_theft,2
12.973627,77.52485,7,1,0,theft,1
12.974597,77.5292,17,6,1,vehicle_theft,2
12.846875,77.66,21,1,0,burglary,2
12.929214,77.577466,18,4,0,theft,1
12.96468,77.57485,12,0,0,harassment,1
13.012231,77.695106,8,4,0,theft,1
12.972222,77.530001,2,2,0,theft,1
12.977027,77.571302,18,1,0,theft,1
13.02837,77.543481,20,5,1,vehicle_theft,1
12.96199,77.576386,17,6,1,harassment,1
12.916338,77.609357,7,1,0,theft,1
12.96456,77.574966,12,2,0,harassment,1
12.986006,77.624127,18,5,1,harassment,1
12.907498,77.584546,19,4,0,theft,1
12.930302,77.593203,20,0,0,burglary,1
12.927351,77.605579,22,6,1,vehicle_theft,2
12.979296,77.619922,2,3,0,harassment,1
13.007866,77.697251,9,1,0,theft,1
13.102713,77.591668,5,0,0,burglary,2
12.990903,77.596783,10,4,0,theft,1
12.987642,77.59897,21,5,1,theft,1
12.854582,77.657406,22,4,0,theft,3
12.831928,77.665062,3,3,0,vehicle_theft,2
12.929881,77.583181,23,1,0,burglary,2
12.936637,77.625516,2,5,1,assault,2
12.915443,77.609283,21,5,1,theft,1
12.977943,77.604384,10,0,0,theft,1
13.013366,77.692653,8,3,0,theft,2
12.966051,77.581659,13,3,0,theft,1
12.935082,77.579338,21,1,0,burglary,3
13.053749,77.6363,16,6,1,assault,2
12.970688,77.529447,22,2,0,theft,1
12.973366,77.728854,9,5,1,fraud,1
12.973555,77.579312,19,0,0,theft,1
12.963203,77.574248,14,4,0,theft,1
12.964152,77.57619,3,6,1,assault,3
12.954315,77.702629,18,2,0,vehicle_theft,2
12.979332,77.531348,11,1,0,theft,1
12.990001,77.666267,6,2,0,vehicle_theft,2
13.035754,77.517696,1,2,0,theft,1
12.925221,77.615631,18,2,0,burglary,1
12.917504,77.607227,18,6,1,theft,1
12.981941,77.731243,18,2,0,theft,1
12.984666,77.715337,9,1,0,burglary,1
13.000817,77.687967,20,1,0,vehicle_theft,2
12.849568,77.649169,20,5,1,burglary,1
12.843922,77.65957,21,4,0,vehicle_theft,1
12.897624,77.575466,0,4,0,assault,1
12.974074,77.607145,5,1,0,harassment,1
13.008649,77.699798,2,3,0,burglary,2
12.859196,77.77258,16,4,0,assault,1
12.911275,77.642425,12,0,0,burglary,2
13.020362,77.53618,10,5,1,vehicle_theft,2
13.04764,77.552419,12,3,0,vehicle_theft,2
12.984306,77.606729,21,2,0,harassment,1
13.007244,77.695476,17,6,1,vehicle_theft,2
12.998253,77.554253,21,6,1,burglary,2
13.02473,77.541559,10,1,0,assault,3
12.96614,77.535397,19,4,0,burglary,2
12.936949,77.588753,14,2,0,fraud,2
12.980143,77.609955,10,4,0,assault,3
13.090293,77.597981,22,1,0,vehicle_theft,3
12.977205,77.570768,14,1,0,assault,3
12.974392,77.572238,13,1,0,harassment,1
12.977095,77.571059,18,5,1,assault,3
12.981016,77.566239,8,3,0,harassment,1
12.97518,77.63406,2,5,1,vehicle_theft,2
13.031968,77.521345,2,3,0,vehicle_theft,2
12.904665,77.618928,18,0,0,assault,2
12.9698,77.52751,22,6,1,vehicle_theft,2
12.986451,77.599384,18,6,1,theft,1
12.965798,77.576402,11,5,1,theft,1
12.985357,77.607502,12,2,0,harassment,1
12.977572,77.571622,20,4,0,harassment,1
13.041123,77.512814,0,0,0,theft,1
12.930069,77.583193,10,5,1,theft,2
12.933256,77.539881,18,6,1,vehicle_theft,2
13.033767,77.519393,1,3,0,theft,1
12.93482,77.617702,8,0,0,theft,1
12.904428,77.641169,16,4,0,burglary,2
12.933698,77.626007,20,6,1,assault,3
13.003312,77.689667,21,6,1,theft,1
13.029827,77.511672,3,2,0,theft,1
12.968137,77.578849,9,4,0,theft,2
12.934834,77.625792,15,6,1,assault,3
12.975165,77.605413,19,0,0,assault,3
13.128275,77.766055,17,3,0,burglary,1
12.928182,77.58302,11,6,1,fraud,2
12.919701,77.742297,12,3,0,assault,1
12.977381,77.571295,15,2,0,theft,1
12.972585,77.613799,20,5,1,harassment,1
12.920006,77.598176,19,5,1,vehicle_theft,2
12.847245,77.69912,1,5,1,theft,1
12.958044,77.709087,17,6,1,burglary,2
12.995763,77.574925,16,6,1,theft,1
12.838757,77.660584,21,1,0,burglary,3
12.965879,77.748185,1,3,0,fraud,1
12.98897,77.599577,16,3,0,assault,3
12.933672,77.585083,22,5,1,fraud,1
12.963325,77.692179,20,2,0,vehicle_theft,2
12.975037,77.606993,2,1,0,assault,3
12.906527,77.585191,0,1,0,burglary,2
13.028085,77.516769,2,4,0,vehicle_theft,1
12.936796,77.520218,17,0,0,assault,1
13.051257,77.512819,0,0,0,vehicle_theft,3
13.003137,77.570795,19,3,0,theft,1
12.950187,77.686624,9,6,1,vehicle_theft,1
12.983138,77.607042,18,5,1,assault,3
12.914571,77.607101,8,5,1,theft,1
12.963398,77.57927,8,1,0,harassment,2
12.927544,77.648678,14,3,0,vehicle_theft,2
12.970949,77.640595,22,0,0,theft,1
12.923257,77.543687,23,6,1,vehicle_theft,2
12.982703,77.60537,14,3,0,assault,3
12.920071,77.575748,17,2,0,burglary,2
12.972363,77.602275,3,6,1,assault,2
12.976587,77.607138,0,6,1,assault,3
13.043026,77.511661,21,1,0,theft,2
12.97974,77.603464,9,6,1,harassment,1
12.977698,77.598655,11,1,0,theft,1
12.926156,77.544501,19,4,0,burglary,2
12.996725,77.580133,12,4,0,theft,2
12.9746,77.606262,2,1,0,theft,1
13.000463,77.693831,7,3,0,theft,1
12.976805,77.572957,11,3,0,harassment,2
12.962072,77.58359,12,4,0,theft,1
12.978872,77.615923,13,5,1,assault,3
12.967639,77.579048,12,1,0,theft,1
12.916548,77.601183,20,1,0,burglary,1
12.973129,77.580315,21,4,0,theft,1
13.050388,77.605994,6,1,0,vehicle_theft,2
12.995746,77.530324,4,6,1,burglary,2
12.98581,77.566908,7,2,0,theft,1
12.929676,77.552947,18,2,0,burglary,1
12.971427,77.582775,11,1,0,theft,1
12.844888,77.659903,2,0,0,vehicle_theft,2
12.913778,77.611147,5,0,0,vehicle_theft,2
12.936626,77.634942,2,0,0,theft,1
12.97987,77.5641,7,5,1,theft,1
12.846425,77.663972,22,0,0,burglary,2
12.91518,77.610296,23,4,0,burglary,2
13.002253,77.573104,9,6,1,theft,1
12.91714,77.617237,20,6,1,burglary,2
12.914479,77.611421,22,5,1,vehicle_theft,3
12.966352,77.575673,11,2,0,fraud,1
12.930248,77.582148,17,3,0,burglary,3
12.968924,77.575507,12,5,1,theft,1
13.02907,77.507527,2,1,0,vehicle_theft,2
12.987535,77.599013,21,1,0,harassment,2
12.975441,77.578487,13,1,0,theft,2
12.972389,77.512546,7,1,0,burglary,1
12.983531,77.620206,2,2,0,theft,1
12.975278,77.619453,12,5,1,assault,2
13.038238,77.599624,7,0,0,theft,1
12.985924,77.620288,18,0,0,assault,3
13.036917,77.606865,19,2,0,assault,3
12.852315,77.660194,1,2,0,vehicle_theft,1
12.964864,77.575546,19,0,0,theft,1
12.969916,77.571447,14,6,1,theft,2
12.974585,77.533768,16,1,0,burglary,2
12.929797,77.664696,15,5,1,vehicle_theft,1
12.974925,77.607119,2,5,1,assault,3
12.901932,77.579334,0,6,1,burglary,3
13.047164,77.674984,0,5,1,assault,1
12.94948,77.697047,21,4,0,vehicle_theft,1
12.975351,77.570414,18,6,1,theft,2
12.971505,77.479839,18,5,1,fraud,1
12.985207,77.609373,11,2,0,theft,1
12.930847,77.575797,22,2,0,fraud,1
13.039839,77.59146,18,6,1,burglary,3
13.079873,77.59407,21,3,0,harassment,1
13.008152,77.691377,21,0,0,burglary,2
12.907053,77.582517,8,6,1,burglary,1
12.955393,77.699662,19,3,0,vehicle_theft,3
12.995233,77.5609,1,0,0,theft,2
12.906797,77.643657,20,1,0,burglary,2
12.999129,77.561148,22,1,0,burglary,2
12.857873,77.725841,10,0,0,harassment,1
13.032995,77.596079,19,2,0,theft,2
12.91129,77.640915,1,5,1,burglary,1
13.064777,77.760037,1,4,0,harassment,2
12.976604,77.571173,16,3,0,fraud,1
12.880958,77.701317,11,3,0,vehicle_theft,1
12.972192,77.609242,22,2,0,theft,2
13.033237,77.513951,6,6,1,burglary,1
13.037289,77.601609,5,0,0,vehicle_theft,2
12.959279,77.755168,3,0,0,fraud,1
13.095577,77.601034,13,1,0,burglary,2
12.983705,77.602545,8,1,0,harassment,1
12.986472,77.600194,10,4,0,harassment,1
12.979039,77.564607,13,2,0,assault,3
12.914086,77.581575,18,3,0,theft,1
12.930227,77.580515,21,3,0,theft,1
12.978567,77.571161,22,6,1,theft,1
12.861748,77.658925,1,0,0,theft,1
13.038894,77.598506,21,2,0,theft,1
12.907154,77.607325,21,4,0,harassment,1
12.972622,77.527304,19,1,0,theft,3
12.973674,77.637304,18,4,0,harassment,1
12.980188,77.603651,16,5,1,assault,3
12.913458,77.607813,21,5,1,theft,2
13.087275,77.551161,2,6,1,vehicle_theft,1
12.988766,77.598943,11,6,1,theft,1
12.919709,77.608934,21,0,0,theft,1
12.986231,77.613484,13,0,0,theft,1
12.927215,77.625628,12,2,0,assault,3
12.986207,77.575568,2,0,0,assault,3
12.975716,77.605302,1,1,0,assault,3
13.040821,77.516676,5,5,1,vehicle_theft,3
12.984647,77.607626,10,5,1,harassment,1
12.945011,77.628655,17,3,0,assault,2
12.996669,77.550575,14,0,0,burglary,1
13.00923,77.697347,22,1,0,theft,1
13.045053,77.59866,0,4,0,theft,1
13.001872,77.569812,18,5,1,theft,1
12.978588,77.63896,15,6,1,harassment,1
12.975423,77.574269,10,0,0,theft,1
12.984819,77.602332,14,3,0,theft,1
12.958239,77.701619,3,6,1,theft,1
12.92575,77.546974,0,6,1,vehicle_theft,2
12.999257,77.56626,16,4,0,fraud,1
12.92391,77.610699,13,5,1,harassment,1
12.982859,77.61801,23,6,1,theft,1
12.96612,77.748213,23,0,0,burglary,2
13.006111,77.569418,9,1,0,theft,1
12.972073,77.532607,22,4,0,theft,1
12.899284,77.617156,17,5,1,vehicle_theft,2
12.933977,77.561844,22,5,1,vehicle_theft,2
12.97014,77.579914,20,2,0,theft,1
12.948459,77.699202,11,6,1,vehicle_theft,1
12.978022,77.571613,17,5,1,harassment,2
12.838477,77.660669,19,3,0,vehicle_theft,1
12.997243,77.569816,11,6,1,theft,1
12.978651,77.767181,13,3,0,theft,1
12.989686,77.624093,21,1,0,assault,3
12.925528,77.545011,21,2,0,vehicle_theft,1
12.985309,77.532328,23,2,0,theft,1
12.935378,77.611927,22,1,0,harassment,1
12.845663,77.668819,12,6,1,theft,1
12.943067,77.616419,2,5,1,assault,3
12.967332,77.702315,7,5,1,burglary,2
12.965279,77.527164,20,4,0,vehicle_theft,2
12.832239,77.658635,3,5,1,burglary,1
12.835346,77.680874,2,0,0,vehicle_theft,1
12.980057,77.572874,10,2,0,theft,1
12.977866,77.571161,14,3,0,theft,2
12.92803,77.582546,10,2,0,theft,2
12.974004,77.606825,21,4,0,harassment,1
13.000767,77.548864,22,5,1,theft,2
12.975704,77.569905,20,2,0,fraud,2
13.099929,77.59453,7,6,1,vehicle_theft,2
12.937437,77.611467,0,5,1,theft,1
13.035624,77.548872,10,6,1,burglary,1
13.091894,77.588564,3,5,1,burglary,2
13.096264,77.595848,3,3,0,burglary,2
12.943845,77.574248,20,2,0,theft,1
12.96815,77.757423,2,2,0,vehicle_theft,2
12.974692,77.630305,13,5,1,harassment,1
13.081506,77.46275,23,3,0,vehicle_theft,1
12.909767,77.579084,20,6,1,burglary,2
12.966712,77.747243,23,0,0,fraud,2
12.979916,77.613427,1,5,1,assault,3
12.977442,77.570224,13,6,1,fraud,1
13.110968,77.668134,9,6,1,assault,1
13.021084,77.649751,23,5,1,theft,1
12.928738,77.615125,12,5,1,harassment,1
12.911219,77.613958,21,5,1,theft,2
13.005604,77.56593,8,1,0,fraud,1
12.911322,77.593097,21,4,0,theft,2
12.97472,77.618676,4,3,0,theft,1
12.954245,77.586406,8,3,0,theft,1
12.964548,77.579013,11,2,0,assault,3
12.955252,77.694758,15,4,0,burglary,2
12.99941,77.555937,16,3,0,theft,2
12.916397,77.610053,18,6,1,theft,1
12.934461,77.627025,23,1,0,theft,1
13.009681,77.696682,15,3,0,vehicle_theft,1
12.964903,77.577363,16,6,1,theft,1
12.899462,77.498296,11,1,0,theft,1
12.97757,77.572712,21,1,0,theft,1
12.981474,77.483852,1,5,1,fraud,2
12.98227,77.57114,5,1,0,assault,3
12.936257,77.618838,4,5,1,theft,2
12.963533,77.577899,7,2,0,harassment,1
13.00575,77.692294,23,6,1,theft,1
12.974881,77.60716,12,0,0,harassment,1
13.029243,77.527793,10,6,1,theft,1
12.94312,77.619825,1,6,1,assault,3
12.957864,77.743766,5,5,1,fraud,2
12.917568,77.648777,19,2,0,theft,2
12.838468,77.648935,19,1,0,theft,1
12.989161,77.61152,8,0,0,assault,3
13.100476,77.586768,22,4,0,vehicle_theft,1
13.12928,77.578935,2,6,1,theft,1
12.915279,77.63972,18,6,1,theft,2
12.953202,77.578632,20,2,0,theft,1
12.976761,77.570725,13,6,1,theft,1
12.902568,77.620513,16,6,1,assault,3
12.978526,77.618492,5,6,1,theft,1
12.978268,77.56694,23,5,1,fraud,1
13.036951,77.599665,18,2,0,theft,2
12.975187,77.569673,7,2,0,fraud,1
12.973203,77.603539,0,4,0,harassment,1
12.847493,77.664865,23,3,0,fraud,1
12.97497,77.601643,21,2,0,harassment,2
12.977688,77.606126,12,4,0,theft,1
12.97517,77.641184,2,1,0,assault,3
12.966771,77.578254,14,2,0,theft,1
12.968262,77.748382,22,4,0,vehicle_theft,2
12.963254,77.75677,6,4,0,burglary,1
13.040403,77.596809,18,4,0,burglary,3
13.018016,77.519098,0,1,0,vehicle_theft,3
12.899259,77.613416,20,1,0,vehicle_theft,3
13.100111,77.593912,20,4,0,burglary,2
12.913567,77.540987,18,6,1,burglary,2
13.001559,77.562729,11,6,1,burglary,2
12.979675,77.572394,2,1,0,theft,1
12.980762,77.605633,12,2,0,harassment,2
12.916841,77.546862,20,0,0,burglary,2
13.128462,77.7048,5,1,0,theft,2
12.959636,77.694462,10,2,0,assault,3
12.921609,77.606107,6,0,0,burglary,2
12.952897,77.69983,3,4,0,burglary,2
12.892536,77.591684,20,2,0,theft,1
12.968705,77.575808,20,0,0,harassment,1
12.934988,77.624994,23,3,0,assault,3
12.91662,77.606274,15,5,1,burglary,2
12.967842,77.76416,22,0,0,vehicle_theft,2
12.954747,77.585605,14,1,0,theft,1
12.98277,77.600904,6,4,0,theft,1
12.860525,77.699007,14,5,1,burglary,1
12.906925,77.484548,5,3,0,burglary,1
12.983935,77.621482,3,2,0,theft,1
12.982696,77.619378,23,5,1,assault,3
12.934127,77.624165,3,4,0,theft,1
12.979825,77.578124,11,1,0,theft,1
12.926842,77.62904,1,0,0,harassment,1
12.915942,77.616493,6,6,1,theft,1
12.94222,77.728059,7,5,1,burglary,2
12.989563,77.605619,8,3,0,theft,1
12.929312,77.618739,1,4,0,vehicle_theft,1
12.902077,77.585147,18,5,1,vehicle_theft,2
12.951103,77.752796,20,4,0,burglary,2
12.910898,77.606056,7,0,0,vehicle_theft,2
12.937451,77.583767,17,3,0,theft,1
12.935193,77.626463,8,5,1,assault,2
12.971336,77.646888,0,3,0,assault,3
12.974495,77.637008,1,1,0,vehicle_theft,3
12.975682,77.6108,7,2,0,assault,3
12.915691,77.645955,0,1,0,burglary,2
12.977658,77.57261,11,5,1,harassment,1
12.937637,77.633343,23,5,1,assault,2
12.91562,77.610351,13,3,0,theft,1
12.978752,77.638009,3,4,0,assault,3
12.927942,77.574816,20,1,0,fraud,1
12.923543,77.638385,4,3,0,theft,1
12.970766,77.572952,10,2,0,theft,1
12.975542,77.607188,22,1,0,harassment,1
13.001456,77.565973,9,0,0,burglary,3
12.971147,77.74683,18,2,0,vehicle_theft,2
12.926072,77.54694,23,2,0,vehicle_theft,2
12.967783,77.755807,0,0,0,burglary,2
13.036255,77.597775,17,6,1,theft,1
13.092538,77.593414,20,5,1,burglary,2
12.975793,77.552175,3,6,1,harassment,1
12.963844,77.578759,16,3,0,theft,1
12.932236,77.662059,23,4,0,fraud,1
12.935693,77.624638,6,1,0,theft,1
12.962745,77.574077,18,4,0,assault,2
12.905792,77.646758,20,0,0,vehicle_theft,3
12.916695,77.613089,1,3,0,theft,1
13.033425,77.595106,18,4,0,vehicle_theft,2
12.905686,77.61722,18,2,0,assault,3
13.037989,77.592757,20,4,0,vehicle_theft,1
12.908629,77.58468,20,2,0,theft,2
13.003593,77.571107,19,5,1,theft,1
12.908511,77.639858,18,5,1,burglary,3
13.100307,77.603533,23,0,0,vehicle_theft,2
12.966234,77.693701,13,0,0,vehicle_theft,1
12.901592,77.601659,20,5,1,theft,1
12.991412,77.539995,15,4,0,burglary,2
12.98024,77.578554,14,1,0,theft,1
13.0107,77.569401,10,4,0,fraud,2
13.028207,77.538322,8,2,0,assault,3
13.012553,77.697394,18,6,1,vehicle_theft,2
12.976073,77.546019,19,6,1,theft,1
13.025812,77.536292,17,3,0,theft,1
12.971988,77.633654,1,6,1,theft,2
12.929951,77.58305,22,4,0,theft,2
12.928722,77.589502,22,2,0,theft,1
12.916421,77.637502,7,3,0,burglary,1
12.847353,77.682327,13,2,0,fraud,1
12.976327,77.618947,2,6,1,assault,3
12.917654,77.608327,21,0,0,vehicle_theft,3
12.97805,77.570427,8,5,1,harassment,1
12.958507,77.55911,13,6,1,vehicle_theft,1
13.027405,77.542419,9,5,1,assault,3
12.96696,77.569542,17,2,0,fraud,1
12.971834,77.531423,21,1,0,burglary,2
12.982535,77.601142,18,0,0,theft,1
12.958229,77.573102,16,1,0,theft,1
12.972121,77.533924,5,6,1,theft,1
12.906154,77.586604,0,2,0,theft,2
12.910743,77.641307,18,5,1,burglary,2
13.0124,77.564512,17,6,1,theft,1
12.934481,77.616443,2,0,0,assault,3
12.983705,77.553121,19,1,0,theft,2
12.905401,77.617582,21,3,0,vehicle_theft,3
12.895685,77.714701,15,1,0,theft,1
12.992582,77.612519,17,1,0,harassment,1
12.971107,77.575751,9,1,0,theft,1
12.957854,77.571605,9,1,0,theft,1
13.03449,77.591106,15,3,0,vehicle_theft,3
13.135659,77.55623,15,0,0,theft,1
12.975464,77.527947,23,3,0,theft,1
13.101777,77.595422,4,0,0,burglary,1
12.850652,77.497799,1,0,0,theft,1
12.986779,77.606568,9,0,0,theft,1
12.961195,77.757006,2,5,1,vehicle_theft,3
12.86714,77.560784,23,4,0,theft,1
13.02497,77.513343,10,3,0,theft,1
12.918877,77.608494,13,3,0,burglary,2
12.985263,77.604494,10,0,0,theft,1
12.974736,77.600777,18,3,0,theft,1
13.043623,77.503146,22,4,0,vehicle_theft,2
13.038322,77.520782,2,1,0,vehicle_theft,1
13.003302,77.549198,3,2,0,assault,3
12.978797,77.760518,2,6,1,burglary,1
12.972994,77.570688,14,3,0,theft,2
12.8541,77.66214,14,4,0,vehicle_theft,3
12.958777,77.701147,8,0,0,assault,3
12.939521,77.629332,0,3,0,assault,3
12.925363,77.552266,12,6,1,burglary,2
12.983831,77.563257,14,1,0,assault,3
12.980698,77.620957,1,4,0,theft,1
12.963949,77.578136,11,2,0,harassment,1
12.980375,77.616509,1,0,0,theft,2
12.979248,77.573048,10,3,0,theft,1
12.929378,77.583972,20,1,0,burglary,2
12.984022,77.620866,0,5,1,harassment,2
12.983202,77.628132,4,1,0,assault,3
12.962893,77.57715,19,1,0,theft,1
12.868157,77.685564,3,1,0,vehicle_theft,2
12.974913,77.64566,1,4,0,harassment,1
12.966309,77.636268,2,3,0,vehicle_theft,2
12.999296,77.699883,9,2,0,burglary,2
12.900912,77.64674,0,6,1,vehicle_theft,2
13.003328,77.615789,14,4,0,fraud,2
12.908397,77.583528,21,2,0,theft,1
12.972122,77.583718,14,0,0,theft,1
13.025085,77.539832,3,0,0,theft,1
12.905856,77.637648,17,0,0,vehicle_theft,3
12.973932,77.569503,13,6,1,theft,1
12.972765,77.523775,9,6,1,theft,1
12.925447,77.64138,21,6,1,vehicle_theft,1
12.997541,77.554384,3,2,0,theft,1
13.108557,77.597992,5,6,1,vehicle_theft,1
12.986438,77.613318,19,0,0,assault,3
12.930107,77.582941,16,6,1,burglary,3
12.971501,77.527923,14,6,1,vehicle_theft,3
12.957672,77.580091,17,5,1,theft,1
12.841766,77.670765,3,1,0,burglary,2
12.931722,77.582982,8,1,0,burglary,3
13.077138,77.451222,20,5,1,fraud,1
13.03536,77.595217,19,4,0,theft,1
12.965005,77.69869,16,2,0,vehicle_theft,1
12.984911,77.558813,20,2,0,theft,1
13.038998,77.516044,2,4,0,vehicle_theft,2
12.859148,77.558748,9,0,0,harassment,2
12.970863,77.748623,22,4,0,theft,1
12.97891,77.621658,2,0,0,harassment,1
12.853547,77.641471,21,5,1,burglary,3
12.846738,77.66007,16,3,0,fraud,1
13.026979,77.524305,23,3,0,vehicle_theft,2
12.973504,77.605021,0,2,0,theft,1
12.973545,77.567306,9,0,0,assault,3
12.994207,77.565746,19,2,0,assault,3
12.948194,77.614258,0,6,1,assault,3
13.008961,77.699211,10,3,0,burglary,2
12.925478,77.616661,22,4,0,burglary,2
12.975627,77.724259,4,0,0,fraud,1
12.993985,77.759159,15,6,1,fraud,1
13.014818,77.686117,10,3,0,vehicle_theft,2
12.956703,77.578335,12,5,1,theft,1
12.913803,77.58012,18,1,0,theft,2
13.034172,77.528141,6,4,0,vehicle_theft,2
12.923832,77.565059,0,3,0,burglary,2
12.969661,77.577391,7,3,0,theft,1
12.971559,77.605245,22,6,1,assault,3
13.027331,77.53357,11,3,0,vehicle_theft,2
12.833324,77.677399,22,1,0,vehicle_theft,2
12.968073,77.580078,9,2,0,theft,1
12.911791,77.642593,5,3,0,fraud,2
12.921371,77.552663,17,4,0,theft,2
12.91319,77.636875,22,2,0,theft,1
13.000468,77.567698,16,3,0,fraud,1
12.96968,77.747289,9,1,0,vehicle_theft,2
13.053671,77.747039,0,0,0,harassment,1
12.976144,77.531315,1,1,0,vehicle_theft,3
12.906441,77.616501,19,3,0,assault,3
13.035544,77.597677,7,6,1,vehicle_theft,2
12.977036,77.556485,4,3,0,theft,1
12.97579,77.609985,15,5,1,harassment,1
13.008726,77.696159,19,2,0,burglary,2
12.975576,77.606802,23,5,1,theft,1
13.0985,77.599258,3,6,1,vehicle_theft,3
12.976639,77.601684,1,6,1,theft,1
13.002414,77.725628,20,4,0,fraud,1
12.976263,77.751914,15,4,0,fraud,2
12.9909,77.603048,7,5,1,theft,1
12.930971,77.582326,7,3,0,theft,1
12.971688,77.56983,17,5,1,theft,1
13.11764,77.603858,5,3,0,burglary,2
12.978401,77.567305,10,5,1,theft,1
12.945353,77.628802,1,6,1,theft,1
12.967397,77.639964,0,6,1,assault,3
12.964345,77.607662,20,5,1,harassment,1
13.093206,77.578951,7,1,0,vehicle_theft,3
12.906877,77.628525,18,5,1,theft,2
12.913778,77.611942,21,3,0,harassment,1
12.902587,77.592171,21,0,0,burglary,1
12.918172,77.614494,17,1,0,theft,3
12.918432,77.609507,17,1,0,burglary,1
12.979645,77.56811,14,5,1,assault,3
12.964822,77.640355,19,5,1,harassment,2
12.920229,77.635193,21,5,1,theft,1
12.967181,77.75496,14,1,0,theft,2
12.976904,77.534731,21,6,1,theft,1
12.978662,77.609677,0,2,0,assault,2
12.970641,77.751498,23,6,1,burglary,1
12.928372,77.542563,18,1,0,theft,1
13.093699,77.598495,22,5,1,vehicle_theft,1
12.918635,77.603832,5,6,1,theft,1
12.938034,77.627979,16,2,0,assault,3
12.975194,77.604505,19,6,1,harassment,1
12.985221,77.604171,12,1,0,theft,1
12.96455,77.747873,1,6,1,fraud,2
13.004225,77.570991,11,6,1,theft,1
12.913028,77.549406,12,3,0,vehicle_theft,2
12.976309,77.569249,12,1,0,assault,2
12.963145,77.581243,21,6,1,theft,2
12.842635,77.655994,2,5,1,vehicle_theft,2
13.10213,77.598918,17,1,0,burglary,3
13.10496,77.595282,8,6,1,burglary,2
12.909822,77.608088,1,6,1,vehicle_theft,2
13.0038,77.697001,9,3,0,vehicle_theft,2
13.081225,77.572991,15,2,0,assault,2
12.985453,77.605299,13,1,0,assault,3
12.997397,77.552434,22,1,0,theft,1
12.958387,77.700527,6,1,0,assault,3
12.975587,77.748337,18,3,0,burglary,2
12.966996,77.574731,16,4,0,theft,2
12.919629,77.60121,21,3,0,vehicle_theft,2
12.935186,77.623004,2,6,1,harassment,1
12.976842,77.608833,4,4,0,harassment,1
12.998592,77.554593,1,5,1,assault,3
13.093039,77.593195,3,6,1,vehicle_theft,1
12.908174,77.654739,16,6,1,fraud,1
12.973076,77.641237,23,5,1,vehicle_theft,2
12.92871,77.583138,19,1,0,theft,1
13.035698,77.597993,10,0,0,theft,1
12.967961,77.587931,16,2,0,theft,1
12.920517,77.616866,18,0,0,vehicle_theft,2
12.974932,77.605255,21,0,0,theft,1
13.128598,77.778384,21,1,0,theft,2
12.845435,77.659614,5,4,0,fraud,1
12.976859,77.572425,11,6,1,harassment,1
12.986292,77.608064,14,4,0,theft,2
12.857991,77.666305,18,0,0,vehicle_theft,1
12.969173,77.569577,16,0,0,assault,3
13.001828,77.567557,8,3,0,fraud,1
12.97354,77.736629,12,2,0,theft,1
12.984079,77.605514,16,1,0,theft,1
12.973093,77.643827,19,5,1,assault,3
12.896802,77.639614,23,1,0,theft,1
12.971772,77.608256,22,1,0,assault,3
12.950859,77.702748,12,5,1,burglary,1
12.972774,77.641451,23,3,0,theft,1
12.998004,77.554997,20,6,1,theft,2
12.980543,77.61894,5,4,0,harassment,1
12.976755,77.604656,11,6,1,harassment,1
12.905884,77.617853,19,1,0,vehicle_theft,3
13.051975,77.620921,8,1,0,assault,1
13.103094,77.591776,21,1,0,burglary,2
12.974952,77.564637,12,4,0,assault,3
13.008055,77.691905,18,3,0,assault,3
12.976122,77.572946,16,0,0,theft,1
13.010595,77.699442,8,4,0,vehicle_theft,3
12.933637,77.624034,21,5,1,vehicle_theft,2
13.003657,77.573415,16,4,0,theft,2
12.913385,77.640786,6,1,0,burglary,2
12.981274,77.752874,0,1,0,fraud,1
13.014088,77.696956,10,1,0,vehicle_theft,2
12.904038,77.588989,22,0,0,burglary,2
13.104998,77.598298,3,3,0,burglary,1
12.967529,77.642631,17,5,1,assault,3
12.908558,77.583717,21,4,0,theft,1
12.983867,77.619197,23,2,0,assault,3
12.934202,77.54811,0,1,0,theft,1
12.917421,77.595901,14,3,0,theft,1
12.930606,77.578903,20,6,1,fraud,1
13.030277,77.527343,1,6,1,burglary,2
13.100686,77.595602,1,0,0,burglary,3
12.911999,77.644616,16,2,0,burglary,3
12.984724,77.569091,13,3,0,fraud,1
13.003521,77.570116,19,3,0,burglary,2
12.966553,77.58737,9,2,0,theft,1
12.969598,77.746104,7,1,0,fraud,1
13.035729,77.533922,23,2,0,vehicle_theft,3
12.831829,77.646992,6,2,0,fraud,1
12.913752,77.577939,4,4,0,vehicle_theft,1
13.036252,77.542422,7,0,0,theft,1
12.920896,77.619537,0,1,0,burglary,2
12.922335,77.622001,0,4,0,harassment,1
12.997521,77.555532,17,3,0,theft,1
12.960152,77.703049,5,3,0,burglary,2
12.979236,77.622954,21,1,0,assault,3
12.980384,77.608541,18,1,0,theft,1
13.096641,77.594633,21,2,0,burglary,2
12.969955,77.579496,11,5,1,theft,1
12.975756,77.641092,2,0,0,assault,2
12.91619,77.612542,20,6,1,burglary,3
13.007984,77.695528,21,0,0,theft,1
13.003815,77.565837,3,4,0,fraud,1
12.938376,77.587448,19,4,0,theft,1
12.98659,77.603109,12,1,0,theft,2
12.907423,77.582362,22,0,0,vehicle_theft,1
13.002675,77.567042,19,0,0,theft,1
13.025522,77.525365,3,0,0,theft,1
12.936921,77.621791,17,2,0,assault,3
12.917844,77.610782,0,3,0,theft,1
13.096784,77.599215,0,4,0,burglary,2
12.999926,77.556832,21,4,0,theft,2
12.844062,77.657367,2,4,0,theft,1
12.956999,77.698405,5,3,0,burglary,2
12.90749,77.606209,21,6,1,theft,1
13.004331,77.56982,14,0,0,theft,1
12.90654,77.584812,18,2,0,theft,1
13.037292,77.537026,20,3,0,vehicle_theft,1
12.905217,77.619398,8,1,0,theft,2
12.897382,77.70279,9,3,0,harassment,1
12.842218,77.660648,0,4,0,theft,1
12.869338,77.652727,22,6,1,burglary,2
13.028801,77.538345,7,4,0,theft,1
12.978248,77.640028,22,1,0,theft,3
12.960756,77.690924,6,2,0,assault,3
13.004355,77.550832,0,0,0,theft,1
12.952158,77.699535,10,5,1,vehicle_theft,2
13.100852,77.603597,23,2,0,vehicle_theft,2
12.975671,77.631435,1,5,1,theft,1
13.098464,77.580133,5,0,0,theft,2
12.969927,77.74981,6,5,1,theft,1
12.851302,77.665545,0,4,0,burglary,1
12.92446,77.543903,22,6,1,theft,1
13.031581,77.605629,16,0,0,vehicle_theft,3
12.845929,77.659565,3,6,1,vehicle_theft,2
12.974101,77.529199,1,0,0,theft,1
13.000224,77.557797,20,2,0,burglary,2
12.959494,77.698917,21,2,0,theft,1
12.998084,77.555107,21,2,0,assault,3
12.987822,77.594468,12,2,0,theft,1
12.970436,77.698078,19,0,0,vehicle_theft,1
12.912929,77.588093,1,0,0,vehicle_theft,2
12.929901,77.584273,21,4,0,fraud,2
12.9968,77.551914,22,5,1,burglary,1
12.925081,77.546013,18,1,0,theft,1
12.914118,77.643378,21,0,0,burglary,3
12.982195,77.603913,17,0,0,theft,1
12.967274,77.579109,16,0,0,fraud,1
12.913458,77.634038,19,3,0,burglary,1
12.969719,77.747563,1,3,0,vehicle_theft,3
12.924862,77.643824,23,1,0,vehicle_theft,1
13.035906,77.598063,8,4,0,theft,2
12.916934,77.610604,18,4,0,burglary,2
12.9981,77.553144,1,0,0,burglary,2
12.979997,77.574049,18,6,1,harassment,1
12.906218,77.622487,6,1,0,vehicle_theft,3
12.914936,77.615893,11,3,0,burglary,3
12.956294,77.701709,10,4,0,vehicle_theft,2
12.915495,77.640179,21,0,0,theft,1
13.010759,77.69614,9,1,0,theft,1
12.921781,77.613545,20,6,1,burglary,2
12.9654,77.630318,2,6,1,vehicle_theft,2
13.038257,77.600999,10,0,0,assault,3
13.018755,77.52111,11,0,0,fraud,2
12.965954,77.644432,20,1,0,assault,3
13.002095,77.567083,18,6,1,burglary,3
12.92857,77.649323,19,0,0,fraud,1
12.888735,77.615233,17,4,0,vehicle_theft,3
12.998742,77.556711,21,6,1,burglary,3
12.974628,77.576808,18,2,0,theft,1
12.91276,77.605734,4,1,0,vehicle_theft,2
12.97651,77.607614,21,0,0,harassment,1
12.967867,77.579552,16,1,0,theft,2
12.932113,77.588295,0,6,1,burglary,2
13.035537,77.595763,22,2,0,theft,2
12.999564,77.706868,6,6,1,vehicle_theft,2
13.031763,77.588387,21,4,0,theft,1
12.964218,77.572421,11,4,0,theft,1
12.935987,77.625856,1,6,1,vehicle_theft,2
12.975208,77.569724,16,1,0,theft,2
12.909342,77.609018,15,4,0,theft,1
12.962271,77.569479,15,3,0,theft,1
12.960772,77.606523,1,3,0,theft,1
12.953272,77.697193,8,4,0,vehicle_theft,2
12.966317,77.749668,6,2,0,burglary,1
13.096841,77.595723,3,4,0,vehicle_theft,2
12.973626,77.640769,0,2,0,harassment,1
13.037251,77.594383,18,0,0,theft,1
12.897057,77.614489,13,0,0,vehicle_theft,1
12.906003,77.617979,21,2,0,theft,1
13.114383,77.533839,17,3,0,burglary,1
12.905407,77.622848,13,5,1,vehicle_theft,2
12.961899,77.579344,20,0,0,harassment,1
12.988022,77.604658,22,6,1,assault,3
12.966943,77.573559,11,0,0,assault,3
12.969774,77.573903,19,5,1,assault,3
12.940093,77.706847,18,1,0,burglary,2
12.982032,77.568442,16,3,0,assault,3
12.964928,77.579864,20,2,0,fraud,1
13.011261,77.711862,17,1,0,vehicle_theft,3
12.985888,77.612516,11,6,1,theft,1
12.974224,77.638109,22,1,0,theft,1
12.977575,77.571255,10,2,0,theft,1
12.971719,77.642101,3,6,1,theft,1
12.962782,77.576556,17,6,1,harassment,1
12.964894,77.75138,4,5,1,burglary,1
12.938231,77.543342,21,6,1,theft,1
12.903705,77.618186,8,6,1,vehicle_theft,2
12.925193,77.554293,20,5,1,theft,1
13.101108,77.596574,8,6,1,burglary,2
12.998533,77.554089,21,5,1,burglary,3
13.027553,77.521432,19,3,0,vehicle_theft,2
12.984741,77.623447,5,4,0,assault,2
12.935104,77.624939,2,0,0,harassment,1
12.92121,77.60233,0,6,1,vehicle_theft,3
12.907431,77.612262,9,0,0,vehicle_theft,2
12.977936,77.566642,15,5,1,theft,2
13.008656,77.695341,14,6,1,vehicle_theft,2
12.9688,77.529186,21,4,0,theft,1
13.016379,77.683909,19,2,0,harassment,1
12.930727,77.579724,18,2,0,theft,1
12.971388,77.730347,7,3,0,burglary,2
12.96611,77.580315,22,2,0,harassment,1
12.921959,77.545249,21,4,0,burglary,3
12.931955,77.621482,1,2,0,harassment,1
13.107378,77.57795,14,2,0,assault,1
12.973667,77.606116,18,4,0,assault,3
12.946731,77.756005,2,1,0,fraud,1
12.928173,77.585352,23,4,0,burglary,2
12.969067,77.641611,1,1,0,assault,3
12.968701,77.577351,2,2,0,theft,1
12.844916,77.655973,23,2,0,theft,1
12.947695,77.61727,0,2,0,assault,3
12.928576,77.701954,8,3,0,harassment,1
13.003375,77.563847,5,2,0,theft,1
12.85808,77.644957,6,4,0,burglary,2
12.962421,77.573275,9,3,0,theft,1
12.932419,77.538635,20,1,0,theft,2
12.911918,77.641335,16,5,1,burglary,2
12.970916,77.524789,22,2,0,theft,1
12.969903,77.576396,18,3,0,theft,1
13.035559,77.598978,11,1,0,vehicle_theft,2
13.099729,77.599348,23,4,0,theft,1
12.965887,77.576932,13,1,0,theft,1
13.125098,77.485895,0,4,0,burglary,2
12.975664,77.60812,0,6,1,theft,1
12.964482,77.530882,12,3,0,theft,1
12.916768,77.611893,18,5,1,theft,1
13.105654,77.768942,9,6,1,fraud,1
13.028318,77.539931,20,4,0,vehicle_theft,1
12.917364,77.594716,17,4,0,burglary,2
13.048849,77.603886,6,5,1,vehicle_theft,3
13.035029,77.594903,21,4,0,burglary,2
12.899429,77.585327,22,0,0,theft,2
12.930905,77.583047,10,0,0,fraud,1
12.916402,77.547535,14,3,0,theft,1
12.976864,77.574709,10,6,1,harassment,1
13.004003,77.556624,22,3,0,burglary,2
13.003271,77.676056,23,1,0,burglary,1
12.972076,77.640101,23,1,0,assault,2
12.914229,77.609178,19,2,0,burglary,2
12.956894,77.692524,19,4,0,vehicle_theft,2
12.97539,77.609165,19,5,1,theft,1
13.008463,77.69219,21,3,0,assault,3
12.974673,77.634587,9,0,0,theft,1
13.03433,77.593176,12,0,0,theft,1
12.935424,77.574921,20,3,0,theft,1
12.91531,77.607067,10,5,1,theft,1
12.966562,77.737569,22,5,1,vehicle_theft,2
13.034741,77.597889,11,5,1,assault,3
12.977201,77.569823,1,0,0,theft,1
12.905806,77.63831,16,0,0,burglary,2
13.039418,77.595864,10,3,0,theft,2
13.024801,77.540462,6,0,0,assault,3
13.032213,77.517198,6,6,1,theft,1
12.959117,77.579727,6,4,0,theft,1
12.913243,77.579602,21,6,1,burglary,1
12.837158,77.64927,5,3,0,vehicle_theft,3
12.986123,77.616396,1,2,0,theft,1
13.03428,77.527708,9,1,0,theft,1
12.965398,77.642366,1,0,0,vehicle_theft,2
12.904763,77.618263,9,3,0,vehicle_theft,2
12.851818,77.711639,13,5,1,theft,1
12.977197,77.571989,13,0,0,theft,1
12.953262,77.695662,11,4,0,vehicle_theft,2
12.916494,77.583783,23,3,0,theft,2
12.914713,77.590283,22,4,0,theft,1
12.909819,77.593667,20,2,0,burglary,1
13.002985,77.569345,18,3,0,burglary,3
12.933305,77.581837,3,4,0,burglary,2
12.906354,77.65296,19,2,0,fraud,1
12.925314,77.54752,11,1,0,burglary,2
12.974452,77.606826,0,0,0,assault,3
12.970528,77.76071,4,2,0,vehicle_theft,2
13.04027,77.598468,18,1,0,theft,2
13.010681,77.699662,12,6,1,burglary,3
12.919599,77.549476,1,1,0,theft,1
12.971014,77.637737,23,5,1,harassment,1
12.841959,77.738947,11,2,0,burglary,1
12.941397,77.624955,9,5,1,assault,3
12.967627,77.571717,20,4,0,fraud,1
12.968387,77.579338,19,4,0,theft,1
12.927333,77.544502,21,2,0,vehicle_theft,2
12.940216,77.636031,18,0,0,assault,3
13.035916,77.596937,18,4,0,vehicle_theft,3
12.907533,77.624851,18,3,0,vehicle_theft,3
12.957859,77.580427,10,1,0,theft,1
12.911306,77.646218,1,3,0,theft,1
12.97546,77.606445,5,1,0,assault,3
12.936342,77.619283,22,5,1,harassment,1
13.035562,77.596819,11,3,0,vehicle_theft,2
13.001337,77.563938,15,4,0,burglary,1
13.033255,77.519842,14,3,0,vehicle_theft,2
12.929377,77.586174,8,5,1,theft,1
12.982435,77.571324,7,4,0,harassment,1
12.964558,77.639514,2,1,0,assault,3
13.103568,77.601557,3,6,1,burglary,2
12.973514,77.598791,23,4,0,assault,3
12.944329,77.695747,8,4,0,theft,1
12.99733,77.606417,21,1,0,theft,2
13.007414,77.700898,12,2,0,theft,2
12.98515,77.600787,15,3,0,theft,2
12.851706,77.654017,1,3,0,theft,1
12.970015,77.75012,5,6,1,burglary,2
13.098039,77.606866,12,0,0,theft,1
12.961679,77.577216,22,5,1,theft,1
12.905873,77.646843,14,5,1,theft,2
12.913075,77.641842,20,5,1,burglary,2
12.865078,77.543952,9,3,0,fraud,1
12.976176,77.606392,22,6,1,assault,3
12.895984,77.650827,14,6,1,burglary,1
12.970208,77.524968,22,1,0,theft,1
13.002536,77.548989,23,4,0,assault,3
12.918466,77.609113,9,0,0,vehicle_theft,2
13.023593,77.539964,10,4,0,assault,2
13.032731,77.519465,4,4,0,vehicle_theft,2
13.048976,77.605795,2,6,1,harassment,2
12.969329,77.528835,18,6,1,theft,2
12.96636,77.574725,13,5,1,theft,1
12.976188,77.526767,23,4,0,theft,1
12.908712,77.632396,20,5,1,burglary,2
13.097538,77.451306,3,1,0,burglary,2
13.097339,77.598625,2,2,0,burglary,3
12.975786,77.610973,23,3,0,assault,2
12.921928,77.638795,1,2,0,burglary,3
12.914102,77.618263,20,3,0,vehicle_theft,3
12.908909,77.586975,20,4,0,theft,1
12.880874,77.666967,4,6,1,fraud,1
12.921032,77.606322,22,6,1,vehicle_theft,2
12.95875,77.699112,13,5,1,vehicle_theft,2
12.922552,77.601757,20,3,0,theft,1
12.983486,77.615909,12,1,0,harassment,1
12.996659,77.559151,21,1,0,assault,3
12.964953,77.573586,6,3,0,theft,2
12.90838,77.585093,0,2,0,burglary,2
12.972649,77.640919,0,4,0,assault,3
12.970224,77.644478,1,2,0,harassment,1
12.984894,77.559708,1,6,1,fraud,1
13.002389,77.685314,11,5,1,vehicle_theft,3
12.981133,77.619016,23,3,0,harassment,2
12.970503,77.641887,19,1,0,vehicle_theft,2
12.974626,77.748549,3,3,0,vehicle_theft,2
12.905996,77.618004,6,0,0,vehicle_theft,1
12.835249,77.658919,3,3,0,vehicle_theft,2
13.028038,77.5401,11,3,0,assault,3
12.97464,77.573906,7,4,0,theft,1
12.968806,77.530261,1,4,0,vehicle_theft,2
12.974151,77.648495,22,1,0,theft,1
12.9714,77.572249,13,3,0,theft,1
12.843841,77.660015,19,3,0,fraud,1
12.918144,77.648497,0,5,1,theft,1
13.030295,77.538196,10,2,0,assault,3
12.958484,77.695501,17,4,0,theft,1
12.97348,77.639657,2,2,0,harassment,1
13.004621,77.55356,16,0,0,burglary,2
12.855221,77.456529,3,1,0,harassment,1
12.971891,77.534321,21,5,1,theft,1
12.926979,77.617882,2,4,0,assault,3
12.931967,77.584171,17,2,0,burglary,2
12.951387,77.704108,8,2,0,theft,1
13.029492,77.522224,22,4,0,theft,2
12.970027,77.750137,4,2,0,burglary,2
12.979771,77.522724,23,2,0,burglary,2
12.915447,77.611866,21,1,0,harassment,1
12.979749,77.600752,14,5,1,harassment,1
13.025122,77.537965,12,5,1,theft,1
12.996886,77.668919,6,1,0,vehicle_theft,2
13.034126,77.525789,2,6,1,vehicle_theft,2
12.992255,77.560417,12,6,1,burglary,2
12.999959,77.577435,16,1,0,theft,1
12.977043,77.609288,7,2,0,theft,1
13.036276,77.596888,21,5,1,vehicle_theft,2
12.940368,77.629492,4,4,0,vehicle_theft,2
12.968587,77.659191,7,2,0,vehicle_theft,1
12.93464,77.625625,20,0,0,assault,3
12.838915,77.656895,9,4,0,burglary,2
12.935536,77.617976,7,4,0,assault,3
13.007488,77.501922,17,0,0,harassment,1
12.963064,77.57735,7,0,0,assault,3
13.06056,77.770746,0,0,0,vehicle_theft,1
12.96478,77.605526,9,6,1,assault,3
12.976682,77.568782,12,0,0,fraud,2
12.851204,77.493444,9,3,0,harassment,2
13.094741,77.589348,23,1,0,theft,2
12.906229,77.616357,12,6,1,theft,2
13.03898,77.510949,1,4,0,theft,1
12.978406,77.618524,1,4,0,assault,3
12.916027,77.610001,16,5,1,theft,1
12.977003,77.608443,21,1,0,assault,3
12.963263,77.753873,20,2,0,burglary,2
12.972029,77.640951,22,1,0,assault,2
13.004736,77.701282,10,5,1,vehicle_theft,3
12.977071,77.57235,12,1,0,harassment,1
13.043789,77.598895,21,5,1,vehicle_theft,2
12.928781,77.572802,23,5,1,theft,2
12.962915,77.577074,16,5,1,harassment,1
12.913455,77.647328,6,4,0,burglary,1
12.926851,77.549066,21,0,0,theft,1
12.965706,77.710604,17,0,0,harassment,1
13.00468,77.575795,17,4,0,theft,1
12.983799,77.608087,13,0,0,assault,3
12.965682,77.767932,16,0,0,assault,2
12.977523,77.604002,2,4,0,theft,1
12.973508,77.533217,22,3,0,theft,1
12.980853,77.61065,22,1,0,harassment,1
12.975345,77.637498,4,2,0,vehicle_theft,2
12.998934,77.554585,21,2,0,burglary,2
12.993813,77.60776,18,1,0,theft,1
12.904106,77.582051,20,5,1,theft,1
13.076176,77.758709,18,1,0,theft,2
12.845342,77.661908,22,5,1,vehicle_theft,2
12.950413,77.700372,22,2,0,vehicle_theft,2
12.971113,77.53136,16,3,0,theft,1
12.973459,77.749793,0,1,0,fraud,1
12.979194,77.6448,19,3,0,vehicle_theft,1
12.980856,77.621317,22,0,0,theft,1
12.951699,77.692724,21,1,0,theft,1
12.993007,77.550102,20,6,1,burglary,3
13.027738,77.53981,3,4,0,assault,2
12.959523,77.702274,0,2,0,theft,1
12.939675,77.627051,22,3,0,assault,3
12.931636,77.585975,23,6,1,burglary,1
12.926173,77.547452,2,5,1,theft,1
12.974941,77.746674,3,5,1,theft,2
12.95871,77.749129,3,5,1,theft,1
12.953891,77.584765,0,1,0,theft,1
12.975629,77.563996,11,4,0,fraud,2
12.973142,77.644432,23,1,0,assault,3
12.97594,77.574657,10,3,0,theft,1
13.038287,77.596599,13,2,0,theft,1
12.902972,77.622227,9,6,1,theft,1
12.912728,77.642888,20,2,0,vehicle_theft,3
12.844692,77.660344,5,3,0,vehicle_theft,2
12.998466,77.566447,12,2,0,burglary,2
12.970736,77.757258,1,1,0,burglary,2
12.964888,77.572285,16,6,1,harassment,1
12.962755,77.606503,9,3,0,theft,1
12.938611,77.624739,4,3,0,assault,3
12.973889,77.577968,13,3,0,theft,1
12.981796,77.602723,23,3,0,assault,3
12.957537,77.765873,11,1,0,vehicle_theft,2
13.004448,77.573091,9,1,0,fraud,2
12.971965,77.530979,21,1,0,theft,2
12.992092,77.555488,16,1,0,burglary,1
12.954746,77.741127,23,3,0,burglary,1
12.907734,77.584746,0,1,0,burglary,2
12.976012,77.527884,2,5,1,theft,1
12.971975,77.579804,12,2,0,harassment,1
12.914313,77.604942,7,3,0,harassment,1
12.981887,77.568143,6,4,0,harassment,1
12.970264,77.749817,1,0,0,vehicle_theft,3
13.027192,77.528418,23,2,0,vehicle_theft,1
12.969763,77.749972,19,5,1,theft,1
12.9111,77.638895,23,1,0,fraud,1
12.924961,77.624858,0,6,1,theft,1
12.968604,77.577642,11,5,1,theft,1
13.103919,77.734386,12,6,1,fraud,1
12.97227,77.605365,2,4,0,harassment,1
12.925765,77.586242,21,2,0,theft,1
13.000583,77.572877,6,1,0,theft,1
13.099511,77.601202,2,2,0,burglary,2
12.979939,77.572878,19,1,0,theft,1
12.967312,77.578945,16,0,0,theft,1
12.973053,77.64092,22,6,1,assault,2
13.028608,77.544739,11,6,1,vehicle_theft,2
12.958614,77.700839,10,4,0,theft,2
12.908394,77.637412,20,4,0,burglary,1
12.924565,77.560968,12,1,0,vehicle_theft,2
12.853734,77.609998,4,2,0,assault,1
12.934007,77.625298,6,3,0,theft,2
12.901431,77.582156,3,2,0,theft,2
12.996137,77.55616,15,3,0,theft,1
13.005254,77.578067,6,2,0,theft,1
12.90131,77.643493,23,4,0,vehicle_theft,3
12.962158,77.752631,3,3,0,theft,1
12.915585,77.609407,19,2,0,theft,1
12.984635,77.60443,21,5,1,assault,3
12.971766,77.751293,19,4,0,burglary,1
12.975061,77.612032,22,5,1,assault,3
12.932784,77.623217,16,6,1,theft,2
13.09527,77.595063,0,0,0,burglary,2
12.948513,77.748937,3,0,0,theft,1
12.924905,77.547342,20,1,0,vehicle_theft,1
12.968451,77.580635,20,2,0,theft,1
12.967082,77.572026,12,5,1,harassment,1
12.919983,77.615588,19,5,1,burglary,2
12.983225,77.60419,0,6,1,assault,3
12.913032,77.641359,20,0,0,theft,2
12.979271,77.618455,21,5,1,harassment,1
12.981206,77.614687,23,5,1,theft,1
12.833226,77.675611,21,0,0,theft,1
12.93225,77.593848,22,6,1,theft,2
12.931791,77.717355,0,1,0,vehicle_theft,1
12.923075,77.620893,20,6,1,theft,1
12.975025,77.607142,9,2,0,theft,1
12.98234,77.621185,7,5,1,theft,1
13.005094,77.560487,15,2,0,burglary,1
12.916702,77.61753,19,3,0,vehicle_theft,2
12.979586,77.52971,16,2,0,theft,1
13.003034,77.571213,16,0,0,theft,1
12.970225,77.75396,2,1,0,burglary,1
13.012704,77.565588,18,4,0,theft,1
12.913537,77.615087,0,6,1,vehicle_theft,2
12.98,77.569156,17,0,0,theft,1
13.021648,77.541443,20,4,0,theft,1
12.907764,77.587617,5,4,0,burglary,2
12.962049,77.692155,10,6,1,assault,3
12.981415,77.600657,13,6,1,theft,3
12.967548,77.579694,15,2,0,fraud,1
12.881241,77.743246,13,1,0,burglary,1
12.977399,77.616306,23,2,0,theft,2
12.950412,77.746116,15,1,0,theft,1
12.876122,77.697045,11,0,0,harassment,1
12.958183,77.581231,12,5,1,theft,1
12.975978,77.608336,21,0,0,assault,3
12.843832,77.662613,7,0,0,burglary,1
12.965304,77.576508,12,5,1,theft,2
12.844541,77.664922,3,5,1,vehicle_theft,2
13.038285,77.596411,11,5,1,theft,1
12.92202,77.5475,17,0,0,vehicle_theft,3
12.972606,77.571215,21,3,0,harassment,1
12.9663,77.581643,17,3,0,fraud,1
12.975709,77.608176,0,2,0,harassment,1
12.935407,77.587122,4,2,0,theft,1
12.921921,77.585387,23,2,0,theft,2
12.995562,77.558952,10,0,0,theft,1
12.974797,77.57347,18,0,0,harassment,2
13.028907,77.537276,10,3,0,vehicle_theft,2
12.924897,77.632738,14,5,1,theft,2
12.978133,77.595023,0,4,0,assault,2
12.9644,77.701093,9,5,1,burglary,3
12.982642,77.609344,3,5,1,assault,3
12.975903,77.518155,21,3,0,theft,1
12.904685,77.642326,22,5,1,theft,1
13.00336,77.54781,22,6,1,assault,3
13.039535,77.532728,12,4,0,vehicle_theft,3
13.002853,77.572343,21,4,0,theft,1
13.025794,77.538232,12,1,0,theft,1
12.926529,77.583666,0,2,0,burglary,1
12.974557,77.600447,3,3,0,harassment,1
12.916096,77.609766,18,5,1,theft,2
12.848744,77.656752,2,1,0,vehicle_theft,2
12.931119,77.614629,23,6,1,harassment,1
12.930412,77.626788,5,5,1,assault,3
13.004039,77.55407,14,3,0,assault,3
12.90377,77.676985,15,2,0,harassment,1
13.027807,77.540429,15,6,1,assault,3
12.901367,77.583089,21,4,0,theft,1
13.001119,77.553529,21,4,0,theft,1
12.963369,77.575328,13,5,1,theft,1
12.973819,77.570734,9,1,0,theft,1
12.903856,77.585941,10,4,0,burglary,3
12.973179,77.530663,22,4,0,vehicle_theft,2
12.966413,77.520972,17,1,0,burglary,2
12.966375,77.64906,19,5,1,theft,1
13.002467,77.572185,11,0,0,theft,1
12.971208,77.640138,21,2,0,assault,3
12.91955,77.5316,18,1,0,theft,1
12.912201,77.639201,8,2,0,burglary,2
12.971539,77.747711,2,6,1,burglary,2
12.98599,77.606036,23,1,0,theft,1
12.964555,77.573452,11,5,1,theft,1
13.098133,77.590822,2,1,0,burglary,2
12.971319,77.576683,16,3,0,theft,1
13.102551,77.592519,5,1,0,burglary,2
12.96974,77.64161,2,6,1,assault,3
12.913417,77.615644,6,0,0,vehicle_theft,2
12.976698,77.569783,9,1,0,assault,3
12.979848,77.561947,9,6,1,theft,1
12.976781,77.628243,22,5,1,theft,1
12.840135,77.654607,3,2,0,burglary,3
12.984802,77.604848,22,5,1,harassment,1
12.979247,77.522453,0,0,0,theft,1
12.979939,77.620198,1,4,0,theft,1
12.965044,77.575919,13,4,0,theft,1
12.912611,77.611535,16,4,0,theft,1
12.993758,77.564201,11,3,0,fraud,2
12.997797,77.570585,12,4,0,theft,1
12.998133,77.554999,17,3,0,burglary,2
13.026785,77.535677,18,2,0,theft,2
12.968052,77.570619,23,4,0,theft,1
12.842886,77.655972,2,4,0,vehicle_theft,2
12.905156,77.61838,19,1,0,assault,3
12.83463,77.663685,21,3,0,burglary,2
12.928963,77.620182,4,4,0,assault,3
13.097262,77.597409,20,4,0,burglary,2
13.031025,77.592221,9,4,0,vehicle_theft,2
12.998007,77.545685,23,4,0,assault,2
12.986946,77.627771,22,0,0,assault,2
12.910169,77.640105,2,0,0,theft,2
12.914928,77.618993,9,2,0,vehicle_theft,2
13.018764,77.455907,22,1,0,burglary,1
12.958355,77.705404,8,0,0,burglary,3
12.955638,77.701292,20,5,1,burglary,2
13.006775,77.466197,18,1,0,vehicle_theft,1
12.971857,77.638237,22,5,1,theft,1
13.021304,77.507539,3,1,0,theft,1
12.965483,77.574106,10,0,0,theft,2
13.028292,77.541607,10,6,1,theft,1
12.982512,77.621838,0,1,0,theft,1
12.93761,77.581409,11,4,0,burglary,3
12.934385,77.625032,23,1,0,theft,1
12.942348,77.567133,16,4,0,burglary,2
12.984391,77.560937,8,3,0,harassment,1
12.935027,77.625003,20,1,0,assault,3
12.979085,77.629578,3,3,0,harassment,1
13.09764,77.593398,4,5,1,burglary,2
12.967009,77.528227,7,3,0,theft,1
12.978256,77.595804,13,5,1,harassment,1
12.844019,77.647237,0,1,0,vehicle_theft,2
12.97693,77.592005,22,3,0,assault,3
12.975296,77.57234,18,6,1,theft,1
12.971665,77.58109,17,2,0,theft,1
13.015258,77.731985,2,2,0,vehicle_theft,1
12.968089,77.577523,20,2,0,theft,1
12.969568,77.574572,8,2,0,harassment,1
12.92911,77.54012,8,5,1,theft,1
12.910739,77.586483,3,6,1,theft,1
12.857121,77.656144,23,4,0,theft,2
13.038367,77.716015,0,5,1,assault,1
12.922917,77.580739,20,3,0,burglary,2
13.049092,77.633192,12,2,0,burglary,2
13.068881,77.48358,15,4,0,vehicle_theft,2
13.01079,77.573126,19,3,0,theft,1
12.841322,77.652659,23,2,0,theft,2
12.962645,77.578233,6,2,0,harassment,1
13.033888,77.597445,10,3,0,vehicle_theft,2
12.970815,77.642412,21,6,1,theft,1
13.011785,77.746748,5,4,0,theft,1
13.102503,77.592862,3,5,1,burglary,3
13.127438,77.575083,20,4,0,theft,1
12.971983,77.57167,8,4,0,theft,2
12.9625,77.579442,19,1,0,harassment,1
12.933465,77.625267,1,6,1,assault,3
13.056101,77.77728,5,1,0,harassment,1
13.008006,77.695945,11,4,0,vehicle_theft,1
13.038882,77.59113,7,2,0,theft,2
13.00713,77.695091,7,4,0,theft,1
12.914474,77.606536,21,3,0,theft,2
13.005477,77.586692,21,2,0,fraud,1
13.038417,77.594562,5,4,0,theft,2
13.036282,77.59003,8,2,0,vehicle_theft,2
13.010573,77.699348,9,2,0,theft,1
12.95363,77.69794,19,2,0,burglary,2
12.871782,77.537622,17,4,0,harassment,1
12.907074,77.586761,19,6,1,theft,1
12.906941,77.62028,16,3,0,vehicle_theft,2
12.978228,77.567411,8,6,1,theft,2
12.980541,77.56946,20,5,1,harassment,1
12.9263,77.583448,22,1,0,theft,1
12.850804,77.665761,15,5,1,burglary,1
12.985068,77.759935,3,2,0,burglary,3
12.981056,77.526617,17,3,0,theft,1
12.964126,77.642001,5,6,1,vehicle_theft,2
12.971512,77.749765,19,6,1,burglary,2
13.028849,77.542812,16,3,0,theft,1
12.995756,77.564717,23,2,0,burglary,1
13.032711,77.518011,13,0,0,vehicle_theft,2
13.025427,77.540289,11,3,0,assault,3
12.914561,77.636985,17,3,0,burglary,3
12.908161,77.587505,21,0,0,vehicle_theft,2
12.911685,77.703688,15,2,0,assault,1
12.927803,77.550606,21,5,1,theft,1
13.029274,77.545147,10,0,0,theft,2
13.037832,77.599169,19,5,1,theft,1
13.034533,77.518755,18,2,0,vehicle_theft,3
12.959251,77.574434,21,5,1,harassment,1
12.949846,77.704777,10,5,1,vehicle_theft,2
12.935482,77.556494,18,4,0,burglary,1
12.98759,77.622721,1,1,0,harassment,1
12.901198,77.616329,14,0,0,assault,2
12.977468,77.570686,12,0,0,harassment,1
12.979123,77.573348,6,3,0,theft,2
13.003533,77.570201,20,1,0,theft,1
12.900433,77.584327,18,4,0,burglary,2
12.977082,77.571208,17,5,1,assault,2
13.009427,77.521214,8,4,0,vehicle_theft,1
12.978604,77.570833,9,5,1,theft,1
12.975176,77.608478,22,6,1,harassment,1
13.036038,77.596788,18,0,0,theft,1
13.011171,77.5527,3,0,0,burglary,1
12.928535,77.615932,23,3,0,assault,3
12.973752,77.642066,2,5,1,vehicle_theft,2
12.985085,77.604886,22,0,0,harassment,1
12.960322,77.755553,1,3,0,burglary,2
12.953259,77.750386,0,2,0,theft,1
12.960338,77.516836,9,2,0,assault,2
12.909196,77.602648,7,2,0,theft,1
13.035406,77.514481,21,1,0,theft,1
12.983412,77.59615,20,1,0,assault,3
12.973639,77.606478,22,4,0,assault,3
13.036207,77.525852,5,3,0,burglary,2
12.844089,77.657836,23,2,0,vehicle_theft,2
12.912439,77.641563,23,1,0,burglary,2
12.969077,77.612464,0,0,0,theft,1
12.93047,77.63602,1,3,0,theft,1
13.021386,77.541379,11,1,0,theft,2
12.982092,77.758322,0,1,0,theft,2
12.916689,77.6425,0,2,0,vehicle_theft,1
12.908999,77.552291,20,5,1,vehicle_theft,1
12.952429,77.628549,17,5,1,theft,2
12.915969,77.547278,22,2,0,theft,1
13.109132,77.597348,2,2,0,vehicle_theft,2
12.926201,77.552537,23,2,0,vehicle_theft,2
12.928104,77.545831,20,2,0,vehicle_theft,2
12.905209,77.606306,19,5,1,vehicle_theft,2
12.974993,77.532613,10,2,0,vehicle_theft,3
13.041636,77.655245,2,2,0,harassment,2
13.017841,77.694812,7,2,0,burglary,3
12.96996,77.75005,8,4,0,theft,1
12.999784,77.553145,1,3,0,assault,3
12.976773,77.57129,4,4,0,theft,1
12.974648,77.575932,20,4,0,theft,1
12.99679,77.552485,7,3,0,burglary,2
12.908659,77.613026,19,3,0,harassment,1
12.908827,77.58096,22,1,0,vehicle_theft,2
12.859061,77.653494,2,0,0,vehicle_theft,3
12.845676,77.64952,23,3,0,burglary,2
12.978824,77.526494,8,0,0,vehicle_theft,2
12.963522,77.757165,19,2,0,theft,1
12.977245,77.570309,11,4,0,theft,1
13.100055,77.581981,2,5,1,vehicle_theft,1
12.979297,77.605136,0,4,0,assault,3
13.035403,77.522411,4,6,1,vehicle_theft,2
13.028955,77.538883,19,0,0,theft,1
12.97611,77.570588,4,4,0,theft,1
13.003589,77.698618,19,5,1,theft,2
12.924329,77.612014,15,1,0,vehicle_theft,3
12.920401,77.643718,23,6,1,theft,2
12.908097,77.586842,15,1,0,burglary,1
12.972404,77.639365,2,3,0,assault,3
12.926468,77.530057,20,1,0,theft,1
12.981507,77.62131,21,5,1,theft,1
12.966431,77.572627,11,6,1,theft,2
12.98041,77.62096,0,3,0,assault,3
12.97791,77.606,9,1,0,theft,1
12.908291,77.620095,14,5,1,theft,1
12.957955,77.612768,4,4,0,harassment,2
12.913946,77.616232,21,6,1,harassment,2
12.971058,77.642955,21,4,0,vehicle_theft,2
12.977032,77.571105,15,6,1,theft,1
12.93206,77.626324,1,1,0,assault,3
12.965506,77.697742,19,5,1,theft,1
12.958433,77.574708,13,1,0,harassment,1
12.933861,77.625253,2,2,0,assault,2
13.002483,77.56912,12,2,0,fraud,1
12.974775,77.599198,21,4,0,assault,3
12.964696,77.575247,19,6,1,theft,1
12.935815,77.626251,17,0,0,vehicle_theft,2
12.934396,77.637265,0,1,0,assault,2
12.845212,77.659552,0,5,1,theft,1
13.028182,77.531011,17,4,0,burglary,2
12.975629,77.608379,2,6,1,assault,3
13.033459,77.597317,20,5,1,burglary,2
12.984214,77.534544,23,5,1,theft,1
12.914454,77.635529,18,3,0,theft,1
12.965445,77.753329,21,6,1,theft,1
12.949875,77.617556,18,4,0,assault,3
13.033946,77.520853,3,3,0,theft,1
12.844334,77.660308,1,5,1,fraud,1
12.996636,77.561692,14,2,0,theft,2
12.934968,77.625699,2,5,1,assault,3
13.049612,77.528612,23,4,0,vehicle_theft,3
12.914711,77.549696,15,3,0,burglary,2
13.005012,77.563523,2,3,0,burglary,2
13.002286,77.704818,21,3,0,vehicle_theft,1
13.00779,77.574018,20,4,0,burglary,2
12.99017,77.604087,9,6,1,theft,2
12.935565,77.608216,15,0,0,theft,1
13.019314,77.543803,21,6,1,theft,1
12.986928,77.559295,9,3,0,fraud,1
13.027991,77.539748,18,1,0,theft,1
12.946626,77.702371,6,0,0,burglary,3
12.923244,77.543645,20,6,1,theft,1
12.957022,77.569901,15,2,0,theft,1
12.980792,77.60369,10,5,1,theft,1
12.991267,77.608306,15,4,0,theft,1
13.007934,77.571777,13,1,0,fraud,1
13.057141,77.619397,1,3,0,assault,1
12.923882,77.546351,10,0,0,theft,1
12.99111,77.606993,16,5,1,harassment,2
13.105534,77.592165,3,0,0,vehicle_theft,2
12.951017,77.709157,19,2,0,vehicle_theft,1
12.974958,77.526765,19,2,0,burglary,2
12.942656,77.626602,1,3,0,harassment,1
12.972054,77.641,14,6,1,vehicle_theft,3
13.040701,77.516999,20,2,0,burglary,2
12.934118,77.577461,21,4,0,theft,1
13.036273,77.59828,12,5,1,theft,1
12.928559,77.549908,14,4,0,theft,1
12.996816,77.553239,20,4,0,burglary,1
12.979467,77.564269,19,1,0,fraud,2
13.028279,77.522836,23,4,0,burglary,2
12.906073,77.575034,8,2,0,theft,2
13.031951,77.582328,8,1,0,vehicle_theft,2
12.984986,77.604937,16,0,0,theft,2
13.029951,77.538432,21,2,0,theft,1
12.932177,77.625289,16,1,0,assault,3
12.977469,77.609836,20,6,1,assault,3
12.90629,77.587762,18,5,1,theft,1
12.981826,77.602933,4,0,0,harassment,1
13.101319,77.607072,17,0,0,vehicle_theft,2
12.83,77.659503,4,4,0,theft,1
13.09924,77.592331,21,6,1,burglary,2
13.002979,77.569477,15,6,1,theft,2
12.976043,77.575144,6,6,1,fraud,1
13.100925,77.582506,2,4,0,burglary,2
12.985051,77.604675,7,1,0,theft,1
12.8605,77.687405,14,1,0,fraud,1
12.97807,77.601793,3,4,0,theft,2
12.976146,77.572335,0,6,1,harassment,2
12.918218,77.60083,20,3,0,theft,1
13.034661,77.54193,18,3,0,assault,3
12.911076,77.584666,0,5,1,vehicle_theft,3
12.935618,77.581368,14,1,0,theft,1
12.972238,77.529743,15,1,0,theft,2
12.97541,77.7575,8,0,0,burglary,3
12.910295,77.580204,19,1,0,burglary,2
12.846529,77.649355,23,5,1,vehicle_theft,3
13.021653,77.546285,17,1,0,vehicle_theft,2
12.911415,77.619809,21,0,0,theft,1
12.975803,77.608077,21,2,0,harassment,1
12.93153,77.617425,22,6,1,theft,1
12.904047,77.584971,15,2,0,theft,1
12.970935,77.647232,21,6,1,assault,3
12.995313,77.522891,23,3,0,harassment,1
12.970751,77.581027,14,2,0,theft,1
12.969565,77.746044,23,2,0,burglary,3
12.97119,77.561485,21,6,1,harassment,1
12.972489,77.531071,21,4,0,theft,2
12.967248,77.577605,13,6,1,theft,2
12.8464,77.671254,20,3,0,theft,1
12.961661,77.572194,12,2,0,theft,1
12.967754,77.579447,20,3,0,fraud,1
12.928152,77.480799,16,6,1,assault,1
13.02122,77.544589,15,4,0,theft,2
12.967393,77.571324,11,5,1,theft,2
12.961316,77.578095,9,4,0,harassment,1
13.091541,77.686449,22,0,0,fraud,1
12.922317,77.589786,16,6,1,burglary,2
12.958468,77.577918,23,5,1,harassment,2
12.963541,77.735547,0,0,0,theft,2
12.908352,77.584306,22,4,0,burglary,1
12.971354,77.61166,6,2,0,assault,3
12.99827,77.556873,20,2,0,theft,2
12.984631,77.603706,9,5,1,theft,2
12.962555,77.567887,12,3,0,harassment,2
12.97998,77.570116,22,6,1,assault,3
12.973426,77.609938,23,1,0,assault,3
12.967362,77.581332,15,1,0,theft,2
12.975233,77.566567,6,3,0,theft,1
13.025263,77.535875,18,3,0,theft,2
12.936693,77.620579,22,0,0,harassment,1
13.002798,77.570702,11,5,1,fraud,1
12.863206,77.714021,8,3,0,fraud,2
13.038417,77.52607,17,1,0,theft,2
12.927459,77.605067,22,6,1,vehicle_theft,2
12.970214,77.750079,11,4,0,vehicle_theft,2
12.996697,77.554075,22,6,1,theft,1
12.981489,77.621868,23,5,1,assault,3
12.999804,77.553945,12,4,0,theft,1
12.924621,77.593523,19,6,1,burglary,2
12.975306,77.607259,2,3,0,harassment,1
12.968693,77.749863,16,1,0,theft,1
12.896951,77.599354,14,1,0,theft,1
12.921681,77.609755,0,6,1,burglary,2
12.964751,77.574137,18,1,0,theft,2
12.973145,77.643071,23,6,1,harassment,1
12.955472,77.575804,5,4,0,harassment,1
12.972222,77.579957,16,3,0,theft,1
12.953307,77.713643,6,6,1,harassment,2
12.957995,77.704548,20,0,0,theft,1
12.96959,77.574286,11,1,0,theft,2
12.907689,77.640154,20,1,0,fraud,1
13.035573,77.515416,23,4,0,vehicle_theft,2
12.956548,77.579172,12,3,0,harassment,2
12.977543,77.572205,20,0,0,harassment,1
12.986978,77.620264,22,4,0,assault,3
12.984995,77.603822,20,3,0,harassment,1
13.030562,77.591881,10,0,0,theft,1
13.016839,77.520141,4,5,1,burglary,3
12.979141,77.611469,23,0,0,harassment,1
12.974487,77.572189,10,2,0,theft,1
12.914186,77.612221,6,6,1,theft,1
13.007399,77.693652,10,4,0,theft,1
13.027511,77.529905,1,6,1,theft,2
12.906019,77.618249,19,3,0,theft,1
13.003043,77.695087,20,3,0,vehicle_theft,1
13.134541,77.672676,16,6,1,assault,1
12.994747,77.661313,17,2,0,vehicle_theft,1
12.916546,77.609671,2,4,0,theft,1
12.986031,77.609193,2,2,0,harassment,2
12.985104,77.604432,20,4,0,assault,3
12.915893,77.614159,22,4,0,theft,1
13.037386,77.48767,12,1,0,fraud,1
12.977503,77.603473,13,0,0,assault,2
12.965064,77.576419,13,6,1,theft,1
13.065681,77.776277,15,3,0,assault,1
12.928304,77.579621,10,0,0,theft,1
13.107762,77.738852,20,4,0,burglary,1
13.024655,77.519694,21,2,0,vehicle_theft,2
12.968801,77.646815,19,2,0,vehicle_theft,2
12.956894,77.698231,18,5,1,vehicle_theft,2
12.972816,77.52871,0,1,0,theft,1
12.982476,77.601866,14,5,1,assault,3
12.912592,77.62879,17,1,0,theft,1
12.968962,77.57384,11,3,0,harassment,1
12.908619,77.582146,0,6,1,burglary,1
12.943466,77.622284,8,5,1,theft,1
12.961706,77.575026,9,6,1,theft,1
12.91896,77.548036,22,5,1,theft,2
13.00293,77.569836,19,5,1,theft,1
12.962131,77.576407,7,5,1,theft,1
13.005657,77.570577,0,4,0,assault,2
12.995033,77.676089,20,4,0,assault,1
12.924083,77.65003,20,4,0,vehicle_theft,2
12.902385,77.579409,18,5,1,vehicle_theft,1
12.932974,77.623482,22,2,0,harassment,1
12.909735,77.610639,23,6,1,theft,2
12.992658,77.553756,18,0,0,theft,1
12.9668,77.745701,1,6,1,theft,1
12.929693,77.582867,23,0,0,theft,1
12.935532,77.623886,1,1,0,assault,3
13.011268,77.698241,19,3,0,theft,1
12.933927,77.614711,1,3,0,theft,1
12.936779,77.635031,21,4,0,harassment,1
12.923422,77.617524,0,3,0,theft,2
12.976103,77.560759,13,5,1,theft,1
12.854541,77.658412,2,1,0,fraud,1
12.981405,77.621416,0,4,0,theft,1
13.104992,77.59236,2,4,0,theft,1
12.998977,77.744055,22,3,0,burglary,2
12.952573,77.699867,21,3,0,assault,3
12.974847,77.607925,22,6,1,harassment,1
12.852089,77.65627,1,4,0,burglary,1
12.971874,77.528816,5,2,0,theft,1
12.992171,77.56603,11,2,0,fraud,1
12.929808,77.617014,2,0,0,harassment,2
12.975843,77.575088,19,1,0,harassment,1
13.027887,77.539973,18,3,0,assault,3
12.971408,77.638955,22,6,1,harassment,1
13.038949,77.590357,18,4,0,theft,1
13.016089,77.69997,1,1,0,theft,1
12.970925,77.641914,0,5,1,assault,2
13.012061,77.700254,8,5,1,vehicle_theft,2
12.937498,77.637009,0,5,1,assault,3
12.972261,77.61413,21,5,1,theft,1
12.978164,77.608281,14,1,0,harassment,1
12.960882,77.641519,2,5,1,vehicle_theft,2
13.028314,77.518649,3,3,0,burglary,2
13.113929,77.600022,8,3,0,burglary,1
13.018551,77.685507,20,5,1,vehicle_theft,2
12.986526,77.597287,17,2,0,assault,3
12.9086,77.641091,20,3,0,theft,1
12.975988,77.609106,22,1,0,harassment,1
12.974578,77.569964,15,0,0,theft,1
13.00092,77.692921,7,5,1,assault,3
12.983687,77.604034,19,4,0,theft,1
12.963283,77.577589,11,6,1,theft,1
12.970772,77.52837,18,5,1,theft,1
13.010221,77.692571,19,5,1,burglary,3
12.916971,77.618183,19,1,0,theft,2
12.97909,77.610324,3,5,1,assault,3
12.99067,77.609674,12,2,0,theft,2
12.841913,77.668612,21,2,0,burglary,2
13.00301,77.547794,17,3,0,theft,1
12.976575,77.637151,2,5,1,theft,1
12.981876,77.621003,3,5,1,theft,1
12.972507,77.634804,6,6,1,vehicle_theft,1
12.968761,77.575435,10,1,0,theft,2
12.97762,77.622008,19,4,0,theft,1
12.973804,77.611012,20,3,0,assault,3
13.000857,77.554192,19,0,0,burglary,3
12.83,77.638907,7,6,1,vehicle_theft,3
13.020203,77.688284,12,3,0,vehicle_theft,1
12.972322,77.64397,21,4,0,assault,2
12.977496,77.571719,15,3,0,theft,1
12.838195,77.665066,5,3,0,theft,1
13.04472,77.596966,11,2,0,theft,1
13.035463,77.599315,10,2,0,theft,1
12.98443,77.602239,18,1,0,theft,2
12.924551,77.607225,2,4,0,theft,2
13.105789,77.598426,21,3,0,theft,1
13.049026,77.75627,12,3,0,theft,2
12.968988,77.581322,9,2,0,theft,1
13.033346,77.520518,19,1,0,vehicle_theft,2
12.961395,77.759139,20,3,0,theft,1
12.964088,77.5459,17,2,0,harassment,1
12.913687,77.608796,17,3,0,theft,1
12.919416,77.61212,23,4,0,burglary,2
13.029622,77.550104,18,6,1,assault,2
12.944988,77.754287,10,6,1,burglary,2
13.033788,77.51861,2,1,0,burglary,2
12.850184,77.652074,7,5,1,vehicle_theft,3
13.007128,77.702783,1,2,0,vehicle_theft,1
12.846769,77.672225,8,1,0,burglary,1
12.912666,77.642162,5,5,1,burglary,3
12.979374,77.57215,7,6,1,fraud,1
13.015114,77.693002,10,1,0,theft,1
12.968681,77.522208,19,2,0,theft,1
12.972259,77.603756,23,2,0,assault,3
13.055168,77.493168,12,0,0,fraud,1
12.971747,77.609693,1,2,0,assault,3
12.975762,77.60512,17,3,0,theft,1
12.904849,77.586857,20,5,1,burglary,2
12.97145,77.606327,20,6,1,assault,3
12.962595,77.755288,21,3,0,vehicle_theft,2
12.97126,77.74498,3,0,0,fraud,1
12.969601,77.736757,23,5,1,theft,1
12.969871,77.750775,22,2,0,burglary,2
12.955431,77.696023,20,1,0,assault,3
12.978727,77.624303,0,6,1,theft,1
12.990313,77.598547,17,6,1,assault,3
13.036147,77.503236,4,6,1,vehicle_theft,1
12.921178,77.604736,5,2,0,theft,1
13.009905,77.687078,19,6,1,vehicle_theft,1
13.031805,77.599212,1,1,0,assault,3
12.969458,77.751091,4,5,1,vehicle_theft,2
12.922808,77.471609,11,6,1,burglary,1
12.956134,77.701676,8,0,0,burglary,1
12.912343,77.602835,13,4,0,theft,1
12.925554,77.550483,23,3,0,burglary,3
12.909771,77.637413,16,2,0,burglary,1
12.969809,77.598422,4,2,0,assault,3
12.90807,77.627491,6,1,0,vehicle_theft,2
12.971771,77.742938,23,0,0,vehicle_theft,2
12.847527,77.655357,5,1,0,burglary,2
13.027696,77.539503,8,4,0,assault,3
13.001917,77.569646,17,4,0,fraud,2
12.984834,77.60215,10,1,0,theft,1
13.033932,77.519554,19,3,0,vehicle_theft,2
12.969494,77.63642,18,3,0,assault,3
12.944252,77.61637,21,0,0,theft,1
12.994348,77.717029,11,5,1,theft,2
12.971561,77.636187,23,3,0,harassment,1
12.96266,77.578578,16,3,0,harassment,1
13.004401,77.573408,19,5,1,theft,1
12.981181,77.533291,22,6,1,theft,1
12.962157,77.759807,21,0,0,burglary,3
12.93153,77.625688,1,2,0,theft,1
12.974444,77.646105,0,5,1,theft,1
13.100191,77.600833,13,6,1,burglary,2
12.832541,77.657651,1,0,0,vehicle_theft,2
12.914339,77.637452,7,5,1,vehicle_theft,2
13.094373,77.611976,6,5,1,vehicle_theft,2
12.97821,77.741256,18,4,0,burglary,2
13.035396,77.527545,23,2,0,theft,1
12.931828,77.609736,22,2,0,assault,3
12.978265,77.57092,13,4,0,theft,1
12.907814,77.584273,20,0,0,burglary,2
12.907752,77.618981,8,3,0,vehicle_theft,2
12.973985,77.603847,0,1,0,harassment,1
13.099117,77.597476,16,3,0,burglary,2
12.849688,77.659199,2,1,0,theft,1
12.974549,77.63563,14,1,0,vehicle_theft,3
12.880808,77.734975,6,5,1,vehicle_theft,1
12.958749,77.576928,19,4,0,harassment,1
12.97256,77.644798,0,6,1,theft,1
12.969007,77.587344,18,2,0,theft,2
12.982857,77.624693,12,5,1,harassment,1
13.031561,77.526563,23,6,1,vehicle_theft,2
13.006078,77.695837,18,0,0,theft,1
12.938228,77.632088,0,2,0,theft,1
13.025241,77.516258,4,4,0,burglary,1
12.833246,77.714629,10,5,1,theft,1
12.834375,77.662804,1,6,1,vehicle_theft,2
13.036556,77.596213,9,6,1,theft,1
12.976769,77.606058,0,3,0,harassment,1
13.00232,77.684279,9,4,0,assault,2
12.967226,77.578721,9,3,0,theft,1
12.933184,77.62176,1,1,0,vehicle_theft,2
12.968211,77.646125,19,6,1,theft,1
12.849612,77.663846,8,6,1,theft,1
12.906001,77.582986,18,3,0,vehicle_theft,2
12.909115,77.6203,10,0,0,theft,1
12.955115,77.700308,18,5,1,vehicle_theft,2
12.973621,77.604081,1,4,0,theft,1
12.930159,77.538236,19,0,0,theft,1
12.914471,77.595184,14,1,0,harassment,1
12.909147,77.576959,21,0,0,theft,1
12.930872,77.628754,20,1,0,assault,3
13.022846,77.531958,8,2,0,theft,1
12.915934,77.550488,23,0,0,burglary,2
12.978034,77.608864,2,6,1,harassment,1
12.916855,77.609936,21,6,1,theft,1
12.931708,77.549905,20,6,1,theft,2
12.925327,77.672853,19,2,0,burglary,2
12.906964,77.581539,22,1,0,vehicle_theft,2
12.997625,77.705659,23,3,0,vehicle_theft,2
12.968187,77.579749,9,2,0,harassment,1
12.977234,77.642506,1,5,1,assault,3
13.025493,77.531451,23,4,0,burglary,2
12.96217,77.581141,8,4,0,fraud,1
13.037381,77.593285,18,5,1,theft,1
13.115213,77.639372,19,5,1,theft,1
13.002636,77.700271,19,3,0,burglary,3
12.855701,77.667546,2,6,1,vehicle_theft,2
13.042862,77.589835,5,6,1,theft,1
12.975719,77.571869,11,3,0,theft,1
12.926582,77.58315,15,4,0,theft,1
12.975422,77.609007,1,6,1,theft,1
12.939905,77.626159,21,6,1,assault,3
12.974036,77.604534,4,5,1,theft,1
12.957643,77.738872,0,3,0,vehicle_theft,2
12.847074,77.656785,5,2,0,burglary,3
12.991667,77.606925,15,2,0,theft,1
12.964081,77.579394,15,0,0,theft,1
12.929018,77.504349,14,6,1,fraud,1
12.912504,77.641716,2,6,1,theft,2
12.930586,77.538248,21,2,0,theft,2
12.971908,77.640998,23,6,1,theft,1
12.976355,77.571345,13,4,0,theft,1
12.979285,77.738579,11,3,0,theft,1
12.970238,77.610156,1,6,1,assault,3
13.036168,77.600272,18,2,0,vehicle_theft,2
12.97022,77.744133,21,2,0,fraud,1
12.981807,77.610935,7,2,0,theft,1
13.032834,77.519994,3,0,0,burglary,3
12.957776,77.661817,11,1,0,fraud,1
12.984777,77.604755,20,1,0,harassment,1
12.987412,77.751313,22,5,1,burglary,3
13.034825,77.589827,20,5,1,theft,1
12.946054,77.696854,15,0,0,burglary,2
12.843797,77.659167,22,2,0,burglary,1
12.995507,77.545071,17,3,0,assault,3
12.976536,77.744741,4,2,0,fraud,1
12.905306,77.614193,10,0,0,vehicle_theft,2
12.953592,77.700314,19,5,1,vehicle_theft,1
12.994026,77.548584,1,0,0,assault,2
13.038053,77.545589,17,4,0,theft,1
12.93856,77.625237,8,5,1,assault,3
12.970984,77.57334,16,5,1,theft,1
12.841329,77.660835,5,2,0,burglary,2
12.920987,77.611757,23,4,0,theft,1
12.966101,77.58718,11,4,0,theft,1
12.936355,77.625965,21,3,0,vehicle_theft,2
12.916404,77.585634,16,5,1,theft,2
13.038679,77.596792,12,1,0,theft,1
12.852446,77.648809,3,0,0,burglary,2
12.92078,77.605314,20,2,0,harassment,1
12.921397,77.587856,21,3,0,theft,2
12.965613,77.577473,13,0,0,harassment,1
12.956764,77.696616,15,6,1,vehicle_theft,3
12.913258,77.578694,2,3,0,burglary,1
13.038349,77.515325,6,3,0,theft,1
12.971837,77.640741,1,2,0,theft,1
12.907947,77.620448,19,1,0,theft,1
12.977385,77.57204,14,0,0,harassment,1
12.982547,77.573958,17,1,0,theft,2
12.900438,77.612725,19,3,0,theft,1
12.8415,77.660061,4,4,0,theft,1
12.844652,77.658452,2,4,0,theft,1
12.980098,77.57086,18,5,1,theft,1
12.986625,77.602344,11,4,0,assault,3
12.844905,77.664098,4,0,0,theft,1
12.909678,77.629494,21,6,1,theft,1
13.017965,77.560953,15,4,0,fraud,1
12.971998,77.641004,1,6,1,theft,1
13.002125,77.572627,23,4,0,theft,3
12.975128,77.605803,22,5,1,harassment,1
13.000501,77.551958,20,5,1,theft,1
12.981572,77.572526,0,4,0,theft,1
12.849377,77.65361,22,3,0,assault,1
13.079569,77.595239,21,2,0,burglary,2
12.949411,77.508012,2,2,0,burglary,2
12.92239,77.631553,23,4,0,harassment,1
12.916736,77.60927,22,5,1,harassment,1
13.00304,77.569927,10,1,0,burglary,1
12.999854,77.563996,17,1,0,theft,1
12.841419,77.657025,5,6,1,burglary,3
12.979058,77.570205,17,1,0,theft,1
12.963035,77.572759,11,5,1,harassment,2
12.998182,77.550547,19,5,1,assault,2
13.034039,77.520101,0,1,0,vehicle_theft,2
12.967724,77.573537,7,1,0,harassment,1
12.93774,77.58199,22,2,0,burglary,2
12.983633,77.572791,16,0,0,assault,3
13.000449,77.558234,18,6,1,assault,2
12.977479,77.603977,1,6,1,harassment,1
12.935164,77.623818,7,5,1,theft,2
12.931277,77.58521,17,0,0,burglary,3
12.987143,77.560576,2,5,1,theft,1
13.002566,77.570164,10,0,0,theft,1
12.975489,77.540928,18,4,0,theft,1
12.924728,77.547457,19,6,1,vehicle_theft,2
12.978204,77.537988,21,4,0,vehicle_theft,2
13.03508,77.522044,4,4,0,vehicle_theft,1
13.006649,77.702295,18,5,1,theft,1
12.971835,77.608146,23,2,0,assault,3
12.830311,77.627628,4,6,1,harassment,1
12.959795,77.699719,21,1,0,theft,1
12.902827,77.619245,18,0,0,vehicle_theft,2
12.979048,77.57057,19,3,0,theft,1
12.963737,77.689996,23,5,1,vehicle_theft,1
12.964096,77.575092,23,4,0,theft,1
12.968188,77.578969,13,0,0,theft,1
13.001972,77.693197,9,5,1,vehicle_theft,2
12.932406,77.582626,22,3,0,theft,1
12.915792,77.610563,16,5,1,vehicle_theft,2
12.962486,77.513692,13,6,1,theft,1
12.976777,77.635503,23,5,1,assault,3
12.914315,77.510602,23,1,0,theft,1
12.976359,77.606183,14,4,0,harassment,1
13.001997,77.556023,20,3,0,theft,1
12.976964,77.578761,22,0,0,fraud,1
13.010227,77.565921,16,5,1,theft,1
12.902461,77.5723,17,1,0,vehicle_theft,2
13.116146,77.601493,23,3,0,theft,1
12.933598,77.625031,1,5,1,theft,1
12.910239,77.642178,2,2,0,vehicle_theft,3
13.00626,77.559653,1,3,0,burglary,2
12.950401,77.700123,16,4,0,theft,1
12.969772,77.528097,4,2,0,vehicle_theft,2
12.992317,77.710256,9,4,0,fraud,1
13.042386,77.588298,3,0,0,theft,1
13.12427,77.613965,16,1,0,assault,1
13.03773,77.59574,6,4,0,theft,1
12.914587,77.640446,20,3,0,burglary,3
12.969134,77.579016,16,4,0,theft,1
12.976669,77.60756,10,6,1,assault,2
12.911323,77.623456,14,6,1,burglary,3
12.865738,77.649816,2,0,0,fraud,1
12.919778,77.611914,8,1,0,burglary,2
12.926837,77.545942,22,0,0,vehicle_theft,3
12.965692,77.527086,17,1,0,theft,1
12.934124,77.591394,13,2,0,burglary,3
12.981824,77.621084,0,0,0,assault,3
12.906364,77.617662,7,0,0,theft,1
12.959212,77.705519,20,0,0,vehicle_theft,2
13.071588,77.484993,4,4,0,assault,1
13.000088,77.556054,20,3,0,theft,1
13.077595,77.595113,2,2,0,vehicle_theft,2
13.036062,77.597162,8,6,1,theft,2
12.95411,77.706132,8,5,1,theft,1
12.972203,77.609099,22,6,1,harassment,1
13.000485,77.567499,21,6,1,theft,1
12.867742,77.571719,22,4,0,theft,1
12.849232,77.650564,23,2,0,burglary,2
12.965557,77.749367,2,5,1,theft,1
12.964535,77.753986,23,4,0,vehicle_theft,2
12.963794,77.69514,19,5,1,burglary,2
12.931327,77.625214,22,0,0,harassment,1
12.92782,77.651093,17,6,1,theft,1
12.958962,77.569892,11,6,1,theft,1
12.93448,77.594114,22,4,0,theft,1
13.038532,77.665864,17,0,0,harassment,1
12.976679,77.639075,19,2,0,harassment,1
12.844251,77.664992,9,6,1,theft,1
12.972714,77.576284,8,0,0,theft,2
12.994167,77.554357,19,0,0,theft,1
12.900483,77.615691,23,4,0,vehicle_theft,2
12.952374,77.697082,22,1,0,vehicle_theft,2
12.962587,77.576928,16,0,0,harassment,1
13.016101,77.707408,18,0,0,vehicle_theft,1
12.95346,77.69434,12,3,0,vehicle_theft,2
12.830118,77.668607,5,2,0,theft,1
13.099887,77.595538,23,0,0,burglary,3
12.962922,77.578774,8,4,0,theft,1
12.922876,77.604882,19,4,0,burglary,2
12.977829,77.607488,23,6,1,theft,2
13.096397,77.600949,11,0,0,burglary,2
12.968661,77.575545,18,5,1,assault,2
12.98816,77.599265,18,3,0,theft,1
12.960366,77.716924,15,0,0,assault,3
12.908074,77.610618,23,2,0,burglary,3
13.049735,77.454653,10,5,1,vehicle_theft,1
12.985501,77.603154,16,5,1,assault,3
12.981139,77.611998,2,5,1,theft,1
12.977846,77.752382,13,4,0,burglary,2
12.978067,77.605724,2,5,1,harassment,1
12.925703,77.583475,0,6,1,burglary,2
13.008386,77.564386,15,1,0,theft,1
12.967659,77.579944,12,1,0,theft,1
12.980216,77.603609,0,3,0,harassment,3
12.97004,77.638371,22,1,0,harassment,2
12.965784,77.587096,9,5,1,theft,1
12.960862,77.578664,19,0,0,harassment,1
12.984506,77.605518,18,4,0,theft,1
13.029606,77.60258,8,4,0,burglary,1
12.960907,77.576685,18,4,0,assault,3
12.966453,77.646569,14,4,0,theft,2
12.992303,77.554528,23,4,0,theft,1
12.936123,77.624984,6,6,1,harassment,1
13.03224,77.514931,23,0,0,vehicle_theft,3
12.931263,77.628558,22,4,0,assault,3
12.995081,77.553563,17,5,1,theft,1
12.968007,77.579006,9,0,0,theft,1
12.975959,77.746575,20,0,0,vehicle_theft,3
12.977966,77.531186,0,6,1,vehicle_theft,2
12.919748,77.541543,19,5,1,burglary,2
12.976975,77.570903,7,6,1,theft,1
12.839533,77.65227,4,3,0,burglary,1
12.84646,77.649069,3,0,0,vehicle_theft,2
13.036361,77.594692,9,5,1,burglary,2
12.99906,77.695884,22,5,1,vehicle_theft,2
12.94911,77.631711,17,0,0,assault,3
12.921571,77.641895,21,0,0,vehicle_theft,2
13.021339,77.727199,0,6,1,assault,1
12.979137,77.570753,13,5,1,theft,1
13.002232,77.693213,8,4,0,assault,3
13.011159,77.464445,2,3,0,fraud,1
12.894936,77.61319,21,4,0,vehicle_theft,2
12.910201,77.667007,14,4,0,assault,1
12.856284,77.659573,23,0,0,vehicle_theft,2
12.98013,77.622195,23,4,0,harassment,1
12.989182,77.569735,15,3,0,harassment,2
13.005004,77.696138,18,4,0,vehicle_theft,2
12.996621,77.697594,5,4,0,burglary,2
13.041072,77.532186,5,6,1,burglary,2
12.982752,77.620516,23,6,1,theft,1
12.900494,77.611778,8,0,0,vehicle_theft,2
12.979722,77.575842,17,5,1,assault,3
12.969488,77.577335,15,3,0,theft,1
13.033154,77.510612,0,4,0,burglary,2
12.961459,77.696985,11,4,0,vehicle_theft,3
12.978538,77.567829,11,3,0,theft,1
12.975046,77.568979,13,6,1,theft,1
13.033221,77.519686,1,4,0,theft,2
12.938502,77.61539,0,6,1,theft,1
12.924889,77.549294,19,5,1,vehicle_theft,2
12.964297,77.601165,21,4,0,theft,2
12.983017,77.606238,11,2,0,assault,3
12.974307,77.610611,11,4,0,theft,1
12.911485,77.640306,8,4,0,theft,1
13.101573,77.596698,3,2,0,vehicle_theft,2
12.839929,77.656979,0,4,0,burglary,1
12.996039,77.555882,2,1,0,burglary,1
13.011374,77.476826,22,3,0,assault,1
13.106092,77.593045,1,1,0,vehicle_theft,1
12.990881,77.560055,17,4,0,fraud,1
13.059559,77.696464,23,1,0,harassment,1
12.969425,77.751026,5,3,0,fraud,2
13.00834,77.695642,21,3,0,burglary,2
12.985673,77.604793,22,1,0,assault,3
12.955019,77.617854,0,0,0,assault,1
12.965542,77.638398,18,6,1,assault,3
12.964031,77.580992,10,2,0,theft,1
12.972592,77.574441,14,0,0,fraud,1
12.980959,77.604092,6,5,1,assault,3
12.846919,77.657636,1,2,0,vehicle_theft,3
12.976931,77.61106,23,1,0,harassment,2
12.976775,77.56733,12,4,0,assault,3
12.933362,77.581654,19,6,1,theft,1
12.929378,77.582767,19,1,0,theft,1
13.04857,77.612712,23,3,0,fraud,1
13.046951,77.693468,15,6,1,theft,2
12.918277,77.622824,21,5,1,vehicle_theft,2
12.947367,77.697227,9,2,0,theft,1
12.97239,77.639295,19,2,0,assault,3
12.924915,77.637661,19,2,0,harassment,1
12.967532,77.642034,19,2,0,harassment,1
12.916267,77.551263,4,3,0,vehicle_theft,2
13.008294,77.696523,8,3,0,theft,2
12.927816,77.585777,20,2,0,theft,1
12.97698,77.760234,11,6,1,burglary,3
12.905891,77.618724,22,5,1,vehicle_theft,2
12.904941,77.647246,19,2,0,burglary,2
13.058656,77.605302,21,0,0,vehicle_theft,2
13.029927,77.537405,11,0,0,vehicle_theft,2
12.977606,77.636077,1,3,0,theft,1
12.928322,77.548896,17,0,0,burglary,1
12.841966,77.657143,1,1,0,vehicle_theft,2
12.972776,77.530223,23,5,1,theft,1
12.984745,77.604893,20,4,0,theft,2
13.015031,77.690778,18,3,0,vehicle_theft,2
12.974663,77.630133,19,1,0,theft,1
12.963304,77.577629,16,1,0,assault,2
13.019284,77.690847,11,3,0,theft,2
12.978105,77.527447,20,2,0,burglary,1
13.039749,77.594579,10,5,1,assault,2
13.009934,77.700573,14,4,0,burglary,1
12.912838,77.64043,17,4,0,fraud,1
12.972642,77.643558,8,2,0,harassment,1
12.91768,77.634523,17,5,1,theft,2
12.95678,77.701458,11,1,0,burglary,2
13.035682,77.598209,9,6,1,burglary,3
12.955606,77.700791,18,3,0,vehicle_theft,2
12.922395,77.549987,23,2,0,theft,1
12.950746,77.705873,17,2,0,burglary,2
13.011318,77.692373,22,2,0,vehicle_theft,3
12.916049,77.608463,23,6,1,burglary,2
12.910809,77.641409,19,0,0,fraud,1
13.024153,77.528791,7,0,0,burglary,3
12.989999,77.616226,18,6,1,harassment,1
12.977442,77.536214,16,4,0,burglary,1
12.974066,77.752718,22,1,0,fraud,1
12.907367,77.609227,22,6,1,theft,2
12.964149,77.641541,22,1,0,assault,3
13.03248,77.534429,22,6,1,theft,2
12.927846,77.624904,15,2,0,theft,1
12.965389,77.577244,5,6,1,theft,1
12.931089,77.582382,5,4,0,theft,1
12.940813,77.618476,3,4,0,theft,1
13.094852,77.594572,8,2,0,burglary,3
13.063998,77.484594,3,1,0,burglary,1
12.99409,77.571984,19,6,1,theft,1
12.924097,77.534385,23,5,1,theft,2
12.975024,77.608248,19,2,0,assault,3
12.973235,77.524635,2,5,1,burglary,2
12.976439,77.605606,14,6,1,assault,3
13.024867,77.532395,20,5,1,theft,2
12.965125,77.583448,10,6,1,theft,1
12.928695,77.626223,23,4,0,theft,1
12.98188,77.621682,0,1,0,assault,3
12.956606,77.702635,7,4,0,burglary,2
13.02984,77.539338,2,0,0,theft,1
12.981621,77.621824,0,5,1,theft,1
12.996708,77.551427,0,2,0,burglary,1
12.980503,77.605121,7,6,1,assault,3
12.981175,77.607296,22,5,1,assault,3
12.910468,77.639825,3,3,0,vehicle_theft,2
12.967421,77.754433,21,1,0,fraud,2
13.043495,77.533779,18,6,1,theft,1
12.970581,77.577237,7,2,0,theft,1
12.977239,77.609704,2,0,0,assault,3
12.909259,77.623458,2,4,0,vehicle_theft,2
12.979236,77.690052,7,0,0,theft,1
13.006385,77.554078,19,5,1,burglary,2
12.998571,77.6964,10,4,0,theft,1
12.968941,77.576211,12,5,1,theft,2
12.965785,77.746128,9,1,0,burglary,1
12.898279,77.586626,16,6,1,burglary,2
12.919231,77.583892,21,3,0,vehicle_theft,2
12.972024,77.642553,1,0,0,assault,3
12.969554,77.756491,3,5,1,vehicle_theft,1
12.970381,77.582018,16,0,0,theft,1
12.970529,77.638008,0,1,0,harassment,1
12.956796,77.69923,11,5,1,vehicle_theft,2
12.975352,77.651336,0,4,0,assault,3
13.050289,77.612728,8,4,0,vehicle_theft,2
12.978264,77.615155,22,5,1,harassment,1
13.032578,77.520486,18,4,0,vehicle_theft,2
12.952574,77.70009,1,2,0,vehicle_theft,2
13.030266,77.538544,9,1,0,theft,2
13.006954,77.566268,14,3,0,burglary,2
13.035898,77.596661,19,4,0,theft,2
12.907127,77.617587,21,6,1,vehicle_theft,2
12.968721,77.579265,7,4,0,theft,1
12.956246,77.750964,21,6,1,burglary,2
12.973063,77.528188,2,4,0,burglary,3
12.861258,77.663331,2,2,0,burglary,2
12.963676,77.579538,12,2,0,theft,1
12.976559,77.606462,3,6,1,harassment,1
12.925806,77.564567,19,5,1,vehicle_theft,2
12.984605,77.607149,15,3,0,assault,3
13.005517,77.560407,13,4,0,burglary,2
12.930241,77.582758,16,4,0,burglary,2
12.985865,77.60839,21,6,1,harassment,1
12.985977,77.620169,3,5,1,assault,3
12.984938,77.738128,21,1,0,fraud,1
12.911104,77.59427,13,2,0,theft,2
12.908395,77.609786,9,3,0,theft,1
12.973682,77.64407,7,6,1,assault,3
12.973555,77.522284,18,5,1,theft,1
12.983102,77.519928,20,0,0,theft,2
12.999495,77.559307,7,2,0,theft,1
12.968983,77.570795,0,6,1,theft,1
12.965716,77.7395,22,6,1,theft,2
12.97785,77.641387,15,0,0,vehicle_theft,3
12.974741,77.605633,19,4,0,theft,1
12.99839,77.484954,8,6,1,theft,1
12.977494,77.60434,10,2,0,theft,1
12.917191,77.611523,6,0,0,theft,2
13.002959,77.701344,11,2,0,vehicle_theft,1
12.963281,77.581337,11,3,0,fraud,1
12.983538,77.62463,23,5,1,theft,1
12.974325,77.642092,23,5,1,assault,3
13.025618,77.515916,4,4,0,theft,1
13.100903,77.59494,19,4,0,theft,1
12.92393,77.547514,21,3,0,burglary,2
12.910673,77.645427,20,1,0,fraud,1
12.857216,77.505784,1,3,0,theft,2
12.967225,77.580694,18,0,0,theft,1
12.929404,77.54652,19,6,1,theft,1
13.093797,77.595379,17,4,0,burglary,3
12.956304,77.701282,14,4,0,theft,2
13.009581,77.691104,15,3,0,vehicle_theft,1
13.02754,77.551003,19,4,0,theft,1
12.897135,77.620368,6,1,0,assault,3
13.011438,77.693689,18,1,0,burglary,2
13.029445,77.540011,14,5,1,vehicle_theft,1
12.938602,77.629249,23,2,0,vehicle_theft,2
12.922655,77.611346,20,1,0,vehicle_theft,2
13.029762,77.510165,23,2,0,burglary,2
12.916902,77.601172,22,4,0,burglary,1
12.948512,77.635107,1,1,0,theft,2
12.901296,77.673852,1,0,0,theft,1
12.976459,77.603314,23,5,1,harassment,1
13.003912,77.565741,17,0,0,theft,2
12.97201,77.581183,20,3,0,theft,1
12.914461,77.613439,17,1,0,vehicle_theft,2
12.937073,77.622146,20,0,0,vehicle_theft,2
12.910863,77.640494,16,4,0,burglary,2
13.043139,77.595212,19,5,1,theft,1
13.003088,77.570109,14,5,1,fraud,1
12.95753,77.563083,11,5,1,fraud,2
12.919469,77.614599,20,5,1,vehicle_theft,3
13.00301,77.56974,10,0,0,theft,1
12.960496,77.699436,7,0,0,vehicle_theft,2
13.094681,77.586783,6,0,0,burglary,2
12.92102,77.546365,20,6,1,burglary,1
12.971533,77.651653,22,6,1,harassment,2
12.935066,77.624696,18,2,0,assault,2
12.97197,77.530034,20,2,0,theft,1
12.93506,77.633941,9,5,1,assault,3
12.970925,77.567555,13,3,0,theft,1
12.925255,77.618167,23,6,1,vehicle_theft,2
13.036005,77.597008,21,4,0,theft,1
12.983459,77.606872,17,0,0,theft,1
12.971263,77.641619,1,3,0,assault,3
12.973463,77.566031,17,3,0,theft,1
12.972342,77.640992,1,2,0,theft,1
12.968012,77.578213,19,1,0,theft,1
12.844812,77.657568,0,1,0,theft,1
13.002077,77.56277,15,6,1,burglary,2
13.009576,77.559099,10,5,1,theft,1
12.838485,77.656165,16,6,1,burglary,2
12.958344,77.710608,7,6,1,burglary,1
12.974,77.609564,0,3,0,harassment,1
13.031775,77.648381,14,4,0,vehicle_theft,1
12.982698,77.619092,1,6,1,assault,3
12.961983,77.75036,16,3,0,theft,1
12.977364,77.570572,14,5,1,theft,2
12.965486,77.573542,8,5,1,theft,1
12.987885,77.510189,22,0,0,theft,1
12.91285,77.582835,19,5,1,theft,1
12.911899,77.608525,23,6,1,vehicle_theft,1
13.005068,77.699059,11,0,0,vehicle_theft,2
12.960492,77.582666,11,1,0,theft,2
13.02143,77.538966,8,4,0,vehicle_theft,2
13.033936,77.511919,11,2,0,theft,1
12.92596,77.581784,21,2,0,theft,2
13.039096,77.518625,10,5,1,vehicle_theft,2
12.969126,77.578919,12,6,1,theft,1
13.034447,77.590185,20,3,0,theft,1
12.979107,77.503173,8,2,0,harassment,1
12.915132,77.639944,20,6,1,vehicle_theft,2
12.983596,77.601194,18,0,0,theft,1
13.009394,77.696872,11,3,0,theft,1
12.91675,77.585669,3,3,0,theft,1
12.933615,77.633577,23,6,1,harassment,1
12.910751,77.651756,17,0,0,burglary,1
12.925501,77.547121,1,2,0,theft,2
13.095673,77.596805,6,2,0,vehicle_theft,1
12.974763,77.525669,14,1,0,theft,1
12.974381,77.653313,20,0,0,assault,3
13.032813,77.537061,1,0,0,burglary,3
12.966773,77.578069,17,1,0,theft,1
12.938946,77.628179,3,5,1,theft,1
12.92454,77.547571,9,1,0,vehicle_theft,2
12.845426,77.662308,23,3,0,vehicle_theft,2
12.925151,77.627018,0,5,1,harassment,2
12.963563,77.577326,11,6,1,theft,1
12.965851,77.580189,18,3,0,theft,1
13.024441,77.542849,17,5,1,vehicle_theft,3
13.007774,77.697884,21,6,1,vehicle_theft,2
12.962638,77.631204,3,5,1,harassment,1
12.976431,77.603632,1,0,0,harassment,2
13.007798,77.563598,18,5,1,burglary,1
12.970154,77.749158,7,6,1,theft,1
13.002867,77.700856,9,5,1,theft,1
12.945112,77.585366,2,0,0,assault,1
13.037106,77.522554,21,2,0,vehicle_theft,3
12.967224,77.749823,21,4,0,burglary,2
12.973383,77.640988,5,5,1,harassment,1
13.023163,77.488232,22,3,0,vehicle_theft,1
12.917804,77.615967,8,1,0,vehicle_theft,2
12.94225,77.684538,20,6,1,fraud,1
12.973864,77.607211,22,2,0,harassment,2
13.033758,77.527392,2,0,0,theft,1
12.99756,77.571217,17,2,0,theft,1
12.967954,77.757136,1,5,1,assault,2
12.95042,77.580295,16,6,1,theft,2
12.930979,77.584639,15,2,0,burglary,1
12.916282,77.61057,20,2,0,theft,1
12.861081,77.564756,20,4,0,assault,1
12.978339,77.609362,1,5,1,assault,2
13.023619,77.527323,19,5,1,theft,1
12.908777,77.63784,11,0,0,vehicle_theft,2
12.90495,77.650798,17,0,0,vehicle_theft,1
13.01048,77.706839,8,1,0,burglary,3
13.005676,77.699331,20,3,0,theft,1
12.930601,77.627529,23,6,1,theft,1
12.982407,77.640995,0,0,0,harassment,2
12.955008,77.645087,7,3,0,fraud,1
12.971155,77.605344,13,2,0,harassment,1
12.903638,77.582908,15,5,1,burglary,2
12.972468,77.568046,11,0,0,theft,1
12.968827,77.576469,10,3,0,fraud,2
13.004553,77.554732,5,3,0,theft,1
12.994922,77.555909,19,3,0,theft,1
13.040011,77.591338,11,0,0,vehicle_theft,2
12.926494,77.552259,13,2,0,theft,1
12.994275,77.56526,11,4,0,theft,1
12.960092,77.702272,8,3,0,theft,1
12.977207,77.574075,18,2,0,theft,2
13.098115,77.594343,1,6,1,vehicle_theft,1
12.981616,77.600831,8,0,0,assault,2
13.039867,77.474611,8,3,0,burglary,1
12.975258,77.643428,23,5,1,assault,3
12.935483,77.584988,22,4,0,theft,2
12.935552,77.624126,1,1,0,assault,3
12.981394,77.75453,19,2,0,burglary,2
13.034742,77.517139,4,6,1,vehicle_theft,2
12.960972,77.57771,15,4,0,harassment,2
12.912628,77.643777,21,6,1,vehicle_theft,2
12.904357,77.637301,19,0,0,vehicle_theft,3
13.046488,77.611279,23,6,1,burglary,3
12.971238,77.760826,5,3,0,fraud,1
12.919337,77.517678,0,2,0,harassment,1
12.983259,77.624115,19,6,1,theft,1
12.972302,77.751616,22,6,1,burglary,2
13.033143,77.52006,3,0,0,burglary,2
13.004291,77.551114,0,4,0,assault,3
12.977495,77.757663,4,2,0,theft,1
13.000876,77.570794,22,3,0,burglary,2
12.928341,77.581746,22,2,0,burglary,1
13.028824,77.59654,9,5,1,vehicle_theft,2
12.910092,77.591869,23,0,0,theft,1
12.916677,77.587625,19,6,1,theft,1
12.913535,77.600896,22,3,0,theft,2
12.983993,77.568859,14,2,0,harassment,1
12.97816,77.530816,18,4,0,burglary,3
12.907859,77.610441,19,2,0,vehicle_theft,1
12.844303,77.658325,8,6,1,burglary,3
13.100858,77.594623,16,6,1,burglary,1
12.911962,77.610016,1,0,0,theft,1
12.9069,77.643375,16,6,1,theft,2
12.978685,77.573736,17,5,1,theft,1
12.984463,77.604156,15,5,1,assault,3
12.974986,77.532068,16,2,0,theft,1
12.912623,77.593667,18,3,0,vehicle_theft,3
12.924436,77.558829,1,4,0,theft,1
12.997702,77.555461,19,5,1,assault,3
12.972341,77.613718,17,4,0,harassment,3
12.94171,77.709329,21,6,1,vehicle_theft,3
12.974597,77.644281,0,6,1,theft,1
12.959306,77.745861,4,5,1,burglary,1
12.905491,77.612454,19,0,0,burglary,2
12.981347,77.604771,17,0,0,theft,2
12.97482,77.65159,16,0,0,harassment,1
13.014997,77.694094,11,4,0,vehicle_theft,2
12.974226,77.529412,20,2,0,theft,1
12.955929,77.701046,7,2,0,vehicle_theft,2
12.981317,77.566664,16,2,0,harassment,1
12.962908,77.577027,13,6,1,theft,1
13.005671,77.451307,19,6,1,burglary,2
12.998456,77.557636,17,2,0,theft,1
13.04348,77.528584,3,5,1,theft,1
12.935892,77.546911,14,2,0,burglary,1
12.997137,77.55344,22,1,0,burglary,2
12.998871,77.570848,21,0,0,burglary,2
12.898564,77.661913,15,0,0,burglary,2
12.956119,77.700663,18,4,0,vehicle_theft,2
12.968403,77.643039,3,6,1,vehicle_theft,2
12.968184,77.634421,0,1,0,harassment,1
12.961516,77.57811,17,2,0,theft,1
12.96839,77.532229,9,4,0,theft,1
12.9721,77.643042,1,1,0,assault,3
13.034389,77.593635,9,5,1,burglary,2
12.989656,77.607381,15,2,0,harassment,1
13.027702,77.595975,17,3,0,assault,3
13.036634,77.596954,10,0,0,vehicle_theft,1
12.974211,77.584095,11,2,0,theft,1
13.011147,77.689903,16,5,1,burglary,2
12.970113,77.579948,12,0,0,theft,1
12.996824,77.546779,16,6,1,burglary,3
12.999741,77.556449,18,3,0,theft,1
12.9731,77.636039,22,6,1,theft,2
13.119924,77.503367,12,4,0,fraud,1
12.93499,77.625097,6,5,1,harassment,1
13.109299,77.594519,22,5,1,burglary,2
12.998776,77.554719,23,4,0,theft,1
12.972971,77.607849,22,2,0,assault,3
12.957467,77.697732,17,1,0,vehicle_theft,2
12.88118,77.59444,3,5,1,burglary,1
12.983016,77.600307,15,1,0,assault,2
12.973116,77.527912,21,3,0,vehicle_theft,2
12.974486,77.701599,20,4,0,burglary,2
12.971154,77.526444,23,3,0,theft,1
12.958238,77.693097,21,4,0,theft,2
12.845043,77.676991,2,3,0,theft,2
12.963513,77.576939,8,1,0,theft,1
12.837123,77.653501,2,5,1,fraud,1
13.001981,77.700773,10,3,0,burglary,2
12.968286,77.539949,18,2,0,theft,2
12.945344,77.507591,18,2,0,assault,1
12.934856,77.624568,1,0,0,vehicle_theft,2
12.9668,77.607704,4,1,0,harassment,1
13.069694,77.685426,21,0,0,vehicle_theft,1
12.922586,77.629208,22,1,0,theft,1
12.841779,77.453027,12,2,0,harassment,1
12.967462,77.579084,15,1,0,theft,1
12.974248,77.536254,13,5,1,burglary,1
12.991348,77.605563,13,2,0,assault,3
12.930201,77.583003,1,0,0,theft,1
13.005682,77.692986,19,5,1,burglary,3
12.967213,77.570495,21,4,0,harassment,1
12.999158,77.552694,21,2,0,theft,1
12.91868,77.629834,23,2,0,vehicle_theft,2
12.914697,77.639039,17,6,1,vehicle_theft,1
13.004703,77.549488,18,6,1,theft,1
12.902174,77.610058,2,2,0,theft,1
12.936817,77.586621,21,6,1,theft,2
12.915712,77.609201,21,0,0,vehicle_theft,1
12.979207,77.608543,1,0,0,theft,2
12.959501,77.584575,7,1,0,harassment,1
12.984658,77.605921,10,3,0,theft,2
12.858857,77.651918,3,4,0,burglary,1
12.837777,77.65811,21,6,1,vehicle_theft,2
12.976682,77.570507,8,4,0,theft,1
12.994649,77.557334,22,3,0,assault,2
12.980055,77.568344,10,5,1,theft,1
12.977206,77.604185,23,6,1,harassment,1
12.971338,77.534395,17,4,0,burglary,2
12.972623,77.581917,16,5,1,theft,1
12.973663,77.527104,8,5,1,vehicle_theft,2
12.906785,77.620077,7,5,1,vehicle_theft,2
13.037707,77.597416,8,2,0,burglary,2
12.937779,77.620214,1,6,1,harassment,1
13.116232,77.632078,0,6,1,vehicle_theft,2
13.033693,77.520568,3,4,0,theft,1
12.927361,77.584934,18,6,1,theft,2
12.969598,77.642648,3,0,0,harassment,1
12.968066,77.581477,3,3,0,theft,1
12.979028,77.607089,5,0,0,harassment,1
13.084554,77.589798,12,6,1,assault,1
13.002271,77.572966,19,4,0,fraud,1
12.980325,77.601933,0,4,0,theft,2
12.908379,77.615261,19,4,0,vehicle_theft,3
12.972636,77.611932,22,6,1,theft,1
12.975936,77.605641,14,6,1,theft,2
13.042475,77.504486,21,0,0,fraud,1
12.967241,77.749985,23,2,0,fraud,1
12.981631,77.603783,10,3,0,theft,2
12.855955,77.649273,3,4,0,burglary,2
13.005045,77.701119,9,2,0,vehicle_theft,2
12.961738,77.570313,21,2,0,theft,1
12.975635,77.608919,14,5,1,theft,1
12.908453,77.607668,20,4,0,theft,1
13.00039,77.551919,16,4,0,theft,1
12.962226,77.579946,19,1,0,assault,3
13.045697,77.517101,11,6,1,vehicle_theft,3
12.982429,77.616982,2,0,0,harassment,1
12.961683,77.573735,11,6,1,theft,1
12.839356,77.656548,3,6,1,theft,2
12.92009,77.550932,15,5,1,theft,1
12.970752,77.577635,9,0,0,fraud,1
12.972833,77.608838,1,2,0,assault,2
12.965228,77.577091,8,6,1,theft,1
12.8526,77.65314,7,1,0,burglary,2
13.087987,77.590042,2,2,0,burglary,2
12.907853,77.617255,22,0,0,theft,1
13.032265,77.599579,19,0,0,vehicle_theft,3
13.103366,77.585266,22,2,0,theft,2
12.920063,77.60878,18,0,0,theft,1
12.996761,77.550146,12,5,1,assault,2
12.90388,77.699989,18,3,0,burglary,2
12.977409,77.611217,4,4,0,assault,3
12.953956,77.756068,5,4,0,vehicle_theft,2
12.839226,77.66299,2,3,0,burglary,2
12.950045,77.620915,21,0,0,theft,1
12.998587,77.551752,15,0,0,theft,1
12.972172,77.640501,0,2,0,harassment,1
12.983606,77.620603,19,0,0,assault,3
13.003673,77.705054,10,6,1,burglary,2
12.975413,77.621731,23,4,0,harassment,1
12.960956,77.75308,1,2,0,theft,1
13.0279,77.539729,7,3,0,vehicle_theft,3
12.837537,77.643626,8,0,0,burglary,3
12.979179,77.569627,19,2,0,theft,1
12.84432,77.654029,4,5,1,burglary,2
13.004018,77.692403,16,6,1,burglary,3
12.975989,77.64054,18,2,0,assault,3
12.904056,77.585765,22,2,0,theft,1
12.901766,77.582192,13,4,0,burglary,2
12.968517,77.641351,1,3,0,assault,2
12.904458,77.585242,15,1,0,burglary,3
12.908524,77.583355,18,0,0,theft,1
12.985031,77.605016,15,5,1,theft,1
13.038192,77.510313,23,0,0,theft,1
12.971899,77.641096,22,6,1,harassment,1
12.987917,77.602968,11,0,0,harassment,1
12.965701,77.522154,19,6,1,vehicle_theft,3
13.023422,77.537463,20,2,0,theft,1
13.015084,77.709221,20,3,0,burglary,2
12.917282,77.606731,4,6,1,harassment,1
12.914249,77.607382,1,5,1,harassment,1
12.95309,77.694796,9,3,0,vehicle_theft,3
12.966325,77.568689,2,4,0,theft,1
13.002586,77.570758,15,5,1,theft,1
12.911392,77.620003,15,2,0,vehicle_theft,2
13.035844,77.597049,23,3,0,theft,1
12.908769,77.580849,20,4,0,theft,1
13.096692,77.588574,2,1,0,assault,2
12.985519,77.605753,10,5,1,assault,3
12.969133,77.579994,15,0,0,theft,1
13.007565,77.562881,18,0,0,theft,1
12.972619,77.608985,17,5,1,assault,3
12.965007,77.579825,23,5,1,assault,3
12.910249,77.590017,18,1,0,theft,1
12.939013,77.620761,20,2,0,theft,1
12.970667,77.640249,20,4,0,assault,3
12.901597,77.630261,9,3,0,vehicle_theft,3
12.897971,77.576944,20,6,1,burglary,2
13.094244,77.597431,16,6,1,burglary,3
12.958624,77.578782,19,3,0,theft,2
12.87676,77.500313,20,1,0,fraud,2
13.036073,77.595435,11,4,0,burglary,2
12.97392,77.643086,1,3,0,assault,2
13.008275,77.548981,10,2,0,assault,2
12.919729,77.608171,20,0,0,harassment,1
12.961309,77.762708,3,2,0,burglary,2
13.002792,77.689131,18,4,0,theft,1
13.044612,77.592347,9,0,0,assault,3
13.003321,77.569981,5,4,0,fraud,2
13.039181,77.597065,6,4,0,vehicle_theft,3
12.967795,77.57869,18,4,0,fraud,1
13.034404,77.535494,18,4,0,theft,1
12.953295,77.701534,7,4,0,vehicle_theft,1
12.975147,77.604542,4,2,0,assault,3
12.979391,77.61155,22,4,0,harassment,1
12.954717,77.702424,3,5,1,vehicle_theft,2
12.963122,77.635402,23,3,0,harassment,1
12.963259,77.5742,0,3,0,theft,1
12.971983,77.641,0,5,1,vehicle_theft,3
13.007412,77.695043,11,6,1,assault,3
12.984483,77.604736,12,4,0,assault,3
12.93844,77.626641,20,2,0,vehicle_theft,2
12.935165,77.631347,21,0,0,theft,1
13.003896,77.697646,14,4,0,burglary,1
12.923941,77.628365,19,2,0,harassment,1
12.914097,77.608121,1,1,0,vehicle_theft,2
12.972127,77.641029,22,1,0,assault,2
12.90338,77.60883,20,3,0,harassment,1
13.059382,77.663364,20,3,0,vehicle_theft,2
13.002561,77.570709,15,2,0,theft,1
12.933403,77.587453,23,5,1,burglary,2
12.83,77.65492,1,2,0,theft,2
13.108902,77.589182,21,0,0,vehicle_theft,2
12.928059,77.531246,18,4,0,burglary,2
12.977526,77.602622,9,6,1,assault,2
12.928997,77.582629,6,6,1,fraud,2
12.972815,77.599749,17,1,0,assault,3
12.916991,77.651928,13,2,0,fraud,1
12.981874,77.620796,2,3,0,theft,1
12.913675,77.670472,11,3,0,harassment,1
13.024584,77.489247,13,6,1,theft,1
12.842349,77.642201,0,3,0,vehicle_theft,2
12.979958,77.571511,14,6,1,assault,3
12.993706,77.616589,3,4,0,assault,2
12.852069,77.658636,2,0,0,vehicle_theft,3
12.97666,77.635404,22,4,0,harassment,1
13.010621,77.697298,18,1,0,vehicle_theft,2
13.017303,77.571129,9,2,0,theft,1
13.036574,77.540816,10,5,1,vehicle_theft,1
12.948601,77.613501,2,5,1,assault,3
12.981793,77.619889,9,3,0,theft,1
13.039557,77.603944,8,5,1,burglary,2
12.960448,77.570616,18,6,1,theft,1
12.970673,77.530922,22,6,1,theft,1
12.982845,77.622141,2,0,0,theft,1
12.909781,77.603506,17,4,0,vehicle_theft,1
13.006207,77.695108,14,6,1,vehicle_theft,2
12.919912,77.635653,9,6,1,burglary,2
12.907932,77.64835,22,3,0,burglary,3
12.948975,77.704497,11,1,0,theft,1
12.915434,77.607103,21,0,0,vehicle_theft,2
12.9089,77.584873,2,1,0,theft,1
13.024871,77.520847,2,2,0,burglary,3
12.929345,77.628839,23,5,1,harassment,1
12.973461,77.610018,23,6,1,assault,3
12.965127,77.573835,6,6,1,theft,1
13.003677,77.694262,7,5,1,theft,2
12.971411,77.576655,18,1,0,theft,1
12.983395,77.510219,13,6,1,vehicle_theft,3
12.945584,77.690721,8,5,1,vehicle_theft,2
12.968793,77.578708,11,4,0,theft,1
12.959356,77.574457,7,5,1,theft,1
12.911678,77.584051,13,0,0,burglary,1
12.867629,77.48847,10,0,0,fraud,2
12.969116,77.576498,21,3,0,theft,1
12.977361,77.605788,0,2,0,harassment,2
12.945971,77.618919,2,5,1,harassment,1
12.96509,77.746963,0,1,0,fraud,1
12.910082,77.641418,20,2,0,theft,1
12.841046,77.663645,5,3,0,theft,1
13.118105,77.522756,15,5,1,vehicle_theft,1
12.96959,77.580673,21,2,0,theft,1
12.970917,77.746511,3,6,1,vehicle_theft,1
12.840487,77.662482,1,3,0,vehicle_theft,2
12.972984,77.52996,22,0,0,burglary,3
12.903572,77.620513,17,2,0,theft,1
13.038267,77.60467,19,4,0,assault,3
12.913962,77.638935,14,6,1,burglary,1
12.844932,77.660748,19,0,0,burglary,1
12.844971,77.658332,5,1,0,fraud,1
12.964974,77.581842,14,5,1,theft,1
12.900018,77.61194,23,3,0,vehicle_theft,1
13.085448,77.590479,1,3,0,theft,2
13.103299,77.600845,8,5,1,vehicle_theft,2
12.973008,77.640565,23,1,0,theft,1
12.986095,77.58242,9,0,0,theft,1
12.975878,77.572315,12,4,0,harassment,1
12.919798,77.612659,15,6,1,harassment,2
12.93328,77.629505,17,2,0,theft,1
12.956035,77.701037,9,2,0,vehicle_theft,2
12.905318,77.617548,19,2,0,theft,2
12.976422,77.75133,7,5,1,vehicle_theft,1
12.998596,77.557761,20,5,1,theft,1
13.008108,77.554534,18,5,1,assault,3
13.039361,77.478481,8,3,0,burglary,1
13.01652,77.540377,19,3,0,theft,1
12.955899,77.700249,16,4,0,vehicle_theft,3
12.933944,77.618847,2,4,0,theft,1
12.839092,77.663543,4,4,0,fraud,1
12.999733,77.566151,9,4,0,burglary,2
12.976627,77.748465,8,5,1,theft,1
12.962917,77.576501,9,1,0,theft,1
12.944931,77.75314,5,1,0,burglary,1
12.968911,77.598452,4,6,1,harassment,1
13.003538,77.572247,9,0,0,theft,1
12.929297,77.581599,19,3,0,theft,1
12.96823,77.750859,21,4,0,fraud,1
12.953237,77.711811,17,5,1,vehicle_theft,2
12.938606,77.583652,22,5,1,fraud,1
12.993549,77.69723,4,3,0,theft,1
12.921006,77.60421,16,0,0,theft,2
12.957982,77.700792,9,0,0,vehicle_theft,2
12.843246,77.657386,1,5,1,vehicle_theft,2
12.921495,77.650199,20,0,0,vehicle_theft,3
12.962456,77.577416,6,0,0,theft,2
13.098514,77.594578,3,5,1,burglary,2
12.855792,77.45864,9,6,1,vehicle_theft,1
12.938316,77.612439,21,2,0,assault,2
12.910809,77.615781,19,2,0,vehicle_theft,3
12.933059,77.624387,23,3,0,assault,3
13.011162,77.692679,9,3,0,vehicle_theft,2
12.966768,77.747259,21,6,1,vehicle_theft,1
12.970565,77.568409,17,1,0,theft,1
12.986954,77.558775,12,3,0,theft,1
12.98042,77.613439,19,5,1,theft,1
12.925876,77.583853,19,1,0,burglary,1
12.84077,77.668726,22,1,0,vehicle_theft,2
12.894369,77.619177,19,2,0,theft,1
12.964022,77.578622,20,5,1,theft,1
13.003499,77.705179,19,5,1,burglary,3
12.973916,77.612807,23,4,0,assault,2
12.973657,77.73393,6,4,0,burglary,3
12.973652,77.604873,0,4,0,theft,1
12.920017,77.616335,0,1,0,vehicle_theft,2
12.97305,77.60081,0,5,1,theft,2
12.969471,77.639026,23,6,1,harassment,1
12.976245,77.576836,13,1,0,theft,1
12.9697,77.529738,21,3,0,vehicle_theft,2
12.912438,77.626054,12,0,0,assault,3
12.93108,77.584001,20,1,0,theft,2
12.91537,77.606859,16,5,1,vehicle_theft,2
12.932353,77.582262,13,4,0,burglary,2
12.971871,77.749203,22,3,0,vehicle_theft,2
12.916452,77.620268,17,1,0,theft,1
12.939882,77.62032,17,0,0,theft,1
12.992232,77.575796,13,1,0,harassment,1
12.961353,77.580004,22,6,1,theft,1
12.961734,77.731814,13,3,0,assault,1
13.047997,77.599396,17,5,1,theft,2
12.985095,77.605111,21,4,0,assault,3
13.106323,77.603638,17,0,0,burglary,2
12.976569,77.569989,17,6,1,harassment,1
12.932759,77.579915,17,1,0,theft,1
12.912687,77.616739,17,3,0,theft,2
12.980868,77.617905,21,6,1,theft,1
12.930175,77.585553,19,5,1,burglary,1
13.015279,77.695295,7,1,0,vehicle_theft,3
12.925095,77.546985,18,2,0,theft,1
12.927569,77.622852,16,4,0,theft,1
12.96911,77.643404,4,4,0,theft,1
12.937203,77.620516,23,3,0,assault,3
12.913319,77.619792,18,1,0,theft,1
12.997673,77.579321,6,4,0,theft,1
12.837362,77.662902,1,1,0,vehicle_theft,1
13.019961,77.691303,20,4,0,vehicle_theft,2
13.000532,77.556875,18,3,0,assault,2
12.905955,77.550038,2,4,0,theft,1
12.970836,77.751305,23,4,0,theft,2
12.974641,77.639943,23,5,1,harassment,1
12.913643,77.609093,3,1,0,burglary,2
12.917232,77.632323,23,6,1,burglary,3
12.966572,77.527339,9,1,0,theft,1
12.982047,77.605209,22,2,0,harassment,1
12.971503,77.600156,10,5,1,assault,2
12.885786,77.502099,5,5,1,fraud,2
12.954398,77.705583,7,5,1,vehicle_theft,2
12.998034,77.555177,21,6,1,burglary,1
12.967005,77.57479,9,2,0,theft,1
12.915153,77.582301,23,6,1,theft,1
12.972839,77.63992,23,6,1,assault,2
12.964409,77.574727,21,1,0,theft,1
12.977644,77.569426,15,2,0,theft,1
12.966407,77.576432,11,5,1,theft,2
12.96245,77.527803,0,0,0,vehicle_theft,2
13.031943,77.545131,20,5,1,theft,1
12.917655,77.594045,1,6,1,vehicle_theft,2
12.916115,77.608996,19,0,0,burglary,2
13.025529,77.539435,15,5,1,vehicle_theft,2
12.845735,77.658589,0,6,1,theft,2
13.037582,77.611685,9,1,0,harassment,1
12.917549,77.610824,8,3,0,theft,1
12.955024,77.712159,9,6,1,vehicle_theft,2
12.83,77.659651,21,4,0,burglary,3
12.855789,77.62834,21,4,0,fraud,2
12.958659,77.699946,16,0,0,vehicle_theft,2
12.897063,77.587076,2,5,1,theft,1
12.844171,77.747107,19,2,0,harassment,2
12.94452,77.768802,13,1,0,fraud,1
13.007629,77.557151,23,4,0,theft,1
12.98499,77.624021,22,3,0,theft,1
12.974859,77.606397,8,3,0,harassment,1
13.004173,77.69438,11,3,0,assault,2
12.96633,77.57982,10,5,1,theft,1
12.971947,77.573141,13,0,0,theft,1
12.907188,77.587063,5,4,0,theft,1
12.974503,77.754691,19,4,0,burglary,2
12.856907,77.661012,5,4,0,vehicle_theft,3
12.97148,77.751681,22,4,0,theft,1
13.120028,77.645787,20,6,1,theft,1
12.972769,77.640444,18,3,0,harassment,1
12.848584,77.539055,12,4,0,assault,2
12.974538,77.629146,1,5,1,theft,1
13.039409,77.601192,22,4,0,assault,3
13.028052,77.539856,20,0,0,theft,1
12.915277,77.613664,1,6,1,theft,1
12.970124,77.640406,2,6,1,harassment,2
12.977057,77.571066,13,6,1,theft,1
13.128473,77.70436,21,4,0,fraud,1
12.933205,77.557402,21,5,1,theft,1
12.956021,77.575333,20,1,0,harassment,1
12.97726,77.57055,11,5,1,theft,1
13.031431,77.516297,2,1,0,vehicle_theft,2
12.931144,77.580045,6,1,0,theft,1
13.03306,77.516039,3,2,0,burglary,1
12.964687,77.704287,6,2,0,burglary,2
12.968431,77.57303,15,0,0,theft,1
12.926376,77.541322,4,1,0,burglary,3
12.96764,77.638753,4,4,0,assault,3
12.934288,77.581564,16,1,0,theft,1
12.918223,77.64099,2,5,1,burglary,2
12.923027,77.543559,21,0,0,theft,1
13.063726,77.76931,6,5,1,fraud,1
12.942881,77.639813,17,2,0,fraud,1
12.974194,77.745099,2,0,0,vehicle_theft,3
12.957313,77.740015,21,4,0,burglary,2
12.89933,77.639152,4,1,0,fraud,2
13.035399,77.597502,8,0,0,theft,1
12.943392,77.714797,20,6,1,burglary,2
13.102537,77.730827,16,5,1,theft,1
13.035518,77.596954,9,0,0,theft,1
13.101311,77.593655,4,1,0,theft,1
12.959936,77.580709,12,2,0,theft,1
12.973683,77.4905,23,2,0,burglary,2
12.932286,77.577294,22,4,0,fraud,1
12.955991,77.700246,19,3,0,vehicle_theft,2
13.03294,77.519965,22,5,1,burglary,2
13.126651,77.735162,22,0,0,burglary,1
12.949613,77.467847,15,4,0,assault,2
13.039752,77.512583,19,4,0,vehicle_theft,2
12.988865,77.618258,2,5,1,assault,3
12.973328,77.541901,18,4,0,burglary,3
12.971396,77.638032,21,6,1,harassment,2
13.024548,77.522591,5,1,0,theft,1
12.956053,77.640739,12,3,0,vehicle_theft,2
12.96574,77.6416,7,6,1,assault,3
13.054324,77.451896,21,3,0,theft,2
12.965667,77.582542,20,1,0,theft,2
13.100514,77.598649,22,1,0,theft,1
12.931203,77.58798,16,1,0,burglary,2
12.973658,77.527125,17,3,0,theft,1
12.967941,77.578254,14,4,0,theft,1
12.968104,77.744261,1,6,1,vehicle_theft,2
12.84747,77.541835,15,6,1,assault,2
12.962472,77.577904,15,2,0,theft,2
12.999015,77.552601,22,5,1,assault,3
12.96706,77.635749,22,5,1,assault,3
13.031189,77.599717,19,2,0,vehicle_theft,2
12.927082,77.549484,14,1,0,vehicle_theft,3
13.007487,77.696385,2,1,0,theft,1
12.856501,77.65765,0,2,0,vehicle_theft,2
12.979948,77.561899,13,2,0,fraud,1
12.957397,77.699313,11,1,0,theft,1
12.982807,77.60668,11,0,0,assault,3
12.974476,77.606878,20,4,0,harassment,1
12.978307,77.569546,11,3,0,theft,1
12.905539,77.594251,17,5,1,theft,1
12.905226,77.645652,21,6,1,vehicle_theft,1
12.995966,77.6142,13,1,0,theft,2
12.935309,77.625658,15,5,1,theft,1
13.031443,77.540829,19,5,1,theft,1
13.081556,77.604504,4,3,0,burglary,2
13.007249,77.697299,3,4,0,theft,1
12.935291,77.603632,16,1,0,assault,2
12.985722,77.609368,16,0,0,theft,1
12.915459,77.636674,15,2,0,vehicle_theft,3
12.979092,77.533061,23,3,0,theft,2
12.975641,77.606342,1,6,1,harassment,1
12.904698,77.640176,6,1,0,theft,2
12.874129,77.467933,12,3,0,vehicle_theft,1
12.935386,77.622859,1,3,0,theft,1
12.980421,77.577358,14,6,1,assault,3
12.964926,77.747507,5,3,0,fraud,1
12.936382,77.467855,12,6,1,assault,2
13.032259,77.594636,18,0,0,burglary,2
12.907337,77.624685,9,4,0,vehicle_theft,1
12.971162,77.64214,1,0,0,theft,1
12.969808,77.650681,0,3,0,theft,1
12.966777,77.606078,22,3,0,burglary,1
12.843577,77.664944,4,4,0,fraud,1
12.925315,77.541751,12,0,0,burglary,2
12.969422,77.641186,1,5,1,assault,3
12.968226,77.530818,14,6,1,vehicle_theft,1
12.970838,77.576324,7,5,1,theft,1
12.954748,77.700655,8,5,1,theft,1
13.035268,77.519679,2,1,0,vehicle_theft,2
13.024268,77.54694,18,3,0,assault,3
12.912944,77.643493,19,4,0,fraud,1
12.955236,77.457564,3,3,0,assault,1
12.905124,77.617509,23,2,0,vehicle_theft,2
13.035634,77.611431,12,4,0,theft,1
12.979409,77.568199,14,6,1,theft,1
12.975697,77.58251,18,6,1,theft,1
13.028293,77.642924,9,0,0,theft,2
13.102999,77.587066,6,0,0,vehicle_theft,3
12.903901,77.588841,18,4,0,burglary,3
12.968923,77.528166,17,6,1,burglary,1
12.977247,77.569026,16,5,1,theft,1
12.983002,77.602932,20,5,1,theft,1
13.032962,77.522415,17,2,0,vehicle_theft,1
13.01173,77.688396,20,3,0,theft,2
12.974079,77.641596,20,5,1,assault,3
13.00072,77.696678,9,2,0,theft,1
13.023872,77.607806,19,4,0,vehicle_theft,1
13.002753,77.569886,12,6,1,theft,1
12.926024,77.572581,2,4,0,fraud,1
12.907525,77.617141,7,1,0,vehicle_theft,2
12.973149,77.606974,0,4,0,theft,1
12.959158,77.536118,19,6,1,vehicle_theft,1
12.95846,77.709605,18,1,0,vehicle_theft,3
12.842779,77.659674,0,3,0,vehicle_theft,2
12.912441,77.640942,22,3,0,burglary,3
12.85136,77.662768,4,6,1,burglary,2
12.961621,77.583506,6,4,0,theft,1
13.009912,77.699321,22,4,0,theft,1
12.989469,77.634061,13,4,0,vehicle_theft,1
12.975012,77.606994,22,0,0,harassment,1
12.93011,77.573888,21,1,0,burglary,2
12.968607,77.578976,17,2,0,theft,2
13.052676,77.747151,7,4,0,fraud,1
12.977107,77.536969,0,1,0,theft,1
12.976439,77.644165,21,6,1,vehicle_theft,2
13.04379,77.542798,17,4,0,burglary,2
12.956676,77.702187,11,4,0,theft,1
12.969618,77.654161,10,4,0,assault,2
13.008014,77.694829,7,4,0,vehicle_theft,1
13.109378,77.454905,17,6,1,vehicle_theft,2
12.913845,77.611631,18,4,0,vehicle_theft,2
13.036795,77.514066,23,3,0,vehicle_theft,2
13.031624,77.509536,3,5,1,burglary,3
12.957693,77.686664,15,2,0,harassment,1
12.921714,77.539379,20,3,0,theft,1
13.121956,77.61745,15,2,0,theft,1
12.982751,77.740089,21,0,0,burglary,3
13.107716,77.536692,7,5,1,assault,2
12.906943,77.586129,21,6,1,theft,1
12.968397,77.573398,13,6,1,theft,1
12.976439,77.613594,0,6,1,theft,1
12.920489,77.611946,19,1,0,vehicle_theft,1
12.96805,77.641634,0,5,1,assault,3
12.893879,77.465524,21,4,0,harassment,1
12.996544,77.686781,10,6,1,vehicle_theft,1
12.97119,77.581279,12,4,0,theft,2
13.000259,77.569561,21,0,0,theft,1
12.970543,77.75,14,0,0,vehicle_theft,2
12.915798,77.620418,1,2,0,burglary,3
13.028004,77.540041,22,1,0,vehicle_theft,2
12.988002,77.707966,9,0,0,vehicle_theft,1
12.975343,77.758748,21,0,0,burglary,2
12.979215,77.759667,3,6,1,theft,1
12.906574,77.639352,3,0,0,fraud,2
13.118633,77.530335,15,6,1,fraud,1
12.973152,77.649377,22,5,1,assault,3
12.93455,77.624358,3,6,1,assault,3
12.967257,77.570615,2,4,0,theft,1
12.90907,77.650525,17,6,1,fraud,1
13.002407,77.558009,19,6,1,theft,1
12.978468,77.612883,2,4,0,assault,3
12.984772,77.604416,20,2,0,theft,1
12.927549,77.626766,1,6,1,harassment,1
12.985794,77.571196,13,5,1,harassment,1
12.984411,77.604963,8,1,0,assault,2
12.911373,77.587501,20,5,1,burglary,2
12.973788,77.575143,18,1,0,theft,1
12.971456,77.530093,14,1,0,burglary,2
12.845945,77.670676,4,4,0,theft,1
12.958227,77.700292,15,4,0,vehicle_theft,2
12.913507,77.611455,17,0,0,fraud,1
13.007628,77.569357,5,1,0,fraud,1
12.987711,77.552225,20,4,0,burglary,1
12.947096,77.642048,10,2,0,burglary,1
12.909435,77.642208,18,6,1,burglary,1
13.005722,77.567097,8,6,1,theft,1
12.912029,77.615336,20,5,1,harassment,1
12.977196,77.571568,9,1,0,theft,2
12.923677,77.547785,20,2,0,vehicle_theft,2
12.904897,77.642539,11,6,1,burglary,1
12.975428,77.606822,22,3,0,assault,3
12.993796,77.60434,18,2,0,theft,2
12.971171,77.529292,21,5,1,theft,1
12.989828,77.624324,0,4,0,harassment,1
12.973719,77.604654,14,3,0,assault,3
12.927574,77.535371,14,4,0,vehicle_theft,3
12.966358,77.57796,1,4,0,theft,1
12.979363,77.571697,19,6,1,assault,3
12.906101,77.615841,10,3,0,theft,1
13.028525,77.521517,3,3,0,burglary,1
12.973002,77.608777,0,4,0,assault,1
12.975409,77.643059,1,6,1,assault,3
12.983148,77.603482,23,1,0,theft,2
12.966551,77.576213,9,0,0,theft,1
13.043092,77.531794,21,1,0,theft,1
13.006898,77.695402,19,2,0,assault,3
12.914353,77.605024,18,2,0,burglary,2
13.033896,77.53189,5,2,0,burglary,2
12.860092,77.659779,0,5,1,theft,1
12.985443,77.602031,23,1,0,harassment,1
12.97658,77.607687,12,2,0,theft,2
12.922903,77.551218,20,3,0,burglary,3
12.845546,77.658355,21,6,1,vehicle_theft,3
12.963143,77.575101,17,5,1,theft,1
12.924199,77.755265,23,3,0,assault,1
12.894066,77.633217,21,6,1,vehicle_theft,1
12.935241,77.62509,20,4,0,assault,3
12.967408,77.641196,1,2,0,theft,1
12.953582,77.579412,0,6,1,theft,2
12.963273,77.611084,3,1,0,assault,3
13.101481,77.599378,22,3,0,burglary,2
12.980247,77.560599,21,4,0,assault,3
13.022798,77.616558,9,3,0,vehicle_theft,2
12.903722,77.624456,2,2,0,vehicle_theft,2
13.082468,77.47608,23,6,1,burglary,1
12.845101,77.659728,0,6,1,vehicle_theft,3
12.963544,77.635744,22,4,0,theft,1
12.926971,77.575862,20,0,0,theft,1
12.921106,77.547385,21,0,0,burglary,2
12.969273,77.611048,1,3,0,harassment,1
13.004552,77.574618,10,5,1,theft,2
12.968899,77.749724,5,5,1,burglary,2
12.966887,77.575214,15,2,0,theft,1
12.977785,77.571287,18,6,1,fraud,2
12.972619,77.610876,20,3,0,harassment,1
12.972349,77.64871,1,5,1,assault,3
12.981802,77.604702,19,1,0,theft,2
12.844446,77.661171,23,5,1,burglary,3
13.0341,77.519754,1,5,1,theft,1
13.005283,77.56843,11,0,0,theft,1
12.996447,77.565504,21,4,0,burglary,2
12.969145,77.729332,9,6,1,burglary,3
12.842738,77.662563,2,2,0,vehicle_theft,2
13.027132,77.540603,21,1,0,vehicle_theft,2
13.02547,77.543163,16,1,0,vehicle_theft,2
12.915754,77.611068,10,6,1,harassment,1
12.96827,77.577912,13,2,0,theft,1
12.923334,77.591453,16,2,0,theft,1
12.972582,77.565944,7,3,0,assault,2
12.927321,77.546239,21,4,0,burglary,2
12.915868,77.643501,16,4,0,theft,2
13.001954,77.569187,16,1,0,burglary,2
13.025643,77.537728,9,4,0,theft,1
13.01277,77.690175,17,5,1,assault,3
12.988886,77.619891,21,6,1,harassment,1
13.011016,77.544549,20,3,0,burglary,3
12.972001,77.527264,21,6,1,theft,1
12.971412,77.752553,1,6,1,burglary,2
12.985053,77.60631,9,4,0,harassment,1
12.985301,77.600264,4,6,1,harassment,1
12.928164,77.584423,19,0,0,burglary,3
13.039524,77.512752,23,4,0,vehicle_theft,2
12.994515,77.697967,18,3,0,vehicle_theft,2
13.007808,77.696198,11,2,0,vehicle_theft,2
13.009453,77.560591,22,4,0,assault,2
12.919258,77.548115,18,6,1,vehicle_theft,1
12.976284,77.608337,0,4,0,harassment,1
12.916255,77.609135,17,3,0,vehicle_theft,3
12.966966,77.578476,18,1,0,theft,1
13.02313,77.5305,9,6,1,theft,1
13.031728,77.59552,7,3,0,burglary,3
12.833429,77.674505,12,4,0,vehicle_theft,1
12.842333,77.561931,8,6,1,harassment,2
12.9744,77.569081,12,6,1,theft,1
12.979653,77.618411,21,6,1,harassment,1
13.027898,77.539642,19,5,1,vehicle_theft,2
12.933239,77.629758,20,2,0,harassment,1
12.969262,77.577575,7,5,1,theft,1
12.981028,77.622915,0,2,0,assault,3
13.008246,77.695673,6,6,1,vehicle_theft,2
12.957751,77.705153,22,5,1,vehicle_theft,3
12.977443,77.753493,10,3,0,harassment,2
12.912038,77.636977,14,4,0,fraud,2
12.959541,77.574285,12,6,1,theft,1
12.993372,77.601647,19,6,1,harassment,1
12.962503,77.583287,20,3,0,theft,1
12.968338,77.580884,11,2,0,theft,1
12.832866,77.652005,18,2,0,vehicle_theft,1
12.938716,77.631644,2,6,1,harassment,1
12.845436,77.65874,13,5,1,fraud,1
13.09983,77.596906,2,3,0,burglary,2
12.998826,77.69207,7,3,0,vehicle_theft,2
12.963898,77.583128,10,0,0,theft,1
13.031563,77.600243,10,2,0,vehicle_theft,2
12.980396,77.600054,9,4,0,theft,1
13.108737,77.598716,3,1,0,burglary,2
12.974881,77.607632,4,6,1,theft,1
12.979125,77.751557,1,4,0,fraud,1
12.895575,77.488887,12,1,0,harassment,1
12.934367,77.633068,20,5,1,theft,1
12.963528,77.577521,14,4,0,theft,1
12.927623,77.633424,0,6,1,vehicle_theft,3
12.950657,77.700053,9,1,0,vehicle_theft,2
12.930533,77.552426,20,3,0,burglary,2
13.024629,77.537658,20,4,0,vehicle_theft,2
13.003171,77.698445,6,2,0,vehicle_theft,2
12.93895,77.626191,20,3,0,assault,3
12.837464,77.667298,20,5,1,burglary,2
13.005823,77.568788,12,3,0,theft,1
13.078205,77.507255,10,6,1,theft,2
12.965159,77.571807,20,2,0,fraud,1
13.139346,77.540362,18,3,0,fraud,2
12.968827,77.633063,0,5,1,assault,3
12.847656,77.660518,9,6,1,theft,1
12.97277,77.607421,15,2,0,harassment,2
12.92511,77.54667,1,2,0,vehicle_theft,2
12.973858,77.605633,10,6,1,assault,3
12.997577,77.554979,16,5,1,theft,2
13.051234,77.575324,6,0,0,harassment,2
12.864514,77.645767,2,2,0,vehicle_theft,1
12.960898,77.575144,19,5,1,harassment,1
12.979153,77.620584,1,4,0,harassment,1
12.956283,77.702192,11,1,0,vehicle_theft,1
12.964395,77.576999,16,5,1,theft,2
12.926427,77.547443,22,3,0,theft,1
12.90602,77.580323,21,0,0,burglary,2
12.997812,77.557517,16,4,0,fraud,1
12.974476,77.531945,21,0,0,vehicle_theft,2
12.916243,77.611149,13,6,1,burglary,3
12.979644,77.607813,2,3,0,harassment,1
12.966738,77.570254,6,6,1,theft,1
12.951791,77.626306,11,3,0,theft,1
12.963637,77.577678,20,1,0,harassment,1
12.985297,77.619943,3,5,1,assault,3
13.00891,77.567655,3,3,0,fraud,1
12.987966,77.516973,5,6,1,assault,2
12.90519,77.586152,17,4,0,burglary,1
13.034941,77.524159,4,4,0,theft,1
12.973561,77.523791,15,2,0,theft,1
12.965048,77.578067,19,0,0,theft,2
12.885962,77.671493,4,1,0,harassment,1
12.968528,77.532253,21,4,0,burglary,1
12.967046,77.577932,9,4,0,theft,2
12.934438,77.628555,4,4,0,vehicle_theft,3
12.916537,77.610894,17,0,0,theft,1
13.110422,77.606607,2,5,1,burglary,2
13.105421,77.600019,4,3,0,theft,1
13.002372,77.557699,17,6,1,assault,2
12.969734,77.758617,23,5,1,vehicle_theft,2
12.97362,77.574536,18,5,1,fraud,1
12.982693,77.748149,2,2,0,theft,1
12.929392,77.583863,22,2,0,burglary,2
12.901943,77.645925,11,5,1,burglary,2
13.001112,77.555981,15,3,0,theft,1
12.967199,77.648374,19,1,0,harassment,2
12.986351,77.60343,1,1,0,theft,1
12.906992,77.584719,20,4,0,theft,1
13.100351,77.596579,4,6,1,burglary,2
12.960139,77.56791,14,4,0,theft,1
12.975475,77.529832,18,5,1,theft,1
12.928174,77.621415,21,5,1,assault,3
13.073017,77.650995,9,5,1,harassment,2
12.987631,77.622507,22,1,0,theft,1
12.954043,77.755273,11,3,0,burglary,2
12.978301,77.571519,18,5,1,theft,1
12.972227,77.606962,22,3,0,assault,3
13.021614,77.532867,10,4,0,vehicle_theft,2
12.844078,77.660229,0,2,0,burglary,1
13.032543,77.519684,1,0,0,vehicle_theft,1
12.899992,77.62682,8,0,0,vehicle_theft,1
12.969847,77.636457,22,6,1,vehicle_theft,2
12.915338,77.607255,20,0,0,burglary,2
12.92611,77.576977,21,3,0,theft,2
13.000928,77.554069,17,3,0,theft,2
12.9194,77.61277,14,1,0,harassment,2
12.932449,77.603996,20,0,0,vehicle_theft,1
13.012514,77.68936,10,4,0,burglary,3
12.976559,77.570093,23,5,1,theft,1
12.920902,77.645734,1,0,0,burglary,2
12.924017,77.609001,23,3,0,vehicle_theft,2
12.926901,77.583725,21,2,0,fraud,1
13.098826,77.583314,10,1,0,burglary,2
12.97997,77.608404,9,2,0,harassment,1
12.898576,77.625771,21,4,0,vehicle_theft,3
12.91739,77.544992,17,1,0,burglary,2
12.964027,77.57242,2,1,0,theft,1
12.985087,77.606612,19,4,0,harassment,1
13.036926,77.535342,6,1,0,vehicle_theft,2
12.992246,77.557578,18,4,0,assault,3
12.965596,77.57603,1,2,0,theft,1
12.855966,77.65262,6,6,1,theft,1
13.009437,77.69445,20,6,1,vehicle_theft,2
12.916743,77.551119,21,6,1,burglary,3
13.006942,77.569374,13,5,1,theft,1
12.999798,77.566732,18,5,1,burglary,2
12.955521,77.596418,22,3,0,fraud,1
12.845255,77.670576,4,5,1,burglary,3
12.985632,77.603677,13,5,1,theft,1
12.973866,77.609499,1,5,1,harassment,1
12.975336,77.756204,2,5,1,vehicle_theft,3
12.973659,77.601288,2,6,1,assault,3
12.921168,77.557319,20,3,0,theft,1
12.958889,77.704208,14,5,1,assault,2
12.965531,77.570869,12,5,1,theft,2
12.976052,77.65246,8,6,1,assault,3
12.969261,77.648022,11,3,0,assault,1
13.006453,77.535473,5,6,1,burglary,1
12.983136,77.619508,2,2,0,assault,3
12.957287,77.706482,2,0,0,burglary,2
13.027465,77.545238,2,3,0,theft,1
13.030599,77.536505,11,1,0,theft,1
12.963113,77.577445,17,2,0,harassment,1
12.977591,77.635293,23,0,0,assault,3
12.934405,77.624601,0,5,1,assault,3
12.989864,77.702471,9,0,0,vehicle_theft,1
12.9687,77.611294,21,5,1,harassment,1
12.974111,77.753465,22,2,0,vehicle_theft,3
12.955246,77.702845,22,0,0,vehicle_theft,2
13.004626,77.694256,19,2,0,vehicle_theft,1
12.977834,77.619228,2,5,1,theft,2
12.964163,77.577127,8,2,0,theft,1
12.975167,77.605177,0,2,0,theft,1
12.926809,77.540558,18,2,0,burglary,2
12.843465,77.660524,12,0,0,burglary,2
12.997521,77.775069,22,3,0,fraud,2
12.966603,77.577399,17,0,0,assault,3
12.983815,77.62148,1,5,1,harassment,1
12.984508,77.594427,15,0,0,theft,1
12.938096,77.62403,21,3,0,assault,3
12.962341,77.574286,18,5,1,theft,1
13.007239,77.704322,20,3,0,vehicle_theft,2
12.849408,77.653267,20,0,0,burglary,1
12.922298,77.546958,17,0,0,vehicle_theft,2
13.022283,77.537948,9,6,1,vehicle_theft,1
13.002716,77.57015,8,1,0,theft,1
13.033964,77.600123,17,0,0,vehicle_theft,3
12.983908,77.619041,0,1,0,assault,3
12.915605,77.614597,3,5,1,vehicle_theft,2
12.968474,77.749714,6,1,0,burglary,2
12.973911,77.566497,9,6,1,theft,2
13.021258,77.540274,19,6,1,theft,1
13.043365,77.600952,19,2,0,vehicle_theft,1
13.035217,77.597145,7,1,0,theft,1
12.997179,77.55479,5,1,0,burglary,3
12.984724,77.609424,10,6,1,theft,1
13.090056,77.595385,1,2,0,burglary,1
12.980583,77.603989,18,5,1,theft,1
12.906661,77.625734,14,3,0,vehicle_theft,3
13.036656,77.509344,2,0,0,theft,1
12.903639,77.618763,16,6,1,theft,1
13.020378,77.512161,23,6,1,theft,1
12.951324,77.631531,21,5,1,vehicle_theft,2
12.974264,77.570682,13,1,0,harassment,1
12.979826,77.606252,17,3,0,harassment,1
12.90957,77.616152,9,2,0,vehicle_theft,2
13.003715,77.696873,9,5,1,burglary,2
12.986426,77.607326,13,0,0,harassment,1
12.969838,77.604354,23,2,0,assault,3
12.884953,77.480806,23,1,0,harassment,1
12.983692,77.598478,12,2,0,harassment,1
12.975622,77.571233,22,3,0,theft,2
12.976964,77.585129,11,0,0,theft,1
13.065334,77.521153,7,0,0,burglary,1
12.985011,77.603981,19,1,0,harassment,1
13.075846,77.51611,5,3,0,vehicle_theft,1
12.982774,77.617527,18,5,1,assault,3
12.926303,77.582952,8,5,1,burglary,2
12.937047,77.637591,19,4,0,assault,3
12.97484,77.603458,8,2,0,assault,3
12.963218,77.576407,2,5,1,harassment,1
12.962779,77.580388,9,3,0,theft,1
12.9708,77.64097,0,4,0,assault,3
12.843909,77.659031,21,2,0,vehicle_theft,1
13.033121,77.52012,2,6,1,theft,1
13.032316,77.595246,9,5,1,vehicle_theft,3
12.931034,77.626526,18,3,0,theft,1
12.966883,77.755423,23,4,0,vehicle_theft,2
12.97478,77.573848,18,6,1,theft,1
12.966508,77.761476,8,3,0,theft,1
12.856839,77.661687,1,1,0,vehicle_theft,1
12.907383,77.619072,20,1,0,vehicle_theft,2
12.982377,77.620087,2,6,1,theft,2
13.037887,77.518555,0,6,1,vehicle_theft,1
13.017032,77.688554,19,0,0,vehicle_theft,2
12.894145,77.631946,21,4,0,vehicle_theft,1
12.926953,77.588414,16,3,0,theft,1
12.930659,77.582317,23,0,0,fraud,1
12.963757,77.750008,6,6,1,burglary,3
13.098198,77.595328,3,6,1,vehicle_theft,2
13.006557,77.68576,11,0,0,theft,1
12.979032,77.754535,23,6,1,vehicle_theft,1
12.930257,77.584498,15,2,0,fraud,1
12.878317,77.476865,6,6,1,assault,2
12.910557,77.579442,4,6,1,theft,1
12.907,77.585,22,0,0,vehicle_theft,2
12.911377,77.63899,23,2,0,vehicle_theft,3
12.964721,77.699253,10,2,0,vehicle_theft,1
12.968123,77.623712,16,1,0,theft,1
12.935843,77.622141,1,3,0,theft,1
12.982242,77.624579,4,6,1,assault,3
13.037702,77.599994,13,5,1,vehicle_theft,2
12.962953,77.57324,12,3,0,theft,1
12.960725,77.700932,8,4,0,vehicle_theft,2
13.093196,77.466455,17,6,1,harassment,1
12.963511,77.736338,1,3,0,burglary,1
12.965059,77.746069,21,2,0,burglary,2
12.949718,77.629426,22,1,0,assault,3
12.966568,77.572492,3,2,0,theft,1
12.977516,77.57067,20,1,0,theft,1
12.975349,77.606925,1,1,0,assault,3
12.983854,77.598012,13,6,1,harassment,1
12.972723,77.529002,6,0,0,theft,1
12.954791,77.700886,9,3,0,burglary,2
13.028739,77.539804,17,1,0,theft,1
12.974432,77.521762,9,5,1,theft,1
12.842808,77.658975,17,0,0,burglary,1
12.912551,77.611315,19,3,0,assault,3
12.903919,77.612136,17,2,0,assault,2
12.961668,77.577354,17,1,0,harassment,1
12.974143,77.489762,23,2,0,vehicle_theft,1
12.899133,77.623453,9,4,0,vehicle_theft,1
12.926797,77.545049,20,2,0,burglary,1
12.973169,77.751186,4,6,1,burglary,1
12.973133,77.753119,5,6,1,burglary,3
12.909671,77.594716,21,0,0,burglary,2
12.963611,77.572047,15,0,0,harassment,1
12.943282,77.701172,7,5,1,burglary,2
13.00238,77.621088,7,0,0,burglary,1
13.031737,77.528518,23,5,1,theft,1
13.03923,77.599533,10,0,0,theft,1
12.978213,77.564267,20,0,0,harassment,2
12.863319,77.662991,2,1,0,vehicle_theft,2
12.973474,77.647238,2,5,1,assault,3
13.024836,77.544958,1,6,1,vehicle_theft,2
12.973702,77.604969,3,0,0,assault,2
12.938219,77.624672,6,2,0,assault,3
12.976603,77.63334,5,5,1,theft,2
13.025663,77.51981,5,0,0,vehicle_theft,2
13.03762,77.596388,10,3,0,theft,1
12.958233,77.565381,13,2,0,theft,2
12.983718,77.598473,3,5,1,assault,3
12.978754,77.615684,23,1,0,theft,1
12.952105,77.759652,6,4,0,burglary,2
12.921222,77.557614,20,5,1,burglary,2
12.967294,77.580817,13,5,1,fraud,2
12.962817,77.576829,3,3,0,harassment,1
12.96183,77.615528,21,2,0,vehicle_theft,2
12.964961,77.5776,8,6,1,harassment,2
12.978408,77.602591,22,6,1,assault,2
12.904239,77.650919,19,4,0,assault,2
12.921235,77.609193,21,5,1,vehicle_theft,1
12.980608,77.571579,20,3,0,assault,3
12.964564,77.574609,5,5,1,theft,2
12.92908,77.553636,6,4,0,burglary,3
12.983656,77.605028,9,3,0,theft,3
12.960686,77.637098,22,4,0,harassment,1
12.956342,77.702704,20,3,0,vehicle_theft,2
13.028883,77.520238,6,4,0,vehicle_theft,3
12.915092,77.6143,1,0,0,theft,1
13.019772,77.693785,20,2,0,vehicle_theft,2
12.848276,77.661996,2,3,0,vehicle_theft,2
12.978841,77.61909,22,1,0,theft,2
12.968737,77.700739,19,3,0,vehicle_theft,2
12.90777,77.584258,0,5,1,theft,1
12.966817,77.579664,14,4,0,theft,1
12.980637,77.569804,10,4,0,fraud,1
13.006059,77.704915,18,6,1,theft,1
12.930311,77.583515,21,3,0,theft,1
13.010036,77.696232,18,0,0,assault,3
12.996281,77.558101,16,2,0,burglary,2
12.967936,77.578862,10,4,0,theft,2
13.050923,77.517604,3,1,0,theft,1
12.891798,77.520004,18,0,0,theft,2
12.956205,77.700453,2,1,0,theft,1
12.966367,77.52813,3,2,0,burglary,2
12.942649,77.637367,19,6,1,assault,3
12.973779,77.625716,14,4,0,harassment,2
12.975063,77.60672,1,5,1,harassment,2
12.998347,77.554606,23,2,0,theft,1
13.071457,77.659509,12,6,1,harassment,2
12.921983,77.545291,21,6,1,theft,1
12.96155,77.753494,7,3,0,vehicle_theft,2
12.976533,77.617705,19,5,1,assault,3
12.932258,77.584795,19,1,0,burglary,3
13.016118,77.538735,19,1,0,assault,3
12.931273,77.582188,22,6,1,fraud,1
13.00678,77.575038,11,6,1,theft,2
12.95441,77.765046,1,5,1,fraud,1
12.900401,77.643097,1,0,0,fraud,2
12.977993,77.639703,22,5,1,theft,1
12.99781,77.721816,18,3,0,harassment,1
12.971616,77.641196,19,6,1,theft,1
12.980609,77.563641,21,2,0,theft,1
12.912161,77.65046,20,4,0,burglary,2
13.055139,77.636673,20,2,0,theft,2
12.83497,77.675061,5,1,0,vehicle_theft,2
12.906823,77.614471,13,6,1,theft,1
13.099243,77.591627,7,6,1,vehicle_theft,2
12.970003,77.750054,0,3,0,vehicle_theft,2
13.055912,77.624416,0,4,0,vehicle_theft,1
12.843097,77.69961,5,5,1,theft,1
12.991964,77.602211,8,5,1,theft,1
12.946016,77.705028,3,2,0,vehicle_theft,2
12.910451,77.582238,7,5,1,burglary,2
12.831928,77.728474,2,1,0,burglary,1
12.939821,77.630126,0,0,0,assault,2
12.84895,77.651198,9,3,0,theft,1
13.096673,77.606546,21,0,0,theft,1
12.897606,77.616954,17,3,0,vehicle_theft,2
12.906315,77.607024,9,6,1,assault,3
12.97301,77.581912,20,5,1,fraud,2
12.968791,77.577871,16,4,0,theft,1
13.040311,77.601958,15,3,0,vehicle_theft,1
13.02358,77.514936,4,4,0,vehicle_theft,2
12.896912,77.671976,10,2,0,fraud,2
12.998573,77.557206,19,5,1,theft,2
12.976681,77.56995,18,3,0,harassment,1
12.978444,77.619118,3,3,0,theft,2
12.91803,77.623298,23,0,0,vehicle_theft,2
12.963101,77.577529,12,5,1,theft,2
12.999038,77.548451,22,4,0,theft,1
12.911923,77.604895,19,2,0,theft,1
12.986775,77.603532,10,6,1,harassment,1
12.916445,77.609404,19,4,0,vehicle_theft,1
12.97996,77.619936,1,5,1,harassment,1
13.125535,77.69576,2,0,0,vehicle_theft,1
12.906709,77.611326,0,4,0,assault,3
12.934309,77.627992,2,4,0,harassment,1
12.965166,77.577928,2,5,1,theft,1
12.992747,77.555511,20,5,1,theft,2
12.917777,77.542579,3,4,0,burglary,2
12.902444,77.45703,17,0,0,fraud,1
13.008149,77.693093,21,3,0,burglary,1
13.025065,77.540818,18,3,0,vehicle_theft,2
12.974281,77.508748,0,5,1,theft,2
13.006333,77.569575,8,1,0,theft,1
12.85745,77.671028,23,5,1,vehicle_theft,3
13.0258,77.541987,12,1,0,vehicle_theft,2
12.975805,77.616124,13,5,1,assault,3
12.97361,77.643203,3,6,1,harassment,2
12.8463,77.659705,22,2,0,vehicle_theft,2
13.028112,77.533272,21,5,1,theft,1
12.831918,77.668925,9,4,0,theft,2
12.924251,77.548643,21,0,0,theft,2
12.926693,77.581859,18,2,0,burglary,3
12.997784,77.554966,16,1,0,assault,3
12.969664,77.533292,22,4,0,vehicle_theft,2
13.063008,77.453108,14,5,1,fraud,2
12.984812,77.572964,8,3,0,theft,1
12.979219,77.606852,1,5,1,theft,1
13.009584,77.630168,10,3,0,burglary,2
12.847545,77.656266,4,1,0,burglary,3
12.985569,77.538804,21,3,0,theft,1
12.986672,77.618874,2,5,1,assault,2
12.985082,77.604791,23,5,1,theft,1
12.979176,77.570722,15,5,1,harassment,2
12.963589,77.635486,23,2,0,assault,3
12.959372,77.695516,10,6,1,vehicle_theft,2
12.934311,77.624271,11,6,1,harassment,1
13.027,77.721423,0,0,0,harassment,2
12.937653,77.621383,2,5,1,theft,2
12.911664,77.623424,10,4,0,assault,3
12.978088,77.621427,0,6,1,harassment,1
12.958656,77.573868,13,4,0,theft,1
12.97635,77.61698,18,2,0,theft,1
12.849771,77.662819,23,3,0,theft,1
12.913652,77.582807,19,6,1,burglary,2
12.90623,77.579174,21,5,1,vehicle_theft,2
12.968134,77.643072,22,3,0,assault,3
12.985901,77.738435,19,4,0,theft,1
12.845348,77.663192,23,3,0,vehicle_theft,1
12.911167,77.642804,15,0,0,vehicle_theft,3
12.909106,77.61091,7,4,0,vehicle_theft,2
12.991287,77.561184,14,6,1,burglary,2
12.954912,77.706979,5,4,0,vehicle_theft,2
12.968012,77.578441,11,2,0,theft,1
12.866498,77.697813,14,3,0,burglary,1
13.003826,77.696534,2,2,0,vehicle_theft,2
12.972504,77.640008,19,5,1,vehicle_theft,3
12.998558,77.557476,20,4,0,burglary,2
12.930111,77.582779,8,3,0,theft,1
13.036442,77.59705,20,0,0,theft,2
13.031892,77.520517,15,6,1,burglary,2
12.987324,77.609212,9,6,1,assault,3
12.906149,77.590879,17,0,0,burglary,1
12.967426,77.753313,21,2,0,vehicle_theft,2
12.906627,77.639528,8,2,0,burglary,2
12.920536,77.550871,3,4,0,vehicle_theft,3
12.973038,77.570462,17,3,0,harassment,1
13.003037,77.570036,8,0,0,theft,2
12.976075,77.570482,10,4,0,fraud,1
12.935139,77.632046,21,3,0,assault,3
13.000517,77.546203,23,0,0,assault,2
12.97049,77.644057,12,4,0,assault,3
12.969124,77.756394,2,0,0,burglary,2
12.841773,77.655226,4,2,0,vehicle_theft,1
12.968644,77.574388,17,1,0,theft,2
13.002896,77.570814,9,1,0,theft,1
12.906992,77.618494,21,2,0,vehicle_theft,2
12.909876,77.611261,15,2,0,theft,2
12.964098,77.580608,11,6,1,fraud,1
12.966242,77.641558,23,0,0,assault,3
12.970705,77.751178,3,5,1,theft,1
13.027703,77.507959,19,2,0,vehicle_theft,2
12.941182,77.606305,8,3,0,burglary,1
13.027128,77.537566,0,1,0,assault,3
12.976797,77.570959,19,1,0,theft,1
12.978457,77.571732,9,2,0,theft,1
12.860519,77.65626,2,2,0,vehicle_theft,2
13.027714,77.541296,18,2,0,theft,1
12.917966,77.608435,15,3,0,theft,1
13.137266,77.580818,14,3,0,fraud,1
12.905963,77.590336,13,5,1,theft,1
12.878262,77.664634,16,1,0,theft,2
12.941408,77.612229,22,0,0,harassment,1
12.977866,77.74827,0,6,1,fraud,1
13.032334,77.59114,9,1,0,theft,1
12.916228,77.618589,0,5,1,vehicle_theft,2
12.993133,77.63553,11,6,1,vehicle_theft,2
12.977184,77.606567,10,0,0,assault,3
12.928045,77.623396,0,2,0,harassment,1
13.022015,77.545708,18,6,1,theft,1
12.969188,77.57538,9,0,0,theft,1
12.970019,77.640691,23,2,0,vehicle_theft,1
12.973701,77.60689,22,3,0,harassment,1
12.980065,77.604282,19,6,1,theft,1
12.964494,77.577334,19,6,1,theft,1
12.99341,77.561971,16,1,0,burglary,2
12.970423,77.75102,9,1,0,theft,1
12.990534,77.608472,12,6,1,theft,1
12.835729,77.659997,21,3,0,fraud,1
12.919864,77.610277,0,5,1,burglary,2
12.845347,77.66012,7,0,0,vehicle_theft,2
12.842295,77.665676,20,2,0,burglary,3
12.962052,77.57696,21,5,1,theft,1
12.915388,77.611776,19,4,0,burglary,2
12.961632,77.754755,22,2,0,vehicle_theft,2
12.968607,77.708361,20,3,0,theft,1
12.844198,77.659082,4,3,0,vehicle_theft,1
12.962896,77.745003,13,4,0,burglary,2
12.965354,77.585264,6,0,0,theft,1
12.958092,77.694476,8,5,1,assault,2
12.950937,77.702693,1,0,0,assault,2
12.969689,77.749986,3,5,1,burglary,2
13.032963,77.595229,15,4,0,vehicle_theft,1
12.984047,77.605089,18,5,1,theft,1
12.955856,77.696933,19,5,1,burglary,2
12.976637,77.607467,2,4,0,harassment,1
12.927226,77.542889,19,2,0,vehicle_theft,1
12.979622,77.620111,23,1,0,theft,1
12.961369,77.569418,13,0,0,theft,1
13.03374,77.518888,3,1,0,vehicle_theft,2
13.068417,77.592517,15,2,0,theft,1
12.913294,77.644417,20,3,0,fraud,1
12.978317,77.603578,13,6,1,theft,1
12.996995,77.548114,23,6,1,theft,1
12.927961,77.543821,19,2,0,burglary,3
12.975625,77.644316,22,1,0,assault,3
12.981541,77.612072,23,5,1,assault,3
12.976349,77.569615,21,4,0,theft,1
12.84098,77.664041,1,6,1,vehicle_theft,2
12.930572,77.577139,16,6,1,fraud,1
12.950354,77.701965,11,6,1,burglary,2
13.030324,77.521098,4,1,0,burglary,2
12.966169,77.646627,0,6,1,theft,1
12.916993,77.608795,20,3,0,burglary,2
12.970269,77.609731,1,6,1,assault,3
12.949851,77.705149,17,6,1,theft,1
12.984664,77.622708,10,2,0,theft,1
13.017222,77.689126,20,3,0,theft,2
12.957735,77.700744,8,4,0,theft,1
12.958262,77.703175,4,3,0,burglary,2
13.047522,77.746913,9,1,0,vehicle_theft,1
12.940072,77.622838,4,5,1,theft,2
13.031322,77.52652,21,4,0,burglary,2
12.965368,77.738204,3,1,0,burglary,1
12.924758,77.586838,13,3,0,fraud,2
12.973623,77.753355,4,3,0,fraud,1
12.929521,77.616394,22,1,0,harassment,1
12.933959,77.632961,0,0,0,theft,1
12.911728,77.641925,1,3,0,vehicle_theft,2
12.927073,77.584071,1,5,1,theft,1
12.917513,77.532332,0,3,0,theft,1
13.001074,77.694667,18,5,1,assault,3
12.884301,77.73923,8,6,1,assault,1
12.969791,77.575352,13,0,0,theft,1
12.991744,77.549956,20,4,0,theft,1
12.984391,77.607191,12,2,0,harassment,1
12.990671,77.597292,14,3,0,theft,2
12.898107,77.620325,10,0,0,assault,3
12.927812,77.609093,18,0,0,theft,1
13.021915,77.707946,10,3,0,vehicle_theft,2
12.915396,77.64827,22,4,0,vehicle_theft,2
12.926005,77.621764,5,5,1,harassment,1
12.932491,77.637676,2,3,0,assault,3
13.0057,77.688069,0,5,1,burglary,3
12.910257,77.601266,18,5,1,vehicle_theft,2
12.896445,77.594904,19,3,0,theft,1
13.039985,77.611192,20,1,0,vehicle_theft,1
12.969982,77.614704,3,4,0,harassment,1
13.011721,77.61334,8,1,0,fraud,1
12.965249,77.527871,18,2,0,burglary,1
12.846534,77.662401,21,5,1,theft,1
12.966138,77.612605,5,4,0,assault,2
12.959633,77.580225,8,4,0,assault,2
13.130704,77.483344,13,2,0,fraud,2
12.917208,77.607207,18,5,1,vehicle_theft,2
12.962064,77.701775,22,2,0,burglary,1
12.975486,77.644891,0,5,1,theft,2
13.03013,77.499162,21,1,0,vehicle_theft,2
13.03303,77.519099,2,0,0,vehicle_theft,1
12.934875,77.620867,2,1,0,harassment,1
12.904717,77.585097,18,2,0,theft,1
13.028934,77.513242,1,4,0,theft,1
13.081986,77.615789,11,5,1,vehicle_theft,1
12.92585,77.554395,23,6,1,vehicle_theft,2
12.987921,77.613533,14,2,0,theft,1
12.984032,77.618093,16,5,1,theft,1
12.979222,77.568646,7,2,0,harassment,3
13.0887,77.59896,14,5,1,burglary,2
12.833879,77.658438,1,2,0,vehicle_theft,2
12.924548,77.643828,21,2,0,harassment,2
12.835392,77.538331,14,6,1,fraud,1
12.967657,77.598572,1,2,0,theft,1
13.000149,77.570474,10,1,0,theft,1
12.972474,77.640594,0,2,0,harassment,1
12.911671,77.641337,5,1,0,vehicle_theft,2
12.914728,77.637605,22,1,0,vehicle_theft,2
12.85342,77.675013,3,4,0,theft,1
13.045321,77.533609,9,4,0,theft,1
12.991915,77.550996,22,5,1,theft,1
12.83,77.680918,22,6,1,vehicle_theft,2
12.849819,77.654942,1,6,1,vehicle_theft,2
13.033426,77.511629,2,1,0,theft,1
12.974964,77.60697,18,6,1,harassment,2
13.003861,77.545878,18,0,0,burglary,3
12.932216,77.621939,0,2,0,harassment,1
12.963948,77.704636,19,1,0,theft,1
12.974371,77.522351,14,2,0,burglary,3
12.910123,77.605468,17,0,0,vehicle_theft,2
13.028987,77.540353,11,2,0,theft,1
12.982994,77.574885,10,4,0,theft,1
12.972905,77.5764,21,6,1,fraud,1
12.998228,77.535534,21,2,0,assault,1
12.972949,77.604829,23,5,1,theft,1
12.969723,77.581163,16,4,0,theft,1
13.116287,77.630669,17,3,0,harassment,2
12.9747,77.606773,20,2,0,harassment,1
12.970469,77.529437,12,4,0,theft,2
12.980182,77.620685,7,3,0,theft,2
13.029486,77.598202,9,4,0,burglary,3
13.036643,77.517397,12,0,0,vehicle_theft,2
13.103586,77.574073,10,0,0,theft,2
12.961622,77.577339,19,0,0,theft,1
12.985859,77.604356,17,6,1,assault,3
12.97886,77.642043,3,2,0,harassment,1
13.011348,77.55703,14,0,0,theft,1
13.077376,77.501756,18,2,0,theft,1
12.900871,77.578385,2,6,1,burglary,2
12.980795,77.572212,9,0,0,theft,1
12.983291,77.603387,14,3,0,theft,2
13.068735,77.640667,13,4,0,vehicle_theft,1
12.923421,77.546681,1,6,1,vehicle_theft,3
12.981004,77.602779,11,4,0,assault,3
13.027551,77.599284,7,1,0,theft,1
12.977092,77.571035,13,5,1,harassment,1
12.961578,77.526759,15,6,1,burglary,2
12.972333,77.640727,15,5,1,theft,1
12.97361,77.752022,0,1,0,vehicle_theft,2
12.955431,77.699335,8,5,1,vehicle_theft,2
12.936583,77.574959,0,2,0,burglary,1
12.928656,77.542225,21,6,1,theft,1
12.981552,77.621602,22,2,0,theft,1
13.099234,77.592888,2,4,0,vehicle_theft,3
12.99401,77.562523,17,3,0,theft,1
12.918753,77.609811,17,2,0,theft,1
12.922284,77.604564,22,5,1,vehicle_theft,2
12.961844,77.580573,13,2,0,theft,2
12.936108,77.621141,21,5,1,theft,1
12.998676,77.647004,13,2,0,vehicle_theft,2
12.957746,77.729582,5,2,0,fraud,1
12.898283,77.587018,15,5,1,burglary,3
12.965538,77.577512,11,3,0,theft,1
12.930822,77.643674,3,5,1,assault,2
12.924421,77.546684,0,5,1,burglary,2
12.969612,77.6425,0,2,0,theft,2
12.935766,77.630608,2,4,0,assault,3
12.976642,77.739735,13,1,0,fraud,3
12.920482,77.615854,16,5,1,vehicle_theft,1
12.95933,77.579933,9,1,0,theft,1
12.959176,77.576151,15,0,0,theft,2
12.92497,77.613537,21,6,1,vehicle_theft,2
12.845032,77.659456,1,3,0,burglary,2
12.969044,77.579657,3,0,0,theft,3
12.979445,77.743032,21,2,0,vehicle_theft,2
13.031725,77.539837,21,2,0,theft,2
12.974177,77.604472,23,6,1,assault,3
12.923696,77.554433,3,1,0,theft,1
12.968253,77.580879,19,3,0,theft,1
12.965643,77.751231,17,0,0,vehicle_theft,2
12.978535,77.565899,18,1,0,theft,1
12.969471,77.576503,21,0,0,harassment,1
12.960145,77.577223,17,4,0,theft,1
12.969668,77.578999,16,4,0,theft,1
13.036231,77.596193,19,5,1,vehicle_theft,1
12.905103,77.585664,18,0,0,burglary,2
13.034025,77.519168,2,6,1,burglary,2
12.921927,77.551501,21,1,0,vehicle_theft,2
12.972854,77.576077,10,3,0,fraud,1
12.909316,77.58624,2,4,0,vehicle_theft,2
13.100945,77.58671,8,5,1,vehicle_theft,3
12.962383,77.575899,7,5,1,theft,2
12.967825,77.574978,16,5,1,theft,1
13.007237,77.570886,20,2,0,theft,1
12.950104,77.699018,19,1,0,burglary,2
12.985474,77.600674,6,5,1,harassment,1
13.116362,77.534891,17,5,1,assault,1
12.984938,77.605067,10,2,0,theft,1
12.966564,77.582026,13,0,0,theft,1
12.989368,77.604523,0,1,0,theft,1
13.0148,77.700145,14,5,1,vehicle_theft,2
12.998197,77.555155,7,4,0,theft,1
12.844901,77.675225,3,4,0,vehicle_theft,1
12.998202,77.576245,15,0,0,burglary,3
13.036613,77.534354,19,2,0,vehicle_theft,1
12.976225,77.572477,20,2,0,theft,1
12.902027,77.596211,20,1,0,theft,1
13.039629,77.519767,2,2,0,theft,1
12.934508,77.627384,3,5,1,vehicle_theft,2
12.917927,77.617249,19,3,0,theft,1
13.101851,77.594297,6,4,0,burglary,2
13.074851,77.744119,9,4,0,assault,2
13.02283,77.539495,0,2,0,theft,1
13.014392,77.696449,22,1,0,assault,2
12.920278,77.611356,2,1,0,burglary,2
12.966955,77.578267,17,3,0,theft,1
12.920702,77.576728,1,2,0,burglary,2
13.095958,77.586068,20,4,0,vehicle_theft,2
12.93423,77.582696,10,6,1,burglary,1
12.976329,77.576982,5,4,0,vehicle_theft,1
12.975111,77.607787,3,2,0,assault,3
12.846222,77.663741,3,6,1,vehicle_theft,2
12.963691,77.577228,12,6,1,theft,3
12.959766,77.713083,19,0,0,vehicle_theft,2
13.034216,77.515323,4,3,0,vehicle_theft,3
12.976109,77.604872,3,4,0,harassment,1
12.920492,77.610399,0,3,0,fraud,2
12.921584,77.597781,23,1,0,burglary,2
12.96486,77.577237,19,2,0,fraud,1
13.033773,77.51875,2,4,0,vehicle_theft,1
12.96945,77.604661,23,5,1,assault,3
13.004184,77.694243,7,2,0,burglary,1
13.0332,77.601244,10,5,1,burglary,1
12.97362,77.749219,7,4,0,burglary,1
12.970259,77.610243,13,0,0,assault,3
13.063597,77.771245,5,3,0,burglary,1
12.975414,77.640109,18,3,0,assault,3
12.933872,77.626955,23,0,0,assault,3
13.111509,77.614497,17,5,1,vehicle_theft,2
12.925055,77.622072,15,2,0,theft,2
13.003727,77.571034,10,2,0,theft,1
12.9935,77.605382,19,1,0,harassment,1
13.09312,77.753789,12,4,0,vehicle_theft,1
12.905816,77.60586,6,3,0,assault,3
12.932286,77.592144,10,4,0,theft,1
12.909514,77.602489,12,5,1,burglary,2
13.100195,77.760423,20,4,0,theft,2
13.027327,77.523529,3,3,0,theft,1
13.035267,77.541667,18,3,0,vehicle_theft,2
12.845419,77.659979,23,1,0,burglary,1
12.971223,77.750304,0,6,1,burglary,2
12.972285,77.638452,22,2,0,assault,2
12.900246,77.619951,6,4,0,vehicle_theft,3
12.97024,77.60193,0,3,0,harassment,1
12.979254,77.52704,17,1,0,theft,1
12.976601,77.602995,22,5,1,harassment,1
13.036167,77.594493,10,3,0,assault,3
12.834271,77.641133,22,3,0,fraud,1
12.909792,77.614427,19,4,0,vehicle_theft,3
13.023685,77.537178,10,4,0,vehicle_theft,2
12.971148,77.5706,11,5,1,theft,2
13.043167,77.593216,17,0,0,theft,1
12.905572,77.618026,21,3,0,vehicle_theft,2
13.009532,77.566312,16,5,1,theft,1
12.912675,77.640971,22,3,0,burglary,1
12.977835,77.52755,21,0,0,theft,1
12.946647,77.703482,6,4,0,assault,2
12.930368,77.580935,23,2,0,theft,2
12.975933,77.572056,18,1,0,theft,1
13.035804,77.600354,18,2,0,theft,1
13.03329,77.523676,21,2,0,burglary,2
12.982058,77.735134,20,1,0,theft,2
12.976732,77.572582,18,1,0,fraud,1
12.966966,77.580441,13,0,0,theft,1
12.921554,77.636031,19,1,0,vehicle_theft,3
12.971501,77.508823,11,0,0,harassment,2
12.944185,77.631267,5,3,0,assault,3
12.980198,77.564966,16,3,0,theft,1
13.002522,77.575635,13,0,0,theft,1
12.969392,77.574569,9,5,1,theft,2
12.974022,77.568622,20,0,0,theft,1
12.938506,77.612573,1,3,0,assault,3
12.985279,77.623121,4,4,0,harassment,1
12.972273,77.6117,22,0,0,assault,3
12.980301,77.621073,0,5,1,theft,2
12.968714,77.753205,5,0,0,vehicle_theft,1
13.092795,77.611232,3,4,0,vehicle_theft,3
12.965038,77.68153,19,6,1,theft,1
12.991427,77.545975,18,0,0,theft,1
12.965661,77.749525,23,6,1,vehicle_theft,1
13.076847,77.580262,6,0,0,fraud,2
13.103255,77.559405,22,3,0,burglary,2
12.987271,77.601939,11,2,0,harassment,1
12.923324,77.552875,20,0,0,burglary,3
13.009935,77.694946,18,2,0,vehicle_theft,2
12.985119,77.605236,15,3,0,theft,1
12.983962,77.604711,9,1,0,theft,1
12.973435,77.753224,9,1,0,fraud,1
12.969902,77.574509,9,4,0,theft,1
12.935985,77.660875,11,2,0,burglary,2
12.927391,77.58079,1,5,1,fraud,1
12.936403,77.615931,22,5,1,theft,1
12.95765,77.57958,18,3,0,harassment,2
13.002106,77.559623,1,4,0,burglary,2
12.844636,77.660442,21,6,1,burglary,2
12.944691,77.696211,21,1,0,vehicle_theft,1
12.984181,77.605517,15,0,0,theft,2
13.005241,77.570459,10,6,1,burglary,2
12.854324,77.731467,22,1,0,vehicle_theft,2
12.975756,77.639563,2,1,0,vehicle_theft,1
12.979489,77.529235,16,4,0,theft,1
12.968082,77.5805,17,1,0,fraud,1
12.840084,77.655324,20,6,1,vehicle_theft,2
12.98049,77.620487,23,1,0,assault,3
12.904861,77.588443,0,3,0,theft,3
12.964236,77.693968,12,1,0,vehicle_theft,2
12.961545,77.635745,17,3,0,theft,1
12.963318,77.573427,7,3,0,fraud,2
12.974576,77.580032,18,5,1,theft,1
13.001847,77.572995,10,3,0,fraud,2
12.968428,77.607382,0,5,1,assault,3
12.888832,77.62456,12,0,0,theft,2
12.917444,77.589606,20,2,0,theft,2
13.030862,77.522394,23,5,1,burglary,3
13.049964,77.516714,0,2,0,burglary,2
12.904824,77.621805,6,2,0,assault,3
12.95668,77.575332,11,5,1,theft,1
12.925352,77.547491,2,4,0,theft,1
12.856431,77.656647,2,4,0,burglary,3
12.926677,77.590828,23,4,0,fraud,1
12.955895,77.698767,2,0,0,theft,1
12.952044,77.699126,1,6,1,vehicle_theft,3
12.906429,77.585658,1,3,0,theft,1
12.911713,77.580895,22,5,1,vehicle_theft,2
12.972373,77.758903,21,5,1,vehicle_theft,2
12.929484,77.457437,23,6,1,harassment,1
12.975098,77.750371,3,0,0,fraud,1
12.845432,77.660289,3,3,0,burglary,2
12.899273,77.577188,18,2,0,theft,1
13.013162,77.703494,18,6,1,theft,1
12.907142,77.622936,8,5,1,vehicle_theft,2
12.985974,77.599346,18,0,0,assault,3
12.968145,77.763325,1,0,0,theft,2
12.981375,77.604566,8,2,0,theft,1
12.91498,77.630242,22,2,0,vehicle_theft,2
12.969018,77.61857,23,2,0,assault,3
12.968371,77.578931,18,2,0,theft,1
13.027823,77.540293,9,3,0,vehicle_theft,3
12.916489,77.615493,19,6,1,burglary,1
12.955155,77.709563,10,1,0,vehicle_theft,2
13.003597,77.698835,10,5,1,burglary,1
12.935668,77.628197,23,0,0,harassment,1
13.010293,77.695464,5,1,0,vehicle_theft,3
12.909865,77.643589,22,4,0,burglary,2
13.025848,77.72157,6,4,0,fraud,2
12.971663,77.763743,2,4,0,burglary,2
13.107397,77.58776,1,6,1,burglary,2
13.001705,77.701762,16,3,0,vehicle_theft,2
12.967975,77.580002,17,4,0,theft,1
12.979094,77.607344,6,0,0,harassment,1
12.915759,77.615139,15,5,1,vehicle_theft,2
13.022556,77.702829,10,6,1,assault,3
12.936969,77.618976,1,6,1,theft,1
12.98499,77.604989,13,3,0,assault,3
13.029171,77.590659,11,3,0,assault,3
12.916326,77.608569,23,5,1,theft,1
12.971862,77.606376,20,6,1,theft,1
13.036971,77.525621,3,3,0,theft,1
12.83,77.645057,2,2,0,fraud,1
12.962571,77.575403,8,3,0,theft,1
12.971649,77.640704,1,2,0,vehicle_theft,2
13.028581,77.540006,6,0,0,theft,1
12.964388,77.745158,2,4,0,vehicle_theft,1
12.864052,77.601848,11,6,1,harassment,1
12.919891,77.639278,18,4,0,vehicle_theft,1
12.971788,77.641385,0,4,0,assault,3
12.972631,77.603449,4,0,0,harassment,1
12.919915,77.548338,21,5,1,theft,1
13.018111,77.537315,20,2,0,assault,3
13.027133,77.539006,21,6,1,vehicle_theft,2
12.984653,77.617252,21,2,0,assault,3
12.933661,77.626425,5,5,1,assault,3
12.98862,77.621374,7,6,1,theft,1
12.981451,77.777346,12,4,0,theft,1
12.852464,77.645787,22,1,0,burglary,1
12.933968,77.582742,20,3,0,theft,2
12.963103,77.576994,20,2,0,theft,1
12.917802,77.607156,22,6,1,theft,2
12.929685,77.577299,5,0,0,theft,1
12.973085,77.567946,16,4,0,theft,1
12.948609,77.697002,10,3,0,vehicle_theft,2
12.964078,77.735422,21,5,1,vehicle_theft,1
13.031549,77.532448,20,0,0,vehicle_theft,2
12.946198,77.733115,9,5,1,vehicle_theft,1
12.911393,77.641456,1,0,0,burglary,2
12.965238,77.752251,5,4,0,burglary,2
12.932077,77.623606,20,0,0,vehicle_theft,2
12.916303,77.612989,18,5,1,vehicle_theft,3
12.918644,77.614825,19,5,1,theft,1
12.981911,77.62014,2,5,1,harassment,1
12.959651,77.575223,12,6,1,theft,1
12.968747,77.639487,1,5,1,assault,3
12.934396,77.62432,22,0,0,assault,3
12.960631,77.699218,19,4,0,vehicle_theft,2
12.971374,77.766235,15,2,0,fraud,1
13.103991,77.596194,5,4,0,burglary,2
12.983629,77.600492,10,4,0,theft,2
12.983763,77.532925,21,2,0,theft,1
13.109124,77.587711,7,2,0,vehicle_theft,3
12.986304,77.605805,18,0,0,theft,1
12.984742,77.562652,13,4,0,harassment,1
12.912836,77.599534,12,6,1,harassment,1
12.996729,77.578354,21,4,0,fraud,1
12.982526,77.618377,1,6,1,harassment,1
13.003725,77.698166,10,1,0,burglary,2
12.955754,77.714964,20,2,0,burglary,2
13.089195,77.462961,12,2,0,assault,1
12.974956,77.568792,15,2,0,assault,2
12.979116,77.624262,4,5,1,theft,1
12.973104,77.640344,3,6,1,harassment,1
12.967817,77.657861,16,6,1,theft,1
12.909769,77.641635,0,3,0,vehicle_theft,1
12.917027,77.586627,20,5,1,theft,2
13.031414,77.602652,18,4,0,vehicle_theft,3
12.973266,77.737841,1,4,0,theft,3
12.847592,77.651652,3,5,1,burglary,2
12.95936,77.720573,12,6,1,vehicle_theft,1
13.04674,77.540381,8,5,1,theft,1
12.964723,77.61015,5,3,0,harassment,1
12.964118,77.69688,9,2,0,vehicle_theft,3
12.964197,77.57975,17,6,1,theft,1
13.039494,77.596104,17,2,0,vehicle_theft,1
12.830061,77.651927,4,6,1,fraud,1
13.105257,77.603155,6,5,1,theft,1
12.984454,77.604862,13,4,0,theft,1
12.977301,77.745871,4,6,1,vehicle_theft,2
13.004292,77.576211,1,2,0,fraud,2
12.97299,77.638746,0,1,0,assault,3
12.871258,77.777877,5,6,1,fraud,1
12.917175,77.588086,9,2,0,theft,2
13.10219,77.601578,17,6,1,burglary,3
12.936101,77.582959,18,5,1,theft,1
13.013125,77.694041,9,2,0,theft,2
13.103386,77.594217,2,2,0,vehicle_theft,2
12.969887,77.572372,15,0,0,harassment,1
12.917734,77.631511,23,2,0,vehicle_theft,2
12.903112,77.613587,17,6,1,vehicle_theft,2
13.025959,77.539669,16,0,0,theft,1
13.026311,77.598332,20,1,0,vehicle_theft,1
12.981423,77.624776,2,0,0,harassment,1
12.976998,77.749846,22,2,0,vehicle_theft,3
12.932256,77.589835,17,6,1,theft,1
13.011127,77.6904,9,1,0,burglary,2
12.997806,77.55678,1,1,0,theft,1
12.973987,77.610291,1,1,0,assault,3
12.934643,77.581365,19,2,0,burglary,2
12.984681,77.605461,18,5,1,theft,1
12.912123,77.61016,9,3,0,theft,2
12.912657,77.592571,15,0,0,burglary,3
12.91608,77.602079,20,6,1,theft,1
13.031389,77.515168,20,2,0,theft,1
12.962831,77.576998,16,0,0,theft,1
12.971168,77.637488,9,4,0,fraud,1
12.965878,77.636157,9,0,0,theft,1
12.91647,77.607468,16,3,0,vehicle_theft,3
12.931459,77.582807,16,5,1,theft,1
12.963487,77.709392,20,5,1,harassment,2
13.097602,77.599014,6,2,0,vehicle_theft,2
12.953254,77.743305,20,4,0,fraud,2
12.984395,77.570959,17,0,0,theft,1
12.995066,77.555894,20,6,1,assault,3
12.972136,77.757862,22,3,0,vehicle_theft,2
12.925704,77.547996,0,3,0,vehicle_theft,2
12.841852,77.672384,2,1,0,vehicle_theft,1
12.948489,77.700494,2,2,0,burglary,2
12.973394,77.750146,14,0,0,burglary,2
12.964601,77.575872,21,4,0,assault,3
12.913966,77.591261,21,3,0,vehicle_theft,1
13.040154,77.52127,1,5,1,burglary,1
12.915978,77.651285,7,6,1,theft,1
12.97287,77.768996,3,1,0,vehicle_theft,3
13.0247,77.543255,9,3,0,theft,1
12.930036,77.586382,0,1,0,theft,1
12.966589,77.731009,9,1,0,vehicle_theft,1
12.976883,77.646651,21,1,0,assault,3
12.971573,77.578696,19,2,0,fraud,2
13.080084,77.496978,18,3,0,vehicle_theft,2
12.938632,77.642777,20,3,0,assault,3
12.965333,77.54147,18,2,0,theft,1
12.971057,77.530499,0,6,1,vehicle_theft,2
12.84404,77.661925,0,0,0,vehicle_theft,2
12.966108,77.572989,15,3,0,theft,1
12.983931,77.628902,14,2,0,assault,3
13.0069,77.700121,12,4,0,theft,1
12.974566,77.647821,0,4,0,assault,3
12.971386,77.754724,22,6,1,fraud,1
12.853733,77.65011,19,1,0,burglary,1
12.959158,77.57794,16,6,1,theft,1
12.979409,77.561704,17,0,0,theft,1
12.917943,77.612588,23,5,1,theft,1
13.096668,77.591303,2,2,0,burglary,3
12.986222,77.606603,14,4,0,theft,1
12.979938,77.572674,13,0,0,theft,2
13.011289,77.563472,6,3,0,theft,1
12.92414,77.549294,10,3,0,vehicle_theft,2
12.913418,77.605654,23,2,0,harassment,1
12.986713,77.617063,20,2,0,theft,1
12.940942,77.632427,1,1,0,vehicle_theft,2
12.90891,77.635121,20,1,0,fraud,2
12.966409,77.578719,18,5,1,theft,1
13.033185,77.515553,15,4,0,vehicle_theft,2
12.97438,77.606495,3,1,0,assault,3
12.986136,77.753151,0,3,0,vehicle_theft,2
12.935801,77.622736,23,1,0,theft,1
12.908248,77.656414,20,1,0,theft,2
12.911949,77.636667,1,6,1,burglary,1
12.912632,77.611064,20,6,1,theft,1
12.837267,77.459228,1,2,0,burglary,1
12.958124,77.582261,12,6,1,theft,2
12.972437,77.608996,0,1,0,assault,3
13.025209,77.538886,20,3,0,vehicle_theft,2
12.981699,77.618222,0,5,1,harassment,1
12.905848,77.60025,18,4,0,theft,1
12.908405,77.584826,1,1,0,burglary,3
12.968342,77.577808,11,4,0,theft,1
12.923186,77.57526,9,4,0,burglary,2
12.901296,77.638957,17,2,0,vehicle_theft,3
12.926984,77.546288,18,4,0,burglary,2
13.02053,77.69414,17,2,0,assault,3
12.964643,77.583672,22,2,0,harassment,1
12.969507,77.576766,16,3,0,theft,2
12.845617,77.659967,7,5,1,burglary,2
12.930775,77.58677,22,2,0,theft,1
12.93441,77.539623,18,4,0,burglary,2
12.895862,77.619677,8,6,1,vehicle_theft,2
12.956362,77.57948,17,0,0,theft,2
13.028581,77.527986,9,5,1,assault,3
13.005209,77.579749,2,4,0,burglary,3
13.023264,77.547517,9,2,0,theft,1
13.00025,77.576855,11,1,0,fraud,2
12.909058,77.619955,15,5,1,vehicle_theft,3
12.969956,77.644986,1,5,1,assault,3
13.003586,77.555432,13,1,0,theft,1
12.955975,77.700992,17,4,0,burglary,3
12.978643,77.61219,21,3,0,theft,1
12.962616,77.577082,18,1,0,assault,3
13.00428,77.69011,6,4,0,vehicle_theft,3
12.926677,77.548337,9,6,1,theft,1
12.982267,77.618343,20,2,0,harassment,1
12.979899,77.594418,12,6,1,harassment,1
13.030754,77.517656,0,2,0,vehicle_theft,2
12.97522,77.53401,18,6,1,theft,1
12.845044,77.659951,3,4,0,theft,1
12.955552,77.703708,20,0,0,vehicle_theft,3
13.025559,77.522371,3,4,0,burglary,3
12.978972,77.56877,19,6,1,theft,1
12.933896,77.625198,3,4,0,assault,3
12.929546,77.537952,18,4,0,vehicle_theft,2
12.92097,77.616537,23,1,0,burglary,2
12.978288,77.567434,12,3,0,harassment,2
12.911366,77.6412,17,3,0,vehicle_theft,3
12.952847,77.694725,18,5,1,vehicle_theft,2
12.977014,77.570373,18,3,0,theft,2
12.971763,77.63871,1,3,0,theft,1
13.006164,77.698144,11,4,0,theft,1
12.877599,77.612121,6,2,0,fraud,1
12.955505,77.573454,11,2,0,theft,1
12.928863,77.580144,10,2,0,theft,2
12.980759,77.575584,13,1,0,fraud,2
12.97282,77.570902,17,0,0,assault,3
12.97178,77.748243,23,0,0,vehicle_theft,2
12.967413,77.576467,6,0,0,theft,1
13.032298,77.519283,4,4,0,burglary,3
12.98613,77.605144,17,6,1,assault,3
13.00366,77.56887,19,4,0,theft,1
13.026743,77.540163,20,4,0,vehicle_theft,2
12.912481,77.614111,20,4,0,vehicle_theft,1
13.005285,77.683943,12,6,1,burglary,2
13.004659,77.550767,21,4,0,burglary,3
12.977012,77.570993,10,5,1,theft,2
12.973987,77.57261,19,6,1,assault,3
12.969254,77.75186,6,6,1,vehicle_theft,2
12.994749,77.557175,18,1,0,assault,1
12.96228,77.697674,9,2,0,assault,2
12.978395,77.580701,10,3,0,harassment,2
12.970846,77.529117,18,2,0,theft,1
13.034048,77.594127,19,5,1,burglary,2
12.911384,77.639469,14,0,0,theft,1
13.050282,77.591184,9,6,1,theft,1
12.97738,77.538109,0,2,0,vehicle_theft,1
12.98781,77.584811,7,4,0,vehicle_theft,1
12.937813,77.584454,20,5,1,theft,1
12.896543,77.62332,9,2,0,vehicle_theft,2
13.041925,77.461551,9,5,1,theft,2
13.028096,77.540681,7,3,0,vehicle_theft,2
12.901029,77.623558,7,3,0,theft,1
12.98602,77.560624,10,6,1,theft,1
12.941198,77.668942,22,4,0,theft,1
13.025394,77.538729,4,3,0,theft,1
12.935225,77.624658,23,0,0,harassment,1
12.936363,77.626909,0,3,0,theft,1
12.968781,77.579009,12,5,1,fraud,2
12.96674,77.639789,1,1,0,theft,2
12.944894,77.591743,17,4,0,burglary,2
12.922324,77.545827,23,2,0,theft,1
13.010006,77.670359,2,0,0,harassment,1
12.927716,77.555142,22,2,0,burglary,1
12.969391,77.579815,1,0,0,theft,1
12.973381,77.571404,16,4,0,harassment,1
12.977669,77.614937,0,2,0,theft,1
12.919214,77.616336,20,3,0,theft,1
12.900793,77.582386,1,1,0,theft,1
12.941362,77.629331,21,3,0,theft,1
12.993992,77.546912,17,4,0,theft,2
12.848242,77.660421,4,4,0,theft,2
12.997081,77.669904,23,2,0,vehicle_theft,2
13.041007,77.526392,4,6,1,vehicle_theft,2
13.007137,77.573852,15,3,0,theft,1
12.936541,77.625362,23,2,0,harassment,2
12.841728,77.659982,22,1,0,theft,1
13.035755,77.599428,19,1,0,assault,3
12.998017,77.57039,21,6,1,theft,1
12.982512,77.609901,20,3,0,harassment,1
12.996609,77.560056,18,0,0,theft,1
12.96838,77.53109,21,2,0,theft,2
12.926088,77.543742,14,0,0,theft,1
12.915589,77.604066,1,2,0,theft,1
13.027275,77.542312,8,1,0,theft,2
12.929573,77.697656,21,6,1,theft,1
12.959743,77.539953,16,3,0,vehicle_theft,3
12.913213,77.637532,20,5,1,theft,2
12.906225,77.583154,20,5,1,burglary,2
12.991896,77.610154,11,5,1,theft,1
12.971467,77.537102,20,5,1,theft,1
13.105405,77.594486,14,3,0,vehicle_theft,3
12.965749,77.573498,16,5,1,harassment,1
12.915093,77.588846,5,4,0,burglary,2
12.984544,77.603866,6,2,0,assault,3
13.02744,77.50094,1,2,0,vehicle_theft,1
12.980271,77.605803,5,6,1,theft,1
13.006569,77.563754,10,0,0,theft,1
13.002259,77.696263,1,4,0,vehicle_theft,1
12.953876,77.698965,5,5,1,burglary,2
12.874074,77.674819,15,4,0,theft,1
12.966107,77.579064,7,1,0,theft,2
12.961155,77.573331,17,6,1,harassment,2
13.036716,77.520285,1,2,0,burglary,1
13.006704,77.571899,10,0,0,theft,1
12.973054,77.537379,13,4,0,theft,1
12.91537,77.611858,10,0,0,burglary,2
12.983263,77.62117,0,1,0,theft,1
12.932889,77.588751,2,4,0,burglary,2
12.978009,77.611984,15,6,1,theft,2
13.029438,77.541375,18,3,0,assault,3
12.971352,77.641043,23,5,1,harassment,2
13.103782,77.595158,10,5,1,burglary,1
12.938478,77.627501,9,2,0,harassment,1
12.929768,77.583407,21,6,1,burglary,3
12.910466,77.581014,16,0,0,burglary,2
12.926636,77.551874,2,5,1,burglary,2
12.916292,77.621818,16,2,0,theft,1
13.028441,77.511321,2,1,0,theft,1
12.931291,77.590861,23,0,0,fraud,1
12.914017,77.598694,20,5,1,theft,1
12.974723,77.537467,13,1,0,theft,1
12.906969,77.579675,16,0,0,vehicle_theft,2
12.957271,77.701967,20,5,1,vehicle_theft,2
12.936912,77.704422,19,3,0,vehicle_theft,3
13.098072,77.594634,23,2,0,burglary,2
12.965612,77.742572,14,6,1,burglary,2
12.901837,77.638018,18,5,1,fraud,1
12.927402,77.571069,21,6,1,theft,1
12.929964,77.552772,0,5,1,vehicle_theft,2
12.940996,77.699244,15,3,0,vehicle_theft,2
12.945671,77.629751,4,6,1,assault,2
13.0336,77.522014,3,5,1,theft,1
12.971478,77.573822,14,1,0,theft,1
12.980233,77.62301,13,4,0,theft,1
13.008494,77.698092,4,5,1,burglary,2
13.077402,77.526297,7,3,0,harassment,2
12.93359,77.614975,7,5,1,harassment,1
12.934454,77.546695,6,0,0,theft,1
12.937476,77.586999,10,5,1,theft,1
12.912008,77.641507,19,1,0,vehicle_theft,1
12.967255,77.579029,21,4,0,theft,2
12.968634,77.760701,6,6,1,vehicle_theft,2
12.962949,77.576956,1,4,0,theft,1
12.850722,77.659365,4,6,1,vehicle_theft,1
13.104083,77.591675,14,1,0,burglary,3
13.035557,77.53174,20,2,0,vehicle_theft,2
12.95955,77.577129,12,1,0,harassment,1
12.921465,77.546342,18,4,0,vehicle_theft,2
12.975481,77.60891,22,5,1,assault,3
13.032916,77.538191,19,6,1,vehicle_theft,2
12.975227,77.575667,16,4,0,theft,1
12.976872,77.609005,8,3,0,assault,3
12.930353,77.58217,17,5,1,burglary,2
12.96209,77.577084,16,0,0,harassment,1
12.932167,77.622888,1,6,1,assault,3
12.953468,77.698544,0,1,0,burglary,3
12.985704,77.603823,16,3,0,theft,1
12.975827,77.607998,23,2,0,theft,1
12.953612,77.697732,23,3,0,assault,3
13.030174,77.519595,0,0,0,vehicle_theft,2
12.997745,77.560424,1,3,0,theft,1
12.971681,77.639566,23,6,1,theft,1
12.911938,77.60901,17,2,0,theft,2
12.987735,77.607314,20,5,1,theft,1
12.973402,77.580113,10,4,0,theft,1
12.989858,77.683964,19,3,0,harassment,1
12.972944,77.640666,4,4,0,theft,1
12.96181,77.5772,9,0,0,harassment,1
12.90592,77.624741,7,1,0,vehicle_theft,1
12.843626,77.660774,1,4,0,theft,1
12.960917,77.581564,12,1,0,theft,1
12.972413,77.761989,3,4,0,vehicle_theft,2
12.969343,77.577575,10,6,1,theft,2
12.973164,77.528871,16,5,1,vehicle_theft,2
12.847558,77.664588,5,0,0,burglary,2
12.99726,77.560495,2,4,0,theft,1
12.968898,77.606227,3,1,0,harassment,2
12.906685,77.585022,23,0,0,burglary,3
12.919742,77.643755,19,3,0,burglary,2
12.986551,77.623549,23,2,0,theft,2
12.992278,77.546779,0,5,1,burglary,3
12.924753,77.546902,19,6,1,burglary,2
13.03171,77.521773,3,6,1,vehicle_theft,3
12.84929,77.670556,1,5,1,theft,1
12.933646,77.580283,0,4,0,theft,1
12.972103,77.529961,4,2,0,theft,1
12.892528,77.60756,3,3,0,burglary,3
13.01388,77.694231,10,0,0,vehicle_theft,2
12.928139,77.582293,4,4,0,theft,1
12.978267,77.601457,11,2,0,assault,3
13.102825,77.606274,21,3,0,burglary,2
12.93648,77.616174,22,3,0,theft,2
12.984362,77.759752,7,6,1,burglary,2
13.006646,77.68146,2,6,1,burglary,2
12.911888,77.647832,23,2,0,burglary,1
12.983253,77.524073,20,2,0,theft,1
12.977655,77.571301,17,3,0,theft,1
12.973671,77.640383,23,6,1,vehicle_theft,1
12.912652,77.761292,16,5,1,assault,1
12.969793,77.579991,7,1,0,theft,1
13.048465,77.595692,9,2,0,vehicle_theft,3
13.004182,77.575015,10,4,0,theft,1
12.929001,77.581282,2,1,0,theft,2
12.988436,77.543244,17,1,0,burglary,3
12.919415,77.60069,9,6,1,theft,1
12.988125,77.602495,15,2,0,harassment,2
12.974561,77.570107,20,3,0,harassment,1
12.92043,77.602947,22,4,0,burglary,2
12.933926,77.625755,21,2,0,assault,3
12.977229,77.570227,18,1,0,harassment,1
12.979807,77.525254,23,5,1,burglary,2
13.03096,77.519197,1,6,1,theft,1
12.912793,77.583654,19,1,0,theft,1
12.96888,77.567813,19,1,0,theft,1
13.000376,77.552659,19,6,1,burglary,3
12.956106,77.699839,19,1,0,vehicle_theft,2
12.917731,77.61709,15,0,0,burglary,1
12.931375,77.631914,22,0,0,assault,3
13.032513,77.519491,20,4,0,burglary,2
12.91414,77.617948,23,1,0,harassment,1
12.927979,77.624219,1,4,0,harassment,1
12.913507,77.612633,17,5,1,burglary,3
12.909965,77.616651,10,6,1,vehicle_theft,2
12.927875,77.548499,18,5,1,burglary,1
12.963128,77.577028,17,5,1,theft,1
13.006258,77.57329,15,6,1,theft,1
12.921172,77.776684,15,5,1,fraud,2
12.98204,77.621907,4,4,0,theft,1
12.967703,77.578591,14,1,0,fraud,1
13.023728,77.696755,19,2,0,vehicle_theft,3
13.028149,77.531681,9,6,1,vehicle_theft,2
12.936984,77.624966,21,6,1,theft,1
12.908984,77.612747,12,4,0,burglary,2
13.045802,77.689014,11,1,0,harassment,1
13.054463,77.467448,1,4,0,theft,2
12.923782,77.545666,18,2,0,burglary,1
12.961859,77.675277,6,0,0,harassment,1
12.982595,77.599488,14,2,0,harassment,2
12.962187,77.579749,9,3,0,harassment,2
12.912776,77.60685,8,2,0,vehicle_theft,3
13.001876,77.574416,18,4,0,theft,2
12.980875,77.605707,20,3,0,theft,1
12.907455,77.583777,23,5,1,theft,1
12.929277,77.582755,23,0,0,theft,1
12.933326,77.585077,6,3,0,burglary,2
12.987884,77.651645,22,6,1,assault,2
12.922979,77.551713,14,4,0,theft,1
12.974603,77.640309,18,4,0,assault,3
12.923222,77.547284,18,1,0,burglary,1
12.845115,77.659696,3,0,0,burglary,2
12.96598,77.763333,3,3,0,vehicle_theft,3
12.987176,77.619989,20,3,0,assault,3
12.995084,77.555519,22,4,0,theft,1
12.969816,77.640046,0,1,0,harassment,2
12.997862,77.687995,19,1,0,vehicle_theft,2
12.976659,77.635795,9,1,0,burglary,2
12.966738,77.578405,17,4,0,theft,2
12.962365,77.569378,3,3,0,theft,2
12.988183,77.699931,19,0,0,theft,1
12.936735,77.622315,20,2,0,vehicle_theft,2
12.845075,77.66005,21,6,1,burglary,3
12.966258,77.579785,11,0,0,theft,1
12.986615,77.605315,10,6,1,assault,2
12.930705,77.583585,0,6,1,fraud,1
12.976436,77.578795,12,3,0,assault,2
12.908255,77.584377,22,4,0,theft,1
12.999721,77.560501,1,3,0,burglary,2
12.937213,77.61574,23,5,1,harassment,1
12.990271,77.568465,13,4,0,theft,1
12.982858,77.605918,8,6,1,assault,2
12.912318,77.625577,22,3,0,burglary,2
12.905062,77.624589,8,2,0,vehicle_theft,2
12.961328,77.58045,17,0,0,theft,1
12.909641,77.593394,23,5,1,burglary,2
13.034023,77.521251,2,0,0,burglary,2
12.923892,77.545343,13,3,0,theft,1
12.867177,77.588373,0,4,0,assault,2
12.919384,77.612567,18,0,0,harassment,1
12.982061,77.616695,3,4,0,assault,3
12.854354,77.656537,22,2,0,burglary,2
12.986265,77.604375,17,3,0,assault,2
12.918486,77.548592,20,2,0,burglary,2
13.099587,77.602536,20,5,1,burglary,2
12.975338,77.537493,22,3,0,vehicle_theft,2
12.964147,77.57687,12,5,1,theft,1
13.035393,77.598167,19,5,1,theft,1
12.845374,77.666511,23,4,0,burglary,1
12.847486,77.655747,4,5,1,vehicle_theft,2
13.005107,77.570591,12,3,0,theft,1
12.975046,77.645096,1,6,1,assault,3
13.032178,77.541981,20,2,0,theft,1
12.933628,77.617813,9,3,0,harassment,1
12.930668,77.623494,1,0,0,theft,1
13.011529,77.745171,21,5,1,vehicle_theft,1
12.835389,77.663045,8,6,1,theft,1
12.963546,77.748687,22,0,0,theft,1
12.931628,77.59472,0,6,1,theft,1
12.868914,77.687863,14,0,0,vehicle_theft,2
12.92531,77.618336,1,3,0,vehicle_theft,3
12.907724,77.639028,22,4,0,theft,1
12.97441,77.60655,4,6,1,theft,1
12.978031,77.593723,17,6,1,theft,1
12.972545,77.577067,16,3,0,theft,1
12.914611,77.608726,3,6,1,harassment,1
12.90932,77.634851,22,3,0,vehicle_theft,2
13.011205,77.688251,21,5,1,burglary,2
13.007204,77.701671,11,3,0,vehicle_theft,2
12.923569,77.584391,22,4,0,theft,1
12.915876,77.610118,4,5,1,vehicle_theft,2
12.959751,77.700679,18,4,0,vehicle_theft,1
13.013097,77.688746,9,0,0,vehicle_theft,2
12.935537,77.550459,16,6,1,burglary,3
13.012194,77.698962,7,3,0,vehicle_theft,2
12.978757,77.610809,23,2,0,assault,3
12.91322,77.633195,20,2,0,theft,1
12.931261,77.629317,13,2,0,harassment,1
12.966066,77.569217,6,1,0,harassment,1
12.963405,77.70183,7,1,0,theft,1
12.906715,77.616862,14,4,0,assault,3
13.006296,77.692659,2,4,0,theft,1
12.977472,77.571507,13,1,0,assault,2
12.894725,77.584718,1,0,0,theft,1
12.979941,77.62152,23,2,0,theft,1
13.018698,77.54301,10,0,0,theft,1
12.970849,77.640892,20,0,0,harassment,1
12.930712,77.585484,0,1,0,burglary,3
12.904025,77.615075,8,5,1,vehicle_theft,2
13.035334,77.593252,18,6,1,assault,3
12.978814,77.570927,10,6,1,theft,1
13.002224,77.704046,7,2,0,theft,1
12.889103,77.717888,0,5,1,theft,1
12.929841,77.58416,19,0,0,fraud,1
12.956884,77.574297,12,2,0,theft,2
12.973652,77.604081,21,4,0,theft,1
12.941562,77.621795,13,3,0,theft,1
12.841913,77.647711,9,5,1,burglary,2
12.956227,77.700982,12,2,0,vehicle_theft,1
12.98211,77.619398,5,6,1,theft,2
12.995112,77.555449,10,6,1,theft,1
12.972532,77.61623,16,1,0,theft,1
13.01911,77.565464,17,5,1,theft,1
12.969082,77.581835,1,2,0,theft,1
12.986004,77.602632,10,0,0,theft,1
12.987394,77.605326,6,4,0,theft,1
13.000859,77.574144,14,2,0,theft,1
12.977588,77.570716,12,4,0,assault,2
13.030071,77.5153,6,2,0,burglary,2
12.986186,77.620037,21,6,1,theft,1
12.973019,77.649654,20,5,1,vehicle_theft,1
12.966657,77.572764,16,2,0,theft,2
12.974821,77.602339,22,2,0,theft,1
12.988144,77.604507,10,6,1,theft,1
12.963391,77.575985,9,3,0,theft,2
12.912502,77.60479,18,1,0,theft,2
12.914963,77.616106,14,5,1,theft,1
12.981723,77.616009,8,5,1,assault,3
12.906601,77.587777,12,2,0,vehicle_theft,2
13.001665,77.574084,9,4,0,theft,1
12.854242,77.666398,4,4,0,theft,1
12.884255,77.75286,10,3,0,fraud,1
12.970334,77.641158,22,6,1,theft,1
12.976321,77.753955,23,1,0,vehicle_theft,2
12.905209,77.619481,1,2,0,theft,1
12.987099,77.606189,18,1,0,harassment,1
12.998382,77.554586,2,3,0,assault,3
12.921517,77.62132,23,6,1,burglary,3
12.964465,77.581664,17,0,0,theft,1
12.9749,77.608455,23,3,0,theft,2
13.032678,77.520035,1,3,0,vehicle_theft,2
12.93801,77.631144,3,6,1,assault,3
12.905999,77.617996,19,0,0,theft,1
12.923489,77.541783,0,1,0,theft,1
12.977515,77.611816,23,2,0,harassment,1
13.03788,77.600032,8,0,0,assault,2
12.861195,77.666749,0,3,0,burglary,1
12.896515,77.617621,20,1,0,vehicle_theft,2
12.955382,77.700284,19,6,1,vehicle_theft,2
13.026156,77.600734,19,2,0,vehicle_theft,2
12.969253,77.749589,0,6,1,fraud,1
12.970421,77.712187,9,2,0,vehicle_theft,1
12.940116,77.670676,1,2,0,theft,1
12.844209,77.65716,7,1,0,vehicle_theft,3
12.845101,77.657908,1,5,1,vehicle_theft,1
13.097616,77.598863,19,0,0,burglary,3
12.975533,77.519363,17,4,0,burglary,1
12.918604,77.578953,23,3,0,burglary,3
13.036638,77.594601,12,1,0,theft,1
13.006464,77.700323,10,5,1,theft,1
12.916104,77.611402,20,5,1,burglary,2
12.933311,77.626388,0,3,0,vehicle_theft,2
12.983231,77.619931,2,2,0,assault,2
12.976055,77.604317,0,6,1,harassment,1
12.984042,77.602172,19,6,1,harassment,1
12.96729,77.582385,7,4,0,fraud,1
13.095391,77.768361,19,2,0,harassment,1
13.032121,77.519181,4,2,0,vehicle_theft,1
12.995742,77.558664,21,2,0,burglary,3
12.966124,77.582967,10,1,0,theft,1
12.966359,77.570335,11,4,0,harassment,1
12.938894,77.559355,18,4,0,vehicle_theft,2
13.069195,77.598026,1,1,0,burglary,2
13.036648,77.741573,17,6,1,harassment,1
12.914178,77.59267,22,1,0,theft,2
12.909352,77.621668,23,1,0,vehicle_theft,2
13.005819,77.562812,8,1,0,theft,2
12.922244,77.608637,21,6,1,vehicle_theft,2
12.976207,77.609888,13,6,1,harassment,1
12.972308,77.530303,19,6,1,vehicle_theft,2
13.10305,77.598963,5,0,0,vehicle_theft,3
13.007636,77.55531,19,5,1,theft,1
12.89615,77.510505,2,6,1,burglary,2
13.078293,77.499282,15,4,0,assault,1
12.916031,77.605695,23,2,0,theft,1
12.935656,77.626489,0,5,1,assault,3
13.036044,77.523196,21,0,0,theft,1
12.964967,77.581116,9,2,0,theft,2
12.981154,77.620084,8,4,0,theft,1
12.977071,77.638577,22,1,0,harassment,1
12.966678,77.647718,23,3,0,harassment,1
12.964341,77.575053,19,3,0,theft,1
12.929349,77.582095,16,1,0,burglary,2
12.930398,77.543199,22,2,0,theft,1
12.962349,77.576099,12,0,0,assault,3
12.961457,77.579311,11,5,1,harassment,1
12.971361,77.595533,0,1,0,theft,1
12.959291,77.705004,20,3,0,theft,1
13.096068,77.524166,6,2,0,vehicle_theft,1
12.986924,77.627315,21,4,0,assault,2
13.105672,77.609753,18,0,0,burglary,2
12.928745,77.580213,2,1,0,theft,1
12.980101,77.572945,14,1,0,theft,1
12.97235,77.527171,23,2,0,vehicle_theft,3
12.860943,77.662512,21,3,0,burglary,2
12.976885,77.572405,18,5,1,theft,1
12.961951,77.741297,4,2,0,burglary,1
13.067804,77.605845,14,1,0,vehicle_theft,1
12.986052,77.581078,11,2,0,theft,2
12.962685,77.640339,21,6,1,vehicle_theft,1
12.956949,77.717283,6,4,0,burglary,1
13.094856,77.600147,4,1,0,burglary,2
12.925052,77.591069,23,6,1,burglary,2
12.980211,77.618958,23,1,0,assault,3
12.913628,77.608057,3,0,0,harassment,1
12.976793,77.57483,11,5,1,theft,1
12.918079,77.603953,3,3,0,vehicle_theft,3
12.982959,77.62441,7,6,1,theft,1
12.98142,77.620877,2,5,1,harassment,2
12.929898,77.583143,16,0,0,theft,2
12.841794,77.657457,9,1,0,harassment,2
12.913284,77.61089,18,4,0,harassment,2
13.026764,77.538847,7,2,0,vehicle_theft,1
13.054873,77.646084,23,1,0,vehicle_theft,2
12.969902,77.566507,16,2,0,theft,1
12.98209,77.62177,18,2,0,assault,3
12.977211,77.572041,9,3,0,theft,1
12.928486,77.582286,18,1,0,burglary,3
12.94903,77.715326,10,2,0,burglary,2
12.966868,77.578613,16,5,1,fraud,1
12.974934,77.609626,3,0,0,theft,1
12.950428,77.694732,22,0,0,assault,3
12.917482,77.589685,21,4,0,burglary,2
13.003207,77.569852,10,2,0,fraud,1
12.925252,77.557345,18,2,0,vehicle_theft,2
13.030377,77.592263,19,5,1,theft,1
12.922244,77.546,17,0,0,vehicle_theft,3
12.97456,77.573463,16,1,0,theft,1
12.93079,77.620118,2,3,0,theft,1
12.916786,77.60607,18,3,0,burglary,2
13.006817,77.705608,8,4,0,burglary,1
12.969778,77.6294,8,4,0,theft,2
13.025193,77.541844,18,0,0,theft,1
13.022992,77.540366,19,5,1,theft,1
13.032474,77.526155,2,1,0,theft,1
13.012804,77.695164,0,3,0,vehicle_theft,2
12.977892,77.53273,22,2,0,vehicle_theft,2
13.065184,77.544994,10,1,0,assault,2
13.024545,77.611458,10,1,0,assault,3
12.976835,77.538782,10,1,0,burglary,1
12.977709,77.665224,13,6,1,harassment,1
13.032807,77.595851,8,2,0,assault,2
12.975154,77.528074,20,3,0,burglary,2
12.831568,77.678576,8,4,0,burglary,2
12.911018,77.643445,20,6,1,burglary,3
12.988516,77.619781,22,0,0,theft,2
13.033299,77.596767,1,6,1,burglary,3
12.990829,77.688527,20,4,0,burglary,2
12.976866,77.53854,22,6,1,vehicle_theft,3
13.106398,77.485831,3,1,0,theft,1
12.952504,77.582508,14,5,1,theft,1
13.087657,77.459936,5,4,0,harassment,2
13.035971,77.521662,3,5,1,vehicle_theft,2
13.077736,77.5143,20,3,0,harassment,1
12.932081,77.578903,22,2,0,theft,1
12.982549,77.620407,20,3,0,theft,1
12.908004,77.643047,16,6,1,burglary,1
12.978463,77.619026,8,1,0,theft,2
12.895168,77.657642,8,3,0,burglary,2
12.957066,77.700872,7,0,0,assault,3
12.906338,77.584311,23,1,0,theft,1
13.035617,77.72559,20,6,1,assault,1
13.032257,77.59525,9,6,1,vehicle_theft,1
12.920658,77.613721,9,6,1,vehicle_theft,2
13.025942,77.541308,20,1,0,assault,3
12.969631,77.607772,5,3,0,assault,2
12.907844,77.616652,19,0,0,vehicle_theft,2
13.097205,77.753793,23,6,1,burglary,1
12.921934,77.614591,20,5,1,theft,1
12.974804,77.574265,6,2,0,fraud,1
12.976519,77.643182,2,4,0,assault,3
12.968445,77.748324,23,5,1,vehicle_theft,3
12.931503,77.581164,17,0,0,theft,2
12.932824,77.623495,16,5,1,harassment,1
12.926475,77.592051,20,0,0,burglary,2
13.034738,77.532914,0,0,0,vehicle_theft,3
12.874232,77.668512,18,0,0,burglary,1
12.898301,77.639339,21,2,0,theft,2
12.935082,77.625297,2,5,1,theft,2
13.126728,77.649451,6,1,0,burglary,2
12.982262,77.5652,6,4,0,harassment,1
13.003138,77.69488,9,6,1,vehicle_theft,2
12.970846,77.526247,20,3,0,vehicle_theft,2
12.969215,77.742437,2,0,0,theft,1
12.930685,77.627242,23,4,0,assault,3
12.98225,77.655905,17,1,0,theft,1
12.913252,77.609364,18,6,1,vehicle_theft,3
12.96806,77.636394,14,2,0,theft,1
12.990867,77.599424,19,6,1,theft,1
12.911919,77.640937,17,1,0,vehicle_theft,2
13.001426,77.568649,21,2,0,burglary,2
12.8985,77.701891,15,6,1,vehicle_theft,1
13.01575,77.70057,9,5,1,vehicle_theft,2
13.011691,77.694986,20,5,1,burglary,2
13.027018,77.539729,7,5,1,assault,3
12.887065,77.584526,19,3,0,burglary,2
13.015261,77.694726,19,5,1,vehicle_theft,3
12.973527,77.640711,1,4,0,assault,3
12.963083,77.570679,13,6,1,theft,1
12.905774,77.621466,18,5,1,vehicle_theft,2
12.911978,77.641065,22,6,1,fraud,1
12.974353,77.644472,20,3,0,harassment,1
13.007585,77.702677,10,6,1,theft,1
13.097544,77.628857,0,1,0,fraud,1
12.962848,77.577278,1,3,0,theft,1
12.961454,77.577856,12,4,0,theft,1
12.995364,77.571648,17,0,0,fraud,2
12.923436,77.541304,18,3,0,vehicle_theft,3
13.051408,77.539565,2,1,0,vehicle_theft,1
12.924157,77.583208,2,2,0,theft,1
12.972294,77.60993,1,4,0,assault,3
13.094814,77.596599,1,2,0,burglary,3
13.00134,77.584872,15,2,0,fraud,2
12.957744,77.701074,9,1,0,vehicle_theft,1
13.02427,77.548279,17,1,0,theft,2
12.927555,77.585962,18,5,1,fraud,1
12.918311,77.561706,5,0,0,burglary,1
12.961197,77.575155,15,0,0,theft,1
12.973734,77.569729,16,4,0,harassment,1
12.916806,77.592277,13,6,1,assault,2
12.976334,77.607684,0,5,1,theft,1
12.978373,77.61694,22,6,1,theft,1
13.088235,77.612755,3,3,0,burglary,2
12.961938,77.5751,7,2,0,harassment,1
12.986655,77.619956,2,1,0,assault,1
12.97774,77.532929,21,5,1,theft,1
12.909046,77.589809,18,4,0,burglary,2
12.985537,77.515643,12,5,1,burglary,2
12.93172,77.626603,0,2,0,harassment,1
12.967281,77.578988,5,3,0,theft,1
13.101744,77.595287,22,3,0,vehicle_theft,1
12.984091,77.603872,16,4,0,theft,1
12.966858,77.579421,17,3,0,theft,1
12.998706,77.554623,23,0,0,burglary,2
12.982697,77.568889,4,5,1,theft,1
12.910295,77.619609,7,2,0,theft,1
12.984157,77.617124,1,4,0,assault,3
12.974724,77.521257,19,0,0,theft,1
12.972364,77.578544,16,5,1,theft,1
12.971576,77.578212,5,1,0,theft,2
13.025384,77.549857,4,5,1,vehicle_theft,2
12.998034,77.555679,9,6,1,theft,1
13.003353,77.574774,12,3,0,fraud,1
12.904933,77.598874,5,4,0,burglary,1
13.009465,77.693658,12,2,0,theft,1
12.916771,77.608289,21,1,0,theft,1
13.038364,77.58885,7,2,0,burglary,2
12.964867,77.576513,14,1,0,theft,1
13.023014,77.547622,9,0,0,theft,1
12.954589,77.621664,1,0,0,harassment,1
13.00837,77.705311,9,5,1,theft,3
12.910655,77.644058,1,4,0,vehicle_theft,3
13.009924,77.704969,9,0,0,vehicle_theft,2
12.842188,77.658233,5,6,1,theft,1
12.93039,77.617162,22,1,0,theft,1
12.918401,77.613934,20,4,0,theft,1
12.998469,77.553989,1,6,1,theft,1
12.953683,77.747248,21,0,0,theft,1
12.921458,77.56562,21,6,1,vehicle_theft,2
13.020707,77.548272,8,4,0,theft,1
12.912123,77.639912,5,5,1,burglary,2
13.030728,77.546505,11,0,0,vehicle_theft,3
12.957744,77.699742,19,6,1,theft,1
12.990113,77.758852,22,6,1,theft,2
12.98192,77.621994,1,6,1,theft,1
12.905403,77.617247,2,5,1,vehicle_theft,2
13.08293,77.582228,23,6,1,burglary,1
13.068361,77.617304,18,1,0,assault,1
13.031965,77.601903,8,3,0,assault,3
12.969666,77.579486,21,2,0,theft,1
12.958023,77.581343,8,5,1,harassment,2
12.907045,77.583975,22,6,1,burglary,1
12.972824,77.637626,0,6,1,vehicle_theft,2
12.982385,77.620658,2,3,0,assault,3
13.002871,77.570104,19,6,1,fraud,1
12.983666,77.618798,3,3,0,assault,2
12.924878,77.55308,23,4,0,vehicle_theft,2
12.995883,77.571005,12,6,1,fraud,2
13.05537,77.687999,13,1,0,theft,1
12.966947,77.579123,15,6,1,theft,1
13.087566,77.595474,1,6,1,vehicle_theft,2
12.973248,77.640654,21,6,1,harassment,2
13.032163,77.539931,3,6,1,vehicle_theft,1
12.976504,77.745654,1,3,0,burglary,2
12.972014,77.751213,19,1,0,burglary,2
13.095852,77.594458,3,1,0,vehicle_theft,1
13.032463,77.519676,1,4,0,burglary,2
12.899333,77.587083,18,1,0,burglary,2
12.932219,77.627198,1,2,0,theft,1
13.04857,77.487863,0,1,0,assault,2
13.019989,77.53986,22,6,1,theft,2
13.002042,77.558013,22,0,0,assault,3
12.974006,77.567612,20,0,0,harassment,1
12.902096,77.586572,7,6,1,burglary,2
13.030931,77.516746,7,0,0,vehicle_theft,2
12.97206,77.531179,15,2,0,vehicle_theft,2
12.979646,77.598573,14,2,0,theft,1
12.97814,77.622088,23,5,1,theft,1
12.924909,77.606457,20,0,0,vehicle_theft,1
12.90884,77.603396,1,1,0,vehicle_theft,3
12.969756,77.64151,0,0,0,harassment,1
13.115739,77.58669,20,2,0,burglary,1
12.972351,77.528567,21,0,0,burglary,2
13.099585,77.593591,22,0,0,vehicle_theft,2
12.969544,77.755442,4,4,0,fraud,1
13.004335,77.569411,2,5,1,theft,1
12.91462,77.630497,17,1,0,vehicle_theft,3
13.030717,77.618062,15,4,0,assault,3
12.987941,77.620655,23,4,0,assault,3
13.09957,77.740046,12,4,0,fraud,1
12.984428,77.607631,23,3,0,theft,1
12.933477,77.626251,0,2,0,theft,1
12.937729,77.621922,23,6,1,assault,3
12.965604,77.573068,15,0,0,harassment,2
12.983798,77.624976,20,2,0,assault,3
12.836751,77.668981,21,0,0,burglary,1
12.905983,77.617498,11,6,1,theft,1
12.960512,77.457443,2,6,1,fraud,1
12.900127,77.609523,18,2,0,theft,1
12.954767,77.711671,10,4,0,assault,2
12.977674,77.605883,7,2,0,theft,1
12.910365,77.588081,23,1,0,vehicle_theft,2
13.038737,77.532781,2,2,0,burglary,3
12.955888,77.701058,10,4,0,vehicle_theft,2
12.84635,77.662433,23,2,0,fraud,1
12.963705,77.577607,14,3,0,theft,1
13.024829,77.593103,9,4,0,vehicle_theft,2
12.978408,77.570031,17,5,1,theft,1
12.98075,77.60279,20,4,0,harassment,1
12.962027,77.696897,11,5,1,vehicle_theft,3
12.920392,77.65204,17,2,0,harassment,1
13.007667,77.693812,19,0,0,theft,1
12.920486,77.589285,18,5,1,theft,1
12.881743,77.551213,18,1,0,theft,1
12.907511,77.643199,19,1,0,vehicle_theft,3
12.921688,77.610423,14,0,0,burglary,2
12.958086,77.706885,8,2,0,burglary,2
13.037968,77.664568,20,0,0,vehicle_theft,2
12.965457,77.571049,15,0,0,theft,1
12.84192,77.673036,21,6,1,vehicle_theft,1
12.992613,77.556535,22,1,0,theft,1
12.843805,77.654434,22,2,0,vehicle_theft,2
12.935172,77.624564,23,5,1,harassment,1
12.915268,77.609606,21,1,0,theft,1
12.975437,77.646957,10,3,0,assault,3
13.02718,77.512162,5,6,1,theft,1
12.997558,77.555274,20,5,1,burglary,1
12.926759,77.58567,19,0,0,fraud,2
12.840741,77.671183,1,0,0,burglary,2
12.933993,77.604114,9,1,0,fraud,1
12.841244,77.653524,23,1,0,vehicle_theft,2
12.973715,77.577717,10,5,1,fraud,1
12.943441,77.503835,15,5,1,assault,1
12.907236,77.5839,10,4,0,theft,1
12.922892,77.612166,16,2,0,theft,1
12.836929,77.635553,12,0,0,vehicle_theft,2
13.043247,77.516323,1,6,1,vehicle_theft,1
13.027522,77.593882,13,2,0,burglary,2
12.983058,77.607168,6,1,0,harassment,1
13.038981,77.532173,4,6,1,burglary,2
13.012129,77.696137,9,6,1,vehicle_theft,2
12.974821,77.576378,17,1,0,assault,3
13.043359,77.732692,15,5,1,burglary,1
13.008186,77.699361,18,4,0,theft,1
12.9682,77.580001,11,2,0,theft,1
12.938398,77.623594,0,2,0,theft,1
12.97384,77.609102,1,5,1,assault,3
12.974735,77.606705,0,6,1,harassment,1
12.976461,77.624002,23,4,0,assault,3
12.968759,77.577689,1,2,0,assault,3
12.973023,77.580763,10,3,0,fraud,1
12.97765,77.628472,7,4,0,assault,3
12.974916,77.640595,0,4,0,harassment,2
12.930089,77.582876,22,4,0,fraud,1
13.021851,77.531981,2,5,1,vehicle_theft,2
12.971421,77.530163,19,0,0,theft,1
12.978984,77.568812,12,5,1,theft,1
12.969683,77.575297,17,2,0,theft,1
12.977873,77.601444,4,1,0,theft,2
12.974644,77.606517,22,0,0,theft,2
12.976694,77.568209,6,4,0,theft,2
12.844598,77.66861,3,3,0,theft,1
13.041905,77.529539,3,6,1,theft,1
12.952901,77.705064,7,2,0,vehicle_theft,1
12.837307,77.671592,2,6,1,burglary,1
13.032705,77.539533,8,5,1,vehicle_theft,1
12.995714,77.554887,0,5,1,burglary,3
12.981261,77.758629,3,2,0,burglary,1
12.997414,77.58315,12,6,1,vehicle_theft,2
12.972974,77.529146,15,3,0,vehicle_theft,2
13.002778,77.705794,10,3,0,vehicle_theft,2
12.961675,77.644775,22,5,1,theft,1
12.962382,77.57393,7,5,1,harassment,2
12.970711,77.750101,22,0,0,theft,1
12.898444,77.593765,17,5,1,theft,1
12.909573,77.585775,21,6,1,burglary,1
12.98154,77.569415,7,6,1,assault,3
12.97453,77.571031,18,0,0,theft,1
13.036339,77.597803,18,3,0,vehicle_theft,2
12.978812,77.757642,22,4,0,vehicle_theft,2
13.073694,77.707108,5,6,1,vehicle_theft,2
12.970101,77.529723,18,6,1,burglary,2
12.90824,77.617325,7,4,0,vehicle_theft,2
12.905699,77.62323,22,6,1,vehicle_theft,3
12.97429,77.56845,21,6,1,theft,2
12.923782,77.597418,20,5,1,theft,2
13.093411,77.590761,1,1,0,vehicle_theft,2
12.983962,77.748333,4,3,0,burglary,2
12.938697,77.62374,18,1,0,theft,1
12.967712,77.526415,1,3,0,theft,2
12.975097,77.644736,2,4,0,theft,1
12.927102,77.630725,16,6,1,burglary,2
13.030983,77.54287,16,3,0,vehicle_theft,2
12.958256,77.705826,10,1,0,theft,1
12.955296,77.700109,7,5,1,burglary,1
12.974036,77.568273,9,2,0,theft,3
12.929087,77.547465,18,3,0,vehicle_theft,2
12.903601,77.61873,20,0,0,theft,1
13.10498,77.583957,15,5,1,vehicle_theft,2
13.01562,77.694097,19,0,0,burglary,3
12.84573,77.659949,23,1,0,theft,1
12.988036,77.485135,19,2,0,vehicle_theft,1
12.918333,77.632026,23,2,0,harassment,1
12.956083,77.699197,17,6,1,assault,3
12.969364,77.747394,5,0,0,theft,1
12.961108,77.581859,10,5,1,theft,2
12.906803,77.536174,10,4,0,vehicle_theft,2
13.000178,77.561814,22,4,0,assault,3
13.03222,77.522211,2,0,0,theft,1
12.905648,77.620591,8,4,0,vehicle_theft,3
12.972639,77.571712,16,1,0,theft,1
12.971757,77.743352,23,6,1,theft,1
12.902274,77.60394,16,4,0,vehicle_theft,2
12.908468,77.584315,3,1,0,theft,1
13.003873,77.571936,16,4,0,burglary,3
13.003796,77.688635,20,2,0,theft,2
12.897681,77.638099,18,2,0,theft,1
13.039504,77.604022,11,6,1,vehicle_theft,2
12.967611,77.743733,23,0,0,vehicle_theft,3
13.042123,77.732639,8,3,0,assault,1
12.915351,77.61246,16,2,0,theft,1
12.997132,77.549971,20,0,0,assault,3
12.91395,77.611139,1,3,0,harassment,1
12.937037,77.625685,5,2,0,harassment,1
13.117738,77.610023,3,5,1,burglary,1
12.911993,77.640972,22,1,0,theft,1
13.027776,77.540086,19,4,0,assault,3
12.843434,77.661443,1,4,0,theft,2
12.935479,77.577195,18,3,0,burglary,2
12.93734,77.550903,0,4,0,vehicle_theft,1
12.966418,77.57597,8,4,0,theft,1
12.975733,77.749096,22,5,1,vehicle_theft,1
13.027446,77.540105,18,0,0,theft,1
12.930754,77.623226,6,5,1,assault,3
13.007123,77.690499,18,2,0,burglary,1
12.918117,77.61185,1,1,0,harassment,1
13.027949,77.542251,8,4,0,vehicle_theft,2
12.999637,77.573876,20,3,0,burglary,2
12.934424,77.625513,1,0,0,assault,1
12.980874,77.60493,0,2,0,assault,2
12.918476,77.551857,21,4,0,theft,1
12.971318,77.571847,12,1,0,theft,1
12.962897,77.463709,13,4,0,harassment,2
13.027589,77.536893,20,0,0,vehicle_theft,1
13.024474,77.521653,1,3,0,vehicle_theft,3
12.972644,77.53027,1,1,0,burglary,2
12.990653,77.566318,21,0,0,fraud,1
12.926674,77.538099,14,4,0,burglary,2
12.978524,77.606749,1,6,1,harassment,1
12.943854,77.698961,11,5,1,vehicle_theft,2
12.988523,77.606902,22,2,0,theft,1
12.963552,77.697162,5,5,1,burglary,2
12.962953,77.580741,11,5,1,theft,2
12.997619,77.710744,17,0,0,assault,3
12.980744,77.518805,13,3,0,theft,2
12.964632,77.746262,3,2,0,theft,1
12.908675,77.620452,12,4,0,vehicle_theft,3
12.987127,77.604636,15,5,1,assault,3
12.960903,77.699524,21,4,0,assault,3
13.058695,77.509039,7,0,0,harassment,1
12.944848,77.58587,20,4,0,theft,1
12.847254,77.669462,1,1,0,vehicle_theft,3
12.928377,77.618015,15,6,1,theft,1
12.997513,77.552678,3,5,1,theft,1
12.971766,77.640784,21,3,0,assault,3
12.926767,77.552925,14,1,0,burglary,2
12.971794,77.526824,20,3,0,burglary,3
13.034106,77.590767,1,4,0,vehicle_theft,1
13.013576,77.700766,17,6,1,theft,1
12.902808,77.636677,19,0,0,theft,2
12.970253,77.644053,3,3,0,harassment,1
12.957754,77.702285,9,5,1,burglary,3
12.938367,77.559511,18,1,0,fraud,1
13.035572,77.615667,9,6,1,assault,3
12.981344,77.605556,22,1,0,harassment,2
12.968979,77.532659,22,0,0,theft,1
12.961057,77.577327,17,6,1,harassment,2
12.923307,77.63923,17,5,1,theft,2
13.039521,77.59472,7,6,1,vehicle_theft,2
12.950152,77.702625,16,6,1,vehicle_theft,1
12.847243,77.664614,2,5,1,vehicle_theft,2
12.932715,77.621934,20,2,0,assault,3
13.004257,77.567542,9,2,0,theft,1
12.961319,77.574168,18,4,0,theft,2
13.03459,77.598213,5,1,0,assault,2
12.928785,77.583273,18,3,0,fraud,1
12.967319,77.637521,6,2,0,assault,2
12.900728,77.624457,8,2,0,theft,1
13.030369,77.541229,18,4,0,vehicle_theft,2
12.984198,77.601763,3,0,0,theft,2
12.967224,77.575157,14,4,0,theft,1
12.929663,77.583363,17,3,0,theft,1
12.96187,77.580273,17,5,1,theft,1
12.90932,77.458212,4,0,0,theft,1
12.997085,77.558921,18,3,0,theft,1
13.095513,77.597788,13,3,0,burglary,1
12.907319,77.616094,22,1,0,vehicle_theft,2
12.967513,77.646407,1,3,0,assault,3
12.957505,77.702559,17,5,1,theft,1
12.979543,77.576279,10,1,0,harassment,1
12.978369,77.60866,2,6,1,theft,1
12.936419,77.62707,6,6,1,assault,3
12.927142,77.547929,17,3,0,theft,2
13.009152,77.69648,18,2,0,theft,1
13.097736,77.595171,22,2,0,burglary,1
12.948192,77.519027,19,1,0,vehicle_theft,3
12.9633,77.576987,19,2,0,theft,1
13.026116,77.549233,23,4,0,vehicle_theft,1
13.097206,77.593256,2,4,0,vehicle_theft,1
13.028138,77.523755,12,6,1,theft,1
12.899214,77.618542,15,2,0,vehicle_theft,2
12.986473,77.602496,13,6,1,harassment,1
13.018509,77.514588,0,2,0,vehicle_theft,1
12.964819,77.759599,22,6,1,theft,1
12.906954,77.637989,22,2,0,burglary,2
12.912325,77.640454,17,5,1,vehicle_theft,2
12.926128,77.624148,21,1,0,vehicle_theft,1
12.96685,77.581345,14,1,0,fraud,2
12.940008,77.622856,17,6,1,assault,3
12.901298,77.615453,2,4,0,vehicle_theft,1
13.083067,77.58695,22,1,0,theft,1
12.97,77.641257,21,5,1,harassment,2
13.035531,77.527739,22,1,0,theft,1
12.919956,77.609522,21,1,0,theft,1
12.912962,77.649675,18,1,0,theft,1
13.046714,77.53599,20,3,0,vehicle_theft,1
12.997471,77.550945,4,3,0,assault,3
12.910329,77.642466,19,5,1,vehicle_theft,2
12.899898,77.625238,10,2,0,assault,3
12.937297,77.586402,21,5,1,fraud,1
12.958139,77.585381,15,0,0,theft,1
12.926458,77.552278,16,5,1,theft,1
12.921413,77.553477,19,0,0,vehicle_theft,2
13.00154,77.699595,18,6,1,burglary,1
12.983692,77.5973,0,3,0,assault,3
12.969381,77.751118,6,2,0,theft,1
12.979164,77.570029,4,5,1,assault,3
12.994079,77.694467,5,5,1,theft,1
12.968004,77.579007,11,1,0,fraud,1
12.967435,77.521978,5,6,1,burglary,2
12.920411,77.633058,21,0,0,burglary,1
12.931938,77.589995,18,2,0,theft,1
12.974524,77.57841,18,5,1,theft,2
12.933789,77.62649,5,6,1,assault,3
12.902404,77.61472,9,5,1,vehicle_theft,2
12.975551,77.611868,3,2,0,theft,1
13.064458,77.467149,15,3,0,fraud,1
12.863302,77.594529,11,3,0,vehicle_theft,1
12.983923,77.568092,6,6,1,harassment,1
13.109349,77.602477,5,3,0,theft,1
12.983423,77.606203,20,5,1,harassment,1
12.90123,77.617504,0,1,0,theft,1
12.90506,77.655952,15,0,0,theft,1
12.90787,77.645842,23,3,0,theft,2
13.032356,77.602523,9,6,1,burglary,2
12.905288,77.616779,13,5,1,assault,2
13.032917,77.5202,18,5,1,theft,2
12.896551,77.628246,9,0,0,vehicle_theft,2
12.96831,77.749817,10,4,0,vehicle_theft,3
12.845476,77.66125,23,5,1,vehicle_theft,2
12.965942,77.584652,18,6,1,theft,1
13.008008,77.668801,17,2,0,fraud,2
12.98499,77.603655,18,1,0,assault,3
12.971758,77.640386,8,5,1,assault,3
12.984792,77.597529,16,3,0,theft,1
12.963653,77.577571,17,1,0,theft,1
13.033856,77.595089,9,5,1,assault,3
12.959417,77.739695,14,3,0,theft,1
12.974103,77.605781,9,1,0,assault,3
12.927284,77.581043,16,1,0,burglary,1
12.846711,77.659104,2,3,0,burglary,2
12.962793,77.577108,10,4,0,theft,1
13.098494,77.596296,2,1,0,vehicle_theft,2
12.844174,77.656713,0,6,1,fraud,1
12.968873,77.572903,14,4,0,harassment,1
13.09775,77.606656,0,2,0,vehicle_theft,2
12.963077,77.5787,11,6,1,theft,1
12.94071,77.757148,0,2,0,burglary,2
12.97505,77.605846,0,1,0,harassment,1
12.980859,77.600678,12,0,0,assault,2
12.971766,77.603568,23,0,0,harassment,1
12.837408,77.652648,21,0,0,theft,1
12.923298,77.591842,19,3,0,fraud,1
12.841223,77.657275,21,2,0,theft,1
13.068139,77.607691,3,2,0,harassment,1
12.946707,77.637547,0,5,1,assault,1
12.965672,77.577852,13,2,0,assault,2
12.935071,77.6231,22,5,1,theft,1
13.101313,77.595476,19,3,0,burglary,2
12.972895,77.640521,10,0,0,assault,3
12.997781,77.553998,8,4,0,theft,1
12.909223,77.617474,18,4,0,vehicle_theft,1
12.977899,77.61032,9,1,0,assault,3
12.981329,77.639566,22,6,1,harassment,2
13.03122,77.537199,11,0,0,vehicle_theft,2
12.932601,77.632737,11,3,0,harassment,1
12.908027,77.576545,17,2,0,theft,1
12.996072,77.555191,0,3,0,theft,1
12.990462,77.573221,11,2,0,theft,1
12.909561,77.58877,15,4,0,theft,1
12.999973,77.550258,21,3,0,theft,1
12.967708,77.579207,14,3,0,theft,1
12.977003,77.57098,10,2,0,fraud,1
12.998203,77.552147,17,5,1,theft,1
12.963292,77.582208,7,0,0,harassment,1
12.99805,77.554795,16,2,0,theft,1
12.969766,77.646152,20,5,1,theft,1
13.137047,77.656418,20,3,0,vehicle_theft,1
12.846817,77.659399,6,0,0,vehicle_theft,2
12.91693,77.607114,18,4,0,theft,2
12.941656,77.621774,22,5,1,assault,2
12.927971,77.541075,19,0,0,theft,1
13.074832,77.694513,18,6,1,burglary,1
13.012765,77.544764,7,4,0,assault,2
12.956296,77.700966,9,5,1,theft,2
12.973416,77.600881,21,5,1,theft,1
13.006029,77.566353,11,4,0,vehicle_theft,2
12.933345,77.619677,0,3,0,theft,2
13.001489,77.570999,10,1,0,fraud,1
12.939932,77.626659,10,0,0,theft,2
12.977934,77.749902,0,3,0,fraud,1
12.968987,77.629485,21,2,0,vehicle_theft,2
12.924744,77.546477,17,4,0,vehicle_theft,2
12.972951,77.779402,5,2,0,burglary,1
12.910026,77.623364,2,5,1,burglary,2
12.929928,77.546702,10,6,1,theft,1
12.910674,77.582317,9,1,0,burglary,2
12.96838,77.759538,18,5,1,fraud,2
13.023631,77.537747,7,6,1,vehicle_theft,1
12.962654,77.699345,9,1,0,burglary,3
12.954057,77.690901,21,6,1,vehicle_theft,2
13.087783,77.58535,22,2,0,burglary,1
12.905475,77.617865,9,3,0,theft,1
12.888662,77.456153,9,0,0,harassment,1
12.932877,77.571101,0,3,0,theft,1
12.968855,77.572626,18,1,0,fraud,1
12.982162,77.621364,4,2,0,theft,1
12.901676,77.601016,22,0,0,burglary,3
12.997467,77.574571,13,2,0,burglary,2
12.931707,77.581796,17,5,1,theft,1
12.977575,77.733173,3,0,0,burglary,2
12.971594,77.611922,12,5,1,assault,3
12.972281,77.530588,21,2,0,theft,1
12.932404,77.625404,0,0,0,harassment,2
13.023036,77.545709,8,1,0,vehicle_theft,2
12.974698,77.644987,23,2,0,assault,3
12.940186,77.700136,18,4,0,assault,3
13.025244,77.53811,0,1,0,assault,3
12.96447,77.579879,21,2,0,theft,1
12.964313,77.755897,1,2,0,vehicle_theft,2
12.978772,77.616947,21,3,0,harassment,1
13.099582,77.596547,14,0,0,vehicle_theft,3
12.974551,77.574326,21,4,0,harassment,1
12.977228,77.626151,0,4,0,theft,1
13.078323,77.730326,15,6,1,vehicle_theft,2
12.971526,77.5091,15,0,0,theft,1
12.97114,77.571998,18,3,0,assault,3
12.954368,77.697335,20,2,0,vehicle_theft,2
12.845738,77.661512,19,6,1,theft,1
12.988232,77.569122,11,1,0,theft,1
12.966604,77.579624,13,6,1,fraud,1
12.922595,77.629801,17,6,1,burglary,2
12.956436,77.701725,9,6,1,vehicle_theft,2
13.013783,77.631036,20,1,0,burglary,2
13.018003,77.52469,22,5,1,vehicle_theft,1
12.957436,77.69922,18,1,0,vehicle_theft,2
13.017583,77.540592,1,3,0,assault,3
12.929182,77.554465,18,6,1,vehicle_theft,2
12.906342,77.617298,0,0,0,vehicle_theft,2
12.976564,77.604967,3,6,1,theft,1
12.967119,77.751783,23,1,0,theft,1
12.936869,77.625703,1,1,0,harassment,1
12.930763,77.584029,21,4,0,burglary,2
12.92949,77.587267,1,0,0,burglary,3
12.963286,77.578118,5,5,1,theft,1
12.956201,77.700819,11,0,0,burglary,2
12.968419,77.577899,22,1,0,theft,1
13.029902,77.521693,18,0,0,burglary,2
12.958833,77.700799,23,4,0,burglary,2
13.003361,77.553378,6,1,0,theft,1
13.09917,77.596071,3,0,0,theft,1
12.946646,77.615091,14,4,0,harassment,2
13.10293,77.602633,5,4,0,burglary,2
12.964458,77.575553,20,4,0,theft,1
12.934815,77.628118,3,6,1,theft,1
12.977476,77.625884,23,4,0,theft,1
12.969159,77.577841,20,3,0,theft,1
13.008408,77.697536,11,6,1,assault,3
12.910433,77.594381,4,6,1,theft,2
12.93622,77.623287,7,6,1,harassment,1
13.004156,77.693829,16,6,1,theft,1
12.98392,77.604757,19,3,0,theft,1
13.042317,77.526024,4,1,0,vehicle_theft,1
12.920456,77.610612,18,3,0,vehicle_theft,2
12.960969,77.580501,13,4,0,theft,1
12.852374,77.678207,21,2,0,burglary,2
13.035977,77.597022,10,1,0,vehicle_theft,3
12.974964,77.606842,3,1,0,assault,2
12.91502,77.609348,7,3,0,vehicle_theft,1
12.966811,77.606212,0,2,0,harassment,1
13.021393,77.531178,7,6,1,theft,2
12.968346,77.524981,12,3,0,theft,1
12.967128,77.573868,4,6,1,theft,1
12.974925,77.607125,8,6,1,harassment,1
12.832071,77.652534,2,3,0,assault,2
12.912063,77.588627,20,6,1,burglary,2
12.976767,77.570625,12,2,0,theft,1
13.002417,77.568368,15,1,0,theft,1
12.933509,77.625816,23,0,0,theft,1
12.917719,77.58094,20,4,0,burglary,1
12.992979,77.614102,7,3,0,harassment,2
12.99782,77.55388,20,2,0,theft,1
13.030253,77.521287,3,2,0,burglary,2
12.985001,77.618091,10,5,1,assault,3
13.109504,77.559099,9,2,0,theft,2
12.976826,77.575635,18,3,0,theft,1
12.912372,77.641858,18,3,0,fraud,1
12.935098,77.616247,23,6,1,harassment,1
12.899463,77.619121,20,4,0,vehicle_theft,2
12.91521,77.543851,5,6,1,theft,1
12.975211,77.606812,9,5,1,assault,3
12.976004,77.608816,18,3,0,assault,3
12.997255,77.559861,15,0,0,burglary,2
12.844188,77.660114,20,4,0,vehicle_theft,2
12.971845,77.766959,22,6,1,theft,1
13.029935,77.546223,20,1,0,vehicle_theft,2
12.97181,77.572964,4,0,0,theft,2
13.097727,77.604338,2,1,0,vehicle_theft,2
12.923362,77.564657,16,1,0,theft,1
13.107067,77.582184,0,5,1,vehicle_theft,2
12.971949,77.576615,16,0,0,assault,3
13.037623,77.601717,18,0,0,assault,3
13.008178,77.759181,1,1,0,assault,1
12.963403,77.57599,23,1,0,theft,1
12.938491,77.545923,15,2,0,burglary,2
13.011048,77.691936,8,4,0,burglary,3
12.979419,77.607989,0,0,0,assault,3
12.965056,77.574795,2,4,0,theft,1
12.991607,77.54692,7,0,0,theft,1
12.947073,77.700075,20,4,0,theft,1
12.976647,77.57118,18,4,0,fraud,1
13.04921,77.574484,15,5,1,fraud,2
12.979995,77.61331,20,1,0,theft,1
12.980865,77.62066,22,6,1,theft,1
12.974734,77.609596,5,3,0,theft,1
12.917125,77.703915,15,2,0,harassment,1
12.849794,77.662904,22,5,1,burglary,1
12.892854,77.613798,20,6,1,vehicle_theft,1
12.977817,77.60261,2,3,0,assault,2
13.019247,77.603773,17,1,0,vehicle_theft,2
12.911552,77.620649,8,3,0,theft,1
12.985626,77.558688,22,2,0,theft,2
12.910886,77.594942,4,1,0,burglary,2
12.971548,77.574201,15,6,1,theft,1
12.914385,77.609117,18,5,1,theft,1
12.977608,77.605705,2,5,1,harassment,1
12.996993,77.55376,3,0,0,assault,3
13.038854,77.516037,0,2,0,burglary,3
12.959205,77.70782,9,5,1,vehicle_theft,3
13.033033,77.60171,5,1,0,burglary,2
13.0327,77.590313,17,2,0,theft,1
12.849045,77.654667,4,3,0,vehicle_theft,3
12.910744,77.643055,19,5,1,burglary,2
13.035638,77.599,21,0,0,assault,3
12.971873,77.64095,1,3,0,assault,2
12.906119,77.617925,21,5,1,vehicle_theft,2
12.956772,77.575424,13,1,0,theft,2
13.001123,77.560326,23,2,0,theft,1
13.035264,77.59708,8,4,0,vehicle_theft,2
12.966235,77.63625,7,0,0,harassment,1
13.00314,77.698939,18,6,1,assault,3
12.977586,77.57042,19,4,0,theft,1
12.945799,77.624788,9,0,0,assault,3
13.031547,77.542108,20,4,0,theft,1
12.923102,77.617956,19,0,0,burglary,2
12.971535,77.530472,19,4,0,theft,1
12.905271,77.591481,16,3,0,theft,1
12.958144,77.570679,2,2,0,harassment,2
13.003078,77.617487,3,2,0,burglary,2
12.931211,77.61706,15,0,0,vehicle_theft,2
12.978144,77.570168,17,4,0,theft,1
12.912985,77.640827,18,2,0,theft,1
12.921181,77.582,15,0,0,theft,1
12.97349,77.757901,1,6,1,fraud,1
12.985038,77.60355,19,6,1,theft,1
12.971203,77.751196,23,5,1,burglary,1
12.973317,77.617344,3,5,1,harassment,1
13.009956,77.697268,21,6,1,theft,1
13.00848,77.694637,20,0,0,burglary,2
12.984004,77.603382,16,5,1,theft,1
12.906012,77.619855,14,4,0,vehicle_theft,2
12.974035,77.615608,23,5,1,harassment,1
12.980101,77.572674,12,3,0,fraud,1
12.858408,77.684376,2,3,0,burglary,2
12.966105,77.643635,2,0,0,vehicle_theft,1
13.037729,77.514332,3,4,0,vehicle_theft,2
12.848638,77.660464,20,1,0,vehicle_theft,3
12.955988,77.697842,10,0,0,theft,1
13.025941,77.633724,8,0,0,burglary,1
12.962567,77.577415,14,4,0,fraud,1
13.100035,77.604529,22,3,0,vehicle_theft,2
12.970555,77.525513,4,4,0,vehicle_theft,1
13.035076,77.598032,15,2,0,vehicle_theft,3
12.962545,77.583155,11,1,0,harassment,1
12.917451,77.638106,14,0,0,vehicle_theft,2
12.958791,77.709783,17,2,0,vehicle_theft,1
12.99746,77.532175,23,4,0,burglary,3
13.020996,77.697091,10,5,1,vehicle_theft,3
12.965065,77.583073,17,2,0,theft,1
12.909908,77.643096,20,2,0,fraud,1
12.935048,77.624804,0,0,0,theft,1
12.930568,77.621713,9,4,0,vehicle_theft,2
12.916715,77.609991,18,2,0,vehicle_theft,2
12.985943,77.605441,15,6,1,harassment,2
12.92243,77.551293,2,6,1,vehicle_theft,3
12.963456,77.754379,22,4,0,theft,2
12.974832,77.758852,2,0,0,vehicle_theft,1
13.005142,77.566346,14,0,0,theft,2
13.015446,77.531961,22,0,0,vehicle_theft,2
13.010786,77.524108,16,0,0,assault,1
12.961928,77.584141,10,3,0,theft,1
12.984611,77.604467,13,5,1,theft,1
12.896503,77.609168,9,2,0,vehicle_theft,2
12.970731,77.574806,14,0,0,theft,1
13.046301,77.601534,7,2,0,vehicle_theft,1
12.969353,77.747361,23,3,0,theft,1
13.037519,77.523507,22,1,0,burglary,2
12.967106,77.75929,0,1,0,theft,2
12.960252,77.583372,23,5,1,theft,1
12.977502,77.607853,22,1,0,harassment,1
12.951084,77.572132,12,0,0,assault,3
12.977288,77.566412,13,6,1,theft,1
12.966333,77.57825,22,2,0,theft,1
12.969933,77.532433,21,1,0,theft,1
13.026135,77.523492,21,3,0,vehicle_theft,3
12.943345,77.609547,1,6,1,assault,2
12.980992,77.618878,16,0,0,theft,1
12.849881,77.663118,21,6,1,burglary,1
12.97203,77.573283,12,2,0,fraud,1
12.989003,77.546389,21,0,0,burglary,2
12.962213,77.575874,5,3,0,harassment,1
13.006659,77.69412,20,1,0,vehicle_theft,3
13.03909,77.595683,19,5,1,theft,1
12.961853,77.578113,14,0,0,theft,1
12.846222,77.662573,23,2,0,vehicle_theft,2
12.836253,77.652897,9,1,0,burglary,2
12.910907,77.645354,20,4,0,vehicle_theft,2
12.995441,77.680221,9,4,0,vehicle_theft,1
12.841844,77.6576,17,5,1,vehicle_theft,3
12.889839,77.586356,21,5,1,theft,1
12.944795,77.479491,21,2,0,burglary,1
13.009055,77.690936,18,1,0,burglary,2
12.989753,77.618964,0,6,1,theft,1
12.952459,77.707907,10,6,1,vehicle_theft,2
12.981264,77.605881,9,5,1,harassment,1
12.98285,77.617602,22,6,1,assault,3
12.850617,77.661781,2,5,1,vehicle_theft,2
12.975488,77.643842,21,6,1,vehicle_theft,2
12.933986,77.630574,23,0,0,assault,2
12.955431,77.702208,19,4,0,vehicle_theft,2
12.970941,77.749009,4,2,0,burglary,3
12.970048,77.580541,18,1,0,theft,2
13.002368,77.569331,18,2,0,theft,2
12.906852,77.587492,19,4,0,theft,1
12.982094,77.608911,19,5,1,assault,3
12.843421,77.660543,21,4,0,theft,1
13.026207,77.541464,16,2,0,vehicle_theft,1
13.039574,77.594692,20,0,0,theft,1
12.954738,77.704648,9,0,0,vehicle_theft,2
12.906885,77.606079,6,1,0,vehicle_theft,2
12.984833,77.604878,20,0,0,assault,3
12.928252,77.543683,6,6,1,vehicle_theft,2
12.976235,77.613845,1,5,1,assault,3
13.105389,77.596328,13,3,0,burglary,1
12.925219,77.548102,19,6,1,theft,1
12.90569,77.617817,23,6,1,vehicle_theft,1
12.929844,77.582934,22,2,0,theft,1
13.030771,77.515989,22,6,1,theft,1
12.907759,77.584139,23,2,0,theft,1
12.838511,77.635844,10,4,0,fraud,2
12.845619,77.65717,15,3,0,burglary,2
12.921163,77.606923,18,0,0,harassment,1
12.971876,77.569343,18,3,0,theft,1
12.983178,77.644187,0,5,1,theft,1
12.956133,77.638571,2,4,0,harassment,1
13.007421,77.698378,6,6,1,vehicle_theft,2
12.957694,77.697907,7,2,0,vehicle_theft,2
12.951354,77.698848,8,4,0,vehicle_theft,2
12.93694,77.578003,16,5,1,fraud,1
12.970911,77.582068,13,3,0,theft,1
12.941544,77.707693,10,4,0,burglary,2
12.957358,77.696806,8,4,0,vehicle_theft,3
12.962322,77.575425,10,3,0,harassment,2
12.992643,77.624739,11,4,0,assault,3
12.983041,77.615546,1,3,0,theft,1
12.977679,77.578705,9,2,0,theft,1
12.973349,77.529713,20,2,0,vehicle_theft,1
12.923225,77.55167,4,6,1,theft,2
13.069165,77.617243,19,0,0,fraud,2
12.971857,77.641236,22,5,1,assault,3
12.95865,77.751654,8,3,0,fraud,2
12.960324,77.576178,20,1,0,theft,1
12.979157,77.563598,10,4,0,fraud,2
12.944407,77.627113,2,3,0,assault,3
12.997728,77.55461,20,1,0,burglary,3
13.032154,77.538164,11,4,0,theft,1
12.830391,77.575091,22,0,0,fraud,1
13.091406,77.586631,4,3,0,vehicle_theft,2
12.965895,77.578447,11,4,0,theft,1
12.906537,77.609728,8,6,1,assault,3
12.847911,77.666395,5,6,1,vehicle_theft,2
12.851248,77.651543,22,5,1,vehicle_theft,2
13.028217,77.540141,0,3,0,theft,1
12.929168,77.581973,19,4,0,theft,1
12.970843,77.532029,19,2,0,theft,1
12.905985,77.616902,10,0,0,theft,1
12.970308,77.531064,22,2,0,theft,1
12.901767,77.651249,23,0,0,vehicle_theft,1
12.984829,77.60549,6,5,1,theft,2
12.954244,77.69811,1,0,0,vehicle_theft,2
12.968838,77.579351,0,0,0,theft,2
12.936288,77.639295,12,0,0,vehicle_theft,3
12.969593,77.757445,21,2,0,theft,1
12.983489,77.520378,19,2,0,burglary,3
13.13861,77.475645,1,5,1,assault,1
13.026976,77.540457,17,3,0,theft,1
12.918741,77.640128,17,5,1,theft,2
12.984367,77.605942,5,3,0,harassment,1
12.995365,77.56212,17,3,0,burglary,3
12.97825,77.534358,17,6,1,vehicle_theft,1
13.015803,77.706144,20,0,0,burglary,2
12.917754,77.641282,20,6,1,theft,2
12.931529,77.547396,20,2,0,theft,1
12.934248,77.624817,2,3,0,harassment,1
12.979471,77.754507,6,0,0,theft,1
12.965909,77.581577,12,2,0,theft,1
12.927726,77.599188,18,5,1,burglary,2
12.966995,77.576611,15,4,0,theft,1
13.0022,77.563123,9,2,0,theft,1
12.973916,77.63829,23,0,0,theft,2
13.030024,77.461582,1,4,0,fraud,2
12.951573,77.704644,5,1,0,theft,1
13.046156,77.599865,18,4,0,vehicle_theft,2
12.967878,77.579107,1,2,0,theft,2
12.977403,77.571639,10,5,1,harassment,2
13.002294,77.567369,18,0,0,burglary,3
12.971852,77.560192,17,3,0,theft,2
12.844574,77.653766,20,1,0,theft,1
12.965777,77.53495,22,0,0,theft,1
12.970222,77.581841,23,0,0,theft,1
12.975642,77.566905,10,4,0,theft,1
12.968255,77.750324,4,3,0,burglary,3
12.95871,77.725374,3,0,0,fraud,1
12.93331,77.544809,22,2,0,theft,2
13.008628,77.562254,15,6,1,burglary,3
12.92167,77.598983,19,5,1,vehicle_theft,2
12.907667,77.594096,18,6,1,vehicle_theft,3
12.837097,77.639713,22,3,0,theft,1
12.966887,77.578069,13,4,0,fraud,1
12.985846,77.604216,13,5,1,theft,1
13.008531,77.685208,11,6,1,theft,1
13.001264,77.560384,17,5,1,theft,1
13.001796,77.683758,18,2,0,vehicle_theft,3
12.98387,77.61767,21,3,0,theft,2
13.036341,77.596276,21,1,0,theft,1
12.832838,77.672128,1,3,0,fraud,1
12.996532,77.559781,15,4,0,assault,3
13.005943,77.581366,18,3,0,theft,1
12.971709,77.628704,0,4,0,assault,2
12.985906,77.623459,22,0,0,harassment,1
12.846973,77.655444,21,1,0,fraud,1
12.909326,77.637722,19,0,0,theft,1
13.011042,77.693803,23,2,0,vehicle_theft,1
12.982786,77.746541,0,5,1,vehicle_theft,1
12.962451,77.749008,2,0,0,theft,1
12.847416,77.682465,23,1,0,fraud,2
13.034749,77.513604,0,4,0,vehicle_theft,1
12.985178,77.624708,1,4,0,theft,1
12.986663,77.758755,23,1,0,burglary,2
12.920824,77.589727,14,5,1,fraud,1
13.033503,77.520391,23,6,1,burglary,2
12.985184,77.619629,23,1,0,theft,1
13.041362,77.594995,20,2,0,theft,2
12.957117,77.580405,12,2,0,theft,2
12.973247,77.528681,22,1,0,vehicle_theft,2
12.845891,77.623182,11,5,1,vehicle_theft,1
12.976364,77.566161,16,1,0,theft,2
12.996133,77.560626,20,4,0,theft,1
12.921688,77.607152,17,2,0,burglary,2
12.927702,77.588792,5,0,0,burglary,2
12.998589,77.552983,1,4,0,assault,2
13.001945,77.579181,6,4,0,fraud,1
13.000041,77.563075,20,1,0,theft,1
12.904422,77.615487,9,0,0,burglary,2
12.964464,77.581351,23,0,0,assault,3
12.96343,77.641689,1,4,0,harassment,1
12.968266,77.748855,21,1,0,vehicle_theft,3
12.927552,77.575677,0,4,0,burglary,1
12.999498,77.696519,22,3,0,vehicle_theft,2
12.929609,77.637379,0,3,0,theft,1
12.925763,77.61652,0,4,0,harassment,2
13.036279,77.59719,7,2,0,vehicle_theft,1
13.042525,77.615332,8,2,0,theft,1
12.902922,77.639565,15,1,0,theft,2
13.01217,77.566575,5,3,0,harassment,1
12.965382,77.580086,9,4,0,theft,1
12.969809,77.582641,16,1,0,fraud,1
13.007656,77.562229,17,1,0,theft,1
12.970551,77.614194,1,5,1,harassment,1
12.907176,77.582718,18,4,0,theft,1
12.970715,77.637808,23,0,0,harassment,1
12.981125,77.621481,6,4,0,harassment,2
12.910471,77.642425,2,0,0,burglary,2
12.98207,77.621144,13,4,0,harassment,1
13.041918,77.707688,5,3,0,assault,1
12.96574,77.571796,7,2,0,fraud,1
12.912145,77.607886,0,2,0,theft,2
12.971321,77.58068,16,4,0,theft,1
13.108971,77.747019,3,6,1,burglary,1
13.095738,77.593676,22,5,1,burglary,1
12.986751,77.603576,13,3,0,theft,1
12.840814,77.656384,22,5,1,burglary,3
12.981779,77.596219,0,2,0,assault,3
13.023418,77.536879,22,0,0,assault,2
12.96635,77.577911,14,0,0,theft,1
12.997754,77.555269,20,2,0,theft,1
12.917044,77.609763,9,1,0,vehicle_theft,2
12.987144,77.625412,1,2,0,assault,3
13.005373,77.567862,6,3,0,burglary,2
12.986589,77.596488,11,6,1,theft,1
13.010364,77.69868,19,6,1,theft,2
13.027043,77.521901,2,2,0,burglary,3
13.075373,77.70459,5,1,0,assault,2
12.924368,77.547645,18,5,1,vehicle_theft,2
13.090144,77.595026,6,3,0,vehicle_theft,2
12.978926,77.56892,6,3,0,theft,1
13.009118,77.546224,17,3,0,theft,1
12.84914,77.650384,11,5,1,burglary,1
13.031543,77.54204,12,3,0,vehicle_theft,2
12.906859,77.645042,16,5,1,burglary,2
12.973388,77.746279,23,5,1,theft,1
12.918766,77.561873,18,5,1,vehicle_theft,1
12.917677,77.631269,21,0,0,theft,1
12.97667,77.533149,17,3,0,vehicle_theft,2
12.934298,77.554133,20,2,0,theft,1
12.941085,77.634137,0,2,0,theft,2
13.098813,77.58386,2,4,0,burglary,2
13.020765,77.550755,10,2,0,vehicle_theft,1
12.967958,77.578963,10,2,0,fraud,2
12.942826,77.624018,23,5,1,theft,1
12.931014,77.582498,17,1,0,burglary,1
12.934737,77.624926,1,2,0,harassment,1
12.982837,77.574351,18,0,0,theft,1
13.006695,77.695906,8,3,0,assault,2
12.977631,77.607335,22,3,0,assault,3
12.914838,77.642116,17,3,0,burglary,2
12.962835,77.579296,10,6,1,theft,1
12.897389,77.582413,15,4,0,vehicle_theft,2
13.016485,77.515088,12,5,1,vehicle_theft,2
12.923061,77.542712,11,3,0,burglary,1
12.902197,77.575547,16,6,1,vehicle_theft,2
12.980545,77.599705,0,2,0,theft,1
12.843903,77.662233,21,6,1,vehicle_theft,2
12.950547,77.579245,10,0,0,assault,3
12.970123,77.645021,19,4,0,vehicle_theft,2
12.917538,77.606462,17,0,0,burglary,2
12.905922,77.586846,1,4,0,theft,1
12.906161,77.586262,13,5,1,theft,1
12.971613,77.642453,23,0,0,vehicle_theft,3
12.898452,77.62823,17,6,1,vehicle_theft,3
12.968219,77.636942,2,5,1,theft,1
13.102422,77.59465,23,1,0,burglary,2
12.974169,77.569732,8,2,0,theft,1
12.997062,77.559513,4,0,0,theft,1
12.971507,77.528998,22,3,0,theft,1
13.003693,77.572773,14,4,0,theft,1
13.040302,77.529316,22,6,1,burglary,2
13.033631,77.526673,11,5,1,theft,1
12.869733,77.600676,6,4,0,assault,1
13.037543,77.591581,11,3,0,burglary,2
12.955977,77.700988,8,1,0,vehicle_theft,2
12.92493,77.54648,8,2,0,burglary,1
12.90779,77.590092,5,4,0,theft,1
12.936623,77.633505,2,4,0,theft,1
12.907488,77.590613,23,4,0,burglary,2
12.989745,77.62423,0,3,0,assault,3
12.962784,77.759966,22,2,0,vehicle_theft,3
12.965766,77.744677,8,2,0,fraud,1
12.908888,77.640538,10,1,0,fraud,2
12.860028,77.671041,19,1,0,fraud,1
12.977219,77.540552,0,3,0,vehicle_theft,2
13.003123,77.569387,11,0,0,theft,1
12.974457,77.609086,23,1,0,theft,1
13.004085,77.572411,11,5,1,burglary,1
12.981522,77.642601,1,4,0,assault,2
12.915711,77.643392,21,0,0,vehicle_theft,3
13.00605,77.693271,11,5,1,vehicle_theft,3
12.92127,77.549153,21,2,0,theft,1
12.968464,77.577111,12,1,0,theft,1
12.91199,77.464649,15,4,0,vehicle_theft,2
12.929551,77.545666,21,5,1,vehicle_theft,1
12.959843,77.573944,6,5,1,harassment,1
12.972364,77.641306,19,5,1,theft,1
12.986767,77.575315,5,5,1,theft,2
12.850498,77.658658,1,6,1,burglary,1
12.997839,77.557935,19,5,1,theft,1
13.035415,77.596664,5,6,1,theft,1
12.969013,77.748296,2,4,0,burglary,1
13.108618,77.603296,14,4,0,burglary,3
13.032328,77.52085,5,0,0,vehicle_theft,3
12.958124,77.699685,19,1,0,burglary,2
12.841547,77.646029,19,4,0,burglary,2
12.918471,77.615446,17,1,0,theft,1
12.962416,77.577751,15,3,0,theft,1
12.976577,77.569411,11,3,0,harassment,2
12.971589,77.638569,1,6,1,harassment,1
12.963848,77.576062,15,5,1,assault,3
12.973131,77.531068,17,1,0,theft,1
13.000479,77.583421,9,3,0,theft,1
12.905309,77.606134,3,6,1,vehicle_theft,2
12.979471,77.603099,21,4,0,theft,1
12.978685,77.606661,11,4,0,harassment,2
13.023836,77.547069,11,0,0,theft,1
13.034534,77.517871,0,6,1,vehicle_theft,2
13.039776,77.596827,11,0,0,vehicle_theft,2
13.005253,77.548234,10,4,0,assault,2
12.976787,77.571655,20,5,1,theft,1
12.932865,77.578412,22,5,1,burglary,2
12.844377,77.661763,0,5,1,theft,1
12.973097,77.57672,16,1,0,theft,1
13.028909,77.538177,21,3,0,theft,1
12.916154,77.609856,21,5,1,harassment,1
12.850004,77.662365,1,0,0,theft,1
13.044645,77.45747,15,4,0,theft,2
12.905472,77.649888,23,4,0,fraud,1
12.96842,77.567115,17,4,0,theft,1
13.028275,77.514481,3,5,1,burglary,2
13.00267,77.698217,11,1,0,assault,3
13.09771,77.575034,0,3,0,vehicle_theft,1
13.002039,77.575785,21,0,0,burglary,2
12.926605,77.641343,23,2,0,theft,1
12.952035,77.758743,23,6,1,fraud,1
12.99234,77.609285,19,3,0,theft,1
12.918143,77.60528,2,1,0,burglary,2
12.845188,77.660143,23,2,0,vehicle_theft,2
12.910883,77.608802,1,6,1,burglary,3
12.948853,77.692848,15,6,1,burglary,1
12.977089,77.572517,11,0,0,theft,1
13.037388,77.596027,16,2,0,theft,1
12.904455,77.642522,21,6,1,burglary,3
12.935832,77.619016,22,2,0,theft,2
12.978996,77.626951,12,5,1,assault,3
13.001602,77.569351,16,3,0,burglary,2
12.987174,77.605292,3,2,0,theft,2
12.966446,77.580398,4,6,1,theft,2
12.981645,77.609106,16,3,0,theft,1
13.013882,77.676654,1,5,1,vehicle_theft,1
13.00441,77.695252,12,5,1,burglary,2
13.013412,77.533182,18,2,0,theft,1
12.98513,77.602544,18,2,0,assault,3
12.986048,77.61014,15,4,0,harassment,2
12.973002,77.633628,1,4,0,harassment,1
12.904951,77.613277,21,4,0,vehicle_theft,2
12.970398,77.579995,6,2,0,fraud,1
12.930132,77.582958,18,4,0,theft,1
12.966459,77.757455,23,4,0,theft,1
12.984331,77.604988,17,5,1,theft,1
12.957232,77.706915,20,2,0,vehicle_theft,1
12.957836,77.698042,7,4,0,vehicle_theft,3
12.842076,77.661088,7,5,1,theft,1
13.017253,77.569927,20,2,0,theft,1
13.001629,77.568876,13,1,0,fraud,3
13.011892,77.694925,20,5,1,theft,1
12.902321,77.576468,4,3,0,vehicle_theft,2
12.935563,77.554044,16,4,0,theft,2
12.980081,77.571252,13,5,1,theft,1
12.969498,77.602223,22,4,0,assault,3
13.002606,77.680662,19,0,0,vehicle_theft,2
12.926761,77.55268,21,4,0,theft,1
12.980749,77.619337,10,5,1,assault,3
13.001615,77.556464,23,6,1,assault,3
12.902124,77.614792,18,2,0,vehicle_theft,2
12.978037,77.568635,10,0,0,theft,1
12.993324,77.560694,19,5,1,burglary,3
12.986112,77.605927,9,1,0,harassment,1
12.981311,77.600672,12,4,0,harassment,2
12.939845,77.621196,0,6,1,theft,1
12.921887,77.552416,21,5,1,burglary,3
12.907695,77.635031,19,5,1,vehicle_theft,2
12.974099,77.731339,1,1,0,assault,1
12.913443,77.60974,22,1,0,theft,2
12.915487,77.617305,7,1,0,vehicle_theft,1
13.027906,77.539332,10,1,0,vehicle_theft,1
12.845184,77.659573,22,0,0,burglary,2
13.091636,77.595613,1,4,0,burglary,2
12.974958,77.605239,7,3,0,theft,2
13.001511,77.571972,20,4,0,theft,1
12.909857,77.641079,23,1,0,fraud,1
12.975111,77.579189,19,5,1,theft,2
12.841537,77.656761,22,1,0,burglary,1
12.950847,77.691339,19,3,0,assault,2
12.969478,77.750584,23,4,0,burglary,2
13.001904,77.58351,12,2,0,burglary,1
12.987047,77.620633,0,5,1,theft,1
12.969916,77.57212,3,0,0,harassment,1
13.025205,77.536845,11,2,0,theft,1
12.999462,77.556143,20,6,1,theft,1
12.895651,77.654921,23,4,0,theft,1
12.909973,77.640871,15,4,0,fraud,1
12.980686,77.747796,0,4,0,fraud,1
12.969517,77.750466,23,1,0,fraud,2
12.955677,77.702867,19,2,0,burglary,3
12.969027,77.749329,14,5,1,fraud,1
13.033535,77.544589,19,2,0,theft,1
12.974635,77.640671,19,3,0,vehicle_theft,1
12.989855,77.611754,18,1,0,assault,3
12.933533,77.622316,6,1,0,assault,3
12.970247,77.637151,0,4,0,assault,2
13.029723,77.536346,8,0,0,theft,2
12.980134,77.757227,3,4,0,vehicle_theft,2
13.036307,77.593376,9,1,0,theft,1
13.025059,77.532741,18,0,0,theft,1
13.030749,77.60521,16,0,0,theft,1
13.025074,77.53687,6,6,1,vehicle_theft,1
12.954706,77.709817,9,5,1,burglary,3
12.935016,77.637834,22,1,0,theft,1
12.976885,77.569849,14,2,0,theft,1
12.917706,77.607983,18,6,1,harassment,1
12.983894,77.607155,11,5,1,theft,1
13.001523,77.577153,11,0,0,fraud,1
12.984338,77.627061,21,5,1,assault,2
12.960939,77.538699,23,1,0,theft,1
12.922278,77.551236,22,1,0,theft,1
12.976348,77.576447,15,2,0,theft,1
12.975186,77.53262,16,6,1,theft,1
12.848567,77.666664,0,0,0,vehicle_theft,2
12.8611,77.667463,1,4,0,burglary,2
12.971902,77.734876,3,6,1,theft,1
12.927949,77.635746,18,5,1,vehicle_theft,3
12.981451,77.565965,14,2,0,harassment,1
12.904368,77.619826,21,0,0,vehicle_theft,2
12.981853,77.596862,14,3,0,harassment,1
12.981435,77.624074,0,0,0,harassment,1
12.977337,77.530832,21,5,1,vehicle_theft,2
13.025155,77.54362,22,5,1,vehicle_theft,1
12.967098,77.577504,1,6,1,theft,1
13.008262,77.695779,10,2,0,theft,1
13.006813,77.571064,10,4,0,theft,2
12.973622,77.642295,0,1,0,harassment,2
12.956591,77.700042,10,1,0,vehicle_theft,1
12.931133,77.624772,7,1,0,theft,1
12.906675,77.613565,7,2,0,theft,2
12.939487,77.630041,21,2,0,theft,1
13.103493,77.60009,3,1,0,vehicle_theft,3
13.032229,77.520589,9,4,0,vehicle_theft,2
12.935042,77.624754,3,5,1,assault,3
12.855584,77.652273,21,3,0,vehicle_theft,2
12.910845,77.641947,23,0,0,vehicle_theft,2
12.96429,77.58176,18,6,1,theft,1
12.911673,77.613419,21,4,0,theft,2
12.917599,77.678225,9,1,0,vehicle_theft,1
13.021345,77.545684,19,1,0,vehicle_theft,2
12.986214,77.606544,3,5,1,theft,1
12.938088,77.61498,22,0,0,theft,1
12.911161,77.617701,8,1,0,vehicle_theft,2
13.095164,77.591097,18,6,1,theft,2
12.927584,77.628499,1,2,0,theft,1
12.929733,77.57701,4,0,0,burglary,2
13.017135,77.61962,18,5,1,harassment,2
12.906314,77.610137,11,6,1,vehicle_theft,1
12.905516,77.584204,9,1,0,theft,2
12.929255,77.633283,19,6,1,theft,1
13.027989,77.541202,8,6,1,theft,1
12.944905,77.625349,16,3,0,fraud,1
12.983206,77.608085,23,6,1,assault,3
12.912355,77.634272,12,0,0,vehicle_theft,1
12.980132,77.610777,10,4,0,assault,3
12.975529,77.572011,15,3,0,assault,3
13.09702,77.598941,4,0,0,burglary,2
13.003648,77.569815,18,4,0,theft,1
13.023375,77.543335,9,5,1,assault,2
12.941163,77.610371,1,2,0,harassment,1
12.888725,77.637277,21,0,0,vehicle_theft,1
13.007726,77.697384,10,5,1,vehicle_theft,3
12.927235,77.545872,22,6,1,theft,1
13.122403,77.451736,2,1,0,vehicle_theft,2
12.984777,77.604735,15,5,1,theft,1
12.915333,77.617656,23,2,0,theft,1
12.980233,77.609394,12,0,0,theft,1
13.002383,77.569896,4,3,0,theft,2
12.910409,77.59173,4,6,1,vehicle_theft,2
12.974534,77.606723,2,4,0,harassment,1
12.908477,77.61395,23,2,0,vehicle_theft,2
12.975939,77.607098,23,3,0,theft,1
12.934378,77.625498,23,6,1,vehicle_theft,3
13.103124,77.610952,0,0,0,theft,2
12.985473,77.622935,5,4,0,theft,1
12.988881,77.611293,0,5,1,theft,1
12.990936,77.553818,3,1,0,burglary,1
12.980152,77.613493,23,2,0,theft,1
12.961975,77.579271,13,5,1,theft,1
13.009665,77.692216,9,0,0,theft,2
12.915962,77.608221,15,3,0,burglary,2
12.925459,77.598457,16,5,1,burglary,1
12.906569,77.584905,19,2,0,theft,1
13.004154,77.695482,20,0,0,burglary,2
12.913391,77.6412,19,4,0,fraud,1
12.956381,77.510582,14,1,0,burglary,1
13.061274,77.636957,19,1,0,harassment,1
12.981013,77.605931,6,0,0,assault,3
12.925213,77.563898,18,4,0,vehicle_theft,2
12.934331,77.575283,18,6,1,burglary,2
13.046545,77.527723,0,1,0,vehicle_theft,2
12.980355,77.598154,7,2,0,theft,2
13.000702,77.552902,11,0,0,burglary,1
12.970101,77.644639,22,3,0,theft,1
13.008267,77.699292,11,0,0,assault,3
12.881674,77.539033,2,5,1,theft,2
12.83,77.661407,3,0,0,vehicle_theft,2
12.980511,77.610706,22,6,1,theft,2
12.844908,77.655199,21,3,0,theft,1
12.923919,77.529476,20,0,0,vehicle_theft,2
12.879877,77.612413,20,0,0,burglary,1
12.964453,77.58101,10,2,0,fraud,1
12.966479,77.581589,4,1,0,theft,1
12.964966,77.757153,23,5,1,fraud,1
13.098121,77.597871,8,6,1,vehicle_theft,2
12.971334,77.576383,11,6,1,theft,2
12.912453,77.640576,15,0,0,theft,1
12.911517,77.636207,20,2,0,burglary,2
12.971474,77.577535,19,6,1,harassment,1
12.993871,77.550138,10,3,0,burglary,2
12.846315,77.772022,3,3,0,fraud,2
12.907441,77.583176,13,2,0,theft,2
12.976572,77.611198,15,3,0,assault,3
12.975235,77.648651,0,2,0,assault,3
13.004671,77.561014,13,3,0,fraud,1
12.977104,77.575619,7,0,0,theft,1
12.930596,77.582867,22,1,0,burglary,2
12.92938,77.622781,22,5,1,assault,3
12.973392,77.747991,5,2,0,fraud,2
12.960827,77.579186,7,3,0,assault,3
12.913501,77.65665,21,1,0,theft,2
12.984334,77.614107,7,6,1,assault,3
12.921058,77.545088,23,5,1,vehicle_theft,2
12.905449,77.589739,23,1,0,theft,2
12.847883,77.636106,7,4,0,theft,1
13.00939,77.696674,11,0,0,burglary,2
12.967576,77.637748,1,6,1,theft,1
12.967739,77.742611,22,3,0,burglary,1
13.102651,77.597332,3,1,0,vehicle_theft,1
12.969669,77.572788,19,0,0,theft,2
12.97181,77.64275,0,6,1,theft,1
13.030391,77.537372,23,0,0,vehicle_theft,3
13.033298,77.535615,2,6,1,vehicle_theft,2
13.034895,77.521304,3,1,0,theft,1
12.974119,77.638155,21,0,0,assault,2
13.008409,77.705524,12,6,1,vehicle_theft,2
12.845207,77.659834,8,3,0,burglary,2
12.974348,77.637644,23,6,1,assault,3
12.964269,77.640144,2,5,1,harassment,1
12.913181,77.598379,15,4,0,vehicle_theft,2
12.906791,77.607603,8,4,0,theft,1
12.913525,77.595063,20,0,0,theft,1
12.90795,77.582581,19,4,0,theft,1
12.959314,77.577319,15,2,0,theft,1
12.971923,77.6409,21,2,0,theft,2
12.969668,77.749406,13,6,1,burglary,2
12.969341,77.572098,3,6,1,theft,1
12.972278,77.639899,1,1,0,theft,1
12.979117,77.603821,18,0,0,theft,1
12.908096,77.604714,15,0,0,burglary,3
12.966421,77.577469,17,0,0,fraud,2
13.040488,77.60309,17,2,0,theft,2
12.970862,77.602531,21,4,0,assault,3
12.842446,77.54796,4,6,1,burglary,1
12.902964,77.616909,17,0,0,theft,1
12.969133,77.752464,22,4,0,theft,1
12.927107,77.597294,15,0,0,theft,1
12.969474,77.575275,8,2,0,theft,1
12.913235,77.579735,16,3,0,vehicle_theft,1
12.975403,77.602738,0,5,1,harassment,1
12.973825,77.604666,3,0,0,harassment,2
12.928966,77.622384,19,6,1,vehicle_theft,2
12.913762,77.635201,18,3,0,burglary,3
12.920711,77.546213,21,0,0,theft,1
12.97569,77.604366,3,2,0,assault,3
13.007239,77.570004,6,0,0,burglary,2
13.00325,77.557298,21,0,0,assault,3
12.974313,77.73685,0,1,0,theft,1
12.968932,77.577639,19,2,0,theft,1
12.960888,77.61806,1,4,0,theft,1
12.974537,77.631594,19,6,1,assault,3
12.897542,77.604559,0,4,0,burglary,1
12.956332,77.704818,19,6,1,theft,1
12.967772,77.583997,22,5,1,theft,2
12.975621,77.607296,5,3,0,theft,1
12.899769,77.76798,12,1,0,vehicle_theft,1
12.974669,77.526639,23,1,0,theft,1
12.952374,77.693522,17,3,0,theft,2
12.973437,77.607759,0,5,1,harassment,1
12.971532,77.583648,14,6,1,assault,2
13.009229,77.567185,20,1,0,fraud,1
12.97578,77.60443,23,0,0,assault,3
12.916044,77.542784,18,6,1,burglary,2
13.017487,77.481212,14,6,1,assault,1
12.972512,77.63661,1,6,1,assault,3
12.963643,77.575482,19,3,0,theft,1
12.841082,77.65328,21,0,0,vehicle_theft,1
12.8494,77.65005,23,4,0,vehicle_theft,2
12.994545,77.603203,14,5,1,theft,2
13.091634,77.589265,2,5,1,theft,1
12.906942,77.578274,5,0,0,burglary,2
13.090172,77.58156,9,6,1,vehicle_theft,1
12.997772,77.578707,21,2,0,theft,3
12.967865,77.752052,3,4,0,vehicle_theft,2
12.951064,77.749683,16,0,0,vehicle_theft,3
12.841015,77.65512,19,5,1,burglary,1
12.985139,77.616355,23,0,0,theft,1
12.977277,77.571444,8,5,1,fraud,2
12.952771,77.702978,20,5,1,vehicle_theft,1
12.998204,77.556253,21,1,0,burglary,2
13.014578,77.695783,19,5,1,vehicle_theft,2
13.005736,77.693755,5,0,0,burglary,2
12.972498,77.640303,2,2,0,theft,1
12.949995,77.570948,22,1,0,harassment,1
13.004755,77.566536,9,3,0,theft,1
12.934484,77.622973,22,4,0,assault,3
12.976191,77.604868,23,5,1,theft,2
13.002565,77.570898,9,6,1,fraud,1
13.003007,77.554435,14,4,0,burglary,1
12.976154,77.567919,19,4,0,theft,1
12.846695,77.654539,2,3,0,theft,2
12.926943,77.583085,21,2,0,theft,1
12.906254,77.606476,2,3,0,theft,1
12.967999,77.578999,10,2,0,theft,1
12.980204,77.622824,20,5,1,assault,3
13.034044,77.509252,11,0,0,theft,1
12.993058,77.554617,19,5,1,burglary,2
12.904302,77.587675,23,1,0,theft,2
12.971066,77.576281,11,1,0,assault,3
12.931058,77.635682,12,5,1,assault,3
12.968195,77.580279,14,6,1,theft,1
13.003519,77.573394,4,5,1,theft,1
12.961681,77.577602,2,4,0,assault,2
12.982854,77.604222,8,4,0,theft,1
12.917385,77.506641,11,0,0,burglary,1
12.913939,77.603869,23,0,0,theft,1
12.953902,77.698353,5,6,1,theft,2
12.918715,77.623986,2,5,1,theft,1
13.044775,77.589277,6,5,1,vehicle_theft,1
12.965343,77.74523,8,4,0,fraud,1
13.029108,77.53976,21,1,0,vehicle_theft,2
12.91424,77.648642,17,0,0,burglary,2
12.935418,77.581769,2,4,0,burglary,2
12.973051,77.641918,0,5,1,assault,3
12.979081,77.610278,23,4,0,theft,1
12.920056,77.626767,13,3,0,harassment,1
12.901376,77.600565,2,6,1,vehicle_theft,1
12.974378,77.561099,20,1,0,fraud,1
12.932672,77.623954,21,0,0,vehicle_theft,3
12.976681,77.572415,6,5,1,theft,1
12.984872,77.604548,20,4,0,harassment,1
12.90856,77.581493,21,3,0,theft,1
12.984443,77.602738,10,6,1,harassment,1
12.844755,77.659438,3,2,0,vehicle_theft,3
12.975895,77.606886,0,1,0,harassment,1
13.10072,77.595898,18,3,0,burglary,1
13.122453,77.557464,18,4,0,fraud,2
12.981137,77.623517,0,1,0,assault,3
12.913579,77.60813,23,0,0,theft,2
12.920706,77.58457,21,2,0,fraud,1
12.927494,77.584435,23,0,0,fraud,1
12.850811,77.668367,22,3,0,burglary,2
12.971591,77.572482,18,3,0,fraud,1
13.014426,77.696254,17,5,1,theft,2
12.935404,77.578919,7,4,0,burglary,3
13.039127,77.592244,0,4,0,burglary,1
12.963837,77.574657,19,4,0,theft,1
12.968494,77.641259,20,5,1,theft,1
12.963619,77.757393,17,2,0,fraud,2
12.916299,77.59458,19,5,1,vehicle_theft,2
13.004658,77.68984,18,1,0,theft,1
12.968158,77.579518,15,2,0,theft,1
12.844977,77.660561,16,4,0,vehicle_theft,2
12.965793,77.569631,22,4,0,harassment,1
12.976559,77.573976,9,6,1,harassment,1
12.842533,77.659204,23,4,0,vehicle_theft,3
12.962996,77.638653,23,2,0,assault,3
12.97163,77.611583,21,6,1,theft,1
13.098061,77.593037,20,0,0,vehicle_theft,1
12.83,77.646265,14,5,1,vehicle_theft,2
12.957077,77.578002,7,2,0,theft,1
12.906654,77.621129,9,6,1,assault,2
13.001442,77.554299,18,0,0,burglary,2
12.959124,77.575694,12,5,1,theft,1
12.84645,77.661018,0,4,0,burglary,2
12.968943,77.572981,13,2,0,theft,1
12.84171,77.664363,15,0,0,vehicle_theft,3
12.978133,77.574739,18,6,1,theft,1
12.975218,77.570386,11,0,0,harassment,1
13.005039,77.702476,14,4,0,burglary,2
13.025893,77.539169,16,5,1,assault,3
12.925981,77.621878,23,4,0,assault,3
13.004315,77.683103,18,3,0,vehicle_theft,2
12.915555,77.638536,20,1,0,vehicle_theft,2
12.907772,77.68279,10,4,0,fraud,1
12.972932,77.531299,16,4,0,burglary,2
12.843822,77.660375,2,0,0,theft,1
12.958122,77.572032,5,1,0,theft,1
13.022709,77.540162,10,6,1,assault,2
13.041299,77.595289,22,0,0,vehicle_theft,2
12.972621,77.604441,0,5,1,harassment,1
12.980764,77.61029,8,6,1,harassment,1
12.8337,77.654182,2,3,0,burglary,3
12.982143,77.62566,5,5,1,assault,3
12.910761,77.638407,17,2,0,burglary,2
12.843862,77.661113,2,3,0,fraud,1
12.964722,77.57557,17,5,1,theft,1
12.925587,77.546082,19,5,1,vehicle_theft,2
12.912856,77.64248,16,1,0,theft,2
12.916835,77.618934,15,5,1,vehicle_theft,2
13.004769,77.57731,3,4,0,theft,2
13.033631,77.535922,17,1,0,vehicle_theft,3
13.012077,77.704433,18,2,0,assault,3
12.909896,77.615609,1,0,0,burglary,3
12.981594,77.614534,1,0,0,assault,2
13.005193,77.705906,18,0,0,burglary,3
12.934702,77.624262,20,2,0,assault,3
12.90595,77.61806,22,0,0,assault,3
12.986695,77.580877,19,4,0,harassment,1
12.921328,77.573625,0,2,0,burglary,2
12.963396,77.525974,17,3,0,burglary,2
12.975917,77.533007,22,2,0,theft,1
12.983088,77.609974,3,0,0,theft,1
12.910606,77.630123,18,5,1,burglary,3
12.924504,77.587062,15,2,0,fraud,1
12.967866,77.579513,12,6,1,theft,1
13.000534,77.564441,22,6,1,theft,2
12.969217,77.637259,1,5,1,vehicle_theft,2
12.893236,77.606892,21,0,0,harassment,1
12.914267,77.610254,21,0,0,vehicle_theft,2
12.902942,77.639806,20,1,0,burglary,2
13.018828,77.518412,1,0,0,burglary,2
12.957963,77.576316,0,4,0,harassment,2
12.994738,77.552609,21,6,1,theft,2
13.005943,77.69509,8,1,0,theft,1
12.968204,77.579099,23,2,0,theft,1
12.918837,77.548072,19,0,0,theft,1
13.033375,77.519246,19,1,0,burglary,2
12.980951,77.56909,8,1,0,assault,3
12.970378,77.525225,21,2,0,theft,1
12.978342,77.569806,16,1,0,harassment,2
12.972147,77.570205,22,2,0,fraud,1
12.851382,77.655983,2,6,1,vehicle_theft,1
12.917092,77.608467,11,6,1,burglary,2
12.844871,77.660177,23,0,0,burglary,2
12.967222,77.756452,1,4,0,vehicle_theft,2
12.971864,77.747728,21,3,0,fraud,1
12.972002,77.640986,5,2,0,vehicle_theft,2
12.915976,77.610051,18,2,0,vehicle_theft,1
12.971201,77.535959,3,0,0,theft,2
12.97817,77.61332,20,1,0,theft,1
13.006656,77.696567,19,6,1,theft,1
12.921589,77.645313,20,2,0,theft,1
13.100274,77.598015,5,5,1,burglary,2
12.959648,77.70231,20,3,0,vehicle_theft,3
12.970086,77.611945,0,1,0,assault,3
13.028058,77.54136,10,3,0,assault,3
12.983978,77.601822,16,0,0,assault,3
13.100326,77.594641,11,5,1,burglary,1
12.976007,77.642449,0,1,0,assault,2
12.920904,77.618034,18,4,0,burglary,2
12.98961,77.698802,20,4,0,burglary,2
12.841796,77.658748,6,2,0,burglary,1
12.86205,77.532353,0,2,0,burglary,1
12.974681,77.761085,17,2,0,burglary,2
12.979192,77.620566,2,4,0,harassment,1
12.91294,77.61718,23,1,0,theft,1
12.974072,77.529933,18,5,1,theft,1
12.972097,77.602992,6,1,0,assault,3
12.926688,77.545432,12,6,1,theft,2
12.977588,77.638875,9,1,0,theft,2
13.007088,77.706823,9,6,1,vehicle_theft,3
12.915944,77.610113,22,1,0,burglary,3
12.98454,77.607659,16,4,0,theft,1
12.908529,77.538668,23,0,0,theft,1
12.972306,77.642107,14,5,1,theft,2
12.985697,77.607078,0,3,0,harassment,1
12.929471,77.611629,16,2,0,assault,1
13.000865,77.531072,1,1,0,vehicle_theft,1
12.950101,77.696438,18,1,0,assault,2
13.035212,77.520895,5,0,0,burglary,2
12.967572,77.577454,11,1,0,fraud,1
12.903552,77.599053,3,2,0,burglary,2
12.961311,77.638856,23,6,1,vehicle_theft,3
13.033152,77.519659,3,6,1,burglary,2
12.961835,77.526419,17,4,0,vehicle_theft,2
12.974698,77.573674,13,3,0,theft,1
12.967457,77.603142,1,5,1,harassment,1
12.993478,77.694022,3,2,0,burglary,1
12.95932,77.579633,13,2,0,theft,1
12.917851,77.581794,19,5,1,burglary,2
12.96471,77.527058,1,0,0,theft,1
12.971373,77.74952,23,5,1,fraud,1
13.098961,77.592888,22,5,1,vehicle_theft,1
13.037765,77.541059,8,5,1,vehicle_theft,1
12.968622,77.572696,7,2,0,fraud,1
13.003359,77.56957,19,2,0,fraud,2
12.852986,77.55618,15,3,0,burglary,2
12.97502,77.60776,18,6,1,harassment,1
12.924261,77.57809,4,2,0,theft,1
12.996501,77.694046,18,5,1,theft,1
13.00475,77.725793,17,6,1,fraud,1
12.978816,77.574249,13,1,0,theft,2
12.930473,77.673354,21,3,0,theft,1
12.964192,77.582254,10,4,0,theft,3
12.986647,77.604936,8,3,0,harassment,1
13.007155,77.696898,12,5,1,theft,1
12.904257,77.615631,8,1,0,theft,1
12.980301,77.760442,3,3,0,burglary,2
12.975444,77.609351,23,5,1,theft,1
12.968371,77.756323,4,0,0,fraud,1
13.007533,77.696323,18,1,0,burglary,2
12.967337,77.622592,2,5,1,theft,1
13.031315,77.597294,9,4,0,assault,3
12.970442,77.633028,1,4,0,vehicle_theft,2
12.983467,77.623016,11,6,1,assault,3
13.005036,77.691527,14,5,1,theft,1
12.910956,77.585938,20,0,0,burglary,2
12.913121,77.639526,19,1,0,vehicle_theft,2
12.983004,77.620035,10,2,0,theft,1
12.918944,77.553475,17,6,1,vehicle_theft,1
13.011054,77.690443,12,4,0,vehicle_theft,2
12.972451,77.640706,23,0,0,assault,3
13.002588,77.572693,14,3,0,theft,1
12.968809,77.533433,17,2,0,theft,1
13.027828,77.597843,9,2,0,vehicle_theft,2
12.968345,77.579994,10,4,0,theft,2
12.899069,77.580979,5,0,0,vehicle_theft,2
13.002452,77.571366,11,4,0,fraud,1
12.963276,77.69669,19,1,0,theft,1
13.036054,77.536126,15,4,0,theft,1
12.848297,77.657748,1,2,0,assault,1
12.948933,77.713594,7,6,1,vehicle_theft,1
12.898093,77.608775,19,4,0,vehicle_theft,3
12.934325,77.63554,23,5,1,harassment,1
12.96809,77.579095,19,5,1,theft,1
12.967953,77.578915,18,1,0,theft,1
12.975235,77.606868,1,4,0,harassment,1
13.015619,77.691393,9,0,0,burglary,3
13.011752,77.679538,9,6,1,burglary,1
12.926912,77.552662,1,4,0,theft,1
12.844869,77.659834,5,4,0,vehicle_theft,3
13.126666,77.52675,11,6,1,theft,1
13.111277,77.589096,5,2,0,vehicle_theft,2
12.98655,77.603968,11,2,0,assault,3
12.970842,77.578033,20,5,1,theft,1
12.929001,77.582714,21,5,1,burglary,2
12.939599,77.627382,4,0,0,assault,3
12.97625,77.569523,14,2,0,theft,3
13.09213,77.610174,19,6,1,burglary,2
12.917945,77.610102,19,2,0,burglary,2
12.972088,77.64097,13,6,1,assault,3
12.91266,77.576102,8,1,0,burglary,2
12.848662,77.657062,16,2,0,vehicle_theft,2
13.083424,77.715832,1,3,0,vehicle_theft,2
12.911603,77.641197,0,3,0,burglary,3
12.97764,77.607906,13,6,1,harassment,1
12.918956,77.6378,17,3,0,theft,2
12.968988,77.577829,17,3,0,fraud,2
13.030232,77.529104,11,2,0,theft,2
12.914381,77.642718,3,4,0,theft,1
12.978033,77.569261,21,5,1,harassment,1
13.104419,77.601235,20,5,1,theft,1
13.104214,77.678834,0,1,0,harassment,1
12.953858,77.702828,8,5,1,vehicle_theft,3
13.067753,77.560686,4,0,0,vehicle_theft,2
12.911709,77.581421,20,6,1,burglary,2
12.933228,77.629978,3,0,0,vehicle_theft,2
12.830164,77.543097,6,0,0,harassment,1
12.965641,77.579532,20,5,1,theft,1
12.917344,77.632345,7,5,1,burglary,2
12.963303,77.576589,10,1,0,theft,1
12.908061,77.639053,18,3,0,vehicle_theft,1
12.997803,77.559395,21,1,0,theft,1
12.905383,77.618135,9,6,1,vehicle_theft,2
12.961605,77.693051,5,1,0,assault,2
12.931214,77.589042,23,1,0,burglary,3
12.950843,77.507981,14,0,0,burglary,1
12.974376,77.576005,11,0,0,theft,1
12.915474,77.544257,15,2,0,theft,1
12.839051,77.648972,0,2,0,theft,1
12.867283,77.54341,7,4,0,fraud,2
13.091846,77.594185,23,6,1,vehicle_theft,2
12.925458,77.546099,18,0,0,vehicle_theft,2
12.988869,77.573478,22,5,1,theft,1
12.843184,77.666743,1,5,1,vehicle_theft,3
12.972837,77.641441,23,6,1,vehicle_theft,2
12.911675,77.546652,17,0,0,vehicle_theft,1
12.911575,77.633673,16,6,1,vehicle_theft,2
13.034258,77.602896,17,6,1,vehicle_theft,2
13.002829,77.569936,9,2,0,burglary,2
12.90941,77.58082,17,0,0,burglary,2
12.974086,77.607299,16,6,1,assault,2
12.908244,77.624225,11,2,0,theft,1
12.960228,77.57735,19,6,1,theft,1
12.961356,77.578671,19,5,1,theft,1
12.977949,77.562112,16,3,0,theft,1
12.967948,77.578993,0,1,0,fraud,1
13.00947,77.696003,20,5,1,theft,1
13.012588,77.692672,20,5,1,vehicle_theft,2
13.012189,77.691916,14,0,0,vehicle_theft,2
12.98313,77.6008,1,5,1,theft,1
12.977621,77.745196,22,3,0,burglary,1
12.977355,77.563841,16,2,0,theft,1
12.921985,77.60751,23,3,0,burglary,2
12.93698,77.775968,11,2,0,vehicle_theft,2
13.088496,77.596857,22,0,0,vehicle_theft,2
13.104208,77.60372,0,3,0,burglary,2
13.007556,77.553579,19,2,0,theft,1
12.904855,77.485243,5,4,0,burglary,1
12.963972,77.577036,4,2,0,theft,1
12.988897,77.563764,9,0,0,theft,1
12.971926,77.639833,0,4,0,assault,3
13.039129,77.519897,6,5,1,theft,1
12.989808,77.60903,12,5,1,theft,2
12.93633,77.624925,0,3,0,assault,3
12.978358,77.627008,3,3,0,theft,1
12.977499,77.566653,11,5,1,theft,1
13.00188,77.551328,8,4,0,burglary,2
13.03241,77.52007,4,3,0,vehicle_theft,2
12.944003,77.622967,21,0,0,theft,1
12.90153,77.639137,21,1,0,vehicle_theft,2
12.979866,77.747191,16,1,0,fraud,2
12.962991,77.57698,16,4,0,harassment,1
13.115563,77.74187,19,5,1,harassment,1
13.031876,77.535943,21,4,0,theft,1
13.035464,77.596489,10,4,0,theft,1
13.037139,77.595771,20,1,0,theft,1
12.978329,77.610257,19,0,0,harassment,1
13.02707,77.538291,20,0,0,theft,1
12.929234,77.576758,20,4,0,theft,1
12.979709,77.610198,2,6,1,assault,3
13.005747,77.690166,9,4,0,theft,2
12.844386,77.657675,23,1,0,vehicle_theft,3
12.912663,77.644044,19,0,0,burglary,2
12.905137,77.590876,18,4,0,vehicle_theft,2
13.033031,77.52623,22,4,0,vehicle_theft,2
12.983314,77.621161,3,1,0,assault,3
12.905834,77.617783,17,3,0,assault,3
12.912356,77.641255,4,2,0,vehicle_theft,2
12.927883,77.618875,17,2,0,vehicle_theft,2
12.981832,77.748732,19,2,0,fraud,1
12.965052,77.571798,15,6,1,theft,1
12.972068,77.52864,3,2,0,burglary,3
13.035832,77.517346,2,4,0,vehicle_theft,3
12.973238,77.608408,5,0,0,harassment,2
12.99296,77.521802,1,2,0,burglary,2
12.954327,77.701495,19,6,1,vehicle_theft,1
12.971308,77.57989,8,5,1,theft,2
12.960185,77.691059,0,4,0,burglary,2
13.099854,77.58109,9,5,1,harassment,2
12.97343,77.643226,0,5,1,theft,1
12.914302,77.641839,19,1,0,vehicle_theft,3
12.924868,77.551213,3,0,0,vehicle_theft,2
12.910374,77.64138,5,6,1,vehicle_theft,1
13.043157,77.523504,0,2,0,burglary,2
12.95971,77.576195,12,4,0,theft,1
12.966446,77.578788,6,1,0,theft,1
12.979001,77.609902,0,6,1,assault,2
12.910762,77.609445,22,6,1,theft,1
13.031231,77.505234,4,3,0,vehicle_theft,2
12.985881,77.605371,12,4,0,theft,2
12.845703,77.661948,8,1,0,vehicle_theft,2
13.015286,77.689997,18,3,0,burglary,2
12.946048,77.700936,12,4,0,vehicle_theft,2
12.985144,77.615819,8,4,0,assault,2
12.968326,77.579044,14,3,0,theft,1
12.97703,77.571005,11,1,0,theft,2
12.985382,77.611616,16,2,0,theft,1
12.956778,77.732787,5,5,1,theft,2
12.976882,77.610192,16,3,0,assault,3
12.974974,77.603405,18,2,0,theft,2
12.994184,77.563471,7,4,0,theft,1
12.90592,77.618949,17,3,0,theft,1
12.848924,77.660598,1,6,1,burglary,3
12.956557,77.703398,8,5,1,theft,1
12.92634,77.582535,13,5,1,burglary,3
13.027878,77.540688,18,4,0,assault,3
12.988389,77.605758,14,6,1,theft,1
13.035566,77.597819,12,6,1,theft,1
12.968221,77.523897,18,4,0,vehicle_theft,2
12.971411,77.627724,22,4,0,theft,2
12.966636,77.752036,20,4,0,burglary,2
13.103756,77.591711,3,3,0,theft,1
13.03404,77.499654,6,6,1,burglary,2
12.979793,77.627609,21,6,1,assault,3
12.972702,77.57719,15,1,0,theft,1
12.971025,77.749242,3,5,1,theft,1
13.034001,77.53399,1,6,1,theft,1
13.128385,77.570431,14,5,1,vehicle_theft,2
12.94727,77.672852,7,6,1,vehicle_theft,2
12.967761,77.582613,0,1,0,theft,1
12.930158,77.57334,0,4,0,theft,1
12.959222,77.701363,21,5,1,assault,3
13.035786,77.607845,19,4,0,vehicle_theft,2
12.905533,77.618082,23,6,1,vehicle_theft,3
13.013157,77.485277,9,2,0,theft,1
12.968242,77.578907,6,6,1,fraud,1
12.977865,77.566554,13,3,0,harassment,2
12.900834,77.621615,5,0,0,vehicle_theft,2
12.872828,77.636305,7,0,0,fraud,1
13.082813,77.761343,2,4,0,assault,1
13.043478,77.587751,19,5,1,assault,3
12.924874,77.54695,13,2,0,vehicle_theft,3
13.032886,77.520087,0,0,0,theft,1
13.003197,77.571768,21,3,0,burglary,2
12.923558,77.542356,15,1,0,theft,1
12.986517,77.608625,11,2,0,harassment,1
12.8457,77.647276,5,6,1,vehicle_theft,2
12.906255,77.616412,13,5,1,vehicle_theft,1
12.974903,77.57422,20,2,0,harassment,2
12.980858,77.643385,0,0,0,theft,1
12.976856,77.606537,16,3,0,theft,1
12.910535,77.638281,22,0,0,theft,1
12.92859,77.625612,1,6,1,harassment,1
12.935439,77.590941,12,3,0,burglary,1
12.973881,77.525448,18,6,1,burglary,2
13.033953,77.597933,7,5,1,vehicle_theft,2
12.971866,77.529496,22,1,0,vehicle_theft,2
13.002407,77.699221,10,2,0,burglary,2
12.849103,77.665668,3,2,0,burglary,2
12.993296,77.556662,5,6,1,theft,2
12.922025,77.611797,23,6,1,theft,1
12.973747,77.61473,22,5,1,theft,1
12.923096,77.546903,12,2,0,vehicle_theft,2
12.972433,77.530164,23,4,0,theft,1
12.928699,77.586928,20,0,0,theft,1
12.972695,77.637068,16,0,0,harassment,1
13.028002,77.596594,22,5,1,burglary,3
12.969211,77.768346,2,6,1,burglary,3
12.971218,77.580356,10,3,0,fraud,1
12.962656,77.580214,21,2,0,fraud,2
13.009311,77.707852,18,4,0,theft,1
12.929993,77.58129,13,5,1,fraud,2
12.973465,77.643588,22,6,1,harassment,1
12.915996,77.602941,2,3,0,theft,1
13.034013,77.543352,23,0,0,vehicle_theft,3
12.849256,77.531168,1,1,0,burglary,1
13.03171,77.518376,20,2,0,vehicle_theft,3
12.983909,77.619939,22,2,0,theft,1
12.95626,77.700241,11,0,0,vehicle_theft,2
12.908451,77.585539,18,4,0,vehicle_theft,2
13.103786,77.600816,4,5,1,burglary,1
12.932176,77.571678,20,5,1,burglary,2
12.979963,77.639751,0,1,0,theft,1
12.978367,77.736034,6,1,0,burglary,2
12.979365,77.625012,20,0,0,assault,3
12.980383,77.570603,20,2,0,theft,1
13.032948,77.526648,8,2,0,vehicle_theft,2
12.917912,77.614608,21,2,0,vehicle_theft,2
12.968206,77.578278,17,6,1,theft,1
12.974618,77.595755,17,5,1,harassment,1
12.984986,77.604872,11,3,0,theft,1
12.935566,77.625314,22,5,1,theft,1
12.965294,77.528433,19,1,0,burglary,1
12.969476,77.5284,22,2,0,theft,1
12.968456,77.577775,15,2,0,theft,2
12.905523,77.645153,3,0,0,theft,2
12.977858,77.73984,14,4,0,burglary,1
12.933745,77.582067,18,6,1,burglary,2
13.030549,77.539976,9,2,0,vehicle_theft,2
13.035187,77.519926,23,1,0,burglary,1
12.967823,77.578872,12,1,0,theft,1
12.967567,77.578681,18,4,0,theft,2
12.962092,77.578707,8,4,0,assault,3
12.941477,77.635614,14,0,0,harassment,2
12.985763,77.604972,22,0,0,assault,3
13.099701,77.592935,22,3,0,vehicle_theft,2
12.972494,77.760982,1,4,0,vehicle_theft,2
12.971437,77.608493,0,2,0,harassment,2
12.993516,77.708144,10,5,1,burglary,2
13.019575,77.536629,19,0,0,theft,1
12.962274,77.57632,15,1,0,theft,1
12.921877,77.608024,2,5,1,burglary,2
12.853941,77.65384,23,0,0,vehicle_theft,1
12.978937,77.640999,22,2,0,harassment,2
12.956514,77.700518,8,1,0,assault,3
12.8461,77.661295,1,3,0,vehicle_theft,2
13.068937,77.558452,1,5,1,assault,1
12.913802,77.607133,22,2,0,theft,2
12.895736,77.719392,1,1,0,assault,2
12.99886,77.555683,22,2,0,theft,2
12.970082,77.535186,17,4,0,theft,1
12.920091,77.548616,18,4,0,burglary,3
12.903396,77.580579,22,2,0,theft,2
12.978224,77.537307,20,2,0,burglary,2
12.849806,77.668927,8,2,0,vehicle_theft,2
12.910956,77.614659,18,0,0,theft,2
12.901817,77.631538,14,6,1,theft,2
13.03598,77.596965,18,5,1,vehicle_theft,2
12.975405,77.598301,22,1,0,fraud,1
12.972765,77.565162,15,3,0,assault,3
12.972894,77.604124,22,4,0,theft,1
12.853482,77.651392,3,4,0,burglary,2
13.10029,77.591776,19,6,1,burglary,2
12.975398,77.642992,22,6,1,harassment,2
13.036059,77.537264,20,6,1,assault,3
12.976412,77.491724,14,3,0,assault,2
13.096681,77.596156,4,1,0,vehicle_theft,3
12.94021,77.591323,19,4,0,fraud,1
12.99191,77.555975,12,5,1,burglary,2
12.976782,77.568069,3,1,0,assault,2
12.899598,77.617996,9,1,0,theft,1
12.974522,77.603735,0,0,0,assault,3
12.972483,77.637899,0,4,0,theft,1
12.975761,77.642468,0,3,0,theft,2
13.04468,77.520772,23,0,0,vehicle_theft,3
12.993584,77.595857,1,5,1,fraud,1
12.955627,77.700308,18,5,1,burglary,1
12.965457,77.577957,7,5,1,harassment,2
12.9767,77.571354,21,6,1,theft,1
13.00865,77.695221,19,5,1,vehicle_theft,2
12.924116,77.586921,21,1,0,burglary,2
12.971706,77.645579,4,4,0,assault,3
13.025274,77.587347,22,1,0,assault,3
13.033326,77.517679,1,5,1,vehicle_theft,3
12.926895,77.547788,17,3,0,theft,2
12.904842,77.615613,8,6,1,assault,3
12.978229,77.569151,5,2,0,theft,1
12.930392,77.634533,18,6,1,assault,3
12.970802,77.60823,23,5,1,assault,3
12.92208,77.571981,0,6,1,vehicle_theft,2
12.997414,77.558433,8,3,0,theft,1
12.843223,77.661588,23,5,1,theft,1
12.975138,77.633732,22,4,0,assault,3
13.0993,77.565747,11,1,0,fraud,2
12.957319,77.577492,17,2,0,assault,3
12.944826,77.748361,13,4,0,fraud,1
12.994323,77.617867,22,2,0,harassment,1
12.929506,77.583234,17,3,0,theft,1
12.935572,77.627411,1,1,0,theft,1
12.961506,77.63454,2,5,1,assault,3
12.984421,77.606591,6,2,0,theft,1
12.953631,77.625146,22,5,1,theft,1
12.975741,77.574031,12,1,0,harassment,1
12.97365,77.615707,5,5,1,harassment,1
12.970029,77.523934,23,5,1,theft,1
13.035755,77.596765,12,4,0,vehicle_theft,1
12.914584,77.618327,8,6,1,vehicle_theft,2
12.955634,77.699922,12,6,1,theft,1
13.013938,77.69957,16,2,0,vehicle_theft,2
13.035628,77.597147,4,5,1,vehicle_theft,2
13.02366,77.48928,7,3,0,fraud,2
13.038589,77.516623,23,4,0,vehicle_theft,1
12.974187,77.572191,11,3,0,theft,1
12.852151,77.643956,3,2,0,theft,2
12.915492,77.658205,22,0,0,vehicle_theft,3
13.100617,77.593581,0,4,0,burglary,2
12.965911,77.577859,21,2,0,theft,1
12.972613,77.650863,1,2,0,assault,3
12.949189,77.552868,6,0,0,harassment,1
13.008886,77.694532,19,4,0,theft,1
13.002505,77.452056,3,6,1,burglary,1
13.029831,77.674699,21,3,0,theft,1
12.980358,77.590459,18,5,1,theft,1
12.985231,77.605623,3,1,0,theft,1
12.985119,77.602151,1,6,1,assault,3
13.003511,77.557506,21,6,1,theft,1
12.976986,77.606218,6,3,0,theft,2
12.980171,77.744738,22,0,0,theft,1
12.971816,77.521049,22,6,1,burglary,2
12.835226,77.664401,1,5,1,theft,1
12.920563,77.634717,18,3,0,theft,1
12.969482,77.749766,1,6,1,theft,2
12.915581,77.517212,15,3,0,theft,1
12.923019,77.549959,9,0,0,harassment,1
12.916419,77.542358,0,6,1,vehicle_theft,1
12.907604,77.634545,20,3,0,theft,1
12.981364,77.610636,2,6,1,harassment,1
12.968012,77.579455,8,0,0,theft,1
12.970869,77.749764,20,4,0,vehicle_theft,3
12.850823,77.655598,20,2,0,vehicle_theft,1
12.966842,77.586527,16,3,0,theft,1
13.005994,77.565713,12,5,1,burglary,2
12.982006,77.610912,18,0,0,theft,1
13.028889,77.52404,13,4,0,burglary,1
12.92521,77.556174,21,6,1,theft,1
12.984691,77.604408,11,4,0,theft,1
12.925339,77.556099,6,4,0,vehicle_theft,2
12.990886,77.561941,17,1,0,theft,1
12.917693,77.598161,1,0,0,burglary,3
12.967874,77.576788,15,0,0,theft,1
13.013282,77.694577,8,3,0,theft,2
12.97401,77.757975,21,5,1,burglary,2
12.920185,77.545062,20,0,0,vehicle_theft,3
12.982887,77.624986,0,3,0,theft,1
13.033545,77.519338,4,4,0,theft,2
12.922444,77.535629,21,6,1,theft,2
12.989314,77.607552,9,1,0,theft,1
12.952722,77.703604,10,3,0,assault,3
13.065683,77.523034,7,3,0,fraud,2
12.832381,77.754122,9,2,0,theft,1
12.936465,77.575215,14,5,1,burglary,2
13.007918,77.696293,19,6,1,burglary,1
12.965262,77.633297,17,4,0,vehicle_theft,2
12.847871,77.660038,18,1,0,vehicle_theft,2
12.980523,77.605429,16,0,0,theft,1
12.965966,77.575553,16,5,1,fraud,1
12.838655,77.656327,20,1,0,burglary,3
13.00303,77.699131,8,5,1,burglary,2
12.971249,77.749661,1,0,0,vehicle_theft,3
12.966108,77.530808,18,3,0,theft,1
12.938247,77.574385,1,5,1,theft,1
12.909287,77.607883,18,5,1,theft,1
12.91379,77.641579,23,6,1,burglary,1
12.932641,77.583668,3,6,1,burglary,3
13.028795,77.521545,20,4,0,burglary,1
12.974538,77.634196,22,5,1,assault,3
12.838215,77.454587,10,2,0,vehicle_theft,1
12.904345,77.581959,22,4,0,theft,2
12.962027,77.577596,5,4,0,theft,1
12.998929,77.556613,21,2,0,theft,2
12.931765,77.585403,16,3,0,theft,1
13.043192,77.52911,4,1,0,burglary,2
12.999027,77.556695,0,2,0,theft,2
12.977616,77.602767,5,4,0,harassment,1
12.96194,77.575387,18,4,0,theft,2
12.967185,77.580074,21,1,0,theft,1
12.84425,77.659038,23,6,1,vehicle_theft,2
12.878917,77.650316,0,4,0,theft,1
12.93119,77.572033,21,3,0,theft,2
13.006118,77.571108,20,2,0,theft,2
12.987259,77.64494,20,2,0,vehicle_theft,2
12.971272,77.748754,2,2,0,fraud,2
12.92001,77.604848,7,5,1,theft,2
12.844613,77.653071,20,2,0,burglary,1
12.841642,77.652619,21,6,1,theft,1
12.933938,77.591445,15,4,0,theft,2
13.098737,77.596028,2,3,0,burglary,3
12.969995,77.752177,2,3,0,fraud,1
12.972283,77.52161,19,6,1,theft,1
12.970286,77.570973,20,6,1,assault,3
12.937773,77.634076,0,4,0,assault,3
13.09158,77.678105,23,4,0,assault,2
12.914451,77.649167,11,0,0,burglary,3
12.967034,77.532012,4,5,1,burglary,3
12.972379,77.597998,23,5,1,harassment,1
12.973812,77.626218,19,3,0,theft,1
12.985694,77.628587,2,4,0,theft,1
12.896194,77.643211,21,3,0,theft,1
13.008121,77.570724,15,0,0,theft,1
13.005219,77.569237,14,3,0,fraud,1
12.974306,77.640383,1,6,1,theft,1
13.029589,77.518561,1,3,0,vehicle_theft,1
13.027263,77.525048,2,1,0,vehicle_theft,2
12.968505,77.579721,9,2,0,theft,1
12.916628,77.591261,21,5,1,vehicle_theft,3
12.966154,77.576309,14,3,0,theft,1
12.981668,77.750736,5,3,0,burglary,2
12.999761,77.573062,17,1,0,theft,1
13.021679,77.522338,6,3,0,assault,1
12.978056,77.751033,23,5,1,vehicle_theft,2
13.012366,77.703198,7,2,0,assault,3
13.001515,77.71117,15,5,1,fraud,2
13.000312,77.570464,13,5,1,theft,1
12.97488,77.533359,10,4,0,burglary,3
12.967415,77.578984,15,6,1,fraud,1
13.04832,77.584474,0,4,0,vehicle_theft,2
12.987029,77.605937,20,6,1,assault,3
12.989939,77.559466,19,2,0,theft,1
12.925478,77.54528,20,4,0,burglary,1
13.03693,77.536353,9,2,0,theft,2
12.966391,77.598407,21,3,0,assault,3
13.006165,77.693932,7,6,1,burglary,2
12.978157,77.696268,8,4,0,vehicle_theft,1
12.910797,77.620049,5,5,1,harassment,1
12.967258,77.635838,4,6,1,theft,1
12.967748,77.57854,12,0,0,theft,3
12.900822,77.609873,11,0,0,vehicle_theft,2
12.922666,77.536699,15,5,1,theft,2
13.00302,77.57001,11,0,0,fraud,1
13.027669,77.516511,12,5,1,burglary,1
12.969978,77.570064,23,4,0,theft,1
12.978155,77.610662,8,0,0,harassment,1
12.914954,77.57629,3,2,0,burglary,1
12.987721,77.607548,15,1,0,theft,1
13.035783,77.519963,1,1,0,vehicle_theft,2
12.927211,77.63984,22,4,0,theft,1
12.977303,77.731053,5,6,1,fraud,2
12.979822,77.750988,1,1,0,vehicle_theft,2
12.959826,77.573418,22,3,0,assault,3
12.981107,77.569652,22,5,1,harassment,1
12.917187,77.586204,2,1,0,burglary,2
13.032658,77.598612,19,1,0,vehicle_theft,2
12.846508,77.666624,7,1,0,theft,1
12.928635,77.470244,22,1,0,theft,1
13.030138,77.537933,4,3,0,theft,1
13.023292,77.544675,7,3,0,theft,1
13.019347,77.521914,3,6,1,theft,1
13.011892,77.695474,9,6,1,vehicle_theft,1
13.016301,77.696772,0,4,0,burglary,2
12.964012,77.758268,15,1,0,vehicle_theft,1
12.970126,77.646141,1,0,0,harassment,2
12.914291,77.552742,3,5,1,burglary,1
12.935374,77.624593,6,3,0,assault,2
12.985675,77.603234,17,1,0,assault,3
12.967702,77.57888,23,3,0,theft,1
12.961032,77.587582,14,3,0,theft,1
12.999911,77.554873,19,1,0,theft,1
13.024163,77.546686,8,2,0,vehicle_theft,2
13.100376,77.595849,3,0,0,vehicle_theft,3
12.910602,77.641328,0,1,0,fraud,1
13.033408,77.520267,9,3,0,theft,1
12.912276,77.639455,1,6,1,vehicle_theft,1
12.988775,77.619806,16,6,1,assault,2
12.930145,77.607508,15,4,0,vehicle_theft,3
12.926664,77.57897,3,5,1,burglary,3
12.99188,77.556136,23,0,0,theft,1
12.876497,77.459471,21,4,0,harassment,1
12.847535,77.659191,22,0,0,vehicle_theft,2
13.03928,77.592095,8,6,1,assault,3
13.005933,77.697437,14,1,0,vehicle_theft,3
13.044745,77.598698,9,3,0,assault,3
13.027133,77.543366,21,4,0,vehicle_theft,2
12.978633,77.636881,1,5,1,theft,1
12.985199,77.605677,1,5,1,theft,1
12.912522,77.617528,17,3,0,vehicle_theft,2
12.977815,77.570494,15,4,0,theft,1
13.010929,77.6938,8,5,1,vehicle_theft,3
12.973422,77.607108,23,1,0,harassment,1
12.960167,77.57996,11,6,1,theft,3
12.931099,77.623268,21,6,1,assault,2
12.975117,77.608305,1,5,1,theft,1
12.98732,77.6031,13,2,0,theft,1
12.923121,77.545522,18,4,0,burglary,1
12.986109,77.572836,18,4,0,theft,1
12.881959,77.767675,2,1,0,vehicle_theft,1
12.960527,77.578905,9,2,0,harassment,1
12.973879,77.52986,3,6,1,theft,1
12.978108,77.619309,3,1,0,theft,1
12.984633,77.615665,18,2,0,assault,3
12.899591,77.583098,1,5,1,burglary,2
12.938597,77.541604,18,0,0,burglary,3
12.967973,77.579766,10,0,0,theft,1
12.934174,77.624509,22,6,1,assault,3
12.943074,77.567387,20,0,0,theft,1
12.902521,77.582426,21,5,1,burglary,2
12.975724,77.640738,1,5,1,vehicle_theft,2
12.846316,77.664685,18,4,0,burglary,1
13.022928,77.543455,9,1,0,theft,1
12.845099,77.659933,19,3,0,theft,1
12.841761,77.662529,1,4,0,burglary,2
12.95772,77.705688,8,0,0,vehicle_theft,2
12.895217,77.524103,11,4,0,burglary,1
12.850056,77.659909,5,4,0,theft,1
12.966421,77.529953,23,4,0,burglary,1
13.031632,77.585721,17,4,0,theft,1
13.022884,77.542294,18,6,1,assault,3
12.968045,77.53217,22,1,0,theft,1
12.971056,77.58064,17,4,0,fraud,1
12.909848,77.613712,19,6,1,vehicle_theft,2
12.971992,77.529996,21,5,1,theft,1
12.981044,77.570816,10,2,0,harassment,1
12.932491,77.583786,20,5,1,theft,1
12.979035,77.736036,14,4,0,burglary,2
13.011757,77.692634,19,4,0,vehicle_theft,2
12.918403,77.638037,19,1,0,vehicle_theft,3
13.002545,77.571588,9,0,0,fraud,1
12.983003,77.620964,23,5,1,theft,1
12.976107,77.527554,18,5,1,theft,1
12.96282,77.579791,17,4,0,harassment,2
12.930387,77.582478,0,6,1,burglary,2
12.922518,77.615473,23,5,1,vehicle_theft,2
12.962864,77.701203,10,3,0,vehicle_theft,3
12.97638,77.607554,21,5,1,theft,1
12.983513,77.60425,15,3,0,theft,1
12.955592,77.705724,10,6,1,assault,3
12.906959,77.585095,10,6,1,burglary,1
12.908538,77.624081,10,0,0,theft,2
12.918216,77.578226,23,6,1,theft,1
12.993506,77.552043,18,4,0,assault,3
12.917288,77.544071,17,2,0,burglary,3
12.905536,77.616569,21,0,0,assault,3
12.982398,77.579116,14,4,0,theft,1
12.906102,77.617755,20,5,1,vehicle_theft,3
12.970853,77.652499,1,5,1,assault,3
12.965452,77.577862,22,1,0,harassment,1
12.933782,77.622109,0,0,0,assault,1
12.922151,77.542488,20,0,0,vehicle_theft,2
12.957667,77.761361,1,0,0,burglary,3
13.033683,77.538824,18,6,1,theft,1
13.13542,77.77812,18,1,0,vehicle_theft,1
12.963509,77.577092,9,6,1,theft,1
12.904932,77.583242,2,3,0,theft,1
12.958022,77.64729,18,0,0,assault,3
12.97687,77.643709,5,5,1,vehicle_theft,2
12.985096,77.605033,15,1,0,theft,1
13.025952,77.541645,7,6,1,vehicle_theft,2
13.099977,77.596374,22,0,0,theft,1
12.977939,77.6423,0,3,0,vehicle_theft,2
12.956416,77.701354,8,2,0,vehicle_theft,2
12.969217,77.749896,0,2,0,theft,1
12.929404,77.578824,13,6,1,fraud,2
12.95617,77.700842,8,0,0,burglary,3
12.957099,77.574852,4,2,0,theft,1
13.056593,77.465685,12,2,0,vehicle_theft,1
12.988841,77.619764,1,5,1,harassment,1
12.9596,77.569397,15,1,0,theft,1
12.874983,77.577147,22,4,0,fraud,2
12.955446,77.584216,8,0,0,harassment,2
12.981188,77.620086,0,2,0,harassment,1
12.927559,77.583934,0,4,0,burglary,3
13.100362,77.594293,2,5,1,burglary,1
12.905699,77.626344,8,5,1,assault,3
12.980831,77.75977,4,4,0,vehicle_theft,2
12.960979,77.574959,17,3,0,theft,1
13.03957,77.596721,9,5,1,theft,1
12.914049,77.612247,11,0,0,burglary,2
12.999443,77.573102,20,3,0,theft,1
12.841107,77.655425,23,5,1,fraud,2
12.892056,77.620466,21,5,1,vehicle_theft,1
12.961732,77.575438,20,4,0,theft,1
12.915629,77.611195,18,4,0,vehicle_theft,1
13.054839,77.516639,8,6,1,fraud,1
12.973147,77.612451,22,1,0,assault,3
12.986043,77.605836,9,1,0,assault,2
12.911527,77.639598,20,0,0,vehicle_theft,2
13.029549,77.539918,19,2,0,assault,3
12.912698,77.640304,17,4,0,theft,1
12.986235,77.606882,8,4,0,assault,3
12.906339,77.618772,23,5,1,assault,2
12.971656,77.61424,22,2,0,harassment,1
13.030688,77.527091,10,5,1,assault,2
12.98768,77.622043,23,0,0,theft,1
12.992495,77.556969,22,5,1,burglary,2
12.977857,77.606325,8,5,1,theft,1
12.850848,77.517594,20,4,0,theft,1
12.971258,77.641068,1,5,1,assault,3
12.970377,77.758574,23,5,1,fraud,1
13.03281,77.517927,0,0,0,theft,2
12.989968,77.560182,8,1,0,theft,2
12.907739,77.585766,20,2,0,vehicle_theft,1
12.899431,77.614777,8,5,1,theft,1
12.97255,77.574893,16,2,0,theft,1
13.011092,77.698744,7,0,0,theft,1
12.960491,77.749922,1,2,0,burglary,2
12.981937,77.572179,15,3,0,theft,1
12.972053,77.529888,16,2,0,theft,1
13.007731,77.696379,8,3,0,burglary,2
12.989469,77.615956,20,0,0,harassment,1
12.913438,77.609747,17,2,0,harassment,2
12.912631,77.642824,22,2,0,theft,1
12.976841,77.571528,20,4,0,theft,1
12.963835,77.736172,12,6,1,burglary,2
12.844591,77.632277,19,6,1,vehicle_theft,1
12.960927,77.58002,8,0,0,theft,2
12.972774,77.639437,7,6,1,theft,1
13.000463,77.560038,18,3,0,theft,2
12.961126,77.57444,17,4,0,theft,1
12.972424,77.533982,22,6,1,theft,1
12.995392,77.554038,19,0,0,theft,1
13.025183,77.542431,0,0,0,vehicle_theft,3
13.032869,77.525084,6,3,0,vehicle_theft,1
12.968171,77.5788,20,5,1,theft,1
12.84466,77.683702,4,2,0,vehicle_theft,1
12.966223,77.571674,17,2,0,fraud,1
12.971383,77.523769,20,0,0,theft,2
12.926542,77.545509,18,5,1,vehicle_theft,1
13.024158,77.54216,9,3,0,theft,1
13.032193,77.51832,23,6,1,theft,1
12.99781,77.558588,21,4,0,burglary,2
13.048149,77.539806,21,6,1,fraud,1
12.987376,77.619017,2,1,0,theft,1
12.978686,77.604731,22,5,1,assault,3
12.970343,77.642775,23,3,0,theft,1
12.956906,77.581874,19,1,0,theft,1
12.995057,77.68515,19,1,0,theft,1
12.965734,77.579185,17,4,0,harassment,1
12.974457,77.573001,17,5,1,theft,2
12.902384,77.618464,5,2,0,theft,1
12.844434,77.652176,23,6,1,vehicle_theft,2
12.980954,77.606107,16,3,0,theft,1
13.005089,77.544184,22,6,1,burglary,2
13.029233,77.593121,0,3,0,theft,2
13.026276,77.539076,9,4,0,theft,1
12.90923,77.583951,0,1,0,theft,1
12.844008,77.65849,6,1,0,burglary,2
12.986533,77.625121,21,5,1,assault,3
12.968996,77.754444,6,0,0,burglary,2
13.003334,77.569374,20,0,0,fraud,1
12.972896,77.753871,1,0,0,theft,1
12.964667,77.735426,6,6,1,burglary,1
12.988797,77.663795,16,3,0,theft,1
13.03189,77.595529,8,0,0,theft,2
12.927559,77.584669,0,3,0,theft,1
13.076595,77.595157,19,1,0,fraud,2
13.026973,77.537245,16,2,0,theft,1
13.113816,77.594312,3,0,0,theft,1
12.98106,77.617616,0,1,0,theft,1
12.984285,77.604419,4,5,1,theft,1
12.976976,77.607535,10,0,0,assault,3
12.982985,77.608469,13,5,1,assault,3
13.02887,77.537306,7,1,0,assault,3
12.961269,77.576817,16,5,1,theft,1
12.917368,77.609077,20,5,1,vehicle_theft,1
12.976215,77.617997,1,6,1,theft,1
12.908119,77.619778,20,3,0,vehicle_theft,1
12.904911,77.564021,15,0,0,burglary,2
12.969066,77.702908,17,1,0,burglary,1
12.985783,77.60432,14,4,0,harassment,2
12.975612,77.572661,12,4,0,theft,2
12.843912,77.659389,0,0,0,vehicle_theft,1
12.957017,77.696743,17,5,1,vehicle_theft,1
12.976866,77.750538,5,2,0,vehicle_theft,2
12.973696,77.57449,9,4,0,fraud,2
12.967307,77.582876,16,1,0,theft,1
12.987385,77.605143,12,5,1,theft,1
12.843202,77.662037,22,3,0,vehicle_theft,2
12.963987,77.532557,17,4,0,vehicle_theft,2
12.979879,77.750879,2,3,0,burglary,2
12.986022,77.623186,1,2,0,theft,1
12.912886,77.646862,15,4,0,theft,1
12.930028,77.578032,21,3,0,fraud,1
12.968373,77.579585,5,6,1,theft,1
12.975074,77.528476,21,1,0,burglary,2
13.008129,77.696071,11,1,0,theft,1
12.981716,77.564678,6,6,1,theft,1
12.929743,77.583159,18,3,0,burglary,2
13.010892,77.576384,12,1,0,theft,1
12.844872,77.660674,5,3,0,theft,1
12.967845,77.539126,23,2,0,vehicle_theft,3
12.922862,77.547425,22,3,0,vehicle_theft,2
12.909051,77.604526,9,1,0,theft,1
13.033305,77.518831,23,0,0,vehicle_theft,1
12.970416,77.568469,14,0,0,harassment,1
12.966757,77.567207,18,4,0,harassment,1
12.979614,77.566467,14,6,1,harassment,1
12.962613,77.578224,17,2,0,theft,1
12.977714,77.570327,21,6,1,harassment,1
12.925272,77.548722,13,4,0,vehicle_theft,1
12.924555,77.5481,18,3,0,theft,2
12.986614,77.605634,16,1,0,theft,2
12.971044,77.577282,14,4,0,harassment,1
13.032803,77.512115,12,3,0,burglary,3
12.914083,77.608339,8,2,0,vehicle_theft,2
12.959369,77.699322,11,3,0,vehicle_theft,3
12.964992,77.578382,9,3,0,theft,1
13.033141,77.52414,2,2,0,theft,1
13.073349,77.541094,7,0,0,burglary,2
12.984734,77.626404,0,3,0,theft,1
12.984804,77.607343,22,5,1,harassment,1
12.842021,77.662783,0,4,0,vehicle_theft,2
12.892516,77.621722,2,2,0,theft,1
12.907895,77.585872,22,6,1,burglary,2
12.968229,77.564244,9,3,0,theft,1
12.908608,77.608551,19,3,0,vehicle_theft,3
12.976998,77.572629,16,0,0,harassment,1
12.943074,77.625331,22,5,1,theft,1
12.908254,77.644165,13,0,0,burglary,2
13.006113,77.570588,19,0,0,fraud,1
12.976885,77.610783,21,2,0,harassment,1
12.977344,77.534691,19,5,1,theft,1
12.977404,77.603336,18,1,0,theft,1
12.917069,77.641333,22,3,0,vehicle_theft,2
12.973399,77.547669,17,2,0,theft,1
12.919152,77.637261,17,3,0,theft,1
13.073928,77.498911,19,1,0,theft,2
12.976896,77.602177,8,3,0,harassment,1
12.906055,77.61807,19,2,0,theft,1
12.915812,77.609989,23,4,0,burglary,2
12.911552,77.637708,18,3,0,fraud,1
13.098481,77.594936,4,3,0,vehicle_theft,2
12.916654,77.645483,20,2,0,theft,1
12.982616,77.62565,20,0,0,assault,2
13.038114,77.591224,20,3,0,theft,1
12.901474,77.596957,12,2,0,burglary,1
12.842408,77.664194,3,3,0,theft,1
13.10288,77.598083,0,5,1,theft,1
12.96761,77.580516,11,2,0,fraud,1
12.972292,77.612729,3,4,0,assault,3
12.973465,77.572331,11,6,1,theft,2
13.023321,77.528767,22,6,1,vehicle_theft,2
12.945748,77.635832,20,6,1,assault,3
12.973758,77.745634,1,6,1,burglary,2
12.844984,77.659991,22,1,0,vehicle_theft,3
13.085917,77.568462,3,1,0,burglary,1
12.979652,77.569315,1,6,1,harassment,1
12.966607,77.582594,19,0,0,harassment,1
13.095981,77.596866,2,3,0,vehicle_theft,3
12.98123,77.619052,22,0,0,theft,1
12.972884,77.64438,3,6,1,harassment,1
12.978202,77.62191,23,6,1,theft,1
12.915708,77.613168,23,4,0,vehicle_theft,1
12.902714,77.585054,4,6,1,theft,1
12.976764,77.606103,6,4,0,harassment,1
12.954657,77.708396,13,1,0,theft,1
12.983912,77.604586,19,5,1,harassment,2
12.9715,77.610757,3,5,1,harassment,1
12.954534,77.701652,21,1,0,theft,2
12.966933,77.645051,16,5,1,assault,3
12.967879,77.756699,3,4,0,burglary,3
12.969189,77.581539,12,4,0,theft,1
12.905301,77.58823,16,6,1,burglary,2
12.998471,77.55456,23,2,0,assault,2
12.898642,77.57872,21,5,1,vehicle_theft,1
12.836502,77.645727,17,3,0,vehicle_theft,1
13.100651,77.596675,18,1,0,theft,1
12.920867,77.611306,21,2,0,harassment,1
12.960072,77.578318,19,0,0,harassment,2
12.970093,77.636254,4,5,1,harassment,1
12.974062,77.574229,11,2,0,theft,1
12.984276,77.614869,3,0,0,assault,3
13.036972,77.523729,23,6,1,theft,1
12.925443,77.546609,19,0,0,vehicle_theft,3
13.106072,77.59666,0,2,0,burglary,1
12.905212,77.621734,10,0,0,vehicle_theft,1
12.845145,77.660637,6,5,1,vehicle_theft,1
13.08051,77.566747,19,4,0,fraud,1
13.036365,77.597036,18,3,0,theft,1
12.912127,77.652803,20,5,1,vehicle_theft,1
12.844913,77.659485,1,4,0,burglary,3
13.032005,77.51885,20,5,1,vehicle_theft,2
12.900723,77.605789,9,1,0,vehicle_theft,1
12.963459,77.578063,15,3,0,theft,1
12.997556,77.553255,21,6,1,theft,1
13.007565,77.551531,20,0,0,theft,1
13.030584,77.538094,10,0,0,assault,3
12.843082,77.670582,1,1,0,theft,2
12.912131,77.612807,16,6,1,burglary,1
12.902838,77.613586,20,2,0,burglary,3
12.993921,77.604084,10,3,0,assault,3
12.906845,77.585137,13,3,0,theft,1
12.93469,77.580332,1,1,0,burglary,1
12.981177,77.626418,3,6,1,theft,1
12.969924,77.642173,10,3,0,assault,3
12.969489,77.643667,22,0,0,assault,1
13.027869,77.539863,7,2,0,vehicle_theft,2
13.005603,77.570843,10,6,1,theft,2
12.939649,77.630661,21,6,1,assault,3
13.055306,77.529014,2,0,0,assault,2
13.008482,77.693465,20,0,0,burglary,1
12.977804,77.744572,23,4,0,vehicle_theft,1
12.960497,77.579009,19,2,0,theft,1
13.031925,77.520781,15,6,1,theft,1
13.037971,77.513041,1,3,0,burglary,2
12.935085,77.626162,23,0,0,vehicle_theft,3
12.904551,77.623046,9,0,0,vehicle_theft,2
12.993709,77.544151,22,3,0,theft,1
12.935346,77.625384,0,5,1,assault,3
12.845507,77.666415,1,0,0,theft,1
12.908993,77.611124,4,3,0,harassment,2
12.935908,77.62479,21,0,0,theft,2
12.91363,77.640652,14,6,1,burglary,1
12.914552,77.604739,15,1,0,theft,1
12.926055,77.547421,21,6,1,vehicle_theft,2
12.991148,77.533653,8,1,0,fraud,1
13.03053,77.544455,7,2,0,theft,1
13.024653,77.536932,18,3,0,theft,1
12.960306,77.574055,20,0,0,harassment,2
12.961071,77.577327,10,3,0,harassment,2
12.839763,77.494746,8,5,1,theft,2
12.967872,77.579081,15,6,1,theft,1
12.935395,77.624363,4,5,1,theft,1
12.904498,77.58531,15,5,1,theft,2
12.958767,77.697711,20,0,0,vehicle_theft,2
12.977728,77.576872,3,3,0,theft,1
12.929839,77.582024,21,6,1,burglary,2
13.087346,77.593867,22,6,1,burglary,2
12.987519,77.619191,21,5,1,theft,1
12.917154,77.609469,22,0,0,burglary,2
12.984511,77.60221,15,5,1,theft,2
12.963076,77.576185,9,6,1,harassment,1
12.965085,77.743949,13,5,1,theft,1
12.928832,77.727658,6,4,0,vehicle_theft,2
12.976105,77.640318,21,4,0,theft,1
12.91598,77.610153,19,1,0,burglary,3
12.911072,77.591162,11,3,0,burglary,2
12.96455,77.580318,20,1,0,assault,3
12.967925,77.528333,21,2,0,theft,1
12.999024,77.554128,20,5,1,theft,1
12.928124,77.583354,20,2,0,theft,1
12.937184,77.6237,20,6,1,theft,1
12.999632,77.6988,19,6,1,theft,2
12.921713,77.635543,7,1,0,burglary,2
13.03712,77.597101,11,0,0,burglary,2
12.90303,77.608734,20,3,0,assault,3
12.964785,77.579294,16,5,1,theft,1
12.986107,77.628356,1,2,0,assault,3
12.975648,77.606524,23,2,0,harassment,2
13.050188,77.593737,12,6,1,fraud,1
12.970606,77.6062,1,0,0,assault,3
12.976713,77.567918,23,1,0,harassment,2
12.84522,77.668384,1,6,1,vehicle_theft,1
12.973145,77.640688,2,4,0,harassment,1
12.915713,77.642065,21,0,0,theft,1
12.910042,77.613864,8,1,0,theft,2
12.905404,77.616638,20,5,1,assault,3
12.901736,77.6173,7,3,0,theft,1
12.924136,77.546204,16,6,1,vehicle_theft,2
12.98349,77.603919,8,2,0,theft,1
12.998801,77.544902,3,1,0,assault,3
12.966784,77.745469,20,4,0,fraud,1
12.969754,77.580214,16,5,1,theft,1
13.027907,77.541178,11,1,0,assault,2
12.915751,77.610418,19,2,0,vehicle_theft,3
12.916202,77.612314,21,3,0,vehicle_theft,2
12.977635,77.585774,7,2,0,harassment,1
12.972079,77.531072,21,3,0,burglary,2
12.973682,77.532704,22,5,1,burglary,3
12.968341,77.607211,23,3,0,assault,3
12.936986,77.617879,21,2,0,assault,3
12.989928,77.610535,22,4,0,theft,2
12.926399,77.540233,12,2,0,vehicle_theft,2
13.008596,77.694359,16,5,1,theft,1
13.088815,77.457287,6,4,0,theft,1
12.926191,77.550086,17,2,0,vehicle_theft,2
12.965629,77.532466,16,2,0,theft,1
12.976978,77.611531,22,6,1,harassment,1
12.900511,77.619947,10,1,0,vehicle_theft,2
12.981014,77.621668,0,1,0,assault,3
13.100763,77.596816,3,6,1,burglary,2
12.903812,77.579895,13,1,0,harassment,1
12.979145,77.573261,9,2,0,theft,1
12.982772,77.616186,15,6,1,assault,3
12.9632,77.576009,16,3,0,theft,1
12.917537,77.597227,18,6,1,vehicle_theft,2
13.056855,77.643256,19,6,1,harassment,2
13.037803,77.604245,18,5,1,assault,3
13.098496,77.599376,23,4,0,vehicle_theft,3
12.946562,77.620966,23,0,0,assault,3
12.921173,77.54567,11,6,1,theft,1
12.913357,77.640517,5,4,0,theft,2
12.971331,77.751278,14,4,0,vehicle_theft,2
12.971292,77.634707,0,3,0,vehicle_theft,2
12.83,77.681171,7,0,0,vehicle_theft,2
12.969641,77.52681,9,4,0,theft,1
12.917673,77.610032,12,6,1,theft,1
12.847905,77.721327,7,2,0,fraud,2
12.937174,77.583524,16,0,0,fraud,1
12.971715,77.638738,23,2,0,harassment,1
12.972613,77.608826,3,4,0,theft,1
12.910901,77.649474,16,1,0,burglary,2
12.973914,77.606179,21,3,0,harassment,1
13.000646,77.564395,7,4,0,theft,1
12.907567,77.607235,21,4,0,burglary,2
12.847015,77.660841,21,6,1,burglary,2
12.837096,77.655717,6,4,0,fraud,1
12.837181,77.662624,0,3,0,burglary,2
12.963865,77.703581,6,6,1,burglary,1
12.973093,77.572163,18,2,0,theft,1
12.96856,77.573539,9,3,0,theft,1
12.981122,77.619775,0,5,1,theft,1
12.838213,77.660345,22,3,0,burglary,2
13.09078,77.553179,7,5,1,fraud,2
13.007923,77.571894,17,5,1,theft,1
12.917189,77.657524,7,5,1,vehicle_theft,2
12.981626,77.62292,20,3,0,harassment,1
13.02931,77.509341,6,0,0,theft,1
12.936266,77.578929,0,6,1,burglary,2
13.102554,77.590238,22,2,0,theft,1
12.908649,77.762366,8,2,0,assault,2
12.970337,77.576192,10,5,1,theft,1
13.035471,77.527027,23,0,0,burglary,2
12.970879,77.598638,2,6,1,assault,3
12.964969,77.578685,15,1,0,theft,2
12.977159,77.531277,0,0,0,vehicle_theft,3
12.935063,77.623781,10,3,0,harassment,2
13.008221,77.552412,8,1,0,theft,1
12.973627,77.606454,9,1,0,harassment,1
12.975442,77.609348,17,5,1,assault,2
13.008291,77.695002,23,3,0,theft,1
13.021223,77.499019,19,3,0,theft,1
12.903248,77.576512,5,0,0,burglary,2
12.848804,77.660266,0,3,0,fraud,1
13.096287,77.606443,2,0,0,vehicle_theft,2
13.026623,77.538035,20,2,0,vehicle_theft,2
12.968203,77.578984,19,3,0,theft,1
12.988944,77.60467,0,4,0,assault,2
12.912587,77.649644,22,5,1,theft,1
13.024548,77.518604,0,6,1,theft,1
13.041653,77.519149,7,0,0,theft,2
13.047108,77.604345,19,4,0,assault,3
12.972824,77.646643,20,0,0,harassment,1
12.942858,77.627407,5,5,1,theft,1
12.975211,77.606536,12,2,0,harassment,1
12.905223,77.582145,23,3,0,vehicle_theft,2
12.967252,77.635672,15,6,1,theft,2
12.981016,77.6218,0,0,0,assault,3
12.933016,77.627581,12,5,1,theft,1
12.999852,77.567199,13,1,0,fraud,1
13.028633,77.549518,21,0,0,theft,1
13.093772,77.586189,8,4,0,theft,1
13.037632,77.598422,15,5,1,assault,2
12.983457,77.74085,23,4,0,vehicle_theft,3
12.907287,77.607399,3,2,0,theft,2
12.931261,77.544962,0,6,1,theft,2
12.998113,77.554259,19,4,0,theft,1
12.96719,77.699223,19,2,0,vehicle_theft,2
13.010851,77.566613,23,0,0,theft,1
12.973021,77.602504,18,6,1,theft,1
13.030747,77.512496,7,4,0,vehicle_theft,2
12.957239,77.702367,8,1,0,vehicle_theft,1
12.936744,77.624789,2,5,1,vehicle_theft,2
12.914691,77.610346,19,2,0,burglary,2
13.045715,77.512433,13,0,0,theft,1
12.994122,77.604686,10,2,0,theft,1
12.997955,77.563789,23,1,0,assault,2
12.985,77.604996,13,4,0,assault,3
12.979734,77.609673,6,5,1,assault,3
12.910588,77.609195,6,6,1,burglary,1
12.97006,77.761061,0,5,1,vehicle_theft,2
12.955198,77.750008,18,2,0,harassment,2
12.928044,77.577139,17,4,0,theft,2
12.911054,77.607053,11,4,0,theft,1
12.933839,77.627868,2,5,1,assault,3
13.005414,77.566342,19,3,0,theft,1
12.925978,77.610977,17,0,0,harassment,1
12.948525,77.70192,15,3,0,fraud,2
12.978465,77.60428,20,1,0,theft,1
12.977904,77.606326,15,2,0,assault,3
12.845811,77.660137,15,1,0,theft,1
13.003887,77.568101,13,3,0,burglary,2
13.001052,77.570982,16,4,0,fraud,1
12.919416,77.542719,20,4,0,vehicle_theft,2
12.97746,77.571519,14,4,0,theft,1
12.985148,77.605047,19,5,1,harassment,1
12.98453,77.620491,5,1,0,theft,1
12.983647,77.623709,0,1,0,assault,2
12.96327,77.576804,7,2,0,theft,1
13.114678,77.730645,7,5,1,assault,2
13.036005,77.597006,18,1,0,burglary,2
12.847666,77.665186,4,1,0,theft,1
13.029339,77.539415,12,4,0,theft,1
13.017954,77.748165,7,4,0,vehicle_theft,1
12.907034,77.584887,17,6,1,burglary,1
12.964491,77.641527,22,6,1,assault,3
12.963998,77.578892,9,2,0,harassment,1
12.919089,77.547262,14,1,0,theft,2
12.912832,77.641078,20,0,0,theft,2
12.975185,77.606667,23,0,0,theft,1
12.991059,77.604613,13,2,0,theft,1
12.925954,77.547007,21,4,0,theft,1
12.935704,77.550612,16,0,0,theft,1
12.927222,77.58255,1,2,0,theft,1
12.982724,77.603794,9,4,0,assault,3
12.953436,77.701124,7,0,0,burglary,2
12.838904,77.681686,1,4,0,burglary,3
12.978715,77.574094,16,1,0,harassment,1
13.031853,77.518702,22,1,0,vehicle_theft,1
13.107368,77.588889,21,3,0,burglary,2
12.930943,77.582172,0,6,1,fraud,1
12.934771,77.625492,23,1,0,assault,3
12.918417,77.613488,18,0,0,harassment,1
12.925654,77.545109,18,0,0,burglary,1
12.975792,77.568816,10,4,0,assault,3
12.966704,77.640898,23,3,0,assault,3
13.004114,77.693772,10,1,0,theft,1
13.010357,77.693158,8,6,1,burglary,3
12.924907,77.547084,9,5,1,theft,1
12.844729,77.660204,4,0,0,burglary,2
12.905933,77.585987,5,4,0,burglary,2
12.903149,77.617751,9,1,0,assault,3
12.922061,77.547199,20,2,0,vehicle_theft,2
13.036216,77.53876,6,4,0,vehicle_theft,2
12.910678,77.627921,10,3,0,vehicle_theft,2
12.863399,77.606172,3,1,0,fraud,1
12.916169,77.611455,19,6,1,theft,1
12.864134,77.662775,4,3,0,vehicle_theft,2
12.90152,77.615321,11,5,1,vehicle_theft,2
12.879745,77.690518,15,0,0,theft,1
12.956018,77.699864,12,3,0,vehicle_theft,1
12.967495,77.577112,5,3,0,theft,1
12.975068,77.606921,22,6,1,theft,1
12.919366,77.641312,19,0,0,vehicle_theft,2
12.929178,77.546316,23,0,0,vehicle_theft,3
13.022069,77.531117,19,1,0,vehicle_theft,2
13.026886,77.542116,9,6,1,theft,1
12.977075,77.573766,6,6,1,harassment,1
12.914317,77.607887,15,4,0,harassment,1
12.973648,77.606778,23,5,1,assault,3
12.925222,77.602285,21,2,0,theft,1
12.960392,77.577822,16,3,0,harassment,2
13.023062,77.52883,19,2,0,theft,2
12.973596,77.572955,12,6,1,theft,1
12.963599,77.734116,6,0,0,vehicle_theft,2
13.002877,77.707169,13,6,1,burglary,2
12.976751,77.606292,1,4,0,assault,3
12.964567,77.685457,9,1,0,theft,1
12.981604,77.62039,18,1,0,assault,3
13.041349,77.597473,23,3,0,burglary,2
12.9828,77.570488,18,5,1,theft,1
12.949052,77.695807,17,6,1,burglary,2
12.903017,77.587048,22,5,1,burglary,1
12.949631,77.704378,7,3,0,assault,3
12.900382,77.612721,20,4,0,theft,1
12.85351,77.659019,23,0,0,fraud,1
12.964029,77.572384,11,0,0,theft,1
13.031145,77.542846,22,6,1,theft,2
12.850401,77.659694,21,1,0,burglary,2
12.984559,77.603638,11,6,1,assault,3
12.907092,77.654566,22,2,0,vehicle_theft,2
13.100096,77.606456,3,4,0,burglary,2
12.972133,77.637503,1,5,1,harassment,1
12.957141,77.646524,2,3,0,assault,3
12.956757,77.701704,8,4,0,assault,3
12.976195,77.634337,0,6,1,theft,1
12.844696,77.659798,21,5,1,vehicle_theft,3
12.999322,77.607571,16,2,0,harassment,1
12.975043,77.567307,6,6,1,fraud,1
12.97517,77.607231,23,5,1,theft,2
12.963911,77.531724,14,1,0,vehicle_theft,2
13.032358,77.596787,19,1,0,vehicle_theft,2
12.998034,77.702746,6,4,0,vehicle_theft,2
12.994652,77.552,20,2,0,burglary,2
12.93888,77.616008,2,0,0,assault,3
12.96257,77.532027,20,0,0,theft,1
12.906213,77.61531,22,0,0,theft,1
13.092402,77.668168,9,3,0,harassment,1
12.978678,77.568949,19,5,1,harassment,1
13.034906,77.597044,19,2,0,assault,2
12.930147,77.547064,21,5,1,vehicle_theft,2
12.978875,77.621084,22,1,0,theft,1
12.972486,77.605849,16,0,0,theft,1
12.984451,77.606635,19,3,0,theft,1
12.893355,77.486072,17,2,0,fraud,1
12.868815,77.760309,1,3,0,fraud,1
12.992635,77.602295,5,4,0,theft,1
12.994955,77.568758,14,1,0,burglary,2
12.90919,77.608959,23,2,0,harassment,1
12.977303,77.752754,3,3,0,vehicle_theft,1
12.975902,77.605535,7,0,0,harassment,1
12.918153,77.60276,20,1,0,burglary,2
12.83926,77.658021,19,6,1,burglary,1
12.915094,77.640999,0,6,1,fraud,1
12.91427,77.611661,23,5,1,harassment,3
12.968454,77.577419,18,2,0,theft,1
12.839147,77.718276,9,4,0,vehicle_theft,1
12.958838,77.703677,18,5,1,theft,1
12.97401,77.608042,0,1,0,harassment,1
12.964273,77.575336,11,0,0,harassment,1
12.987131,77.617111,1,0,0,theft,1
13.096159,77.59831,4,6,1,burglary,1
12.99859,77.555268,5,6,1,burglary,2
13.036211,77.597304,23,6,1,assault,3
12.916944,77.607542,21,6,1,vehicle_theft,1
12.930201,77.625749,0,0,0,theft,1
12.91245,77.641137,23,3,0,theft,1
12.962629,77.576703,16,6,1,harassment,2
12.912033,77.605743,22,1,0,vehicle_theft,1
12.972136,77.608385,0,5,1,assault,3
13.03434,77.603913,10,5,1,assault,3
13.09264,77.578657,0,4,0,vehicle_theft,1
13.023593,77.531854,19,0,0,vehicle_theft,1
12.98357,77.601741,21,2,0,assault,3
13.110703,77.606534,2,3,0,vehicle_theft,2
13.004817,77.569714,20,1,0,burglary,3
12.994722,77.554215,21,4,0,theft,1
13.10934,77.599973,5,6,1,burglary,3
12.918208,77.546138,2,0,0,theft,2
12.916951,77.530093,16,4,0,fraud,1
12.971102,77.641339,14,4,0,assault,2
12.958891,77.693747,8,1,0,vehicle_theft,2
12.964718,77.57512,9,2,0,harassment,1
12.980446,77.609632,14,0,0,harassment,1
12.846529,77.6675,3,6,1,theft,1
12.969114,77.633081,21,3,0,assault,3
12.967874,77.640788,3,0,0,theft,1
12.975759,77.606203,22,6,1,assault,3
12.983211,77.573608,10,5,1,theft,1
12.948494,77.687873,9,3,0,vehicle_theft,3
12.908239,77.60607,18,3,0,burglary,1
12.91743,77.453848,20,2,0,theft,1
13.001109,77.570075,10,1,0,fraud,1
12.830584,77.660285,1,1,0,vehicle_theft,1
13.00697,77.69856,8,6,1,vehicle_theft,2
12.914577,77.636832,23,1,0,theft,2
13.027187,77.538797,10,6,1,theft,2
12.968469,77.574944,14,3,0,theft,1
12.908952,77.594684,23,0,0,theft,1
13.018054,77.658726,8,4,0,assault,1
12.914177,77.638436,4,3,0,theft,1
12.925868,77.547219,21,4,0,theft,2
12.939503,77.624853,20,1,0,assault,3
13.063998,77.453645,4,0,0,vehicle_theft,2
12.973389,77.621575,21,3,0,assault,3
12.857045,77.664253,0,0,0,vehicle_theft,3
12.9623,77.582377,10,3,0,theft,1
12.980105,77.60567,12,2,0,assault,3
12.91611,77.609018,17,0,0,harassment,1
13.0269,77.519077,1,1,0,vehicle_theft,1
12.97298,77.569384,10,3,0,harassment,2
12.968941,77.647068,23,0,0,assault,2
12.9105,77.641654,0,6,1,burglary,2
12.977844,77.572224,6,6,1,theft,1
13.014794,77.694604,9,0,0,assault,2
12.97296,77.568748,10,6,1,harassment,2
13.001074,77.567405,10,4,0,theft,1
12.92918,77.625429,10,3,0,assault,3
12.971093,77.611175,2,3,0,theft,1
12.939995,77.523082,22,6,1,harassment,1
12.964547,77.578338,1,6,1,theft,1
13.086195,77.611062,16,3,0,vehicle_theft,2
13.024223,77.52813,7,2,0,theft,1
12.980534,77.606456,20,1,0,theft,1
12.954925,77.697607,16,6,1,vehicle_theft,3
12.96668,77.574823,12,3,0,theft,1
12.97622,77.608311,23,1,0,harassment,1
13.045523,77.524293,16,1,0,burglary,1
12.992868,77.604009,16,6,1,assault,2
12.982171,77.616264,21,2,0,assault,3
12.906975,77.641583,13,2,0,vehicle_theft,2
12.934994,77.623227,1,4,0,assault,3
12.976416,77.542241,6,1,0,theft,1
13.010771,77.705674,19,1,0,vehicle_theft,2
12.97281,77.641936,19,2,0,theft,2
12.916189,77.608025,10,3,0,theft,1
12.999836,77.705156,6,2,0,theft,1
12.968255,77.751848,13,0,0,burglary,2
12.968013,77.642412,6,5,1,assault,3
12.915743,77.608622,2,2,0,theft,1
12.979456,77.620321,3,5,1,theft,1
12.969841,77.574983,13,3,0,theft,1
12.973532,77.772655,1,5,1,theft,1
13.00408,77.56779,6,2,0,theft,2
12.973378,77.629746,13,4,0,assault,3
12.91563,77.545172,8,2,0,burglary,1
12.989094,77.567081,19,4,0,burglary,1
12.936902,77.626701,4,0,0,theft,1
13.024515,77.530374,14,6,1,vehicle_theft,1
12.955336,77.625332,3,6,1,theft,2
12.932958,77.618503,3,6,1,assault,3
13.002071,77.577821,2,5,1,fraud,1
12.910025,77.581783,18,1,0,theft,2
13.040825,77.591199,11,3,0,assault,3
12.979235,77.579023,12,3,0,theft,1
12.956075,77.700998,8,1,0,vehicle_theft,1
13.032534,77.544822,1,3,0,theft,2
13.022585,77.525278,22,1,0,vehicle_theft,2
13.099591,77.600737,2,4,0,burglary,1
12.997177,77.557434,15,2,0,burglary,1
12.853617,77.661914,23,5,1,theft,1
12.928637,77.586122,21,6,1,theft,1
12.954593,77.700553,2,2,0,vehicle_theft,2
12.965722,77.531447,4,1,0,vehicle_theft,2
12.906518,77.612072,11,1,0,theft,1
12.996562,77.715561,16,4,0,assault,3
12.957033,77.703418,9,0,0,theft,1
13.049717,77.733463,5,5,1,vehicle_theft,1
12.970909,77.603993,23,6,1,harassment,2
12.928397,77.579612,0,0,0,theft,1
12.920379,77.546851,12,3,0,theft,1
12.965973,77.749375,23,0,0,theft,2
12.979846,77.734699,0,2,0,burglary,1
12.910471,77.606312,20,5,1,vehicle_theft,2
12.969943,77.749922,20,0,0,fraud,1
12.907864,77.590605,23,5,1,burglary,1
12.911981,77.640947,17,1,0,vehicle_theft,3
13.036503,77.59617,8,5,1,vehicle_theft,2
12.978013,77.582425,20,6,1,fraud,1
13.025794,77.52272,1,4,0,burglary,1
13.030927,77.717227,2,4,0,assault,1
12.96935,77.577667,14,6,1,theft,1
13.046122,77.594525,0,2,0,assault,2
12.898854,77.520763,12,2,0,assault,1
12.974562,77.643216,23,6,1,assault,2
12.959158,77.703717,11,0,0,vehicle_theft,3
12.91401,77.607246,2,3,0,harassment,1
12.97254,77.531635,18,3,0,theft,1
12.859487,77.649694,0,6,1,vehicle_theft,3
12.963564,77.766157,1,5,1,fraud,1
12.96615,77.565477,18,0,0,theft,1
12.959483,77.695695,21,3,0,vehicle_theft,2
13.035016,77.517503,6,1,0,vehicle_theft,3
12.90663,77.584345,23,4,0,burglary,2
12.974591,77.608923,1,5,1,assault,3
12.963433,77.697128,2,5,1,theft,1
12.973487,77.472715,12,6,1,harassment,1
12.974506,77.641616,6,0,0,theft,1
12.985557,77.603606,9,3,0,theft,1
12.920136,77.54406,10,4,0,theft,1
13.038118,77.702253,22,6,1,burglary,1
12.939557,77.701216,10,4,0,vehicle_theft,2
12.91288,77.55288,18,5,1,theft,1
12.986615,77.613808,12,6,1,theft,1
13.003695,77.549042,2,3,0,burglary,3
12.847531,77.661872,23,2,0,burglary,2
12.911749,77.650511,21,6,1,vehicle_theft,3
13.033682,77.520339,3,5,1,vehicle_theft,2
12.981422,77.568676,12,4,0,theft,1
12.952014,77.703208,10,2,0,vehicle_theft,3
12.975999,77.605472,0,1,0,theft,2
13.039386,77.586767,21,2,0,burglary,1
13.033328,77.51948,1,2,0,vehicle_theft,3
12.913019,77.600561,20,1,0,theft,1
13.036655,77.597379,5,2,0,assault,3
12.913424,77.642978,21,2,0,theft,2
13.012213,77.563346,21,2,0,burglary,3
12.982164,77.613166,19,5,1,theft,1
12.970154,77.529286,22,4,0,theft,2
12.958441,77.572612,13,3,0,theft,1
12.970747,77.527488,22,1,0,theft,1
13.005992,77.565497,10,2,0,theft,2
12.964984,77.57764,11,3,0,theft,1
12.990497,77.597771,16,4,0,theft,1
13.003655,77.57417,20,3,0,theft,1
12.970314,77.579725,2,5,1,theft,1
12.90873,77.621015,8,2,0,vehicle_theft,3
12.988465,77.567853,14,2,0,vehicle_theft,2
12.905148,77.617767,18,1,0,theft,1
12.999924,77.557479,5,0,0,theft,2
13.034206,77.518944,21,1,0,vehicle_theft,2
12.937306,77.623165,0,6,1,harassment,1
12.926987,77.549117,20,3,0,vehicle_theft,2
12.960347,77.567331,21,0,0,harassment,1
13.00498,77.701296,15,6,1,burglary,2
12.972476,77.575824,9,0,0,theft,1
12.97817,77.606539,7,6,1,harassment,2
13.040497,77.600972,9,3,0,vehicle_theft,3
12.974539,77.608743,22,5,1,harassment,1
13.007455,77.695229,16,2,0,theft,2
12.985587,77.573169,20,0,0,theft,1
13.003538,77.573234,11,5,1,theft,1
13.041622,77.597161,19,3,0,theft,1
12.910864,77.614749,21,4,0,burglary,1
12.916838,77.60795,14,3,0,theft,1
12.924032,77.548842,19,5,1,theft,1
12.967783,77.751256,21,0,0,theft,1
12.97045,77.765334,2,5,1,burglary,2
12.928652,77.547265,23,2,0,theft,2
13.00748,77.691679,20,4,0,burglary,2
12.99177,77.603318,7,1,0,theft,1
12.939428,77.614349,23,0,0,harassment,1
12.968797,77.536625,21,2,0,theft,2
12.963125,77.581229,23,4,0,theft,1
12.978483,77.530862,1,5,1,vehicle_theft,2
13.031377,77.519731,21,4,0,theft,2
12.97524,77.604514,0,2,0,assault,3
12.999754,77.558968,18,0,0,theft,1
12.923029,77.579569,17,5,1,theft,1
12.913252,77.611943,20,6,1,harassment,1
12.906848,77.599091,0,6,1,burglary,2
12.980354,77.615272,21,5,1,theft,1
12.845102,77.660134,4,3,0,theft,1
12.983096,77.561805,11,2,0,harassment,1
12.933004,77.580631,18,0,0,theft,2
13.00741,77.700889,18,6,1,theft,1
13.015244,77.690091,10,0,0,theft,2
12.985352,77.619843,23,4,0,theft,1
12.831463,77.662771,18,1,0,theft,1
12.909124,77.580713,17,0,0,burglary,3
12.935079,77.614336,19,1,0,harassment,1
12.976413,77.576978,12,4,0,theft,1
12.974527,77.534775,18,3,0,theft,1
12.967947,77.749882,3,5,1,theft,1
12.999187,77.701212,15,0,0,assault,3
12.976379,77.570877,19,3,0,theft,1
12.973089,77.700842,12,0,0,vehicle_theft,2
12.955661,77.546727,9,3,0,vehicle_theft,1
12.84435,77.660082,2,4,0,theft,1
13.037227,77.602955,18,0,0,burglary,2
12.968232,77.57928,13,0,0,theft,1
13.001002,77.570475,13,3,0,theft,2
13.030082,77.539286,19,2,0,theft,1
12.914204,77.642938,12,5,1,burglary,1
12.969164,77.526963,19,1,0,theft,1
12.980347,77.636922,20,2,0,assault,3
12.981381,77.606677,7,6,1,harassment,1
12.858387,77.672722,18,2,0,harassment,1
12.962729,77.579307,14,0,0,assault,3
12.958548,77.575725,7,5,1,theft,1
12.961456,77.57968,19,6,1,theft,1
12.83,77.663303,23,0,0,burglary,2
12.975315,77.568339,17,3,0,harassment,2
13.106706,77.57661,19,2,0,theft,1
13.005964,77.694831,17,5,1,vehicle_theft,2
12.902734,77.618006,20,5,1,assault,3
13.0048,77.699066,11,2,0,vehicle_theft,2
13.023848,77.601934,21,1,0,vehicle_theft,2
12.937586,77.631919,1,5,1,theft,1
12.8433,77.670568,19,1,0,vehicle_theft,2
13.032852,77.514804,23,4,0,theft,1
12.91561,77.609518,2,5,1,theft,1
13.035864,77.596489,22,1,0,burglary,1
12.956316,77.695915,7,3,0,vehicle_theft,3
13.100325,77.600454,3,4,0,burglary,3
12.924897,77.54481,22,4,0,theft,1
12.935369,77.623592,4,2,0,theft,1
12.926126,77.596494,23,5,1,theft,2
12.934214,77.569114,22,3,0,burglary,2
13.031652,77.518275,22,4,0,vehicle_theft,3
12.968096,77.581883,21,3,0,theft,1
12.980092,77.569867,13,4,0,theft,1
13.027763,77.539187,7,1,0,assault,2
12.977471,77.606121,0,5,1,harassment,1
13.028221,77.535005,6,0,0,theft,1
12.929931,77.582955,12,6,1,burglary,2
12.971125,77.530566,6,0,0,theft,1
13.04473,77.519396,0,0,0,burglary,2
12.907017,77.587224,20,3,0,theft,1
12.997636,77.697315,21,5,1,assault,3
12.976007,77.572234,6,3,0,theft,1
12.984477,77.610405,22,6,1,theft,1
12.918644,77.553557,15,1,0,burglary,2
12.982741,77.611266,21,0,0,theft,2
13.032874,77.515713,23,6,1,burglary,2
12.934085,77.625438,21,2,0,assault,2
12.8433,77.659385,13,6,1,vehicle_theft,1
12.974463,77.611284,4,1,0,harassment,2
12.985985,77.574902,16,2,0,assault,3
12.984874,77.631912,23,0,0,theft,1
13.007384,77.569839,9,3,0,burglary,3
12.842184,77.671584,2,0,0,fraud,1
13.002269,77.568277,22,5,1,theft,1
12.906406,77.581919,5,0,0,burglary,2
12.948348,77.704104,9,2,0,assault,3
12.925788,77.575506,22,2,0,burglary,2
12.985463,77.60559,20,1,0,assault,2
12.983813,77.571534,17,4,0,fraud,1
12.909096,77.622212,17,2,0,theft,1
12.998004,77.564661,0,6,1,theft,1
12.839739,77.669177,4,3,0,vehicle_theft,3
12.935749,77.626034,23,1,0,harassment,1
13.099725,77.722776,22,5,1,vehicle_theft,2
12.90589,77.61614,20,4,0,theft,2
12.96859,77.752323,1,3,0,vehicle_theft,3
12.983196,77.609563,3,6,1,assault,3
13.036963,77.603856,20,6,1,assault,2
12.905984,77.622748,19,4,0,vehicle_theft,2
12.974949,77.606714,1,2,0,theft,1
12.996185,77.553982,16,1,0,burglary,2
12.97714,77.571107,17,4,0,theft,1
12.959856,77.708096,19,0,0,vehicle_theft,1
13.134811,77.729869,8,5,1,burglary,1
12.984728,77.605175,13,4,0,assault,2
12.987288,77.533169,23,1,0,theft,1
12.996851,77.564223,22,3,0,assault,3
12.907219,77.639299,12,0,0,vehicle_theft,2
12.844996,77.659555,4,2,0,vehicle_theft,2
12.970096,77.531205,15,4,0,burglary,2
13.059713,77.718603,13,5,1,burglary,1
12.857174,77.601915,14,1,0,fraud,1
12.940781,77.632499,23,6,1,theft,1
13.008383,77.696181,9,6,1,theft,1
12.926026,77.593044,21,0,0,theft,1
12.969551,77.643293,21,3,0,harassment,1
13.017951,77.471383,0,1,0,fraud,1
12.973349,77.611236,3,0,0,theft,1
12.979682,77.627996,2,4,0,harassment,1
12.925286,77.546827,18,4,0,theft,1
12.945979,77.694465,9,0,0,vehicle_theft,2
13.026219,77.546237,20,5,1,vehicle_theft,2
12.974977,77.607022,17,5,1,assault,3
12.976849,77.608578,21,6,1,assault,3
12.991236,77.554324,6,4,0,theft,2
13.003063,77.568542,18,1,0,theft,1
12.908895,77.581523,4,6,1,vehicle_theft,3
12.984058,77.617598,13,2,0,theft,1
13.028124,77.541173,23,6,1,theft,1
12.964041,77.567439,3,2,0,theft,1
12.981461,77.584349,9,0,0,assault,1
12.968526,77.746975,14,1,0,burglary,2
12.933252,77.588833,20,1,0,theft,2
12.994446,77.552875,17,3,0,burglary,2
12.928002,77.58196,14,4,0,fraud,1
13.028588,77.539874,4,0,0,theft,1
12.964406,77.578453,11,1,0,theft,2
13.021372,77.52528,0,5,1,burglary,1
12.972712,77.641963,2,0,0,assault,3
13.079653,77.747306,22,4,0,theft,2
13.108124,77.58818,21,1,0,burglary,2
12.909267,77.585587,2,2,0,vehicle_theft,2
12.975173,77.607059,21,6,1,harassment,1
12.984568,77.612009,19,6,1,harassment,1
12.975017,77.608271,0,3,0,assault,3
12.970631,77.609872,1,6,1,assault,2
12.987493,77.570871,10,0,0,theft,2
12.990423,77.609015,18,6,1,theft,1
12.843925,77.656731,10,6,1,fraud,1
12.910781,77.61208,21,0,0,burglary,3
12.970353,77.749849,23,1,0,vehicle_theft,1
12.983009,77.757781,3,5,1,burglary,2
12.99185,77.562094,20,6,1,theft,1
13.008752,77.570897,10,4,0,fraud,1
12.963026,77.688669,7,0,0,vehicle_theft,2
13.033958,77.519077,7,4,0,burglary,2
12.963481,77.581561,2,1,0,harassment,1
12.972337,77.583545,14,1,0,fraud,1
12.970749,77.637022,22,2,0,harassment,1
12.924415,77.622891,23,5,1,vehicle_theft,3
13.028495,77.517916,13,4,0,theft,1
12.854234,77.658397,0,4,0,burglary,3
12.923893,77.608247,16,0,0,theft,1
12.986458,77.604947,19,3,0,assault,2
12.971416,77.648849,2,5,1,vehicle_theft,1
13.112188,77.452685,6,5,1,harassment,1
12.964557,77.695941,16,1,0,vehicle_theft,3
12.900376,77.58464,17,4,0,theft,1
12.912776,77.64488,16,5,1,burglary,1
12.973547,77.565086,19,0,0,fraud,2
12.965944,77.579959,17,3,0,fraud,1
12.972087,77.752056,23,1,0,vehicle_theft,2
12.973881,77.566574,10,1,0,fraud,1
12.968824,77.577481,12,1,0,fraud,1
12.906514,77.611738,18,0,0,theft,1
12.973585,77.636139,1,0,0,harassment,1
12.937006,77.629024,22,0,0,harassment,1
12.973917,77.576686,18,4,0,theft,1
13.004602,77.693471,21,2,0,assault,3
12.967819,77.586426,7,5,1,fraud,1
13.008644,77.570081,19,0,0,theft,2
12.911423,77.638987,22,6,1,burglary,2
12.909,77.608754,16,6,1,theft,1
12.964381,77.577945,11,3,0,theft,1
12.976011,77.570392,15,4,0,theft,1
13.039513,77.514361,22,6,1,burglary,3
12.937788,77.62904,22,4,0,theft,1
12.97929,77.701613,9,3,0,theft,2
13.010719,77.689003,9,1,0,vehicle_theft,2
12.976396,77.615213,1,6,1,theft,1
13.023532,77.545404,15,4,0,theft,1
12.997848,77.555096,23,2,0,theft,1
12.969417,77.580019,18,3,0,theft,1
12.960689,77.698309,18,4,0,theft,1
12.905922,77.617468,20,6,1,vehicle_theft,2
12.969374,77.57912,5,6,1,theft,1
13.04529,77.547453,21,0,0,theft,2
13.099102,77.595694,14,2,0,vehicle_theft,3
12.936835,77.612933,4,5,1,theft,1
12.985889,77.604547,1,1,0,theft,1
12.941149,77.635241,23,6,1,assault,3
12.906212,77.584627,19,0,0,theft,1
12.843273,77.649137,22,5,1,vehicle_theft,3
12.988292,77.709017,21,0,0,burglary,1
12.978351,77.571197,22,4,0,assault,3
12.930139,77.580472,21,1,0,fraud,1
12.980858,77.529415,23,1,0,theft,1
12.917574,77.610738,10,6,1,theft,1
12.973962,77.532028,23,3,0,burglary,3
12.933163,77.539923,3,0,0,theft,1
13.101658,77.593532,3,1,0,burglary,2
12.97157,77.570047,11,5,1,theft,1
12.938812,77.735333,6,4,0,harassment,1
12.962989,77.576996,18,3,0,theft,1
12.917187,77.547177,15,4,0,burglary,1
13.038789,77.593703,22,5,1,burglary,1
12.849528,77.652118,0,2,0,vehicle_theft,2
12.971843,77.641904,16,0,0,harassment,2
12.938897,77.623468,1,4,0,theft,2
13.010683,77.55227,19,3,0,theft,1
13.041273,77.758183,1,4,0,assault,1
12.994646,77.489958,13,2,0,burglary,2
13.106181,77.584336,22,1,0,burglary,3
12.9868,77.633714,4,0,0,theft,1
12.920101,77.607937,1,3,0,vehicle_theft,2
12.906764,77.62858,14,6,1,theft,1
12.998641,77.575569,11,2,0,theft,1
13.098185,77.594361,6,2,0,vehicle_theft,3
12.981566,77.52497,2,3,0,theft,1
13.010292,77.704583,23,4,0,assault,3
12.910832,77.580904,2,4,0,theft,1
12.966671,77.576966,12,3,0,theft,1
12.941406,77.550437,8,0,0,theft,1
12.96261,77.579821,10,6,1,theft,1
12.979987,77.535495,20,2,0,theft,1
12.930982,77.571885,20,2,0,theft,1
12.9785,77.56851,9,5,1,fraud,1
12.989036,77.603106,19,5,1,harassment,1
13.023711,77.512696,0,6,1,theft,1
13.001984,77.569876,17,5,1,burglary,1
12.992009,77.554701,20,1,0,theft,1
12.915175,77.609763,2,2,0,vehicle_theft,2
12.925987,77.545918,10,6,1,vehicle_theft,2
12.922445,77.603011,4,3,0,burglary,1
12.984315,77.639485,20,6,1,theft,2
12.97771,77.572102,15,6,1,theft,2
13.010202,77.696158,12,0,0,vehicle_theft,2
12.963147,77.577077,10,2,0,harassment,1
12.844044,77.670238,21,0,0,vehicle_theft,2
13.072958,77.590701,7,4,0,assault,1
12.931803,77.58138,15,1,0,fraud,2
12.955223,77.576829,10,6,1,theft,2
12.984843,77.605696,16,2,0,theft,1
12.991145,77.724857,21,2,0,theft,1
12.955638,77.701143,18,2,0,theft,1
12.977832,77.608049,0,2,0,harassment,2
12.914247,77.606998,6,1,0,vehicle_theft,2
12.836968,77.680231,13,0,0,fraud,2
13.059124,77.505247,20,0,0,burglary,2
13.004913,77.574511,6,5,1,assault,2
12.939643,77.628891,21,0,0,harassment,2
12.967842,77.576746,17,6,1,assault,3
13.000465,77.548012,1,6,1,theft,1
12.936317,77.625075,4,3,0,theft,1
12.898773,77.575217,17,3,0,burglary,2
12.930698,77.623579,0,4,0,assault,2
12.968678,77.580325,8,2,0,theft,1
12.897884,77.627498,1,6,1,vehicle_theft,2
12.95984,77.574693,14,1,0,theft,1
12.966845,77.575844,21,3,0,fraud,1
12.935005,77.625061,20,3,0,theft,2
12.91734,77.610685,19,5,1,theft,2
13.019129,77.694101,17,2,0,theft,1
13.128124,77.74703,4,5,1,burglary,1
12.976117,77.567502,18,4,0,theft,1
12.993009,77.555925,19,6,1,theft,1
12.965902,77.581181,13,5,1,theft,1
12.902209,77.72899,22,4,0,theft,1
12.98122,77.609939,20,2,0,theft,1
12.857941,77.665509,18,3,0,fraud,1
12.926418,77.619405,22,6,1,assault,3
12.931486,77.624315,10,2,0,assault,2
12.927135,77.555809,0,5,1,theft,2
12.912161,77.613964,11,0,0,vehicle_theft,3
12.972853,77.604264,23,6,1,assault,3
12.840389,77.571386,13,2,0,burglary,1
12.9744,77.640191,23,5,1,assault,3
13.003297,77.565669,16,0,0,theft,1
12.924294,77.546244,22,2,0,vehicle_theft,2
12.969508,77.749437,19,3,0,vehicle_theft,2
13.027642,77.534996,9,3,0,vehicle_theft,1
13.125145,77.523537,13,0,0,assault,1
12.985932,77.602746,22,4,0,theft,1
12.974539,77.528805,20,5,1,theft,1
12.937722,77.627435,21,4,0,vehicle_theft,2
12.951174,77.702224,20,4,0,assault,3
12.994775,77.55407,21,3,0,theft,1
12.986813,77.603446,5,5,1,assault,2
12.915596,77.615771,19,0,0,theft,1
12.910543,77.643734,22,2,0,fraud,2
12.881706,77.453245,0,3,0,assault,1
12.968091,77.536023,10,6,1,burglary,1
13.00335,77.570222,8,4,0,theft,1
13.012123,77.699228,17,4,0,vehicle_theft,2
12.995031,77.552744,22,6,1,burglary,1
12.967075,77.634475,9,0,0,assault,3
12.977484,77.745293,12,1,0,theft,1
12.975814,77.624019,22,6,1,assault,3
12.985666,77.606234,11,5,1,assault,3
12.932846,77.575402,22,2,0,theft,1
12.921538,77.59522,18,2,0,burglary,2
13.037621,77.593763,6,0,0,theft,1
13.100743,77.596312,2,1,0,burglary,3
12.870199,77.594279,10,6,1,fraud,1
12.923399,77.549419,0,5,1,vehicle_theft,3
12.976648,77.601103,5,6,1,theft,1
12.971389,77.607247,22,5,1,harassment,1
13.026436,77.551159,17,5,1,theft,1
13.006901,77.565126,11,3,0,burglary,1
12.892862,77.496061,20,3,0,fraud,1
12.956006,77.700904,9,3,0,theft,2
12.908176,77.611979,18,5,1,vehicle_theft,2
12.972314,77.611259,0,3,0,assault,3
12.908868,77.582139,2,1,0,theft,1
13.022532,77.543801,10,2,0,theft,1
12.967494,77.746224,23,1,0,vehicle_theft,2
12.984104,77.59678,13,3,0,assault,3
12.910189,77.609249,22,4,0,harassment,2
12.844288,77.656422,19,3,0,theft,1
12.999971,77.572866,17,6,1,theft,1
12.965081,77.755333,19,4,0,burglary,2
12.96388,77.582469,12,5,1,theft,1
12.922583,77.586811,16,4,0,burglary,2
13.119167,77.602701,5,0,0,theft,1
12.972596,77.572415,19,1,0,theft,1
12.933975,77.620108,3,3,0,assault,2
12.968748,77.578212,13,6,1,theft,2
12.96957,77.640668,1,4,0,harassment,1
12.977669,77.570002,13,2,0,fraud,1
12.915212,77.609452,17,4,0,harassment,1
12.910674,77.612768,20,5,1,vehicle_theft,2
13.008665,77.697365,8,3,0,burglary,1
13.004636,77.554556,18,3,0,assault,3
13.04839,77.706057,18,6,1,assault,1
12.969005,77.635992,1,5,1,assault,2
12.976906,77.564046,22,4,0,fraud,1
12.925,77.544587,15,6,1,burglary,3
12.961752,77.579176,18,0,0,theft,1
12.959491,77.577212,12,4,0,harassment,2
13.045305,77.52377,23,3,0,burglary,2
13.022351,77.534667,9,6,1,theft,1
12.982332,77.621374,21,3,0,harassment,1
12.906427,77.577482,20,1,0,theft,2
12.992264,77.615928,14,3,0,harassment,1
12.97756,77.571291,8,4,0,harassment,2
13.096555,77.455154,8,0,0,vehicle_theft,2
12.965678,77.698037,10,0,0,burglary,2
12.96917,77.612215,0,6,1,assault,3
12.959236,77.699534,11,1,0,theft,1
12.963145,77.579494,19,3,0,theft,2
12.96016,77.578601,18,0,0,theft,1
12.920863,77.546585,19,3,0,theft,2
13.047433,77.702136,19,2,0,fraud,2
12.9766,77.572362,10,3,0,fraud,1
12.929285,77.605666,0,6,1,theft,1
12.982576,77.620162,21,6,1,theft,1
12.969025,77.570752,12,4,0,theft,2
12.909854,77.615531,23,1,0,vehicle_theft,2
12.909991,77.585876,5,4,0,burglary,2
12.975195,77.577445,0,3,0,assault,3
12.968644,77.640327,23,6,1,assault,3
12.977062,77.613948,22,5,1,theft,1
12.83813,77.650751,20,5,1,burglary,1
12.96657,77.640371,6,6,1,theft,1
13.105467,77.59026,3,4,0,theft,1
12.963411,77.576577,12,2,0,assault,3
12.972798,77.597894,6,1,0,assault,3
12.894176,77.590175,19,4,0,vehicle_theft,2
13.00352,77.569335,16,2,0,theft,1
13.010778,77.570535,8,5,1,fraud,1
12.976143,77.607237,21,5,1,theft,1
13.030773,77.541618,20,1,0,theft,1
12.877336,77.694015,2,6,1,vehicle_theft,1
12.982019,77.620284,22,4,0,assault,3
12.97307,77.638741,21,0,0,assault,3
13.021901,77.521223,1,0,0,vehicle_theft,2
12.981822,77.535328,4,6,1,burglary,1
12.963831,77.707535,3,5,1,vehicle_theft,3
12.864596,77.458104,19,2,0,vehicle_theft,2
13.042435,77.575111,21,6,1,harassment,2
12.93416,77.626782,23,2,0,assault,3
13.014936,77.685777,18,2,0,vehicle_theft,2
12.935768,77.54179,2,4,0,vehicle_theft,2
12.97121,77.568838,12,0,0,theft,2
13.007712,77.69777,14,0,0,theft,1
12.963385,77.588486,7,0,0,fraud,1
12.98769,77.756081,23,1,0,theft,1
12.88968,77.585801,2,2,0,burglary,2
13.014272,77.693829,17,5,1,burglary,2
12.908433,77.613762,19,4,0,vehicle_theft,2
13.03499,77.597787,7,5,1,assault,3
13.031929,77.507658,0,3,0,vehicle_theft,2
12.917408,77.60652,22,3,0,burglary,3
13.053259,77.618289,9,4,0,burglary,1
12.946487,77.693765,19,5,1,assault,3
12.964664,77.572021,7,6,1,harassment,2
12.979991,77.611224,18,5,1,theft,2
12.901835,77.626561,16,6,1,vehicle_theft,2
12.965958,77.752247,0,2,0,burglary,1
12.976582,77.607941,2,6,1,harassment,1
12.844937,77.659513,22,6,1,burglary,2
12.997903,77.554916,15,5,1,burglary,1
12.964393,77.750519,6,3,0,burglary,3
13.033381,77.519988,4,2,0,theft,1
13.002172,77.566095,12,3,0,fraud,1
13.125995,77.70849,4,2,0,theft,1
12.972722,77.640527,17,3,0,assault,3
13.009328,77.708401,5,1,0,assault,2
13.01684,77.699207,21,3,0,vehicle_theft,1
12.973912,77.606894,1,0,0,assault,3
13.009293,77.622312,1,5,1,assault,1
13.079228,77.772764,0,3,0,harassment,2
12.847023,77.519497,4,5,1,assault,1
12.974059,77.579119,4,3,0,theft,2
12.993664,77.693968,22,3,0,theft,1
12.847654,77.661913,13,6,1,vehicle_theft,3
12.911692,77.615969,16,2,0,harassment,1
12.973758,77.606193,22,1,0,assault,3
12.983777,77.552237,14,6,1,harassment,1
12.903472,77.606837,23,1,0,burglary,2
12.84503,77.660196,2,6,1,theft,1
12.981563,77.606576,17,2,0,harassment,1
12.972266,77.577172,21,5,1,theft,1
13.094896,77.683709,22,2,0,theft,1
13.030259,77.535354,19,3,0,vehicle_theft,1
12.919995,77.544311,15,4,0,theft,1
12.917005,77.608324,18,6,1,assault,2
12.983036,77.619029,0,4,0,harassment,1
12.961901,77.578939,7,1,0,theft,1
13.032923,77.518508,1,3,0,vehicle_theft,3
13.032875,77.523461,5,1,0,theft,1
12.964376,77.714287,19,3,0,assault,3
13.011886,77.70592,22,4,0,vehicle_theft,2
13.007484,77.566259,15,3,0,theft,2
12.863013,77.646102,4,3,0,burglary,2
12.960141,77.699527,22,0,0,vehicle_theft,2
12.967026,77.578398,12,6,1,theft,1
13.003436,77.567931,15,2,0,fraud,1
12.944529,77.577728,2,2,0,burglary,2
12.976919,77.532889,17,2,0,theft,1
12.941431,77.69563,7,1,0,theft,1
12.970433,77.528602,0,6,1,burglary,1
12.955926,77.702123,18,2,0,burglary,2
12.951817,77.699359,16,4,0,vehicle_theft,2
13.000092,77.558476,23,1,0,burglary,2
12.834822,77.66104,1,0,0,theft,1
12.913301,77.606918,15,6,1,burglary,2
12.964095,77.583193,21,4,0,theft,1
12.946445,77.700676,6,5,1,assault,3
13.005908,77.695153,10,0,0,burglary,3
12.968732,77.580676,17,2,0,fraud,1
12.956122,77.702024,1,2,0,vehicle_theft,1
12.858477,77.663471,1,2,0,burglary,2
12.95997,77.706828,6,1,0,vehicle_theft,3
12.986721,77.65191,18,0,0,theft,1
12.907679,77.583769,23,5,1,burglary,2
12.974901,77.607524,23,4,0,assault,3
12.844959,77.663195,19,2,0,fraud,2
12.969155,77.580129,12,1,0,theft,2
12.922825,77.549247,20,1,0,burglary,2
12.994202,77.560313,20,2,0,theft,1
12.988805,77.60569,14,0,0,theft,1
12.923337,77.6048,21,2,0,vehicle_theft,3
12.906654,77.647158,10,3,0,fraud,1
12.990239,77.610173,12,3,0,harassment,1
12.958185,77.704959,9,6,1,burglary,1
12.924679,77.547633,5,1,0,burglary,2
12.989717,77.619596,8,5,1,theft,1
12.97297,77.753222,6,5,1,vehicle_theft,2
12.973235,77.568159,12,6,1,theft,1
13.036074,77.596992,7,3,0,burglary,2
12.972606,77.762215,19,2,0,theft,1
13.128094,77.533285,17,4,0,fraud,1
13.032408,77.536426,23,6,1,burglary,1
12.915621,77.636405,20,5,1,fraud,1
12.977079,77.57155,21,2,0,theft,1
12.986355,77.600882,22,5,1,theft,1
13.02174,77.542831,22,5,1,vehicle_theft,1
12.923313,77.611283,18,6,1,theft,1
12.928185,77.544863,19,0,0,burglary,2
12.935045,77.583772,20,5,1,theft,1
12.992795,77.578588,16,3,0,harassment,1
12.916391,77.545669,14,6,1,vehicle_theft,2
13.007345,77.699419,3,0,0,theft,1
12.969625,77.750482,20,6,1,theft,1
12.979615,77.733511,21,2,0,burglary,1
12.916034,77.609851,23,5,1,burglary,2
13.002893,77.572543,20,3,0,fraud,1
12.913097,77.642734,6,4,0,theft,2
12.98936,77.760573,8,1,0,vehicle_theft,3
12.983825,77.602505,17,0,0,assault,2
12.907866,77.583946,19,4,0,theft,1
13.038413,77.509994,1,1,0,vehicle_theft,2
13.108801,77.591503,23,1,0,burglary,2
13.018527,77.709691,17,4,0,theft,1
12.906628,77.628086,17,5,1,burglary,1
12.836552,77.659906,3,0,0,fraud,2
12.937232,77.626997,23,2,0,harassment,1
12.931872,77.596069,23,2,0,burglary,1
12.930419,77.579385,20,3,0,fraud,1
12.965236,77.762621,12,2,0,burglary,2
12.902816,77.655481,22,1,0,fraud,2
12.954029,77.699535,18,3,0,vehicle_theft,1
12.974298,77.638884,1,1,0,theft,1
12.845111,77.657442,2,3,0,vehicle_theft,1
12.838019,77.662828,1,1,0,fraud,1
12.955726,77.700691,7,2,0,vehicle_theft,2
12.839216,77.649008,3,2,0,vehicle_theft,2
12.971362,77.64095,7,6,1,assault,3
12.912593,77.640155,18,6,1,fraud,1
12.974982,77.612268,7,1,0,assault,3
13.007337,77.565104,20,5,1,fraud,1
12.935181,77.556727,23,2,0,theft,1
12.936552,77.631862,2,6,1,harassment,1
12.984727,77.604919,20,1,0,harassment,2
13.003091,77.490021,17,1,0,burglary,1
12.904403,77.621462,19,2,0,vehicle_theft,3
12.981458,77.620003,1,0,0,theft,1
13.032139,77.521286,23,1,0,burglary,3
13.04039,77.599565,17,2,0,vehicle_theft,2
12.842274,77.652204,11,3,0,burglary,3
13.003415,77.570429,15,2,0,theft,2
12.973502,77.606282,1,5,1,theft,1
13.027973,77.539999,5,1,0,vehicle_theft,2
12.932938,77.584497,2,3,0,fraud,1
12.964498,77.573181,15,4,0,theft,2
12.974648,77.576359,9,3,0,harassment,1
12.97708,77.571114,23,6,1,harassment,1
12.922705,77.585747,18,5,1,theft,1
12.975506,77.750734,23,5,1,burglary,3
12.977386,77.580324,9,0,0,harassment,1
12.971208,77.638445,22,4,0,harassment,1
12.962031,77.757929,10,3,0,fraud,1
12.908183,77.615726,17,0,0,vehicle_theft,2
12.936225,77.624187,6,2,0,harassment,2
12.971398,77.52604,4,2,0,burglary,2
12.830643,77.639746,4,6,1,vehicle_theft,3
12.930955,77.583662,23,6,1,theft,1
12.845597,77.658827,22,1,0,fraud,1
12.905769,77.641554,2,5,1,burglary,2
12.982095,77.571845,5,4,0,theft,1
12.971986,77.640706,1,3,0,harassment,1
13.007571,77.574222,16,5,1,burglary,2
12.913364,77.602467,13,3,0,theft,1
12.961827,77.577029,19,6,1,theft,2
12.977426,77.61561,2,1,0,theft,1
13.028367,77.539868,21,3,0,theft,1
12.973108,77.644146,20,5,1,theft,1
12.966529,77.576864,16,3,0,theft,2
12.995357,77.568022,0,4,0,theft,1
12.956734,77.578366,14,0,0,theft,1
12.969173,77.746828,22,4,0,burglary,2
12.967542,77.574545,9,2,0,theft,1
12.906243,77.615392,21,4,0,vehicle_theft,2
12.929507,77.622202,21,5,1,theft,1
13.022177,77.587916,20,2,0,burglary,2
12.9663,77.578885,9,6,1,theft,2
12.976128,77.621103,1,4,0,theft,2
13.105357,77.593024,1,4,0,harassment,1
12.973397,77.643015,1,5,1,harassment,1
13.106415,77.602172,1,6,1,vehicle_theft,2
12.967707,77.574272,2,0,0,theft,1
13.00841,77.695901,11,4,0,theft,1
12.913859,77.621609,15,4,0,harassment,1
12.936035,77.626341,2,6,1,theft,1
12.96916,77.582758,21,4,0,fraud,1
12.974358,77.578037,15,1,0,theft,1
12.935263,77.624227,17,6,1,theft,1
12.963878,77.578525,11,3,0,harassment,1
12.936136,77.575624,13,6,1,burglary,3
12.985732,77.766111,22,3,0,fraud,1
13.036971,77.510785,6,0,0,vehicle_theft,2
12.836866,77.696579,3,4,0,vehicle_theft,1
13.023979,77.618511,11,6,1,assault,1
12.977512,77.569396,9,0,0,harassment,1
12.992401,77.558237,20,1,0,assault,2
12.941869,77.614486,2,1,0,assault,2
12.850417,77.679483,4,3,0,theft,1
12.981411,77.52471,4,0,0,fraud,1
12.938728,77.630682,21,5,1,harassment,1
12.847319,77.677283,18,1,0,theft,1
12.986131,77.604254,9,3,0,theft,1
12.968123,77.576267,16,5,1,theft,1
12.844843,77.665592,4,6,1,fraud,1
12.922212,77.573916,19,4,0,theft,1
12.909708,77.621303,22,5,1,assault,3
12.976195,77.599637,10,1,0,assault,3
12.937253,77.621764,4,4,0,assault,2
12.955586,77.504443,15,6,1,vehicle_theft,1
12.918613,77.608283,19,0,0,vehicle_theft,3
12.978941,77.624405,0,2,0,theft,2
13.102742,77.597287,2,5,1,vehicle_theft,2
13.046253,77.516805,4,1,0,vehicle_theft,2
12.968438,77.580486,15,0,0,theft,1
13.053652,77.693923,1,1,0,burglary,1
12.969966,77.646131,23,6,1,harassment,2
12.975081,77.556891,15,6,1,harassment,1
13.098561,77.59637,9,6,1,burglary,2
12.97514,77.606622,23,1,0,assault,3
12.971438,77.572507,9,2,0,theft,1
12.968998,77.583944,20,1,0,theft,1
12.907661,77.584982,22,3,0,burglary,1
12.993712,77.550488,20,0,0,theft,1
13.005143,77.56951,11,2,0,theft,1
12.943149,77.607947,22,4,0,vehicle_theft,2
12.972331,77.615509,1,6,1,assault,3
13.041542,77.687591,6,5,1,theft,1
12.982568,77.611412,1,1,0,harassment,1
12.976688,77.622356,1,1,0,theft,1
12.95602,77.700949,10,1,0,theft,2
13.026092,77.621694,21,3,0,burglary,2
12.958021,77.699898,10,1,0,burglary,2
12.843381,77.660258,6,4,0,vehicle_theft,2
12.997922,77.554954,19,3,0,theft,1
12.956845,77.581818,11,2,0,theft,1
12.843989,77.661099,3,1,0,vehicle_theft,1
12.978491,77.608611,19,2,0,harassment,1
12.925306,77.547019,22,3,0,theft,1
12.991566,77.603875,15,2,0,assault,3
13.040274,77.524052,10,0,0,vehicle_theft,3
12.971981,77.641015,3,2,0,theft,1
12.904781,77.611494,18,5,1,vehicle_theft,2
12.973953,77.746783,4,3,0,fraud,1
12.923478,77.631006,22,3,0,theft,1
13.00238,77.705075,14,2,0,theft,1
12.844904,77.659481,12,2,0,theft,2
13.035217,77.589795,9,1,0,assault,3
12.901109,77.614507,11,6,1,vehicle_theft,3
12.969144,77.639487,1,2,0,assault,3
12.908555,77.585144,21,6,1,vehicle_theft,3
13.027391,77.542793,6,4,0,vehicle_theft,2
12.861228,77.672246,3,1,0,burglary,2
12.924376,77.54934,3,1,0,vehicle_theft,2
12.964853,77.582481,17,1,0,harassment,1
13.044621,77.512418,0,0,0,burglary,1
12.969398,77.576138,2,4,0,theft,1
12.947995,77.70039,17,4,0,theft,2
12.918263,77.550117,20,3,0,theft,2
12.927758,77.54362,19,5,1,theft,2
12.922877,77.544913,19,3,0,theft,1
12.974686,77.573751,20,6,1,theft,1
12.963632,77.573194,22,2,0,theft,1
12.952238,77.581659,19,1,0,harassment,1
12.981365,77.619438,2,5,1,theft,1
12.982894,77.600079,10,5,1,assault,3
12.969005,77.692679,8,0,0,vehicle_theft,2
12.962922,77.578348,13,6,1,theft,1
12.977842,77.567776,6,2,0,assault,3
12.882712,77.579418,11,5,1,assault,2
12.960779,77.573357,16,4,0,assault,3
12.986729,77.618424,0,6,1,harassment,1
12.999327,77.556721,20,0,0,burglary,2
12.935902,77.696547,20,4,0,assault,2
12.935089,77.631741,23,1,0,assault,3
12.970241,77.608852,18,5,1,harassment,1
12.964224,77.580225,21,6,1,harassment,1
13.042588,77.601626,12,1,0,theft,1
13.000941,77.555216,19,4,0,theft,1
13.024955,77.533819,20,3,0,vehicle_theft,1
12.980792,77.620322,3,3,0,harassment,1
12.994424,77.729612,18,1,0,fraud,1
12.91779,77.643404,16,1,0,fraud,1
12.913332,77.643998,22,2,0,fraud,1
12.997653,77.572278,13,3,0,burglary,1
12.922019,77.577695,20,1,0,burglary,1
12.962628,77.641434,23,5,1,harassment,1
12.95343,77.702277,20,4,0,vehicle_theft,3
12.955476,77.576168,6,1,0,harassment,1
12.968124,77.608329,21,3,0,harassment,1
12.986156,77.622034,7,3,0,assault,3
13.027434,77.556294,1,2,0,assault,3
12.97662,77.573757,7,6,1,theft,1
13.138806,77.501664,12,0,0,vehicle_theft,1
13.03154,77.595111,9,3,0,theft,1
12.961944,77.575978,14,2,0,assault,3
12.920532,77.546202,12,0,0,burglary,2
13.095282,77.595577,18,6,1,burglary,2
12.912268,77.585538,21,3,0,burglary,2
13.007822,77.690841,19,0,0,burglary,1
12.972384,77.742362,0,1,0,vehicle_theft,2
12.921749,77.641726,20,4,0,burglary,1
12.965655,77.572825,4,0,0,theft,1
12.915897,77.610077,1,2,0,harassment,1
12.905707,77.618828,19,2,0,theft,1
12.984819,77.607014,20,5,1,harassment,1
12.974645,77.51435,20,0,0,vehicle_theft,1
12.976385,77.573153,19,4,0,theft,2
12.969714,77.574438,12,5,1,theft,1
12.904705,77.617083,22,3,0,vehicle_theft,2
12.953217,77.572216,16,3,0,assault,3
12.901657,77.627738,18,4,0,vehicle_theft,1
12.999915,77.572585,20,3,0,fraud,1
12.927759,77.547193,8,6,1,theft,1
12.977039,77.606256,20,0,0,theft,1
12.987075,77.604952,8,6,1,harassment,2
12.990941,77.566006,19,0,0,theft,1
12.94791,77.725466,8,3,0,vehicle_theft,2
12.965409,77.577444,9,4,0,theft,1
12.975114,77.607074,20,4,0,harassment,1
12.830961,77.750297,21,4,0,burglary,1
12.979171,77.568902,16,0,0,theft,2
13.095449,77.594857,23,2,0,burglary,1
12.954589,77.688224,21,5,1,vehicle_theft,1
12.920292,77.589526,23,2,0,fraud,1
12.996654,77.55474,3,3,0,assault,3
12.975042,77.565202,15,3,0,theft,2
13.006187,77.555163,14,5,1,theft,1
13.011499,77.491729,3,1,0,burglary,1
12.935936,77.626071,0,6,1,theft,2
12.972041,77.533355,19,0,0,theft,1
13.036275,77.59492,8,2,0,theft,2
13.029131,77.542608,20,5,1,theft,1
13.03515,77.522101,1,0,0,burglary,2
12.974115,77.64385,22,3,0,vehicle_theft,2
13.105691,77.595563,23,0,0,vehicle_theft,2
12.903556,77.570528,15,6,1,vehicle_theft,2
12.906842,77.584689,2,0,0,theft,2
12.843608,77.659692,14,3,0,vehicle_theft,2
12.853458,77.653832,23,0,0,fraud,1
12.910551,77.640849,23,4,0,burglary,2
12.96786,77.578248,5,4,0,theft,1
12.843424,77.645044,2,3,0,burglary,1
12.983274,77.605599,20,2,0,assault,3
12.908104,77.587614,0,2,0,theft,1
12.95595,77.696225,19,2,0,burglary,1
12.924341,77.585932,22,0,0,fraud,1
13.032864,77.523199,2,1,0,theft,1
13.008333,77.696059,11,6,1,vehicle_theft,1
12.902461,77.605359,8,5,1,vehicle_theft,2
12.962171,77.571607,11,5,1,harassment,1
12.985354,77.608139,6,4,0,theft,1
12.968735,77.647936,12,2,0,assault,3
12.929001,77.582933,0,3,0,burglary,2
12.922305,77.557603,20,5,1,theft,1
12.962306,77.576915,11,6,1,theft,2
12.981829,77.601504,1,2,0,harassment,1
12.995897,77.557095,20,4,0,burglary,3
12.913151,77.642936,21,6,1,burglary,2
12.93222,77.545764,20,2,0,theft,1
12.998499,77.753065,0,0,0,theft,2
12.94353,77.699454,19,5,1,vehicle_theft,2
12.935597,77.621392,23,2,0,assault,3
12.961857,77.742507,3,3,0,burglary,2
12.967352,77.578336,9,1,0,theft,1
12.980385,77.613181,21,5,1,harassment,1
13.035783,77.517668,10,4,0,burglary,2
12.97053,77.744024,21,1,0,theft,1
12.972349,77.642897,1,0,0,assault,3
12.927129,77.58289,19,3,0,fraud,1
13.025971,77.545164,20,2,0,theft,1
12.979551,77.512092,3,1,0,burglary,3
12.917884,77.639494,16,0,0,theft,1
12.925156,77.601134,18,2,0,theft,1
13.114023,77.504994,21,3,0,harassment,1
13.034897,77.588886,20,2,0,vehicle_theft,3
12.932908,77.58092,17,2,0,burglary,3
12.975439,77.60457,23,6,1,harassment,1
12.937776,77.558886,3,4,0,theft,1
12.966387,77.578028,8,3,0,theft,1
12.935091,77.624957,20,5,1,theft,2
12.898632,77.619053,9,3,0,vehicle_theft,2
13.031267,77.589727,2,4,0,theft,1
13.038175,77.590385,17,6,1,vehicle_theft,2
12.953479,77.699077,4,6,1,vehicle_theft,2
12.936049,77.592494,2,0,0,theft,1
12.984941,77.605787,13,3,0,theft,1
12.927967,77.587808,15,2,0,theft,1
12.984353,77.614106,10,2,0,theft,1
12.975647,77.571254,11,3,0,harassment,1
12.92411,77.546904,21,2,0,vehicle_theft,2
12.910995,77.641274,3,0,0,fraud,2
12.936059,77.631726,18,5,1,harassment,2
12.934849,77.625206,21,2,0,theft,1
12.995409,77.689182,23,1,0,vehicle_theft,2
12.964613,77.57467,1,3,0,theft,1
12.970423,77.587653,13,1,0,harassment,1
12.962181,77.698286,9,0,0,theft,1
12.981911,77.62085,2,5,1,assault,3
12.928827,77.581544,19,2,0,burglary,2
12.83,77.655237,8,3,0,fraud,1
13.029053,77.510542,22,1,0,vehicle_theft,1
12.910328,77.629099,19,2,0,vehicle_theft,1
13.003741,77.555473,21,2,0,theft,1
12.907887,77.588968,14,4,0,vehicle_theft,2
12.928437,77.627686,16,5,1,theft,1
12.845462,77.659852,21,2,0,burglary,3
13.010036,77.693251,16,0,0,burglary,1
13.012788,77.694402,17,3,0,vehicle_theft,3
12.967894,77.578945,11,0,0,theft,1
12.913298,77.607226,2,5,1,burglary,2
12.974066,77.618064,7,4,0,assault,3
13.097966,77.608531,21,1,0,theft,1
12.972873,77.607136,1,5,1,harassment,1
12.961127,77.577265,10,6,1,theft,1
12.98125,77.623281,2,4,0,assault,2
12.998656,77.69238,8,1,0,vehicle_theft,1
13.032244,77.597682,7,3,0,assault,3
13.10604,77.696671,21,0,0,harassment,2
12.972899,77.570627,17,4,0,harassment,1
12.967402,77.525707,17,6,1,theft,2
13.007885,77.699282,23,2,0,theft,1
13.03338,77.519364,2,2,0,burglary,1
12.851605,77.639249,22,5,1,fraud,2
12.974081,77.610053,22,1,0,harassment,2
12.910678,77.58102,20,1,0,vehicle_theft,2
13.095428,77.595467,0,0,0,theft,2
12.927663,77.58069,23,4,0,theft,2
12.921674,77.547183,7,3,0,burglary,3
13.014229,77.697414,10,0,0,vehicle_theft,3
12.935009,77.624274,21,1,0,assault,3
12.93024,77.587215,21,3,0,theft,1
12.955967,77.69794,21,2,0,vehicle_theft,3
12.906324,77.618004,16,2,0,vehicle_theft,2
12.852848,77.668364,2,1,0,vehicle_theft,2
13.097682,77.605856,4,6,1,burglary,2
12.93467,77.62412,0,0,0,assault,2
13.028521,77.510525,23,3,0,vehicle_theft,2
12.967423,77.611478,21,5,1,assault,3
13.033369,77.533787,18,0,0,theft,1
12.907045,77.634867,20,3,0,burglary,2
13.102155,77.594499,2,0,0,burglary,3
12.969652,77.583348,13,4,0,theft,1
12.966484,77.749451,4,2,0,burglary,2
12.910101,77.640066,18,0,0,burglary,2
12.97703,77.528668,18,2,0,burglary,1
12.987844,77.606897,16,4,0,harassment,1
12.95124,77.70624,18,4,0,vehicle_theft,1
12.909517,77.622894,10,5,1,theft,2
12.837907,77.661053,5,4,0,theft,1
12.905787,77.617144,13,3,0,vehicle_theft,2
12.915982,77.609813,18,5,1,vehicle_theft,3
12.977741,77.753186,18,0,0,fraud,1
13.09733,77.603244,4,1,0,burglary,3
13.03751,77.594641,12,4,0,theft,1
12.977507,77.605967,21,6,1,assault,3
12.844559,77.647147,2,0,0,vehicle_theft,2
12.965568,77.583796,11,6,1,fraud,2
12.977361,77.606217,2,6,1,harassment,1
12.981408,77.621305,23,5,1,theft,1
12.972972,77.612487,22,4,0,assault,3
13.04928,77.475225,12,6,1,harassment,2
12.956843,77.633381,2,5,1,vehicle_theft,2
12.975356,77.600138,0,6,1,harassment,1
13.036745,77.512526,4,0,0,fraud,2
12.926545,77.583461,14,1,0,theft,2
12.929081,77.580798,19,4,0,theft,1
12.965687,77.581091,19,0,0,theft,1
12.99146,77.603654,8,5,1,assault,2
13.009395,77.574908,11,2,0,theft,1
13.007805,77.696153,9,3,0,burglary,3
13.042398,77.69172,15,6,1,assault,1
12.906012,77.618027,1,0,0,theft,1
12.951638,77.761621,19,6,1,harassment,1
13.02711,77.542038,17,1,0,theft,2
13.03906,77.597324,8,0,0,theft,1
13.004579,77.684035,19,1,0,vehicle_theft,2
12.956878,77.706279,21,1,0,burglary,2
13.094601,77.680761,12,6,1,fraud,1
12.98319,77.628322,7,6,1,assault,3
12.967138,77.642448,2,5,1,harassment,1
12.916774,77.611001,22,0,0,burglary,2
12.982202,77.619488,17,0,0,theft,1
12.965771,77.756419,13,3,0,vehicle_theft,1
13.033854,77.518992,2,0,0,burglary,2
13.095934,77.57447,14,1,0,burglary,2
12.926165,77.576463,0,1,0,burglary,1
12.927991,77.628328,12,6,1,assault,2
12.94128,77.631533,23,5,1,harassment,2
12.957709,77.703795,20,2,0,vehicle_theft,2
12.919542,77.635782,22,0,0,burglary,2
13.033924,77.519516,4,5,1,theft,1
12.843336,77.652491,20,1,0,vehicle_theft,2
12.975724,77.64427,0,0,0,harassment,1
13.117818,77.588437,1,2,0,vehicle_theft,3
12.978235,77.57249,14,6,1,theft,2
12.968472,77.634674,0,3,0,assault,3
12.967719,77.571363,14,2,0,theft,1
12.85702,77.65608,23,4,0,theft,1
12.963904,77.754687,22,3,0,fraud,1
13.09862,77.587768,1,4,0,burglary,3
12.966384,77.562778,16,1,0,assault,3
13.100443,77.777526,6,1,0,assault,1
12.922255,77.641041,22,1,0,burglary,2
12.990245,77.555375,17,2,0,theft,2
13.07739,77.55137,21,3,0,theft,1
12.847693,77.655688,20,3,0,vehicle_theft,2
12.917956,77.576615,21,4,0,burglary,1
12.907101,77.638962,22,0,0,vehicle_theft,3
12.986678,77.605299,17,0,0,theft,1
12.92785,77.60817,20,4,0,vehicle_theft,1
12.962198,77.579694,16,5,1,theft,2
12.978464,77.609132,19,2,0,harassment,2
13.008004,77.696565,11,6,1,theft,1
12.905054,77.612413,12,3,0,vehicle_theft,3
12.956022,77.701865,18,0,0,vehicle_theft,2
13.0065,77.696704,22,5,1,burglary,2
12.90649,77.642415,20,6,1,theft,1
12.905251,77.617417,10,4,0,vehicle_theft,2
12.935092,77.622718,6,1,0,theft,1
12.936211,77.623398,14,1,0,theft,1
12.912647,77.611209,21,2,0,vehicle_theft,2
13.03838,77.589757,19,1,0,theft,2
12.963345,77.704022,21,5,1,vehicle_theft,2
12.834436,77.73454,1,1,0,fraud,1
12.964253,77.577599,13,3,0,theft,1
13.032229,77.601928,20,4,0,theft,1
12.995576,77.552273,21,4,0,theft,1
12.953905,77.698773,7,0,0,vehicle_theft,2
12.959619,77.586927,11,2,0,theft,2
12.85233,77.688707,11,4,0,fraud,1
12.949688,77.581333,5,3,0,harassment,1
12.986393,77.604513,19,1,0,assault,2
12.976334,77.640851,2,6,1,theft,1
12.918448,77.611917,22,1,0,theft,1
12.952691,77.708509,18,5,1,vehicle_theft,2
12.952598,77.700707,10,5,1,assault,3
13.028976,77.546539,20,0,0,vehicle_theft,3
12.935001,77.624944,18,1,0,theft,1
13.033233,77.540193,19,2,0,theft,1
12.979268,77.602122,0,1,0,theft,1
12.969567,77.575933,15,5,1,theft,1
12.914437,77.609685,1,5,1,burglary,2
12.924524,77.585933,3,6,1,theft,2
12.973283,77.530471,19,4,0,theft,2
12.928401,77.623632,21,6,1,assault,3
12.908615,77.588712,15,5,1,burglary,2
13.099506,77.595297,2,1,0,vehicle_theft,3
12.848911,77.65431,23,6,1,vehicle_theft,2
12.975854,77.61044,2,3,0,assault,3
12.981209,77.618785,4,5,1,assault,3
12.903807,77.637595,22,1,0,vehicle_theft,2
12.980973,77.604601,21,6,1,harassment,1
13.016496,77.686017,11,3,0,vehicle_theft,2
12.977816,77.744367,20,1,0,assault,1
12.96335,77.579357,7,6,1,theft,1
12.971198,77.533661,0,6,1,vehicle_theft,2
12.982489,77.633888,1,3,0,vehicle_theft,1
12.961789,77.751333,23,5,1,vehicle_theft,2
12.957214,77.574104,5,4,0,theft,2
12.98341,77.621417,23,0,0,theft,1
12.979087,77.62048,19,5,1,assault,3
12.846803,77.65693,0,3,0,vehicle_theft,2
12.931118,77.583589,21,4,0,fraud,1
12.961864,77.640271,4,3,0,harassment,2
12.914902,77.633947,18,5,1,burglary,2
12.927422,77.547351,22,0,0,vehicle_theft,3
12.98287,77.56173,9,1,0,theft,1
12.948744,77.707421,7,2,0,vehicle_theft,3
12.975312,77.610553,21,4,0,assault,3
13.031998,77.538575,20,1,0,vehicle_theft,1
13.001948,77.570621,22,2,0,fraud,1
12.914516,77.609162,19,5,1,theft,1
13.033911,77.545318,19,6,1,theft,1
12.972948,77.638929,20,2,0,harassment,1
12.962997,77.576989,20,1,0,theft,1
13.063279,77.473455,12,5,1,burglary,1
12.935586,77.54567,22,5,1,theft,1
12.930483,77.583935,13,1,0,fraud,1
12.935792,77.624003,19,0,0,assault,3
12.913279,77.635946,19,6,1,vehicle_theft,1
12.836767,77.663177,21,2,0,vehicle_theft,2
12.928022,77.543238,0,4,0,theft,1
12.842064,77.662369,5,0,0,burglary,1
13.037623,77.595453,9,5,1,theft,2
12.963896,77.574547,20,4,0,theft,1
12.930827,77.582335,3,6,1,burglary,1
12.966813,77.63207,16,1,0,theft,1
12.971137,77.607639,21,5,1,assault,3
12.984718,77.605254,16,0,0,harassment,1
13.001804,77.575945,7,3,0,burglary,2
13.09795,77.605234,19,3,0,burglary,3
12.930825,77.58201,23,4,0,theft,2
12.972464,77.572667,15,1,0,theft,1
12.947794,77.619998,1,6,1,vehicle_theft,1
12.968257,77.57843,12,0,0,theft,2
12.854755,77.653139,8,3,0,vehicle_theft,2
12.975137,77.603031,3,4,0,assault,2
13.101908,77.598475,23,1,0,vehicle_theft,3
13.103844,77.589689,5,6,1,theft,2
13.085461,77.587546,23,5,1,vehicle_theft,1
12.976016,77.60652,1,2,0,assault,3
12.975966,77.575945,19,2,0,harassment,1
12.989472,77.493012,4,6,1,harassment,1
12.971348,77.749312,18,6,1,vehicle_theft,2
12.842484,77.663714,4,2,0,burglary,2
12.966962,77.530756,21,3,0,theft,1
12.982833,77.620296,23,4,0,theft,2
12.991773,77.569637,17,1,0,theft,1
12.853309,77.659417,23,3,0,vehicle_theft,1
12.942712,77.62219,22,6,1,theft,1
13.005818,77.571339,10,3,0,burglary,1
12.919581,77.604022,17,5,1,burglary,2
12.927432,77.549607,17,6,1,burglary,2
12.960807,77.740085,1,0,0,theft,2
13.004195,77.565008,8,6,1,theft,1
12.908233,77.611497,18,2,0,harassment,1
12.927294,77.544852,20,2,0,burglary,2
12.988626,77.617652,15,2,0,assault,2
13.02337,77.547888,8,4,0,vehicle_theft,2
12.982745,77.568477,8,2,0,assault,2
13.117424,77.615073,22,1,0,theft,1
12.902492,77.593644,18,3,0,fraud,1
12.9723,77.579553,21,2,0,theft,2
12.963113,77.707524,10,4,0,vehicle_theft,3
12.982987,77.598821,1,0,0,theft,1
13.006604,77.697456,1,3,0,burglary,3
12.986811,77.606935,10,0,0,theft,1
13.017553,77.551266,0,5,1,harassment,2
12.975839,77.599585,20,1,0,harassment,1
12.919106,77.544181,17,2,0,vehicle_theft,2
13.000009,77.572801,20,2,0,burglary,3
13.026788,77.540659,21,1,0,assault,3
12.973211,77.582025,20,1,0,theft,1
12.965017,77.578555,8,0,0,theft,1
12.978604,77.573556,6,6,1,theft,1
12.934799,77.570734,0,6,1,burglary,2
12.969229,77.750371,21,5,1,theft,1
12.916788,77.642663,7,3,0,theft,1
12.967212,77.578913,11,2,0,theft,2
13.004339,77.571189,15,3,0,fraud,1
13.034502,77.596186,1,6,1,burglary,2
12.903842,77.590792,19,2,0,burglary,1
12.904101,77.616819,19,4,0,vehicle_theft,1
12.97127,77.568186,12,5,1,theft,1
13.038081,77.600472,21,0,0,vehicle_theft,2
13.025779,77.540144,9,5,1,theft,2
13.005135,77.568325,14,5,1,fraud,2
12.96684,77.767526,17,4,0,fraud,1
13.039276,77.516283,1,0,0,theft,2
12.998619,77.558075,18,3,0,burglary,2
12.997427,77.554889,0,2,0,theft,1
13.005195,77.569241,18,6,1,fraud,1
13.101053,77.504417,11,2,0,fraud,2
12.974964,77.60709,23,2,0,assault,3
12.960885,77.580267,16,2,0,theft,1
12.990351,77.614569,22,5,1,assault,3
12.918703,77.747861,6,1,0,fraud,1
12.916988,77.609742,23,0,0,theft,1
12.974692,77.531142,19,0,0,vehicle_theft,1
12.977187,77.571034,23,5,1,theft,1
12.847837,77.66936,22,4,0,vehicle_theft,2
12.977644,77.644562,20,3,0,theft,1
12.967538,77.749025,5,6,1,vehicle_theft,2
12.915014,77.634261,1,5,1,burglary,2
12.970577,77.580283,10,2,0,harassment,1
12.928242,77.582725,18,1,0,fraud,1
13.001386,77.562885,18,2,0,burglary,2
12.984932,77.622225,10,1,0,theft,2
12.916677,77.608,20,6,1,theft,1
12.854043,77.66112,2,0,0,burglary,3
12.927313,77.555605,23,5,1,burglary,2
13.030099,77.522567,19,4,0,vehicle_theft,2
12.975092,77.652104,2,2,0,harassment,1
12.933305,77.62523,20,4,0,theft,1
12.975221,77.529837,3,2,0,theft,2
13.010329,77.589311,19,1,0,vehicle_theft,2
12.934489,77.596638,14,0,0,theft,2
12.957321,77.699458,10,4,0,vehicle_theft,3
12.97518,77.60727,3,1,0,harassment,1
12.959461,77.581554,14,6,1,assault,3
13.025946,77.535102,9,3,0,theft,1
12.909235,77.586209,0,3,0,vehicle_theft,3
12.981316,77.623893,10,5,1,harassment,2
12.968414,77.751178,3,0,0,burglary,2
12.855901,77.658029,22,1,0,fraud,1
12.952254,77.690196,9,1,0,theft,1
12.97972,77.629698,3,3,0,harassment,1
12.97443,77.63876,5,0,0,vehicle_theft,2
13.023059,77.66899,14,0,0,burglary,1
12.932804,77.547323,20,2,0,burglary,1
12.951,77.701177,8,3,0,assault,3
13.005187,77.549898,6,2,0,burglary,3
13.028826,77.540706,11,1,0,assault,3
12.963051,77.576111,16,2,0,theft,1
13.007987,77.569301,12,5,1,theft,2
12.967647,77.750167,5,3,0,vehicle_theft,2
13.103091,77.596972,3,3,0,burglary,2
12.968201,77.578916,18,0,0,theft,1
13.10426,77.596226,20,1,0,burglary,2
12.990302,77.613702,13,2,0,theft,2
12.977103,77.644453,7,5,1,assault,3
12.974525,77.760213,19,4,0,burglary,2
12.922818,77.669821,22,4,0,burglary,1
12.979655,77.633391,22,6,1,theft,1
12.985788,77.605582,5,0,0,theft,2
12.915352,77.610427,16,6,1,theft,1
12.977184,77.604149,3,4,0,theft,1
12.980154,77.605229,19,2,0,theft,1
13.017641,77.541161,14,3,0,assault,1
12.999404,77.554242,22,1,0,theft,2
13.099875,77.583113,21,0,0,vehicle_theft,1
13.005738,77.563945,20,0,0,theft,1
13.008042,77.577617,14,2,0,theft,1
12.997561,77.556958,20,5,1,theft,1
12.994826,77.605966,9,3,0,theft,2
12.93723,77.61837,2,6,1,theft,1
12.936766,77.629363,21,1,0,harassment,1
12.936652,77.558006,20,4,0,theft,1
12.912391,77.610266,17,1,0,theft,1
12.971763,77.576441,16,4,0,theft,1
12.99115,77.616176,12,6,1,theft,1
12.91369,77.639872,20,3,0,burglary,3
12.908787,77.624972,19,3,0,theft,2
12.964323,77.577662,16,2,0,theft,1
12.899477,77.647709,22,0,0,theft,1
12.927112,77.627205,20,6,1,assault,3
12.969637,77.700309,23,5,1,assault,3
12.969851,77.641188,23,4,0,harassment,2
13.020351,77.516577,1,2,0,burglary,1
13.122824,77.585674,20,5,1,theft,1
12.985924,77.603122,13,5,1,theft,1
12.966124,77.579095,18,3,0,fraud,1
12.954032,77.693727,19,3,0,theft,1
12.950443,77.696417,19,5,1,vehicle_theft,2
12.975542,77.571308,12,6,1,theft,2
12.970143,77.573016,8,3,0,fraud,1
13.002841,77.553135,11,2,0,burglary,3
12.917299,77.619119,17,5,1,burglary,2
12.916026,77.602163,0,4,0,harassment,1
12.854926,77.617968,20,4,0,harassment,1
13.018937,77.498411,21,6,1,vehicle_theft,1
13.027837,77.539746,7,0,0,theft,2
12.978108,77.571013,10,1,0,theft,1
12.933941,77.585536,23,4,0,burglary,2
12.974165,77.574976,14,2,0,theft,2
12.970638,77.64257,9,2,0,theft,2
12.912122,77.578879,20,4,0,burglary,1
12.911294,77.639807,19,0,0,fraud,1
12.933404,77.622964,22,5,1,vehicle_theft,3
12.900497,77.64465,12,6,1,burglary,1
13.031042,77.525866,5,3,0,vehicle_theft,3
12.964162,77.576806,20,4,0,assault,3
12.967855,77.610379,2,5,1,theft,1
12.917058,77.603885,20,4,0,theft,2
12.984175,77.519898,23,5,1,burglary,2
13.010318,77.686937,18,5,1,vehicle_theft,2
13.02485,77.536369,21,4,0,theft,2
12.936299,77.61931,2,6,1,theft,1
12.938621,77.624956,1,4,0,vehicle_theft,2
12.966094,77.584659,1,2,0,theft,2
12.92539,77.543907,18,4,0,vehicle_theft,2
12.962269,77.577122,0,5,1,assault,2
12.970191,77.580618,8,5,1,theft,1
13.088305,77.600185,10,1,0,vehicle_theft,2
12.923335,77.546677,20,3,0,vehicle_theft,1
12.915543,77.621508,9,6,1,vehicle_theft,2
12.9789,77.571129,11,4,0,assault,3
12.912083,77.641204,9,1,0,theft,1
13.032589,77.517222,3,5,1,vehicle_theft,2
12.977301,77.608841,1,5,1,assault,3
12.97073,77.644463,20,5,1,assault,2
12.969156,77.578527,7,6,1,theft,1
12.971444,77.63845,12,4,0,theft,1
13.041226,77.611979,18,2,0,vehicle_theft,2
12.965327,77.644847,21,2,0,assault,3
12.96914,77.749008,4,3,0,vehicle_theft,1
12.964301,77.768993,2,4,0,burglary,1
13.039279,77.594428,23,1,0,vehicle_theft,2
13.031178,77.538821,20,0,0,theft,1
12.982385,77.703778,18,2,0,assault,1
12.913378,77.603565,17,6,1,burglary,2
12.931838,77.62861,1,0,0,assault,3
12.968057,77.578921,11,2,0,theft,1
12.909048,77.619768,17,2,0,vehicle_theft,2
12.968664,77.571031,19,6,1,theft,1
12.918507,77.666111,10,1,0,vehicle_theft,1
12.974077,77.571108,20,3,0,theft,2
12.976703,77.570473,14,1,0,theft,1
12.845309,77.660789,4,4,0,vehicle_theft,3
13.027425,77.696173,2,0,0,harassment,2
12.973042,77.645697,1,6,1,theft,1
12.938596,77.624805,22,4,0,theft,1
12.931474,77.580123,8,3,0,burglary,3
12.985003,77.604994,10,1,0,theft,2
13.036472,77.60102,12,2,0,theft,1
12.944152,77.464646,1,4,0,harassment,1
12.952505,77.508388,12,0,0,theft,2
12.914347,77.592102,12,2,0,burglary,2
12.962629,77.577248,17,1,0,theft,1
12.984954,77.751019,10,2,0,fraud,1
12.98884,77.606735,21,4,0,assault,3
13.029368,77.517064,7,2,0,assault,1
13.10861,77.597935,0,3,0,vehicle_theft,3
13.092634,77.593557,1,5,1,burglary,2
12.972773,77.577352,21,0,0,theft,2
12.844308,77.65922,21,3,0,burglary,2
12.980771,77.599318,22,4,0,harassment,2
12.958247,77.700744,17,3,0,vehicle_theft,1
12.840368,77.656503,8,2,0,theft,1
12.965546,77.580439,18,4,0,theft,1
13.007999,77.696014,16,1,0,vehicle_theft,1
12.843847,77.653182,1,4,0,burglary,1
12.977597,77.613664,2,3,0,assault,3
12.911977,77.578407,0,0,0,theft,1
12.981857,77.621313,22,6,1,theft,2
13.00187,77.570781,18,4,0,theft,1
12.97841,77.573688,12,5,1,harassment,2
12.908873,77.616422,19,0,0,theft,1
13.051337,77.704866,7,0,0,fraud,2
12.956005,77.700997,7,1,0,burglary,2
12.987531,77.606606,22,5,1,assault,3
12.969482,77.606078,20,4,0,harassment,1
12.90499,77.617829,10,1,0,theft,2
13.037108,77.515253,8,2,0,burglary,2
12.989263,77.610306,10,0,0,theft,1
12.981124,77.620942,22,2,0,theft,1
13.000194,77.565357,1,2,0,theft,1
12.932462,77.625894,14,5,1,harassment,1
12.908386,77.623225,12,4,0,theft,1
12.932162,77.628683,22,3,0,theft,1
12.858376,77.651266,21,5,1,burglary,2
12.846618,77.648256,21,4,0,theft,2
12.833769,77.65512,3,3,0,vehicle_theft,2
13.032583,77.53943,8,6,1,theft,1
12.841886,77.658782,0,4,0,vehicle_theft,1
12.935471,77.625056,22,1,0,assault,2
12.965592,77.650488,6,1,0,harassment,1
12.971297,77.749894,5,3,0,burglary,1
13.032785,77.525101,1,0,0,theft,2
13.001355,77.572589,12,2,0,theft,2
12.839172,77.662873,23,0,0,vehicle_theft,2
12.915581,77.614021,14,0,0,burglary,2
12.924898,77.547114,11,2,0,theft,1
12.940162,77.616024,1,6,1,vehicle_theft,2
12.972636,77.639831,5,5,1,assault,2
12.987579,77.610417,14,0,0,theft,1
12.914298,77.637151,19,1,0,vehicle_theft,2
12.918032,77.611964,19,0,0,burglary,1
12.906201,77.58489,22,4,0,theft,1
12.983932,77.611762,1,6,1,harassment,1
12.869886,77.719598,6,0,0,fraud,1
12.981224,77.566047,11,0,0,assault,2
12.988835,77.603882,21,5,1,assault,3
12.980715,77.643834,1,3,0,assault,3
12.988017,77.60219,9,2,0,theft,1
12.975415,77.568865,17,5,1,theft,1
12.9573,77.569894,23,1,0,theft,1
12.968656,77.581486,12,1,0,theft,2
13.007985,77.696592,11,6,1,theft,1
12.960416,77.535342,12,0,0,theft,2
12.911759,77.640752,19,3,0,burglary,2
13.035098,77.517089,0,4,0,burglary,2
12.971095,77.748598,23,0,0,theft,1
12.905985,77.585059,18,3,0,burglary,1
13.037104,77.598237,2,1,0,assault,3
13.026971,77.517517,22,6,1,burglary,2
12.90487,77.616293,10,2,0,vehicle_theft,1
12.843753,77.658224,8,3,0,vehicle_theft,2
12.949945,77.694047,10,1,0,assault,3
12.984629,77.603559,18,5,1,theft,1
12.934717,77.576453,21,4,0,theft,2
12.933487,77.587906,19,3,0,burglary,2
12.848728,77.613869,10,3,0,vehicle_theft,1
12.973282,77.571015,12,2,0,theft,1
12.915194,77.605848,18,4,0,theft,1
12.971714,77.530338,18,3,0,theft,1
12.983617,77.617266,23,5,1,assault,3
12.926862,77.576366,12,0,0,burglary,1
12.977149,77.59663,20,5,1,assault,3
12.845137,77.659734,0,1,0,burglary,1
12.960647,77.57073,7,5,1,theft,1
13.039197,77.522096,14,5,1,theft,2
12.972417,77.595057,19,5,1,theft,1
13.013778,77.696587,6,0,0,vehicle_theft,1
12.909407,77.642193,20,3,0,theft,2
12.994956,77.567775,1,4,0,theft,1
12.971309,77.524757,0,3,0,theft,1
12.913846,77.64224,22,2,0,harassment,1
12.896727,77.627594,22,1,0,burglary,2
12.922534,77.612105,17,6,1,theft,1
12.977042,77.571197,18,6,1,assault,3
12.998593,77.722052,1,6,1,burglary,2
12.995708,77.5516,23,4,0,theft,1
12.987658,77.547276,14,0,0,theft,1
12.911503,77.644059,12,5,1,burglary,1
12.969208,77.578703,14,3,0,theft,1
12.958032,77.582542,12,6,1,theft,1
13.002154,77.568984,19,0,0,theft,1
12.975289,77.756125,16,2,0,theft,1
12.968875,77.579272,12,1,0,theft,1
12.983282,77.625683,8,4,0,theft,1
12.973692,77.576657,14,1,0,theft,1
13.032276,77.591211,16,6,1,theft,2
12.972435,77.64218,1,0,0,harassment,1
12.974799,77.645122,4,3,0,assault,3
13.020574,77.532201,8,2,0,theft,1
12.911662,77.637522,23,0,0,theft,1
12.983357,77.622145,1,6,1,assault,3
12.970397,77.609019,0,3,0,assault,3
12.841357,77.662334,2,0,0,vehicle_theft,2
12.972119,77.641882,22,5,1,assault,2
12.958957,77.698743,8,3,0,vehicle_theft,2
13.028798,77.539648,18,6,1,vehicle_theft,2
12.983291,77.60376,11,3,0,theft,1
12.896134,77.615126,20,4,0,vehicle_theft,2
13.022762,77.539938,20,4,0,theft,2
12.975772,77.571281,12,3,0,theft,1
13.003507,77.578235,9,6,1,theft,1
12.9303,77.629097,1,5,1,assault,2
12.901152,77.616228,17,6,1,vehicle_theft,3
12.914228,77.628229,19,3,0,theft,1
13.035746,77.521395,21,4,0,burglary,1
12.927031,77.548054,14,0,0,theft,2
12.851818,77.665547,2,5,1,burglary,2
12.971838,77.640917,23,5,1,assault,3
12.935916,77.627749,23,6,1,harassment,2
13.020191,77.530065,19,1,0,vehicle_theft,2
12.968698,77.642703,0,0,0,theft,1
12.919704,77.5792,16,2,0,theft,1
12.976557,77.535819,23,2,0,theft,2
13.002325,77.556911,20,1,0,theft,1
12.998009,77.554976,18,5,1,theft,1
12.912211,77.640443,18,6,1,theft,1
12.969714,77.575497,14,1,0,theft,1
12.95466,77.702677,18,4,0,burglary,1
12.983258,77.734594,11,1,0,theft,1
12.978533,77.738008,19,3,0,burglary,2
12.862281,77.547183,15,0,0,burglary,1
12.984171,77.621384,23,1,0,theft,1
13.004124,77.570464,17,4,0,theft,1
12.999133,77.555084,22,1,0,burglary,2
13.031087,77.523595,0,4,0,vehicle_theft,2
12.983635,77.570074,16,4,0,theft,1
13.037216,77.598938,7,3,0,burglary,2
12.86663,77.664082,2,4,0,theft,1
12.853118,77.740258,19,4,0,assault,1
12.935971,77.581558,14,1,0,theft,2
12.960004,77.697341,21,1,0,vehicle_theft,1
13.036259,77.597056,18,3,0,theft,2
13.03088,77.539428,8,2,0,theft,2
12.959995,77.697304,20,2,0,vehicle_theft,1
13.026665,77.539158,10,5,1,assault,3
13.033769,77.519733,23,2,0,vehicle_theft,1
12.925444,77.613963,18,6,1,harassment,1
13.005781,77.567425,11,3,0,fraud,2
12.904854,77.638544,13,5,1,burglary,1
12.961689,77.582098,1,1,0,theft,1
12.963015,77.576964,8,5,1,assault,3
12.837024,77.666191,18,2,0,theft,2
12.904268,77.586932,14,1,0,vehicle_theft,2
12.962394,77.581947,8,1,0,theft,1
12.967804,77.579079,15,2,0,fraud,2
12.988767,77.601208,8,6,1,theft,1
13.017707,77.50813,0,4,0,vehicle_theft,2
12.911372,77.62955,21,6,1,fraud,1
12.916718,77.539736,19,4,0,vehicle_theft,2
12.973819,77.527786,12,3,0,theft,1
13.011568,77.509356,23,0,0,burglary,2
12.93261,77.554742,20,3,0,theft,1
12.992442,77.57178,14,0,0,theft,1
12.931961,77.772177,14,1,0,assault,1
13.012124,77.691761,15,2,0,theft,1
12.983763,77.753794,5,3,0,vehicle_theft,1
12.916333,77.543888,13,0,0,theft,1
13.099773,77.596531,2,5,1,theft,1
13.106338,77.597098,15,6,1,burglary,2
12.924082,77.545769,23,6,1,vehicle_theft,2
12.970129,77.647756,0,2,0,assault,3
12.998154,77.579115,20,1,0,theft,1
12.887206,77.649767,17,3,0,burglary,1
12.965334,77.575162,15,4,0,theft,1
12.986315,77.602202,17,6,1,harassment,1
12.915372,77.610775,2,1,0,theft,2
13.011063,77.694247,9,6,1,vehicle_theft,2
12.916773,77.610526,17,2,0,vehicle_theft,3
12.958392,77.692156,10,4,0,vehicle_theft,1
12.972276,77.603895,3,6,1,harassment,1
12.929075,77.581103,21,6,1,burglary,1
12.985164,77.610254,19,2,0,theft,1
12.912862,77.611069,10,3,0,vehicle_theft,2
12.971779,77.745893,11,4,0,fraud,1
12.962285,77.578851,10,4,0,theft,1
12.97447,77.607273,0,2,0,assault,3
13.02435,77.54259,19,5,1,assault,2
12.992044,77.555789,0,3,0,theft,1
12.934911,77.621583,10,4,0,assault,3
12.916869,77.610198,5,5,1,vehicle_theft,2
12.918596,77.614935,21,1,0,assault,3
12.983204,77.525599,18,5,1,theft,1
12.964259,77.532456,0,4,0,burglary,2
12.990411,77.610134,15,0,0,theft,1
12.908704,77.584614,22,2,0,burglary,1
12.920834,77.57494,22,4,0,theft,1
12.931132,77.585006,22,2,0,theft,1
12.942685,77.624798,20,6,1,theft,1
12.964465,77.575343,16,1,0,theft,1
12.953306,77.70343,22,5,1,assault,3
13.006584,77.701421,18,6,1,vehicle_theft,3
12.972352,77.574636,18,2,0,theft,1
12.971974,77.740619,21,4,0,theft,1
12.962189,77.577073,10,3,0,theft,2
12.986447,77.606919,14,1,0,assault,3
12.933511,77.612935,2,2,0,theft,1
12.844398,77.660481,14,4,0,burglary,2
13.004751,77.697518,19,2,0,assault,3
13.004752,77.692904,9,1,0,vehicle_theft,3
12.928098,77.613535,0,4,0,theft,1
12.961234,77.577792,6,3,0,harassment,1
12.88451,77.473188,11,5,1,fraud,1
12.968214,77.579045,9,3,0,fraud,1
12.975003,77.607123,5,0,0,theft,1
12.986574,77.743346,23,1,0,burglary,2
12.913666,77.54886,16,1,0,vehicle_theft,2
12.970325,77.748265,4,5,1,vehicle_theft,3
12.844401,77.632203,2,4,0,harassment,1
12.957362,77.709885,5,1,0,theft,1
12.832115,77.626842,7,1,0,burglary,1
12.884342,77.73437,0,3,0,theft,1
12.968113,77.52632,12,5,1,theft,1
12.929887,77.58259,20,0,0,theft,1
12.91292,77.616406,19,6,1,assault,2
12.977402,77.621004,2,5,1,harassment,1
12.908293,77.623984,16,6,1,assault,2
12.963405,77.575181,20,2,0,theft,1
12.909796,77.580158,7,0,0,theft,1
12.963819,77.577947,8,1,0,harassment,1
13.105934,77.580307,3,5,1,vehicle_theft,1
12.976985,77.75752,4,4,0,vehicle_theft,2
12.969619,77.532068,21,1,0,theft,1
13.1043,77.598173,0,3,0,vehicle_theft,3
12.985212,77.609435,17,6,1,assault,3
12.942071,77.732146,11,0,0,fraud,1
12.961894,77.576573,9,6,1,theft,1
12.963865,77.578016,17,3,0,harassment,2
12.97197,77.640047,0,4,0,harassment,2
12.936579,77.550332,14,5,1,vehicle_theft,2
12.928966,77.545349,7,0,0,theft,2
12.910277,77.604852,10,3,0,harassment,2
12.919139,77.601185,15,1,0,burglary,3
12.975451,77.606347,23,6,1,assault,3
12.933307,77.540753,19,3,0,vehicle_theft,3
13.121311,77.595994,3,2,0,vehicle_theft,2
12.979954,77.572978,14,6,1,fraud,1
12.93325,77.723645,8,3,0,fraud,2
12.97076,77.604665,0,6,1,assault,3
12.97022,77.748795,16,6,1,vehicle_theft,2
12.898882,77.625682,20,2,0,vehicle_theft,2
12.968044,77.5787,8,1,0,theft,1
12.922527,77.624231,15,5,1,harassment,1
12.841215,77.649132,21,4,0,theft,1
12.894272,77.650718,16,3,0,theft,1
12.919552,77.61091,18,1,0,burglary,2
12.969379,77.5828,13,6,1,theft,1
12.97784,77.569305,12,0,0,theft,1
12.941811,77.694067,19,1,0,theft,1
12.913717,77.608654,21,2,0,theft,1
12.955497,77.703506,9,5,1,burglary,2
12.955968,77.584563,10,4,0,theft,1
13.037963,77.520705,3,5,1,vehicle_theft,3
13.101839,77.583994,8,2,0,vehicle_theft,3
12.945704,77.634012,18,0,0,vehicle_theft,2
12.96362,77.582553,23,0,0,theft,1
12.909367,77.590851,14,3,0,burglary,3
12.930519,77.537335,18,0,0,burglary,2
13.002815,77.689549,6,0,0,assault,3
12.96885,77.641903,18,1,0,harassment,2
12.999322,77.567244,15,5,1,theft,2
12.914456,77.607393,22,4,0,theft,1
13.04276,77.744015,14,1,0,fraud,2
13.020147,77.692251,8,1,0,assault,3
12.959332,77.701589,9,6,1,theft,1
12.920242,77.476363,2,4,0,assault,2
12.844801,77.659952,2,1,0,vehicle_theft,2
12.910601,77.64136,17,4,0,theft,1
12.951695,77.706882,10,0,0,assault,2
12.915972,77.639948,18,3,0,theft,2
12.945355,77.476206,12,6,1,fraud,1
12.933926,77.624169,20,5,1,theft,1
12.98053,77.642281,4,3,0,theft,1
12.922128,77.554134,20,1,0,theft,1
12.911144,77.640907,16,3,0,vehicle_theft,2
13.027183,77.518662,17,0,0,theft,1
12.965843,77.579263,12,4,0,theft,1
12.915332,77.613815,16,5,1,theft,1
12.975559,77.605583,23,2,0,harassment,1
12.972042,77.644325,0,6,1,harassment,1
12.986635,77.73876,9,0,0,theft,1
13.099021,77.596158,19,3,0,theft,2
13.026856,77.540577,20,3,0,theft,2
12.972591,77.569839,10,2,0,fraud,1
12.96147,77.572499,8,1,0,assault,3
12.85075,77.658911,3,1,0,fraud,1
13.000289,77.572046,15,2,0,theft,2
12.965376,77.57552,10,6,1,theft,1
12.840598,77.662062,5,5,1,theft,1
12.933919,77.541912,10,4,0,theft,1
12.963052,77.576815,12,2,0,harassment,2
12.975812,77.605743,17,5,1,assault,3
12.969869,77.57942,8,0,0,theft,2
12.972467,77.604577,2,2,0,assault,3
12.927799,77.628933,22,1,0,vehicle_theft,2
12.949386,77.697936,6,2,0,vehicle_theft,1
12.934808,77.624757,3,0,0,assault,3
12.977277,77.618883,22,0,0,assault,3
12.925716,77.577041,17,5,1,theft,1
12.921012,77.554873,2,6,1,theft,1
12.91866,77.626364,11,6,1,assault,3
12.935346,77.625126,22,6,1,assault,3
12.911277,77.622529,17,6,1,vehicle_theft,2
12.962874,77.5775,9,0,0,theft,2
12.986711,77.619703,0,5,1,harassment,1
12.864138,77.724587,17,1,0,vehicle_theft,1
12.950582,77.709663,17,5,1,theft,2
12.962083,77.652093,23,5,1,theft,1
12.982408,77.620646,0,5,1,assault,3
12.97257,77.568182,12,1,0,harassment,1
12.92426,77.551516,23,1,0,vehicle_theft,2
12.969446,77.533251,19,0,0,burglary,1
13.003946,77.696229,15,5,1,burglary,1
12.980846,77.605672,3,6,1,assault,2
12.950256,77.694433,10,4,0,burglary,2
12.844872,77.655925,5,5,1,burglary,2
12.848272,77.663813,2,0,0,vehicle_theft,2
12.97765,77.61888,3,5,1,assault,3
12.971902,77.642137,23,1,0,assault,3
12.976822,77.641162,23,2,0,theft,1
12.997076,77.552645,18,0,0,theft,1
12.929793,77.558639,18,5,1,vehicle_theft,1
12.853847,77.647891,11,5,1,burglary,2
12.968303,77.746581,7,0,0,burglary,1
12.905769,77.617957,4,3,0,assault,3
12.992526,77.55927,19,2,0,burglary,2
12.929859,77.627931,15,0,0,harassment,2
12.974652,77.609909,1,6,1,harassment,1
12.982457,77.6051,17,1,0,theft,1
13.089081,77.479566,18,2,0,vehicle_theft,2
13.034489,77.517269,1,4,0,burglary,2
12.926623,77.547887,20,0,0,theft,1
13.028133,77.53996,7,3,0,theft,1
12.914149,77.639049,18,1,0,fraud,1
13.041732,77.601087,10,4,0,burglary,3
12.968175,77.523875,2,1,0,theft,2
13.017929,77.558297,13,3,0,theft,1
12.975011,77.612675,3,4,0,harassment,1
12.965252,77.73732,21,3,0,burglary,2
13.001432,77.561318,16,1,0,theft,1
12.972573,77.608849,7,4,0,assault,3
13.02574,77.531565,9,1,0,vehicle_theft,2
12.841053,77.661104,4,4,0,theft,1
13.024936,77.546039,12,0,0,theft,1
13.010654,77.568588,14,4,0,burglary,2
12.934557,77.624693,4,6,1,vehicle_theft,1
13.026557,77.546893,20,0,0,theft,2
13.031245,77.532083,21,1,0,burglary,1
12.847315,77.652969,20,5,1,burglary,2
12.971429,77.64008,0,5,1,assault,2
12.974263,77.606902,21,6,1,assault,3
12.95994,77.655721,10,6,1,harassment,1
12.978732,77.569443,15,0,0,theft,2
12.965922,77.582198,17,1,0,theft,1
12.958509,77.699243,9,5,1,burglary,1
13.03846,77.599206,10,5,1,theft,1
12.966839,77.572287,8,2,0,theft,1
13.003603,77.564289,8,3,0,theft,1
13.000717,77.551685,20,4,0,assault,3
13.002949,77.570159,14,0,0,theft,1
12.958754,77.701392,9,5,1,theft,1
12.972197,77.723602,3,5,1,vehicle_theft,2
13.102683,77.595577,22,5,1,vehicle_theft,1
12.925523,77.546586,17,1,0,burglary,2
12.905918,77.577425,18,1,0,vehicle_theft,2
12.91331,77.536297,23,5,1,burglary,2
13.026936,77.516396,22,4,0,vehicle_theft,1
13.070631,77.454291,22,3,0,assault,2
13.039929,77.51558,1,0,0,theft,2
12.975429,77.60839,1,0,0,harassment,1
12.906959,77.619915,20,0,0,vehicle_theft,2
12.937203,77.621604,0,2,0,harassment,2
12.958969,77.574726,19,5,1,theft,1
12.978754,77.748283,23,5,1,vehicle_theft,2
12.934197,77.623699,23,5,1,assault,2
12.96436,77.577501,22,6,1,theft,1
12.982358,77.598406,6,3,0,harassment,1
12.960161,77.761466,21,0,0,fraud,1
13.02787,77.539691,19,2,0,vehicle_theft,3
12.991012,77.603581,13,3,0,harassment,2
13.100296,77.605597,9,4,0,burglary,3
13.046107,77.758687,5,6,1,harassment,1
12.961474,77.57778,17,0,0,assault,3
12.931651,77.580958,13,6,1,fraud,1
12.974046,77.606742,3,3,0,theft,1
12.966708,77.751427,2,4,0,fraud,1
13.000128,77.572603,23,2,0,theft,1
12.961678,77.579081,14,5,1,harassment,2
12.911126,77.63576,17,5,1,burglary,2
12.992209,77.470966,14,3,0,fraud,1
12.93273,77.554391,22,3,0,vehicle_theft,3
12.983804,77.604865,11,3,0,harassment,1
13.021252,77.542695,20,5,1,theft,1
12.983159,77.681709,14,6,1,theft,1
12.970669,77.609997,5,2,0,assault,3
12.972145,77.640573,22,3,0,theft,1
12.963591,77.57281,7,0,0,theft,2
12.97947,77.757627,5,4,0,theft,2
13.009228,77.70135,19,3,0,burglary,2
12.965889,77.575113,7,1,0,theft,1
13.103173,77.593544,22,6,1,theft,1
12.949257,77.747732,8,5,1,theft,2
12.846742,77.660412,23,6,1,theft,1
12.975895,77.52736,20,5,1,burglary,1
12.926833,77.548066,17,0,0,theft,1
13.007308,77.574708,14,6,1,theft,1
13.032049,77.605782,13,5,1,vehicle_theft,1
12.908449,77.640548,17,4,0,theft,1
12.897094,77.626381,19,4,0,vehicle_theft,1
12.975391,77.747244,4,3,0,vehicle_theft,2
12.978559,77.605754,23,0,0,theft,1
12.872414,77.663382,4,3,0,vehicle_theft,2
12.925735,77.582787,19,1,0,theft,2
12.977964,77.569182,21,0,0,theft,1
12.99252,77.554885,14,2,0,theft,1
13.033554,77.512131,1,4,0,theft,1
13.03296,77.522663,5,3,0,vehicle_theft,3
13.003514,77.698186,19,4,0,vehicle_theft,2
13.002903,77.573483,6,2,0,theft,1
12.998466,77.539061,21,5,1,theft,1
12.959569,77.575094,11,0,0,theft,1
12.90408,77.645221,10,3,0,burglary,2
12.929292,77.547437,17,0,0,vehicle_theft,3
13.022339,77.517291,7,3,0,burglary,2
12.972301,77.526632,20,3,0,burglary,2
12.975043,77.609991,2,1,0,harassment,1
12.911409,77.644676,19,0,0,vehicle_theft,2
12.970537,77.6415,0,4,0,assault,3
12.930194,77.595153,23,4,0,fraud,1
12.911609,77.638404,11,6,1,theft,1
12.908166,77.583818,21,6,1,theft,2
12.904759,77.58988,16,1,0,vehicle_theft,1
12.931535,77.630531,0,5,1,harassment,1
13.012649,77.69223,9,4,0,vehicle_theft,2
13.028627,77.516395,1,1,0,vehicle_theft,3
12.964099,77.57763,17,2,0,theft,2
12.936433,77.626722,2,4,0,assault,3
12.972211,77.528175,22,2,0,burglary,1
12.962915,77.705607,17,1,0,theft,1
12.971675,77.63844,3,6,1,harassment,1
12.979917,77.603381,9,6,1,harassment,1
12.95397,77.610745,12,4,0,assault,1
13.011409,77.6973,16,2,0,assault,3
12.844153,77.671095,22,5,1,vehicle_theft,1
12.840391,77.486264,20,1,0,fraud,1
13.128695,77.54908,18,3,0,harassment,1
12.978871,77.613277,8,5,1,assault,3
12.930102,77.587182,20,5,1,burglary,2
13.013021,77.564704,14,4,0,theft,1
13.078278,77.479411,3,0,0,assault,1
12.976448,77.613879,2,5,1,harassment,1
12.932094,77.581725,0,3,0,theft,1
12.930244,77.763366,20,0,0,vehicle_theft,1
12.857167,77.656076,23,6,1,vehicle_theft,3
12.842468,77.664434,2,1,0,fraud,1
12.914846,77.543746,0,3,0,burglary,2
12.906205,77.616999,12,3,0,vehicle_theft,3
12.974532,77.606633,23,6,1,assault,3
12.932985,77.581603,15,6,1,fraud,1
13.023367,77.546678,10,1,0,theft,1
12.968729,77.578172,13,4,0,theft,2
13.017763,77.528252,1,3,0,theft,1
12.982392,77.619776,17,6,1,assault,3
13.033896,77.591792,10,3,0,burglary,2
12.962346,77.575842,7,1,0,theft,1
12.919623,77.548435,0,1,0,theft,1
12.972242,77.525346,22,2,0,theft,1
13.034682,77.529068,14,4,0,vehicle_theft,2
12.956749,77.578124,12,0,0,theft,1
12.986173,77.602345,12,3,0,assault,3
12.984023,77.60909,18,2,0,theft,1
12.974452,77.64246,21,2,0,assault,3
13.097279,77.574217,23,0,0,burglary,2
13.033715,77.537618,10,6,1,vehicle_theft,2
12.92676,77.547103,19,1,0,vehicle_theft,2
13.100874,77.597296,0,1,0,vehicle_theft,1
13.113841,77.72228,14,3,0,theft,1
12.955579,77.704304,12,6,1,vehicle_theft,2
12.898734,77.618149,17,1,0,assault,2
12.900265,77.586806,23,3,0,theft,1
12.909795,77.609013,19,0,0,theft,1
12.954174,77.693488,10,6,1,theft,1
12.998604,77.553787,20,0,0,theft,2
12.871136,77.593212,6,4,0,fraud,2
13.000489,77.694471,19,2,0,vehicle_theft,2
12.923585,77.584784,5,6,1,burglary,3
12.977031,77.571013,23,6,1,harassment,1
13.006257,77.683427,19,1,0,vehicle_theft,2
12.955019,77.688396,17,1,0,vehicle_theft,2
12.932835,77.590767,0,5,1,theft,1
13.039595,77.588574,22,4,0,theft,1
13.040684,77.512403,23,2,0,vehicle_theft,1
13.057071,77.667434,21,4,0,fraud,1
12.929602,77.58313,18,0,0,burglary,2
12.97322,77.606167,23,1,0,assault,3
12.966205,77.640665,19,5,1,assault,2
12.906035,77.636276,23,1,0,burglary,2
13.019118,77.53489,1,2,0,vehicle_theft,2
12.976524,77.573443,18,4,0,theft,1
13.139054,77.641945,5,3,0,harassment,2
12.999482,77.562609,17,0,0,burglary,2
13.036318,77.511536,4,4,0,vehicle_theft,1
12.954227,77.711367,4,1,0,vehicle_theft,3
12.941145,77.617123,3,6,1,harassment,1
13.038838,77.592102,10,3,0,assault,3
12.948355,77.703991,10,6,1,vehicle_theft,2
12.984234,77.603776,0,2,0,assault,3
13.034622,77.543316,19,2,0,theft,1
13.03323,77.596408,22,1,0,vehicle_theft,1
12.917668,77.607034,20,0,0,burglary,2
12.97307,77.642999,3,4,0,harassment,1
12.916286,77.607509,18,5,1,vehicle_theft,2
12.981015,77.606925,0,0,0,theft,2
12.985576,77.572874,17,1,0,theft,2
12.970471,77.639251,14,6,1,harassment,1
13.029443,77.518446,0,1,0,theft,1
12.913753,77.536804,23,5,1,vehicle_theft,2
12.972538,77.585057,14,4,0,theft,1
12.97106,77.641265,23,0,0,assault,3
12.974788,77.607099,7,0,0,theft,1
12.970613,77.605216,22,6,1,harassment,2
12.990044,77.606778,15,0,0,theft,2
12.978135,77.750196,22,3,0,theft,1
12.997998,77.565477,15,0,0,burglary,2
12.846334,77.658297,3,0,0,theft,1
12.935516,77.549211,0,4,0,burglary,2
12.973115,77.608723,20,4,0,assault,3
12.981113,77.578291,8,3,0,harassment,1
12.955567,77.568174,16,6,1,harassment,1
12.912643,77.641034,22,3,0,theft,1
12.849756,77.655326,0,2,0,burglary,2
13.010129,77.693392,11,3,0,burglary,2
12.987147,77.764959,15,0,0,vehicle_theft,2
12.8327,77.66591,22,1,0,theft,1
12.972347,77.739112,11,0,0,vehicle_theft,1
12.973822,77.580317,8,2,0,theft,1
12.977175,77.570815,21,6,1,theft,2
13.001397,77.694348,11,2,0,burglary,2
12.90457,77.589968,20,5,1,burglary,2
13.025892,77.536181,17,5,1,theft,2
12.911172,77.641017,14,5,1,theft,1
12.930755,77.583745,16,6,1,theft,1
12.970635,77.637388,20,2,0,vehicle_theft,2
12.984095,77.566282,10,1,0,theft,2
12.903287,77.586997,13,3,0,theft,1
12.972175,77.580012,18,2,0,theft,1
12.997528,77.555222,9,4,0,theft,1
12.960672,77.570903,13,2,0,harassment,1
13.013025,77.766787,10,0,0,harassment,2
12.921823,77.546972,19,6,1,theft,1
12.941393,77.676479,13,2,0,burglary,1
13.036439,77.600053,8,1,0,assault,3
12.973127,77.567871,15,2,0,theft,1
13.024343,77.523313,3,2,0,burglary,2
12.849634,77.654904,9,2,0,theft,1
12.977927,77.608181,2,6,1,harassment,1
12.966142,77.577182,10,5,1,fraud,1
12.956614,77.573991,11,3,0,harassment,1
12.96568,77.579362,14,1,0,theft,1
12.966952,77.558632,10,3,0,theft,1
12.96956,77.580374,13,5,1,fraud,2
12.915271,77.637558,17,5,1,vehicle_theft,2
12.910007,77.573102,19,1,0,theft,1
13.008122,77.696314,9,2,0,vehicle_theft,2
12.912506,77.612882,19,4,0,theft,2
12.985882,77.578862,8,1,0,theft,1
12.932147,77.581494,19,1,0,burglary,2
12.956691,77.69683,20,4,0,assault,3
12.912905,77.648399,0,2,0,burglary,2
12.903856,77.638649,11,6,1,theft,2
13.02995,77.535492,9,0,0,assault,3
13.039978,77.609879,19,6,1,theft,1
12.94583,77.632401,3,3,0,assault,2
13.088966,77.593296,2,1,0,burglary,2
12.974102,77.755161,4,5,1,fraud,1
12.902201,77.619239,11,4,0,assault,2
12.947773,77.704406,6,6,1,vehicle_theft,3
12.845732,77.660073,23,5,1,vehicle_theft,1
12.984372,77.61706,23,0,0,harassment,1
12.919491,77.637873,16,3,0,burglary,2
13.004087,77.55811,19,4,0,fraud,1
12.889237,77.616174,2,0,0,theft,1
12.975151,77.607239,23,0,0,assault,3
12.913408,77.650054,6,5,1,burglary,3
12.968114,77.525673,16,6,1,theft,1
12.923542,77.595984,21,6,1,burglary,2
12.970617,77.633167,4,4,0,assault,3
13.000068,77.554664,18,1,0,burglary,2
12.964767,77.574607,22,6,1,theft,1
12.956357,77.700888,11,2,0,vehicle_theft,2
12.962254,77.7653,1,5,1,theft,1
12.933246,77.587101,20,6,1,burglary,3
12.920832,77.539937,7,3,0,theft,1
13.025191,77.543071,14,5,1,theft,1
12.905357,77.591712,18,0,0,vehicle_theft,1
12.93272,77.595806,22,1,0,burglary,2
12.959608,77.485617,21,2,0,assault,1
13.010525,77.57205,17,6,1,theft,1
12.968022,77.578998,12,5,1,theft,3
12.971741,77.513889,1,5,1,theft,1
12.984993,77.60512,17,6,1,assault,3
12.971538,77.747791,5,1,0,theft,1
13.094242,77.580431,4,2,0,theft,1
13.025201,77.543095,4,3,0,theft,1
12.928177,77.619194,0,1,0,assault,2
12.998028,77.566224,18,2,0,theft,1
12.964939,77.576254,15,3,0,fraud,1
13.016847,77.701987,18,4,0,theft,1
12.905524,77.653626,22,3,0,burglary,1
12.976089,77.606896,20,4,0,harassment,1
12.845018,77.665536,2,3,0,burglary,2
12.976571,77.611992,7,4,0,assault,2
12.957018,77.702973,2,1,0,theft,1
13.036416,77.596051,12,5,1,vehicle_theft,3
12.971989,77.52577,5,6,1,theft,1
12.929145,77.587668,20,0,0,theft,1
12.984487,77.602674,3,5,1,theft,1
13.007979,77.696045,22,3,0,vehicle_theft,1
12.964056,77.747096,20,0,0,theft,1
12.98044,77.619114,2,3,0,harassment,1
12.970362,77.641895,23,4,0,harassment,1
12.922979,77.542635,0,4,0,theft,1
12.846312,77.659087,4,0,0,burglary,2
12.981491,77.603396,21,3,0,harassment,1
12.952945,77.698901,19,6,1,vehicle_theft,2
13.005775,77.702034,21,6,1,theft,1
13.090612,77.602534,23,0,0,vehicle_theft,2
13.098994,77.597409,18,6,1,burglary,3
12.986207,77.451015,2,6,1,theft,2
12.979882,77.633214,23,5,1,assault,3
12.905321,77.605253,1,6,1,theft,1
12.915214,77.610197,23,5,1,burglary,2
12.984163,77.609387,19,6,1,theft,1
12.905661,77.617777,8,0,0,theft,2
12.913241,77.641605,23,1,0,theft,1
13.104265,77.705711,16,3,0,vehicle_theft,1
12.984973,77.604455,9,4,0,theft,1
12.968107,77.74168,3,4,0,vehicle_theft,2
12.971786,77.530267,2,6,1,theft,1
12.972443,77.611298,20,1,0,harassment,1
13.033295,77.517995,21,0,0,vehicle_theft,2
13.00742,77.688034,2,0,0,vehicle_theft,2
12.979658,77.742981,3,1,0,fraud,1
12.96987,77.574921,10,5,1,harassment,1
13.061499,77.554114,10,5,1,theft,2
12.927449,77.632971,0,2,0,vehicle_theft,2
12.931169,77.57763,14,5,1,burglary,2
12.96909,77.743763,8,1,0,burglary,3
13.088624,77.587405,10,6,1,burglary,3
12.841377,77.666096,2,0,0,theft,2
13.01759,77.542607,12,1,0,theft,1
12.93015,77.582808,20,5,1,theft,2
12.955856,77.69658,10,2,0,assault,3
12.953488,77.693267,9,5,1,burglary,2
12.939285,77.61542,23,5,1,theft,1
13.034957,77.590413,20,6,1,assault,2
12.992313,77.592695,22,4,0,theft,2
12.97399,77.746232,6,5,1,vehicle_theft,2
12.908585,77.614591,6,6,1,vehicle_theft,3
12.855172,77.653783,5,0,0,burglary,1
12.93892,77.624297,0,0,0,harassment,2
12.963068,77.575248,15,0,0,theft,2
12.93195,77.625806,0,5,1,assault,3
12.974696,77.60238,20,2,0,assault,3
13.000707,77.562204,16,4,0,burglary,3
12.956613,77.747655,1,1,0,theft,1
12.976132,77.610857,2,3,0,assault,3
12.97467,77.605958,20,0,0,assault,3
12.905935,77.618037,20,2,0,theft,1
12.913766,77.641448,18,3,0,vehicle_theft,2
12.956682,77.702377,11,5,1,theft,2
12.936421,77.628945,21,5,1,harassment,1
13.036021,77.598018,0,5,1,burglary,3
12.971686,77.636472,22,0,0,assault,2
12.972646,77.769939,3,2,0,burglary,2
12.964971,77.576138,14,3,0,harassment,2
12.972259,77.640016,2,5,1,assault,2
12.970371,77.751534,19,4,0,fraud,1
12.978889,77.573194,18,0,0,theft,1
12.934567,77.625543,0,5,1,assault,3
12.967253,77.580754,14,4,0,theft,1
12.970856,77.649019,19,3,0,harassment,1
13.036165,77.597062,8,0,0,vehicle_theft,3
12.968357,77.700555,7,0,0,vehicle_theft,3
12.981416,77.60601,14,4,0,assault,2
12.92483,77.54776,11,3,0,vehicle_theft,1
12.915969,77.645361,18,1,0,theft,1
12.848519,77.662915,2,0,0,fraud,1
12.977184,77.571124,12,0,0,assault,3
12.981099,77.62154,23,5,1,assault,3
12.971495,77.65315,1,2,0,assault,3
12.940111,77.575569,17,1,0,fraud,2
13.040001,77.594526,11,2,0,burglary,3
13.034023,77.59279,10,0,0,vehicle_theft,3
12.932451,77.575033,22,2,0,theft,2
12.965279,77.580083,15,3,0,theft,1
12.856648,77.664022,23,6,1,vehicle_theft,1
13.03693,77.596363,22,0,0,vehicle_theft,2
13.035956,77.519232,5,2,0,vehicle_theft,2
12.969459,77.74772,4,4,0,vehicle_theft,1
12.856574,77.573571,11,4,0,harassment,1
12.96796,77.579009,13,2,0,theft,1
13.005481,77.576428,9,2,0,theft,2
12.967966,77.578319,17,0,0,theft,2
12.969911,77.737789,18,4,0,vehicle_theft,2
12.966859,77.699399,11,6,1,theft,1
12.839616,77.670456,22,0,0,vehicle_theft,2
12.924832,77.547575,16,6,1,theft,2
12.928745,77.626371,3,2,0,assault,3
13.040377,77.600884,21,2,0,burglary,2
13.049871,77.681914,2,5,1,assault,1
12.991718,77.606538,9,6,1,assault,3
12.966946,77.577861,21,4,0,fraud,1
12.918329,77.609861,23,0,0,burglary,2
12.970223,77.642157,23,2,0,harassment,1
13.026654,77.54154,18,0,0,vehicle_theft,2
12.965637,77.571097,13,3,0,theft,1
12.951722,77.691428,20,6,1,assault,3
13.035714,77.524997,18,4,0,vehicle_theft,3
12.972696,77.530955,21,0,0,burglary,2
12.97202,77.529662,7,0,0,theft,1
13.008005,77.699153,18,3,0,assault,3
12.840131,77.572796,20,3,0,vehicle_theft,1
13.003827,77.547549,22,4,0,burglary,2
12.913459,77.606562,10,5,1,burglary,2
12.963743,77.586212,10,5,1,theft,1
12.906539,77.618224,8,5,1,theft,1
12.971306,77.57584,15,2,0,theft,1
12.977105,77.57127,8,6,1,assault,3
12.908419,77.649369,4,2,0,fraud,1
12.893608,77.60847,8,4,0,theft,1
12.964164,77.74814,3,3,0,vehicle_theft,2
12.913567,77.608445,2,4,0,vehicle_theft,2
12.982801,77.648931,22,2,0,theft,1
13.002948,77.69736,6,2,0,vehicle_theft,1
12.979572,77.638798,3,6,1,harassment,1
12.97546,77.606359,1,3,0,assault,3
12.96736,77.581699,18,1,0,theft,1
12.941327,77.711895,7,0,0,vehicle_theft,2
13.001186,77.567829,10,0,0,theft,1
13.007066,77.561586,18,0,0,fraud,2
12.972465,77.640595,4,5,1,assault,2
13.005195,77.689776,11,3,0,vehicle_theft,3
12.906876,77.618015,0,1,0,assault,3
13.034869,77.519012,11,0,0,theft,1
12.974433,77.641343,0,0,0,vehicle_theft,2
13.088878,77.611595,4,3,0,vehicle_theft,1
12.886022,77.631075,14,0,0,theft,1
12.843415,77.673269,19,3,0,burglary,1
12.999283,77.547644,19,0,0,theft,1
13.099654,77.593306,3,6,1,vehicle_theft,2
12.92913,77.615866,5,4,0,vehicle_theft,2
12.925205,77.542241,16,4,0,burglary,2
13.038931,77.558037,19,1,0,fraud,1
13.031439,77.517019,0,2,0,burglary,2
12.900449,77.646161,3,3,0,fraud,1
12.906519,77.612252,18,0,0,theft,1
12.965208,77.573889,9,3,0,fraud,1
12.968609,77.581844,18,6,1,fraud,1
12.916798,77.587147,5,0,0,theft,1
12.965578,77.610821,3,5,1,harassment,3
12.926762,77.576257,21,0,0,theft,1
12.916465,77.612991,18,5,1,vehicle_theft,2
12.844283,77.659657,4,1,0,theft,1
12.979529,77.619568,21,0,0,assault,3
12.934807,77.450971,17,2,0,vehicle_theft,1
12.916884,77.609669,17,4,0,burglary,2
13.003749,77.570852,20,3,0,theft,2
12.982077,77.524216,21,1,0,burglary,1
12.955499,77.69959,8,1,0,theft,1
12.940983,77.506333,13,0,0,vehicle_theft,2
12.974673,77.568865,15,1,0,assault,3
12.939856,77.621913,7,6,1,assault,3
12.931667,77.577943,23,4,0,theft,1
12.929149,77.584604,5,2,0,theft,2
12.913188,77.617606,18,5,1,theft,1
13.01096,77.698085,9,5,1,vehicle_theft,2
13.004263,77.700187,13,3,0,theft,1
13.00713,77.581606,21,0,0,burglary,2
12.970733,77.637774,3,2,0,assault,3
12.976782,77.571644,10,0,0,theft,1
12.968734,77.583467,13,0,0,theft,2
12.910936,77.616422,8,5,1,theft,1
12.941459,77.632556,20,5,1,assault,3
12.953782,77.709069,1,1,0,theft,2
13.001439,77.701618,11,4,0,harassment,1
12.975918,77.571321,19,2,0,theft,2
13.032709,77.596119,9,4,0,theft,1
12.962743,77.564721,5,5,1,harassment,1
12.97923,77.52722,20,6,1,theft,1
13.028872,77.527091,2,5,1,vehicle_theft,2
12.985389,77.60307,18,2,0,theft,1
12.930757,77.58295,21,0,0,theft,1
12.95554,77.70051,12,6,1,vehicle_theft,2
12.985327,77.623674,0,4,0,assault,3
12.97519,77.609357,0,5,1,theft,1
12.850879,77.660557,4,5,1,vehicle_theft,2
12.912392,77.639097,19,0,0,theft,1
13.001639,77.55871,16,0,0,theft,2
12.949197,77.691689,10,2,0,theft,1
12.971149,77.640942,23,0,0,harassment,1
13.007012,77.564645,20,5,1,fraud,1
12.908886,77.612239,7,3,0,theft,1
12.981732,77.574976,11,4,0,theft,1
12.936003,77.621503,0,0,0,harassment,2
12.850018,77.660161,1,3,0,vehicle_theft,2
12.982078,77.620866,4,4,0,theft,1
12.928358,77.547114,15,1,0,burglary,2
12.963807,77.578623,10,3,0,theft,1
12.913123,77.627086,12,4,0,fraud,1
12.920223,77.615211,16,4,0,burglary,2
12.907677,77.599129,19,4,0,burglary,1
12.986709,77.606975,18,3,0,harassment,1
12.931861,77.636736,23,5,1,assault,3
13.030423,77.538099,19,3,0,theft,1
12.978982,77.611106,7,6,1,assault,3
13.042747,77.518109,22,3,0,burglary,3
12.966,77.577188,19,0,0,theft,1
12.974426,77.608284,17,1,0,assault,3
12.933041,77.634001,21,4,0,theft,1
12.97106,77.644356,21,4,0,assault,3
13.037085,77.593196,11,0,0,assault,2
12.973629,77.624008,19,5,1,harassment,1
12.95926,77.57269,21,1,0,assault,3
12.929892,77.623451,0,1,0,theft,2
12.973872,77.605901,13,4,0,assault,3
13.013752,77.699287,17,4,0,vehicle_theft,3
13.087911,77.473079,9,4,0,fraud,1
12.914373,77.618763,19,4,0,burglary,2
13.017501,77.678662,20,0,0,theft,1
13.012096,77.697715,7,6,1,theft,1
12.968978,77.576075,12,5,1,theft,1
12.916376,77.610116,21,0,0,vehicle_theft,2
12.855913,77.731709,16,5,1,burglary,1
12.984383,77.606064,13,1,0,harassment,1
12.927394,77.602546,17,3,0,theft,1
12.924229,77.549122,16,4,0,burglary,2
12.928403,77.578274,23,4,0,theft,1
12.913002,77.652137,4,4,0,burglary,2
12.924163,77.588361,21,1,0,theft,1
12.958895,77.696579,10,6,1,vehicle_theft,2
13.031874,77.596768,19,6,1,theft,1
12.981004,77.598364,12,4,0,theft,2
12.986867,77.610108,10,2,0,theft,1
12.96574,77.702258,18,0,0,vehicle_theft,2
13.139083,77.549446,5,2,0,burglary,2
12.980001,77.601324,16,2,0,theft,1
12.990442,77.606898,12,1,0,assault,3
13.082309,77.64758,1,5,1,burglary,2
12.909945,77.57955,0,0,0,theft,1
12.959249,77.572358,13,3,0,assault,3
12.999649,77.572633,10,4,0,theft,1
12.906417,77.602415,20,5,1,theft,2
12.986991,77.600983,4,1,0,theft,1
12.97464,77.607272,18,2,0,assault,3
12.912572,77.640814,16,5,1,theft,1
12.954784,77.700686,14,0,0,vehicle_theft,2
12.950706,77.75605,20,6,1,vehicle_theft,3
13.00446,77.577275,10,0,0,fraud,2
12.962688,77.636355,6,2,0,harassment,2
12.999691,77.553415,22,6,1,burglary,2
12.83,77.663991,2,3,0,burglary,2
13.027087,77.597962,1,3,0,assault,2
12.897697,77.526286,16,6,1,harassment,2
12.955816,77.701661,11,0,0,burglary,1
12.970218,77.579996,13,1,0,theft,1
13.017334,77.697976,19,2,0,theft,1
13.032063,77.512902,4,4,0,vehicle_theft,1
13.10854,77.691902,17,5,1,vehicle_theft,1
12.915994,77.609949,22,6,1,harassment,1
12.976146,77.604548,0,5,1,harassment,1
12.967988,77.578999,9,2,0,fraud,1
12.968257,77.573509,17,2,0,fraud,2
12.969817,77.750053,4,6,1,theft,1
12.936101,77.623877,22,1,0,vehicle_theft,3
12.997969,77.555111,19,6,1,assault,3
12.9471,77.696712,7,2,0,vehicle_theft,3
12.970583,77.579319,5,1,0,theft,1
12.977207,77.608446,2,0,0,assault,3
12.96908,77.743557,22,4,0,burglary,2
12.964663,77.578598,18,4,0,theft,2
12.968405,77.738529,21,5,1,burglary,3
13.053246,77.746087,12,3,0,theft,1
12.913192,77.702455,6,6,1,fraud,1
12.970154,77.749925,2,4,0,theft,1
13.003802,77.558999,20,5,1,burglary,1
12.907957,77.585107,20,2,0,burglary,2
12.842456,77.658485,21,4,0,vehicle_theft,3
12.978795,77.572553,16,1,0,theft,1
13.038756,77.473807,1,0,0,burglary,1
12.916445,77.540225,22,2,0,vehicle_theft,3
12.981223,77.59835,23,0,0,theft,1
12.955729,77.543722,12,1,0,harassment,2
12.96888,77.578863,8,5,1,theft,2
12.976982,77.610216,0,6,1,assault,3
12.979871,77.529817,20,4,0,theft,1
12.971633,77.652345,3,1,0,harassment,1
12.982331,77.620845,1,4,0,theft,2
12.954142,77.70802,10,0,0,vehicle_theft,1
12.914624,77.609891,19,1,0,burglary,2
12.963952,77.703314,19,0,0,burglary,1
12.907021,77.585154,14,2,0,vehicle_theft,2
12.986634,77.60616,16,4,0,assault,2
13.0048,77.553369,23,1,0,burglary,1
12.965594,77.607675,23,6,1,assault,3
12.933287,77.583088,11,3,0,burglary,2
13.047868,77.599461,20,5,1,vehicle_theft,2
13.099969,77.608233,21,0,0,burglary,3
12.895755,77.588155,3,1,0,vehicle_theft,1
13.025402,77.540687,9,3,0,theft,1
12.838334,77.653927,0,1,0,burglary,2
12.934959,77.62453,23,5,1,theft,1
12.976369,77.606201,0,0,0,harassment,1
12.979815,77.570687,8,5,1,assault,3
12.951341,77.696573,19,1,0,vehicle_theft,2
12.970903,77.635309,22,0,0,assault,3
12.977243,77.571699,12,6,1,theft,1
13.042554,77.5143,5,4,0,vehicle_theft,3
12.912127,77.618655,10,6,1,vehicle_theft,2
12.911157,77.644512,6,1,0,theft,1
12.925377,77.583251,22,1,0,theft,1
12.919364,77.627791,23,4,0,theft,1
13.009189,77.574396,3,1,0,burglary,2
12.986196,77.574179,8,0,0,assault,2
12.904292,77.590353,0,3,0,vehicle_theft,3
12.933594,77.606727,17,1,0,theft,2
12.97679,77.607495,1,5,1,theft,1
12.956354,77.707422,19,3,0,burglary,2
13.003107,77.573194,8,5,1,fraud,2
13.002265,77.569117,6,5,1,theft,1
12.845708,77.66015,9,2,0,vehicle_theft,2
12.981205,77.567703,18,1,0,theft,1
12.968919,77.565502,7,1,0,theft,1
12.971798,77.646788,2,5,1,assault,3
13.03669,77.597905,2,0,0,vehicle_theft,2
12.983716,77.759169,2,4,0,burglary,2
12.903094,77.618012,18,6,1,vehicle_theft,2
12.836323,77.65354,8,0,0,vehicle_theft,2
12.960231,77.574923,8,1,0,harassment,2
13.027446,77.542408,18,0,0,assault,3
12.909823,77.631991,9,2,0,fraud,1
12.920749,77.61876,11,6,1,assault,3
12.977242,77.571118,12,3,0,harassment,1
12.976836,77.607939,1,1,0,theft,1
12.97479,77.561927,22,5,1,assault,3
12.959025,77.574769,13,2,0,theft,1
12.967988,77.578968,21,6,1,theft,1
12.980073,77.576481,12,4,0,theft,1
12.984661,77.602383,13,4,0,theft,1
13.031858,77.597244,18,6,1,vehicle_theft,1
12.908259,77.588004,1,5,1,theft,1
12.919608,77.695941,14,1,0,harassment,1
12.971025,77.529643,4,2,0,theft,2
13.094798,77.582591,3,6,1,theft,1
13.033006,77.531048,2,2,0,vehicle_theft,2
12.851123,77.532932,17,3,0,assault,1
12.985223,77.604804,21,1,0,theft,2
13.014793,77.69884,9,4,0,theft,1
12.983872,77.606301,17,4,0,theft,1
12.910016,77.641705,21,3,0,vehicle_theft,2
12.844204,77.659637,3,4,0,burglary,2
12.919866,77.538684,1,3,0,vehicle_theft,2
12.910442,77.641729,18,3,0,burglary,3
13.024169,77.51923,19,1,0,vehicle_theft,2
12.968106,77.580688,17,1,0,theft,1
12.910944,77.647057,0,6,1,theft,1
12.911582,77.61725,22,6,1,burglary,2
13.009207,77.568686,12,6,1,theft,1
13.029296,77.528389,18,3,0,theft,1
12.923877,77.578906,22,2,0,fraud,1
12.907681,77.590008,10,1,0,burglary,2
12.978149,77.607041,0,3,0,assault,3
13.106476,77.696298,3,3,0,assault,2
13.103108,77.596952,5,3,0,burglary,2
12.937513,77.692394,16,6,1,theft,1
13.083622,77.539169,15,4,0,theft,1
12.980112,77.769541,18,2,0,burglary,2
12.994388,77.562946,23,3,0,burglary,2
12.975609,77.572926,18,6,1,assault,3
12.963178,77.52089,19,6,1,vehicle_theft,1
12.854296,77.685797,3,2,0,vehicle_theft,2
13.105682,77.587295,5,1,0,theft,1
12.922824,77.552058,19,2,0,vehicle_theft,1
12.906526,77.625514,6,5,1,vehicle_theft,2
13.044501,77.518186,2,1,0,burglary,1
12.978865,77.60384,8,1,0,theft,1
12.906773,77.6202,21,6,1,theft,1
13.106401,77.602559,4,4,0,burglary,2
12.934055,77.580874,17,5,1,burglary,1
12.983868,77.759201,22,1,0,theft,1
12.903224,77.622722,18,4,0,theft,1
12.973894,77.569744,14,0,0,harassment,1
12.982917,77.602923,16,5,1,theft,1
12.975245,77.613562,2,4,0,harassment,2
13.082643,77.645628,15,4,0,theft,2
12.873993,77.550068,14,6,1,burglary,2
12.964545,77.744928,7,6,1,theft,1
12.971372,77.642045,12,5,1,harassment,1
13.097862,77.493597,16,0,0,fraud,2
13.000354,77.572013,17,5,1,burglary,2
12.909589,77.608237,6,0,0,vehicle_theft,3
13.036176,77.603697,11,3,0,vehicle_theft,2
12.97546,77.606496,16,2,0,theft,2
12.954792,77.708529,18,1,0,vehicle_theft,2
12.976898,77.568331,20,4,0,harassment,1
13.036561,77.595326,10,5,1,theft,1
12.972004,77.641292,0,5,1,theft,1
13.09415,77.588121,8,5,1,burglary,2
13.0077,77.699092,18,6,1,vehicle_theft,2
12.957889,77.576423,7,0,0,harassment,2
12.981396,77.583956,20,5,1,assault,3
12.975344,77.607076,0,5,1,theft,1
12.96329,77.692593,18,6,1,vehicle_theft,2
12.959937,77.701113,18,2,0,burglary,2
12.977465,77.57048,15,2,0,theft,1
13.09998,77.588812,2,2,0,theft,1
12.954852,77.694808,19,3,0,vehicle_theft,1
12.961675,77.576425,2,3,0,theft,1
12.984017,77.623429,23,3,0,assault,2
13.090116,77.591559,20,1,0,vehicle_theft,2
12.994068,77.565243,7,3,0,theft,1
12.971601,77.568034,9,6,1,assault,3
12.997631,77.55188,19,2,0,assault,3
12.968377,77.749355,22,3,0,burglary,2
12.964002,77.606714,9,1,0,theft,1
13.04068,77.515274,22,4,0,vehicle_theft,2
13.032105,77.599101,18,4,0,vehicle_theft,2
12.970517,77.641758,19,4,0,theft,1
12.920047,77.577557,22,4,0,theft,1
12.908572,77.644067,17,0,0,burglary,1
13.035571,77.599633,1,2,0,theft,2
12.970861,77.52925,19,0,0,burglary,2
12.993194,77.612343,11,0,0,assault,2
12.98855,77.596152,2,2,0,assault,3
13.098826,77.671709,7,1,0,fraud,2
12.913709,77.631054,19,0,0,theft,2
13.001855,77.569467,11,0,0,burglary,2
12.967209,77.581586,10,4,0,theft,1
12.9708,77.74074,2,5,1,theft,1
12.979592,77.598056,12,1,0,theft,1
12.928423,77.551954,3,6,1,vehicle_theft,2
12.976695,77.577261,16,2,0,assault,3
12.929526,77.635767,20,6,1,theft,1
12.934919,77.62887,23,2,0,harassment,1
12.972129,77.581686,10,1,0,theft,1
13.034496,77.728738,20,6,1,harassment,1
12.925525,77.547273,5,4,0,vehicle_theft,2
12.971985,77.640296,15,3,0,harassment,2
12.983496,77.57026,15,0,0,harassment,1
12.913389,77.61473,15,5,1,vehicle_theft,2
13.007902,77.566911,11,0,0,theft,1
12.907168,77.610743,22,2,0,vehicle_theft,2
12.958054,77.588103,14,5,1,theft,1
12.994481,77.553932,22,5,1,burglary,2
12.976239,77.572114,18,4,0,harassment,1
12.964694,77.578309,18,3,0,theft,1
12.977087,77.607121,12,5,1,theft,1
12.982424,77.62077,23,5,1,harassment,2
12.989929,77.553665,14,3,0,theft,1
12.974112,77.647444,1,1,0,assault,3
12.961047,77.704658,19,3,0,vehicle_theft,2
12.922195,77.5733,14,3,0,burglary,2
13.003604,77.572334,16,1,0,burglary,3
12.970224,77.641231,3,6,1,theft,1
13.023902,77.518972,19,6,1,theft,1
12.963136,77.581001,18,4,0,theft,1
12.965366,77.531916,21,0,0,theft,1
12.999344,77.556862,12,5,1,burglary,3
12.966741,77.61131,2,1,0,assault,2
13.032956,77.542903,12,0,0,theft,1
12.923659,77.546967,19,2,0,theft,1
13.008696,77.69609,19,5,1,theft,1
12.916114,77.612407,23,3,0,vehicle_theft,2
13.107241,77.604098,0,1,0,burglary,3
13.0279,77.546713,8,6,1,vehicle_theft,2
12.969564,77.578486,3,1,0,theft,2
12.970301,77.749553,2,5,1,fraud,1
12.983115,77.622683,0,0,0,harassment,1
12.961495,77.707808,4,5,1,vehicle_theft,2
12.977133,77.521296,21,3,0,theft,1
12.998349,77.551474,19,3,0,theft,1
12.955138,77.576277,20,4,0,theft,1
13.013783,77.70163,20,2,0,vehicle_theft,1
12.904911,77.652288,3,0,0,burglary,2
12.986175,77.609656,11,3,0,assault,3
12.956884,77.571507,19,5,1,theft,2
13.032421,77.519391,0,2,0,vehicle_theft,2
12.986851,77.6055,13,3,0,assault,3
12.935256,77.598764,21,1,0,fraud,1
13.033008,77.520616,23,4,0,theft,1
12.961331,77.575257,10,3,0,harassment,1
12.971922,77.640562,22,2,0,assault,3
12.902842,77.581322,21,1,0,theft,2
12.903559,77.61881,8,4,0,vehicle_theft,1
12.909378,77.580634,3,4,0,vehicle_theft,2
13.035123,77.515968,4,0,0,vehicle_theft,1
12.972159,77.641046,0,3,0,assault,3
12.96368,77.573202,9,3,0,theft,1
13.035228,77.598089,7,0,0,theft,1
13.003001,77.691693,7,1,0,theft,1
12.966153,77.692791,19,4,0,vehicle_theft,2
12.964921,77.527421,20,0,0,theft,1
13.032231,77.58932,15,0,0,vehicle_theft,3
12.971861,77.75362,0,2,0,vehicle_theft,3
12.975319,77.606285,3,6,1,harassment,1
12.935094,77.624675,1,6,1,harassment,1
12.979021,77.648789,22,6,1,assault,3
12.911352,77.586126,20,2,0,burglary,1
12.923095,77.545274,20,4,0,burglary,1
12.855107,77.651317,0,4,0,fraud,1
12.981319,77.614382,0,0,0,assault,3
12.928921,77.580778,20,5,1,burglary,2
12.844987,77.659771,23,4,0,burglary,2
12.906025,77.586121,18,1,0,theft,1
12.94265,77.558555,15,2,0,theft,1
12.968165,77.517421,19,3,0,theft,1
12.970852,77.577071,5,3,0,theft,1
12.901386,77.657722,13,3,0,theft,1
12.917594,77.611411,21,3,0,vehicle_theft,2
12.968414,77.639036,21,6,1,vehicle_theft,2
12.919884,77.605766,6,5,1,vehicle_theft,3
12.973351,77.52092,10,6,1,burglary,1
12.966717,77.615208,6,5,1,harassment,1
12.903517,77.617491,9,0,0,vehicle_theft,2
12.993835,77.553874,0,5,1,burglary,3
12.968119,77.756237,5,5,1,theft,1
13.004549,77.570387,16,0,0,theft,1
12.914531,77.61157,21,0,0,vehicle_theft,2
12.908826,77.583157,0,0,0,burglary,2
12.914216,77.610021,2,4,0,harassment,1
13.096266,77.595426,21,5,1,theft,1
13.041018,77.522152,23,1,0,theft,1
13.037642,77.523799,23,4,0,burglary,3
12.91622,77.609458,13,5,1,theft,1
12.904384,77.622531,18,4,0,vehicle_theft,2
12.908587,77.584461,22,5,1,burglary,3
12.975306,77.603862,21,6,1,theft,2
12.854073,77.689893,12,0,0,vehicle_theft,2
12.98003,77.637257,23,3,0,harassment,1
13.028696,77.542464,10,2,0,theft,1
12.983036,77.602959,14,4,0,theft,1
12.906866,77.618863,10,6,1,vehicle_theft,2
12.969976,77.747936,3,1,0,fraud,1
12.972121,77.614001,2,0,0,assault,3
13.008795,77.696935,17,4,0,theft,1
12.969839,77.749698,9,6,1,burglary,2
12.997268,77.555531,19,5,1,theft,2
13.107942,77.590349,4,3,0,burglary,3
12.857167,77.658643,3,2,0,theft,1
12.927017,77.543657,17,5,1,vehicle_theft,3
12.959161,77.574044,19,6,1,theft,1
13.027858,77.537282,6,6,1,vehicle_theft,2
12.898569,77.569121,22,3,0,assault,2
12.834688,77.648757,3,6,1,burglary,2
12.910018,77.615989,10,4,0,theft,1
12.913127,77.64299,1,5,1,vehicle_theft,2
12.966122,77.578411,12,4,0,harassment,1
12.919575,77.550475,19,4,0,burglary,2
12.978721,77.559279,17,5,1,harassment,1
12.967996,77.600766,0,0,0,assault,3
12.853543,77.660046,2,0,0,burglary,3
12.954285,77.700863,5,1,0,vehicle_theft,2
13.006931,77.566076,13,2,0,burglary,3
12.900601,77.61804,16,6,1,vehicle_theft,2
13.038785,77.519191,20,0,0,theft,2
12.850736,77.654593,20,5,1,theft,1
12.934148,77.580509,17,4,0,theft,1
13.010517,77.564141,18,4,0,burglary,1
12.99272,77.458704,15,3,0,burglary,1
12.933384,77.579276,23,6,1,theft,1
12.9759,77.531491,18,2,0,vehicle_theft,3
12.921375,77.597983,22,5,1,theft,1
13.101871,77.593974,22,3,0,theft,2
12.965091,77.57851,15,6,1,theft,1
12.906571,77.61623,9,6,1,vehicle_theft,2
12.962672,77.751899,14,0,0,burglary,2
12.971752,77.577412,16,1,0,theft,2
12.926169,77.628925,0,3,0,theft,1
13.00026,77.556628,23,3,0,assault,2
13.099102,77.595844,6,1,0,vehicle_theft,2
13.003035,77.701153,22,2,0,burglary,2
12.986,77.582571,14,3,0,theft,2
12.968509,77.586902,20,4,0,theft,1
12.976439,77.757698,22,2,0,fraud,1
12.930204,77.630011,3,1,0,assault,3
13.000501,77.556969,23,6,1,assault,3
12.970003,77.567147,16,2,0,harassment,2
13.09835,77.604695,2,2,0,burglary,1
12.94275,77.689672,4,1,0,fraud,2
13.033176,77.515875,13,4,0,vehicle_theft,1
12.927114,77.626443,22,4,0,theft,1
12.989754,77.557642,20,6,1,burglary,3
12.973192,77.602307,0,0,0,theft,1
12.960689,77.655037,8,3,0,theft,1
12.848489,77.654808,23,4,0,burglary,2
13.028939,77.51405,23,1,0,vehicle_theft,1
12.9652,77.573828,15,1,0,theft,2
12.907598,77.625735,6,2,0,vehicle_theft,2
12.906058,77.619163,23,1,0,theft,1
12.917497,77.593844,23,4,0,theft,1
12.898643,77.632371,11,1,0,vehicle_theft,3
12.974313,77.576994,20,2,0,theft,1
12.910487,77.611678,19,5,1,vehicle_theft,2
13.008472,77.694648,18,1,0,vehicle_theft,2
12.986339,77.616917,2,5,1,theft,1
12.973654,77.748693,11,1,0,vehicle_theft,2
12.913,77.639376,21,4,0,burglary,3
12.935355,77.627491,0,5,1,theft,1
12.936588,77.625662,0,4,0,vehicle_theft,2
12.923044,77.598875,18,1,0,burglary,2
12.905334,77.585093,20,0,0,theft,1
13.007088,77.694719,9,2,0,burglary,1
12.898976,77.717365,6,1,0,assault,1
13.091849,77.596843,9,5,1,burglary,2
12.974158,77.609336,23,1,0,harassment,1
13.010648,77.70397,20,6,1,theft,1
12.98195,77.620837,12,2,0,assault,3
12.973692,77.640744,21,5,1,assault,3
12.913512,77.638092,16,4,0,theft,2
12.958019,77.681909,8,4,0,burglary,3
13.132456,77.619395,1,3,0,theft,1
12.986427,77.760085,9,4,0,assault,1
13.036687,77.582244,11,4,0,theft,1
12.976979,77.606798,1,6,1,harassment,2
12.923949,77.621484,0,5,1,vehicle_theft,2
12.949119,77.624724,1,5,1,theft,1
13.042645,77.738928,5,5,1,harassment,1
12.929679,77.579419,7,1,0,burglary,2
12.972957,77.607139,0,0,0,harassment,1
12.998061,77.55334,21,5,1,theft,1
12.924281,77.611793,4,6,1,assault,3
13.037571,77.588583,11,1,0,burglary,2
12.985042,77.610501,15,6,1,assault,3
13.017855,77.62042,2,1,0,burglary,2
12.913043,77.614527,21,1,0,vehicle_theft,2
12.968872,77.525461,15,6,1,theft,1
12.970098,77.749771,4,2,0,burglary,2
12.977359,77.606349,2,6,1,assault,3
12.974963,77.60851,13,2,0,assault,3
13.035845,77.59725,22,2,0,burglary,1
13.037334,77.598229,3,0,0,burglary,1
12.979455,77.529933,19,5,1,burglary,1
12.973888,77.575482,8,2,0,theft,1
12.836425,77.65179,0,6,1,burglary,3
12.971901,77.641489,20,4,0,assault,3
12.842005,77.652592,3,6,1,burglary,3
12.958053,77.573627,17,4,0,theft,1
13.037319,77.519994,22,0,0,theft,1
12.931589,77.613166,0,6,1,assault,2
13.030884,77.54221,6,5,1,vehicle_theft,2
13.005268,77.695387,6,0,0,theft,1
12.842345,77.663082,3,6,1,vehicle_theft,2
12.985067,77.60466,11,5,1,harassment,1
12.967979,77.748779,22,0,0,burglary,1
12.972482,77.61128,20,0,0,theft,1
12.907452,77.585487,19,5,1,theft,1
12.963085,77.572148,9,2,0,theft,1
12.993121,77.683113,6,2,0,vehicle_theft,2
13.002098,77.699691,7,5,1,theft,1
13.028466,77.51925,17,3,0,theft,2
12.911333,77.589769,3,1,0,burglary,3
12.906101,77.618747,17,1,0,vehicle_theft,3
12.919574,77.57196,12,1,0,burglary,3
12.84619,77.659055,0,3,0,burglary,2
12.938074,77.611812,21,5,1,theft,1
12.906445,77.642293,2,0,0,vehicle_theft,1
12.958884,77.57616,21,5,1,harassment,1
12.921484,77.579389,20,4,0,theft,1
13.034703,77.517414,4,5,1,burglary,2
12.914019,77.572607,1,1,0,theft,2
12.927956,77.551416,15,4,0,theft,1
12.970273,77.525076,18,3,0,burglary,3
12.956655,77.699185,18,6,1,burglary,3
13.027053,77.543139,12,0,0,theft,1
13.001251,77.562875,10,2,0,theft,1
12.908599,77.584466,20,3,0,burglary,2
12.910959,77.612849,8,6,1,burglary,3
12.90604,77.618374,20,2,0,vehicle_theft,3
12.934201,77.627514,3,1,0,vehicle_theft,2
12.951604,77.700325,11,2,0,theft,1
13.029295,77.530084,12,2,0,vehicle_theft,1
13.00848,77.567717,16,0,0,theft,1
12.95411,77.691986,19,3,0,theft,1
12.839455,77.650018,20,2,0,vehicle_theft,3
13.032,77.602116,9,2,0,burglary,3
12.933632,77.629719,1,3,0,theft,2
13.025764,77.735377,14,5,1,harassment,2
12.975519,77.524428,21,2,0,burglary,2
12.902957,77.63001,20,0,0,theft,1
12.981007,77.605619,2,6,1,harassment,1
12.845188,77.662312,2,4,0,vehicle_theft,1
12.968726,77.606151,4,3,0,assault,3
12.985394,77.598563,17,3,0,assault,3
13.095159,77.608709,3,4,0,burglary,2
12.843951,77.45873,9,1,0,assault,1
12.922941,77.544716,6,4,0,vehicle_theft,2
12.967215,77.748182,9,5,1,burglary,1
13.118855,77.646699,13,0,0,harassment,2
12.925701,77.543016,0,5,1,theft,1
13.085403,77.598448,14,4,0,theft,1
12.910921,77.641743,10,3,0,burglary,1
13.017145,77.549084,8,6,1,vehicle_theft,1
13.02833,77.533872,11,6,1,assault,3
12.861149,77.710131,1,2,0,assault,2
12.972015,77.640147,17,5,1,harassment,2
12.914887,77.583379,19,6,1,burglary,2
13.016279,77.767087,19,0,0,assault,1
12.910603,77.608706,8,6,1,vehicle_theft,2
12.848157,77.658972,1,1,0,burglary,2
12.975717,77.573053,10,3,0,theft,1
12.938085,77.617775,3,6,1,vehicle_theft,2
12.974031,77.61193,14,2,0,assault,3
13.030451,77.52111,0,2,0,vehicle_theft,3
12.913781,77.636859,23,0,0,vehicle_theft,3
12.905726,77.617753,22,3,0,theft,2
12.972922,77.75596,4,5,1,burglary,1
12.913932,77.610633,21,6,1,theft,1
13.033621,77.525456,22,2,0,burglary,2
12.967676,77.761564,2,6,1,fraud,2
12.968756,77.577522,2,3,0,theft,1
12.93031,77.580837,22,0,0,theft,1
13.007841,77.454717,3,5,1,harassment,1
12.975642,77.527311,21,3,0,theft,1
12.97257,77.567055,12,1,0,theft,1
12.933004,77.585364,7,1,0,theft,1
12.972466,77.756093,19,0,0,fraud,1
13.002316,77.569288,6,1,0,theft,1
12.970882,77.749027,20,3,0,theft,1
13.035653,77.598385,18,4,0,theft,1
12.970261,77.69764,16,1,0,theft,1
12.907491,77.576303,23,5,1,theft,1
13.04757,77.515208,23,2,0,theft,1
12.905276,77.620281,17,3,0,vehicle_theft,2
12.979956,77.622521,4,2,0,assault,3
12.982893,77.605917,11,0,0,assault,3
12.960589,77.582003,20,5,1,theft,1
13.003247,77.558163,10,1,0,theft,1
12.940201,77.66728,0,4,0,vehicle_theft,2
13.004384,77.555114,5,5,1,theft,1
12.912286,77.600364,20,6,1,vehicle_theft,2
12.977419,77.607505,10,3,0,assault,3
13.009818,77.694015,19,0,0,burglary,2
13.005076,77.56349,16,3,0,theft,1
12.93179,77.58421,21,4,0,theft,1
12.963877,77.705107,20,6,1,vehicle_theft,2
12.924066,77.586481,16,1,0,burglary,2
12.927323,77.567773,14,3,0,theft,1
12.970342,77.604918,5,2,0,assault,3
12.969671,77.575655,15,5,1,theft,1
12.977391,77.604551,6,4,0,harassment,1
13.039941,77.523315,20,4,0,theft,2
12.97699,77.571002,15,1,0,theft,1
12.962267,77.74578,23,3,0,burglary,2
12.951553,77.745587,18,0,0,fraud,2
13.02829,77.546432,9,1,0,vehicle_theft,1
12.957233,77.699262,18,3,0,theft,2
12.912774,77.649742,0,4,0,theft,2
12.963428,77.579596,16,6,1,theft,1
13.03234,77.600904,22,2,0,vehicle_theft,1
12.905831,77.647035,22,5,1,vehicle_theft,2
12.968122,77.652261,2,2,0,assault,2
12.934398,77.617951,22,3,0,vehicle_theft,3
12.972757,77.530891,23,4,0,theft,1
12.974821,77.606629,7,1,0,assault,3
12.984898,77.686154,10,4,0,harassment,1
13.02755,77.594207,10,1,0,theft,1
12.957734,77.702359,17,5,1,vehicle_theft,2
12.845862,77.660442,23,4,0,vehicle_theft,1
12.930723,77.585753,21,2,0,fraud,1
12.977695,77.57249,9,4,0,theft,1
13.018772,77.581375,8,6,1,assault,3
12.960903,77.5773,15,5,1,theft,1
12.970437,77.746681,21,2,0,burglary,2
13.006714,77.684577,18,5,1,theft,1
12.987842,77.579286,6,3,0,harassment,1
12.976475,77.576581,20,6,1,theft,1
13.001327,77.569715,12,0,0,burglary,1
12.979658,77.619029,10,5,1,theft,1
12.934953,77.625034,4,2,0,harassment,1
13.084107,77.59622,4,0,0,burglary,1
13.098006,77.600578,3,1,0,theft,1
13.012979,77.694708,10,2,0,vehicle_theft,1
12.967069,77.577225,14,4,0,theft,1
12.985512,77.621725,23,3,0,theft,1
12.910183,77.583287,18,3,0,burglary,1
12.911917,77.618636,8,4,0,vehicle_theft,2
13.003054,77.640931,2,4,0,vehicle_theft,1
13.027079,77.538065,19,1,0,vehicle_theft,2
12.927461,77.576262,12,4,0,theft,1
12.943178,77.705335,10,5,1,vehicle_theft,1
12.987001,77.6044,5,4,0,harassment,1
12.905841,77.648939,16,0,0,burglary,2
12.976717,77.605886,2,1,0,assault,3
12.967773,77.578488,13,1,0,fraud,2
12.925196,77.547299,5,6,1,vehicle_theft,2
12.965549,77.746876,5,2,0,burglary,3
12.931696,77.625568,22,5,1,vehicle_theft,1
12.931459,77.625536,1,5,1,theft,2
12.976354,77.526659,17,3,0,theft,2
12.902021,77.624442,7,4,0,burglary,2
12.999038,77.68853,3,3,0,assault,1
12.85784,77.495257,11,6,1,fraud,1
12.991136,77.608772,19,6,1,theft,1
12.913539,77.612783,22,3,0,burglary,1
12.922391,77.545837,21,2,0,vehicle_theft,2
12.98877,77.597403,13,5,1,theft,1
12.977068,77.695537,17,0,0,vehicle_theft,3
12.926602,77.5459,18,3,0,theft,1
12.976325,77.606151,23,5,1,theft,1
13.099763,77.593852,2,5,1,burglary,3
12.955815,77.700977,6,1,0,vehicle_theft,3
12.971254,77.56988,18,3,0,harassment,2
12.972004,77.640856,2,1,0,assault,3
12.981227,77.606834,16,6,1,assault,2
13.005263,77.687357,7,5,1,vehicle_theft,3
12.91605,77.652508,23,6,1,theft,1
12.97368,77.608283,21,6,1,theft,1
13.00561,77.55168,22,4,0,assault,3
12.935792,77.625474,20,5,1,theft,1
12.937998,77.563672,18,0,0,fraud,2
13.007355,77.54908,12,5,1,assault,3
12.976546,77.746872,10,3,0,vehicle_theft,1
12.974969,77.571002,8,6,1,theft,1
12.98087,77.537146,23,4,0,theft,1
12.903658,77.621961,10,0,0,theft,1
12.910503,77.639418,20,5,1,theft,2
12.950799,77.701877,8,1,0,burglary,2
12.962148,77.575599,22,6,1,theft,1
13.01179,77.700095,11,5,1,vehicle_theft,3
12.898137,77.613012,20,2,0,vehicle_theft,2
12.964066,77.739006,13,2,0,burglary,3
12.924348,77.587137,22,3,0,theft,2
12.996452,77.570436,15,2,0,burglary,2
12.971054,77.529495,15,2,0,burglary,3
13.038706,77.526515,22,6,1,burglary,2
12.973376,77.575521,15,2,0,theft,1
12.938213,77.588648,21,2,0,theft,1
12.971907,77.633312,0,6,1,harassment,1
12.905695,77.617834,17,5,1,vehicle_theft,2
12.920705,77.614457,18,2,0,theft,1
13.020783,77.698484,10,5,1,vehicle_theft,2
12.975351,77.755935,0,3,0,theft,1
13.026978,77.539504,16,3,0,vehicle_theft,2
12.941928,77.626243,0,3,0,harassment,1
12.975549,77.609785,18,2,0,assault,3
12.917185,77.634975,1,3,0,vehicle_theft,2
12.956284,77.694852,17,0,0,theft,2
12.906022,77.690744,4,1,0,harassment,2
13.112811,77.603038,22,3,0,burglary,2
13.033912,77.520985,20,3,0,vehicle_theft,2
13.007145,77.696971,14,6,1,vehicle_theft,2
13.066535,77.647908,3,4,0,burglary,2
12.854109,77.670554,18,5,1,burglary,3
13.030388,77.513696,0,4,0,theft,1
13.139143,77.62495,16,3,0,vehicle_theft,1
12.964078,77.576087,9,5,1,fraud,1
13.013279,77.700987,3,4,0,theft,2
12.930098,77.583393,9,4,0,burglary,2
12.851764,77.663497,3,6,1,burglary,2
12.948801,77.700436,20,4,0,vehicle_theft,3
12.972081,77.586946,18,3,0,fraud,2
12.96578,77.577978,10,2,0,theft,2
12.931758,77.634911,1,6,1,assault,3
12.984385,77.625592,4,6,1,harassment,1
13.026565,77.531722,8,5,1,theft,1
12.952816,77.707416,18,5,1,vehicle_theft,2
12.930832,77.552183,22,2,0,burglary,2
12.983744,77.623367,2,1,0,harassment,1
13.003223,77.693105,7,5,1,theft,2
13.002762,77.563864,17,4,0,theft,1
12.984146,77.617908,3,6,1,harassment,1
12.908669,77.580245,16,0,0,burglary,2
12.979191,77.609621,2,5,1,harassment,1
12.955834,77.709944,11,5,1,vehicle_theft,2
12.911296,77.640977,17,1,0,burglary,3
12.851956,77.66506,3,5,1,burglary,2
12.930647,77.471977,1,6,1,vehicle_theft,2
12.976166,77.529674,1,5,1,theft,2
12.963381,77.576443,7,0,0,harassment,1
12.921723,77.612787,20,0,0,harassment,1
12.962252,77.628259,23,0,0,theft,1
12.956137,77.696304,1,0,0,theft,1
13.000092,77.572193,9,1,0,theft,1
13.052388,77.528566,2,1,0,burglary,2
13.03282,77.536128,0,0,0,assault,2
12.994756,77.552767,15,0,0,theft,1
12.866791,77.57183,3,4,0,burglary,1
12.918366,77.650342,2,4,0,fraud,1
12.9336,77.624418,21,5,1,assault,3
12.975532,77.567925,11,1,0,harassment,1
12.978207,77.537242,4,5,1,assault,2
12.927926,77.583219,21,5,1,burglary,3
12.895999,77.557001,15,2,0,assault,1
12.920162,77.587449,11,5,1,fraud,2
13.090721,77.592535,3,3,0,theft,2
13.094857,77.592704,19,6,1,theft,2
12.903979,77.637214,5,4,0,burglary,2
12.970747,77.644643,21,4,0,assault,2
12.923835,77.634449,3,3,0,vehicle_theft,3
13.029577,77.540414,20,5,1,theft,2
12.977396,77.529857,19,6,1,vehicle_theft,2
12.973583,77.640795,6,3,0,assault,3
13.033124,77.520078,3,4,0,theft,1
12.97189,77.530066,22,1,0,theft,1
12.964017,77.574218,0,5,1,theft,1
12.955029,77.698394,8,5,1,vehicle_theft,2
12.96423,77.754407,6,1,0,burglary,3
12.882348,77.504789,13,6,1,burglary,1
12.97079,77.584754,20,3,0,harassment,1
12.93216,77.5381,17,5,1,theft,1
12.97517,77.635937,11,2,0,assault,2
12.954284,77.704038,8,3,0,assault,3
12.984665,77.604286,12,2,0,harassment,2
12.845105,77.660236,23,3,0,vehicle_theft,2
12.90618,77.62203,10,5,1,theft,2
12.96136,77.689756,7,6,1,burglary,3
12.982105,77.605901,21,5,1,harassment,1
12.959342,77.579767,18,6,1,theft,1
12.935378,77.626496,22,6,1,theft,2
12.900665,77.587001,15,5,1,theft,2
12.920322,77.609326,15,4,0,theft,1
12.917172,77.638723,0,2,0,burglary,2
12.970306,77.748142,2,6,1,vehicle_theft,2
12.860544,77.661094,15,6,1,vehicle_theft,3
12.937709,77.585881,15,1,0,theft,1
12.948627,77.700913,1,3,0,burglary,2
13.100103,77.596845,4,5,1,burglary,2
12.93221,77.623806,0,4,0,assault,2
12.9252,77.557496,23,0,0,burglary,1
12.967483,77.605479,1,6,1,assault,3
12.972987,77.604445,1,3,0,theft,1
13.040711,77.775831,5,6,1,assault,1
12.90344,77.617484,11,4,0,assault,3
12.935134,77.625058,21,6,1,harassment,1
12.919258,77.607261,1,0,0,theft,1
12.973774,77.758055,1,2,0,vehicle_theft,2
12.97493,77.577595,13,1,0,theft,1
13.003006,77.569977,14,4,0,theft,1
13.000395,77.74905,4,5,1,assault,1
12.967311,77.754784,14,0,0,fraud,2
12.936868,77.577043,22,2,0,theft,1
12.847836,77.652881,3,2,0,theft,2
12.964943,77.578036,18,4,0,theft,2
12.981983,77.611298,18,0,0,assault,3
12.971164,77.620174,21,6,1,harassment,1
12.966706,77.577109,2,0,0,harassment,2
12.983951,77.601965,19,3,0,theft,1
12.916094,77.638703,22,2,0,fraud,1
12.843625,77.656903,3,1,0,vehicle_theft,1
13.027248,77.612739,19,1,0,burglary,1
12.972616,77.644604,15,3,0,harassment,2
12.974023,77.605012,6,0,0,harassment,1
12.973198,77.746513,1,2,0,theft,1
12.836743,77.652911,1,2,0,vehicle_theft,1
12.844323,77.660033,13,3,0,theft,1
12.942643,77.636753,2,3,0,harassment,1
12.913075,77.583454,2,1,0,burglary,2
12.976072,77.632103,7,3,0,assault,3
12.984521,77.743055,0,3,0,fraud,1
12.992713,77.550651,20,4,0,theft,1
12.969816,77.579903,17,4,0,theft,2
12.857946,77.756713,20,0,0,theft,1
13.001153,77.570829,18,6,1,theft,2
12.928469,77.583778,17,4,0,burglary,2
12.973684,77.76226,22,0,0,burglary,2
12.84889,77.657429,1,0,0,vehicle_theft,2
12.963278,77.699153,20,3,0,vehicle_theft,1
12.926319,77.525207,18,3,0,vehicle_theft,2
12.978799,77.572237,17,3,0,theft,1
12.978175,77.622184,2,2,0,assault,2
12.974086,77.609236,3,3,0,theft,1
13.004315,77.566871,7,2,0,theft,1
13.120187,77.58416,2,5,1,assault,2
12.924394,77.631906,9,0,0,harassment,1
13.031525,77.596012,19,4,0,theft,2
13.035175,77.549601,17,4,0,assault,3
12.988744,77.604459,18,5,1,theft,1
13.034439,77.601026,19,4,0,vehicle_theft,3
12.940264,77.625292,12,2,0,harassment,1
12.975996,77.604563,18,6,1,assault,3
12.985356,77.604773,14,1,0,harassment,2
12.997075,77.584706,14,3,0,theft,2
12.967609,77.52941,23,6,1,vehicle_theft,2
12.931869,77.622583,2,2,0,theft,1
12.906084,77.613306,18,1,0,vehicle_theft,2
12.953318,77.69682,21,4,0,theft,1
13.007106,77.572386,8,4,0,theft,1
12.913917,77.610999,17,3,0,vehicle_theft,1
12.909532,77.607822,15,5,1,theft,1
12.981009,77.597679,23,1,0,harassment,1
12.963256,77.576556,0,2,0,theft,1
13.012632,77.693222,19,6,1,burglary,3
12.922935,77.581824,2,3,0,theft,2
13.033449,77.51959,14,2,0,theft,1
12.932051,77.575446,19,5,1,fraud,1
12.956135,77.70146,21,6,1,vehicle_theft,3
13.027769,77.572881,20,3,0,vehicle_theft,2
12.849207,77.653841,1,2,0,burglary,3
12.908773,77.614212,21,5,1,vehicle_theft,2
13.037675,77.593257,17,0,0,theft,1
12.905485,77.621121,6,6,1,vehicle_theft,2
12.937053,77.632305,4,1,0,assault,3
12.925951,77.567117,16,5,1,assault,1
12.983379,77.612256,8,4,0,harassment,1
12.906551,77.584883,23,1,0,theft,1
13.007713,77.695412,6,3,0,vehicle_theft,3
12.927919,77.626659,19,0,0,vehicle_theft,1
13.024381,77.539821,16,5,1,vehicle_theft,2
12.965641,77.739498,1,4,0,fraud,1
12.877653,77.499967,8,2,0,burglary,2
12.923019,77.577099,16,4,0,theft,1
13.050086,77.522449,6,0,0,vehicle_theft,1
12.972628,77.530675,22,1,0,theft,1
12.958701,77.702643,9,0,0,burglary,3
13.026511,77.537515,20,4,0,theft,1
12.91894,77.606032,20,1,0,burglary,2
13.043726,77.598029,20,6,1,theft,1
12.929819,77.556332,17,0,0,theft,1
12.91418,77.639429,17,0,0,vehicle_theft,2
12.916013,77.609577,15,1,0,vehicle_theft,2
12.934644,77.625074,1,6,1,harassment,2
12.977961,77.609921,0,1,0,harassment,1
13.040063,77.595627,20,5,1,vehicle_theft,2
12.915102,77.64377,21,3,0,burglary,2
12.935323,77.589591,18,5,1,theft,1
12.989107,77.563998,20,1,0,harassment,1
12.875743,77.486775,22,1,0,vehicle_theft,2
12.937826,77.622433,1,1,0,harassment,1
13.099371,77.578972,14,5,1,vehicle_theft,3
12.963937,77.729608,0,0,0,theft,2
12.907991,77.621444,9,6,1,theft,1
12.921119,77.544308,19,4,0,burglary,2
12.968095,77.578339,12,1,0,theft,1
12.987679,77.60553,19,4,0,theft,1
12.989649,77.603189,12,2,0,theft,1
12.967898,77.579427,6,4,0,theft,2
12.975727,77.573083,5,1,0,theft,1
12.972929,77.603247,6,3,0,assault,3
12.97306,77.575404,19,2,0,theft,1
12.965146,77.574608,9,5,1,theft,1
12.910435,77.585693,1,0,0,vehicle_theft,2
12.984649,77.609755,6,3,0,assault,3
12.923953,77.621282,16,2,0,theft,2
12.992796,77.608544,19,5,1,theft,1
12.985221,77.578201,20,4,0,harassment,1
12.911144,77.6497,21,6,1,vehicle_theft,2
13.026236,77.543336,1,4,0,theft,1
12.922524,77.612005,22,2,0,burglary,2
13.026459,77.532933,7,1,0,theft,2
12.960772,77.573225,7,0,0,theft,1
13.09618,77.614716,1,4,0,burglary,2
13.01541,77.699059,5,6,1,burglary,2
12.975038,77.606999,18,0,0,assault,3
13.025046,77.538951,15,4,0,vehicle_theft,1
12.987918,77.626428,3,1,0,assault,3
12.972661,77.530693,17,0,0,burglary,2
12.982262,77.754057,22,2,0,theft,1
13.025791,77.536343,9,3,0,vehicle_theft,1
12.972309,77.638299,23,6,1,theft,1
12.912344,77.638835,5,5,1,burglary,2
12.961459,77.704613,7,5,1,assault,3
13.027169,77.592081,20,6,1,theft,1
12.968784,77.602534,3,6,1,harassment,1
13.019272,77.553932,19,2,0,theft,1
12.908062,77.616465,11,1,0,assault,3
12.956213,77.70045,8,6,1,vehicle_theft,2
12.948112,77.682978,20,3,0,burglary,2
12.923125,77.584518,0,6,1,theft,1
12.966039,77.579727,0,1,0,theft,1
13.03886,77.57943,18,0,0,fraud,2
12.986027,77.700179,23,1,0,theft,1
12.934927,77.624839,5,2,0,harassment,1
13.008385,77.695767,20,6,1,vehicle_theft,2
12.91478,77.612307,19,4,0,vehicle_theft,2
12.940908,77.624035,2,6,1,assault,3
12.913291,77.613292,18,4,0,theft,1
13.007706,77.695636,21,2,0,vehicle_theft,1
12.847713,77.653811,0,3,0,vehicle_theft,3
12.973247,77.605425,23,4,0,harassment,1
12.929981,77.583379,3,2,0,fraud,1
12.932846,77.543863,14,3,0,burglary,2
12.99802,77.55502,18,4,0,burglary,2
13.046811,77.775262,14,0,0,fraud,1
13.025765,77.537629,19,3,0,vehicle_theft,2
12.971399,77.744,2,5,1,theft,1
12.965022,77.641463,23,5,1,vehicle_theft,2
12.963737,77.584635,16,4,0,theft,1
12.962225,77.579638,16,1,0,theft,1
12.972438,77.640972,1,3,0,vehicle_theft,1
13.116094,77.596833,2,2,0,vehicle_theft,1
12.967936,77.578878,10,1,0,theft,1
12.956745,77.696258,21,3,0,vehicle_theft,1
13.001456,77.573335,18,4,0,theft,1
12.955899,77.7019,18,4,0,theft,1
12.968006,77.578138,11,0,0,theft,1
13.010306,77.692938,11,2,0,vehicle_theft,2
13.02471,77.588717,19,6,1,vehicle_theft,3
12.956006,77.699627,12,4,0,burglary,2
12.949964,77.711243,17,0,0,assault,1
12.972101,77.529541,6,0,0,theft,2
12.997872,77.558444,19,0,0,theft,1
12.949468,77.698389,21,4,0,assault,2
12.957273,77.577519,13,3,0,theft,1
12.968733,77.627901,23,5,1,harassment,2
12.993503,77.558718,20,4,0,theft,2
12.931652,77.58157,19,1,0,theft,2
12.96903,77.745194,21,1,0,burglary,1
12.964816,77.642101,1,4,0,theft,1
12.974263,77.572942,19,4,0,harassment,1
12.906933,77.588057,8,3,0,burglary,2
12.974891,77.524386,23,3,0,burglary,1
12.975271,77.634607,0,1,0,assault,3
12.98705,77.579109,14,4,0,burglary,1
12.970703,77.749854,22,4,0,theft,1
12.932999,77.639046,11,1,0,assault,1
13.043038,77.52692,0,0,0,burglary,2
12.855613,77.493325,7,2,0,burglary,2
12.971169,77.750169,21,0,0,vehicle_theft,2
13.038278,77.592518,8,2,0,assault,3
12.927292,77.548096,15,1,0,vehicle_theft,2
12.927844,77.619171,1,5,1,assault,3
12.939436,77.611099,23,1,0,assault,2
13.031183,77.589555,19,4,0,vehicle_theft,2
12.945355,77.707946,17,1,0,vehicle_theft,2
13.12251,77.602617,16,2,0,vehicle_theft,1
12.953539,77.70338,9,0,0,assault,3
12.99783,77.555702,22,4,0,theft,1
12.974748,77.56847,13,0,0,harassment,1
12.910703,77.620488,20,6,1,theft,1
12.946358,77.614547,3,1,0,assault,3
12.968527,77.571909,11,5,1,theft,1
12.985043,77.604104,19,1,0,theft,1
12.928439,77.546992,13,2,0,theft,1
12.974856,77.606903,15,0,0,assault,3
12.979991,77.635534,1,0,0,theft,1
12.995369,77.615497,15,4,0,theft,1
12.964397,77.575561,2,5,1,theft,1
13.007049,77.567166,3,5,1,theft,2
12.971854,77.605439,23,1,0,harassment,1
12.973334,77.569786,16,1,0,harassment,1
13.091088,77.590586,1,3,0,burglary,2
13.030638,77.534138,10,1,0,theft,1
13.027856,77.536556,13,0,0,theft,1
13.03643,77.528889,23,6,1,theft,1
12.962987,77.577977,2,2,0,harassment,1
13.078493,77.77555,12,3,0,vehicle_theft,1
13.028643,77.540763,19,6,1,assault,2
13.102617,77.593303,6,3,0,burglary,1
12.921342,77.607459,15,1,0,burglary,2
12.913622,77.618495,10,0,0,vehicle_theft,2
12.972634,77.528339,16,4,0,theft,2
12.980575,77.596477,10,3,0,theft,2
12.927365,77.586934,8,6,1,fraud,1
12.999048,77.560217,17,5,1,assault,3
13.031227,77.537193,12,5,1,vehicle_theft,2
12.880281,77.626181,5,4,0,harassment,1
12.915514,77.558156,14,6,1,theft,1
12.973145,77.64409,22,3,0,assault,3
12.976488,77.571017,3,6,1,theft,1
12.991607,77.586857,9,1,0,harassment,1
13.022409,77.531657,22,5,1,theft,1
12.990663,77.569696,13,2,0,fraud,2
12.936949,77.621006,0,5,1,theft,1
12.843803,77.660738,21,4,0,burglary,2
12.974043,77.567028,23,2,0,assault,3
13.040585,77.522323,2,5,1,vehicle_theft,2
12.97673,77.604614,17,1,0,theft,1
12.881785,77.547117,6,0,0,burglary,2
12.971738,77.484528,2,5,1,fraud,1
12.857813,77.680783,5,4,0,burglary,1
12.985274,77.654606,8,2,0,assault,1
12.966647,77.580442,15,4,0,theft,1
12.970057,77.608421,2,0,0,harassment,1
12.966103,77.7589,1,1,0,burglary,2
12.97777,77.564533,11,6,1,theft,1
12.904592,77.619321,20,5,1,vehicle_theft,2
13.025228,77.586882,16,5,1,burglary,2
12.976808,77.571041,14,3,0,theft,1
13.025484,77.524901,23,2,0,theft,1
12.936217,77.623347,0,3,0,harassment,1
13.012757,77.571744,19,1,0,burglary,2
12.853033,77.661328,21,3,0,vehicle_theft,2
13.035969,77.596976,9,3,0,vehicle_theft,1
12.974062,77.639177,0,1,0,harassment,2
13.007123,77.569816,17,6,1,fraud,3
12.97858,77.571743,4,0,0,theft,1
12.913244,77.640046,16,5,1,theft,1
12.926478,77.693945,11,1,0,assault,1
12.908531,77.603811,0,6,1,burglary,3
13.046014,77.515323,19,5,1,vehicle_theft,2
13.043626,77.519875,4,6,1,theft,2
12.982466,77.603309,17,5,1,assault,3
12.966875,77.574603,7,4,0,theft,1
12.97067,77.517204,16,3,0,theft,1
12.959762,77.577196,9,5,1,theft,1
12.905306,77.615992,5,3,0,theft,2
12.953932,77.694143,8,1,0,vehicle_theft,2
12.84156,77.668806,0,1,0,vehicle_theft,2
12.973751,77.640697,1,6,1,harassment,1
12.979783,77.603553,14,4,0,assault,3
12.902426,77.576833,16,1,0,theft,1
12.976784,77.605419,0,2,0,assault,3
12.915446,77.645916,18,0,0,burglary,2
12.912016,77.641458,18,3,0,burglary,3
13.034241,77.598179,5,2,0,vehicle_theft,2
12.90478,77.610769,7,4,0,vehicle_theft,2
12.994826,77.577036,8,3,0,burglary,2
12.898886,77.60384,10,2,0,vehicle_theft,3
12.972897,77.637087,20,0,0,harassment,2
12.936803,77.621759,12,3,0,harassment,3
12.976917,77.602859,2,1,0,assault,3
13.029392,77.599636,18,0,0,vehicle_theft,3
12.99717,77.578155,18,4,0,fraud,1
12.975683,77.745473,22,6,1,burglary,2
12.970018,77.749982,10,2,0,theft,2
12.99003,77.601058,4,0,0,harassment,1
13.125654,77.710306,8,3,0,vehicle_theft,2
12.987917,77.610209,16,2,0,assault,3
12.976758,77.606421,22,6,1,assault,3
12.918114,77.609946,14,1,0,burglary,2
12.915561,77.603476,7,4,0,theft,1
12.987798,77.612477,10,6,1,harassment,1
12.98079,77.610531,11,3,0,theft,1
13.07211,77.651487,12,1,0,fraud,2
12.932911,77.623382,23,5,1,assault,3
12.967698,77.757697,23,4,0,fraud,2
12.973993,77.605724,4,6,1,theft,1
12.976497,77.749563,0,6,1,theft,2
13.038871,77.605133,8,0,0,assault,3
12.923572,77.57244,23,4,0,theft,1
12.968112,77.467098,11,6,1,assault,2
12.999186,77.559849,14,3,0,fraud,2
12.964163,77.580687,14,6,1,theft,1
12.907272,77.610157,10,5,1,vehicle_theft,2
12.968137,77.534641,10,4,0,burglary,1
13.04421,77.529942,21,4,0,burglary,1
13.004511,77.557759,1,0,0,burglary,1
13.090765,77.615825,15,3,0,fraud,1
12.922737,77.547328,7,3,0,vehicle_theft,1
13.099456,77.590845,0,5,1,vehicle_theft,1
12.968212,77.754643,0,5,1,vehicle_theft,2
12.968868,77.734529,4,6,1,fraud,1
13.091517,77.604204,3,2,0,burglary,2
12.903401,77.632939,22,4,0,vehicle_theft,3
12.850789,77.667265,6,5,1,theft,1
13.030049,77.541646,18,3,0,vehicle_theft,2
13.058505,77.609577,12,5,1,vehicle_theft,1
13.060554,77.531227,14,1,0,assault,1
13.092739,77.590678,12,0,0,burglary,2
12.859158,77.659283,23,1,0,theft,1
12.914902,77.610472,20,4,0,harassment,1
12.97184,77.578999,10,5,1,theft,1
12.964973,77.572336,15,5,1,harassment,1
12.895643,77.613493,9,2,0,assault,3
12.940106,77.621856,0,5,1,harassment,2
13.001636,77.571657,20,3,0,theft,1
12.917345,77.612529,15,2,0,burglary,1
12.942539,77.696658,9,6,1,burglary,3
12.949335,77.699048,19,6,1,theft,1
12.903544,77.615658,8,5,1,theft,1
12.912373,77.589821,14,5,1,vehicle_theft,1
12.973981,77.571685,22,6,1,theft,1
13.038641,77.525436,5,5,1,theft,2
12.954096,77.525778,18,3,0,burglary,2
13.103261,77.746348,4,4,0,burglary,1
12.974297,77.601286,23,5,1,assault,3
12.988299,77.578997,13,1,0,theft,1
13.104367,77.593511,8,1,0,vehicle_theft,2
12.926326,77.586114,16,0,0,fraud,1
13.089309,77.60619,6,0,0,assault,1
12.846674,77.657742,3,4,0,burglary,2
12.961174,77.708672,7,6,1,vehicle_theft,2
12.930728,77.619093,2,6,1,theft,1
12.926107,77.625893,2,6,1,assault,3
13.040113,77.596077,19,3,0,theft,1
13.101502,77.664013,16,0,0,burglary,2
12.967471,77.576486,17,3,0,theft,1
12.982206,77.624693,16,5,1,assault,2
12.902921,77.621812,1,2,0,theft,1
12.963725,77.576593,10,0,0,harassment,1
12.925436,77.547321,14,4,0,theft,2
12.916557,77.595842,20,0,0,theft,1
13.035932,77.596802,18,1,0,vehicle_theft,2
12.969136,77.747417,21,1,0,fraud,1
12.958911,77.702666,18,1,0,burglary,1
12.901688,77.623017,9,0,0,vehicle_theft,2
12.849742,77.651265,1,2,0,vehicle_theft,2
12.929857,77.583104,1,4,0,burglary,3
12.972995,77.608803,18,5,1,assault,3
12.970231,77.747193,6,4,0,burglary,2
12.906827,77.617983,12,2,0,assault,3
12.987402,77.60769,19,4,0,theft,1
12.966737,77.639488,1,5,1,harassment,1
12.980144,77.618494,1,2,0,assault,3
12.939844,77.625091,1,0,0,vehicle_theft,2
12.973485,77.652942,7,5,1,theft,1
13.009694,77.588018,15,2,0,burglary,2
12.924262,77.545051,15,4,0,theft,1
12.965605,77.77012,1,4,0,fraud,1
12.995247,77.555369,10,3,0,theft,1
12.952048,77.670833,10,2,0,vehicle_theft,1
12.9729,77.566534,8,4,0,theft,1
12.907746,77.612981,8,6,1,vehicle_theft,2
12.899891,77.609483,8,6,1,vehicle_theft,2
13.000053,77.56724,9,1,0,fraud,1
12.9856,77.615289,19,2,0,harassment,1
12.929028,77.58094,20,6,1,theft,1
12.984451,77.621997,4,5,1,theft,1
13.118315,77.777572,8,3,0,assault,1
12.906212,77.617717,11,6,1,theft,1
12.978537,77.648567,0,5,1,harassment,1
12.917072,77.609687,1,4,0,harassment,1
12.909737,77.628875,21,4,0,assault,3
12.961444,77.576967,7,4,0,theft,1
12.978362,77.56821,12,0,0,theft,2
12.848778,77.673396,22,2,0,theft,1
12.974397,77.582785,10,5,1,theft,1
13.037822,77.567146,21,2,0,vehicle_theft,2
12.834995,77.659533,6,6,1,vehicle_theft,2
13.041913,77.752442,16,3,0,assault,1
12.973284,77.518334,2,3,0,theft,1
12.908917,77.628572,9,5,1,vehicle_theft,2
12.925758,77.546194,18,6,1,burglary,2
12.96861,77.574909,5,0,0,theft,1
12.942397,77.707484,23,4,0,theft,2
13.001208,77.552785,15,0,0,burglary,3
12.945654,77.702804,19,0,0,burglary,2
12.957125,77.705912,16,1,0,burglary,2
12.986474,77.622522,10,3,0,assault,3
12.970405,77.642066,3,0,0,harassment,1
12.928451,77.548831,23,4,0,burglary,2
13.004776,77.571918,18,5,1,theft,1
12.94221,77.628304,1,1,0,assault,3
13.00972,77.680641,18,1,0,vehicle_theft,2
13.038408,77.520531,1,4,0,theft,1
12.912187,77.60837,13,6,1,burglary,2
12.970313,77.530801,20,3,0,vehicle_theft,2
12.982872,77.599419,7,3,0,harassment,1
12.924216,77.547086,22,3,0,burglary,2
12.981058,77.568478,13,1,0,theft,1
13.019454,77.724198,14,5,1,burglary,1
13.008401,77.555352,23,3,0,theft,2
12.862949,77.581742,1,5,1,fraud,1
13.092445,77.607865,22,1,0,burglary,1
12.970976,77.704904,18,6,1,theft,1
13.003139,77.62238,22,3,0,vehicle_theft,2
12.97453,77.604013,16,1,0,theft,2
12.961491,77.57596,11,3,0,harassment,2
12.916107,77.549557,20,1,0,vehicle_theft,2
12.938157,77.771782,20,1,0,burglary,1
12.931621,77.576523,18,4,0,theft,1
12.999181,77.55496,18,4,0,theft,1
13.139588,77.58735,7,5,1,harassment,2
12.948916,77.762581,8,0,0,vehicle_theft,1
13.003275,77.567747,15,1,0,theft,1
12.971164,77.64358,14,6,1,theft,1
13.003978,77.688179,21,0,0,vehicle_theft,2
12.904603,77.616974,16,5,1,vehicle_theft,3
13.069434,77.463903,18,3,0,theft,1
13.021246,77.541125,9,1,0,theft,1
12.927534,77.546965,20,4,0,theft,1
12.982314,77.620572,1,3,0,assault,3
12.972762,77.605718,0,3,0,theft,1
12.963005,77.577083,13,5,1,harassment,2
12.983022,77.572316,18,6,1,theft,1
12.976381,77.621937,2,2,0,assault,3
12.845771,77.64806,3,1,0,fraud,1
13.008445,77.695589,17,2,0,theft,1
12.929164,77.583553,1,0,0,fraud,1
12.999173,77.554698,0,2,0,theft,1
12.979108,77.573004,7,5,1,theft,2
12.919029,77.634148,3,6,1,theft,1
12.978398,77.605954,19,1,0,harassment,2
12.934185,77.547323,20,2,0,vehicle_theft,2
13.045992,77.588081,3,6,1,burglary,2
12.92405,77.544247,19,1,0,burglary,1
12.966521,77.637778,20,2,0,theft,2
12.910261,77.647876,18,0,0,burglary,2
12.976927,77.644103,1,1,0,assault,3
12.92441,77.622176,21,0,0,vehicle_theft,2
13.003952,77.694889,7,1,0,burglary,1
13.098677,77.460061,6,4,0,harassment,1
13.024376,77.540524,7,1,0,assault,2
13.007786,77.492931,5,0,0,fraud,1
12.907753,77.646998,23,4,0,vehicle_theft,2
12.982,77.572574,17,4,0,theft,2
12.967019,77.647592,22,4,0,assault,3
13.026449,77.516888,4,4,0,burglary,3
13.127464,77.585555,3,1,0,theft,1
13.03602,77.596966,22,5,1,vehicle_theft,2
13.03659,77.603197,2,1,0,theft,1
13.031732,77.601112,20,3,0,vehicle_theft,3
13.00462,77.700565,23,2,0,theft,1
12.906722,77.586038,14,5,1,theft,1
12.910067,77.586575,0,5,1,theft,1
12.844883,77.657954,23,2,0,vehicle_theft,1
12.931726,77.581725,20,4,0,burglary,2
13.008974,77.697933,22,2,0,vehicle_theft,2
12.962124,77.702574,7,2,0,vehicle_theft,2
12.955605,77.700619,12,6,1,vehicle_theft,1
12.963345,77.576895,9,3,0,assault,2
13.024846,77.53898,19,4,0,vehicle_theft,3
12.982139,77.620349,9,5,1,theft,1
12.981154,77.745967,2,3,0,theft,1
12.954364,77.75076,2,2,0,vehicle_theft,2
12.973697,77.605799,21,4,0,assault,3
12.92436,77.6057,20,0,0,vehicle_theft,3
13.002718,77.565709,13,0,0,theft,1
12.98253,77.618465,23,6,1,assault,3
12.895705,77.57878,20,0,0,burglary,2
13.032891,77.546796,9,5,1,theft,1
12.976401,77.607211,0,2,0,theft,2
12.969118,77.576861,11,5,1,fraud,2
12.851447,77.678816,1,0,0,fraud,1
13.029084,77.60507,19,5,1,theft,1
12.976589,77.608678,0,6,1,assault,3
12.99785,77.708891,21,0,0,assault,3
12.97521,77.754699,21,2,0,burglary,2
12.970855,77.583245,17,4,0,theft,1
12.971841,77.639189,19,3,0,harassment,2
12.962898,77.578452,17,0,0,theft,1
12.973492,77.62638,4,4,0,vehicle_theft,2
13.029462,77.540424,19,2,0,theft,1
12.915649,77.556998,21,0,0,theft,1
12.947445,77.744957,0,6,1,vehicle_theft,1
12.970928,77.750876,22,2,0,burglary,2
12.964438,77.643249,3,4,0,harassment,1
12.935547,77.630251,21,1,0,assault,3
12.918905,77.590549,1,0,0,theft,2
12.967874,77.579445,13,4,0,theft,1
13.029394,77.539843,10,1,0,vehicle_theft,1
12.928686,77.593593,16,0,0,theft,2
12.981348,77.61668,7,6,1,theft,1
12.957729,77.695736,7,0,0,vehicle_theft,1
12.976296,77.565521,19,5,1,theft,1
12.95796,77.706217,20,0,0,vehicle_theft,1
12.942398,77.62622,3,0,0,assault,3
12.976097,77.756762,20,1,0,fraud,1
12.931941,77.627509,21,5,1,theft,1
12.983824,77.601795,20,3,0,assault,3
12.971239,77.530622,23,4,0,theft,1
12.997947,77.554973,20,3,0,theft,2
12.975038,77.610735,21,4,0,assault,3
13.10547,77.593661,4,1,0,burglary,2
13.027465,77.54405,9,0,0,theft,1
12.973095,77.73766,4,2,0,vehicle_theft,2
12.983849,77.646074,19,5,1,assault,3
12.959386,77.698037,21,0,0,burglary,3
13.100328,77.59659,0,0,0,burglary,3
12.921468,77.614732,4,0,0,theft,1
12.905787,77.635501,17,1,0,burglary,2
12.969448,77.580747,12,0,0,theft,1
12.830968,77.523591,9,1,0,burglary,1
12.843589,77.673962,1,5,1,fraud,2
12.955638,77.773389,11,6,1,burglary,1
13.005609,77.699436,9,3,0,theft,1
12.980262,77.604796,23,4,0,harassment,1
12.965106,77.57466,12,6,1,harassment,1
12.994998,77.554235,19,0,0,burglary,1
12.968967,77.751654,0,2,0,theft,1
12.985019,77.620089,1,6,1,assault,3
13.02885,77.539597,21,6,1,vehicle_theft,3
13.121285,77.550101,22,6,1,theft,2
12.971951,77.641048,4,6,1,vehicle_theft,2
12.970014,77.746789,21,0,0,theft,1
13.039308,77.52818,21,4,0,vehicle_theft,2
13.001911,77.569725,19,4,0,burglary,1
13.035004,77.597591,10,1,0,burglary,3
12.934003,77.62554,2,0,0,theft,2
12.841994,77.660134,0,4,0,vehicle_theft,2
12.964779,77.526662,11,2,0,theft,1
12.973485,77.639652,23,5,1,theft,1
12.972838,77.744973,3,1,0,theft,2
12.917955,77.60577,20,1,0,theft,1
12.962433,77.574928,18,0,0,harassment,1
12.913182,77.631079,17,5,1,vehicle_theft,2
12.946674,77.704936,3,6,1,vehicle_theft,1
12.937991,77.623964,0,1,0,theft,2
12.92759,77.653342,19,3,0,theft,1
13.005497,77.575827,11,0,0,fraud,1
12.949421,77.761528,0,0,0,theft,1
12.980011,77.574308,15,2,0,theft,1
12.92183,77.541336,17,4,0,vehicle_theft,2
12.920477,77.582045,19,1,0,fraud,1
12.987052,77.602224,19,1,0,theft,1
12.842909,77.56048,12,0,0,vehicle_theft,2
12.899882,77.623229,10,3,0,theft,1
12.968934,77.611094,3,1,0,harassment,1
13.01209,77.697233,18,5,1,vehicle_theft,2
12.994252,77.553365,19,5,1,theft,1
12.975052,77.60685,11,4,0,harassment,1
12.978173,77.743696,21,0,0,theft,1
12.997566,77.5561,0,6,1,theft,1
12.998112,77.554558,6,5,1,burglary,2
12.981701,77.617715,4,4,0,harassment,2
12.969912,77.748527,0,6,1,burglary,2
13.027811,77.535517,10,4,0,vehicle_theft,2
12.914817,77.515291,5,4,0,fraud,1
13.064329,77.603891,15,2,0,assault,1
12.845484,77.65986,1,2,0,theft,1
12.985836,77.601904,21,6,1,theft,1
12.995595,77.556846,21,0,0,theft,1
12.932793,77.620709,2,5,1,theft,1
12.980963,77.621389,21,0,0,assault,3
12.92904,77.630392,21,3,0,harassment,2
12.973362,77.747816,21,6,1,burglary,2
12.897125,77.618402,10,0,0,assault,3
12.971069,77.64279,23,0,0,assault,3
12.974578,77.610759,19,6,1,harassment,2
12.962678,77.576932,14,1,0,harassment,1
12.933301,77.627551,9,3,0,theft,1
12.960666,77.578997,19,0,0,theft,1
12.929658,77.583721,18,2,0,theft,1
12.844644,77.657641,1,1,0,burglary,1
12.924586,77.546933,22,1,0,burglary,2
12.844323,77.665598,1,0,0,vehicle_theft,2
13.00792,77.697234,19,6,1,vehicle_theft,2
12.925357,77.593082,19,0,0,theft,1
12.983356,77.620762,2,4,0,theft,1
13.03352,77.594045,18,0,0,vehicle_theft,2
12.912087,77.60702,19,0,0,vehicle_theft,2
12.913712,77.619287,23,1,0,burglary,2
12.975468,77.532339,16,6,1,burglary,1
12.992618,77.608655,19,5,1,theft,2
13.006857,77.571464,16,2,0,fraud,1
12.983075,77.605275,14,1,0,theft,1
13.100497,77.596925,0,0,0,burglary,2
13.137239,77.529078,0,3,0,theft,1
12.980794,77.621167,22,6,1,assault,3
12.931043,77.626443,0,6,1,theft,1
12.982147,77.621871,2,2,0,assault,3
12.924825,77.54706,20,0,0,vehicle_theft,3
13.108864,77.59786,22,3,0,burglary,3
12.933146,77.624915,2,3,0,assault,2
13.008006,77.69604,21,2,0,burglary,1
12.95531,77.707174,21,4,0,vehicle_theft,2
13.032857,77.59426,6,2,0,theft,1
12.938223,77.623569,4,2,0,vehicle_theft,2
12.970775,77.645222,2,0,0,theft,1
12.957965,77.713871,8,3,0,assault,3
12.970617,77.64728,2,6,1,assault,3
12.973028,77.751244,1,2,0,theft,1
12.971721,77.611025,20,6,1,theft,1
12.99717,77.544077,23,1,0,assault,3
13.023649,77.520517,22,4,0,burglary,3
12.929945,77.583356,4,0,0,theft,1
12.920978,77.639613,21,5,1,burglary,2
12.900181,77.586258,21,3,0,vehicle_theft,2
12.971493,77.641499,2,1,0,theft,1
13.017217,77.732711,3,0,0,fraud,1
12.904073,77.573952,11,2,0,theft,2
12.98315,77.606569,8,6,1,theft,1
12.909762,77.584427,21,6,1,burglary,3
12.971648,77.605809,21,6,1,theft,2
12.963912,77.576826,11,3,0,theft,1
12.924224,77.544931,19,2,0,theft,1
13.039674,77.591037,21,2,0,theft,1
12.878646,77.647446,15,1,0,assault,1
13.003273,77.565053,13,1,0,burglary,3
12.972789,77.604496,15,0,0,harassment,2
13.084679,77.553172,10,0,0,theft,1
12.935455,77.624842,2,4,0,assault,3
12.933923,77.629678,0,1,0,assault,3
13.006953,77.702014,11,1,0,burglary,2
12.924496,77.624912,18,5,1,burglary,2
12.965133,77.694829,18,6,1,vehicle_theft,2
12.963843,77.52643,12,6,1,theft,2
12.985487,77.736027,19,2,0,burglary,1
13.118372,77.454,5,5,1,theft,1
12.974562,77.604149,19,1,0,assault,3
12.972487,77.640455,2,5,1,assault,3
12.91405,77.613988,21,1,0,burglary,1
12.984447,77.603799,10,6,1,theft,1
13.036252,77.518613,4,5,1,theft,1
12.920189,77.582977,21,0,0,theft,2
12.972638,77.692942,16,6,1,harassment,2
12.966273,77.5766,16,6,1,theft,1
13.092048,77.517648,8,0,0,theft,1
12.975277,77.607148,23,1,0,harassment,1
12.912946,77.641802,22,5,1,vehicle_theft,2
12.955525,77.704254,13,1,0,assault,3
12.983134,77.619218,3,4,0,harassment,1
12.942069,77.689562,19,5,1,theft,1
12.921525,77.608111,1,1,0,burglary,2
12.90751,77.583414,8,6,1,burglary,2
12.984313,77.613178,12,5,1,harassment,2
13.017882,77.696128,22,5,1,vehicle_theft,2
12.97143,77.57259,7,2,0,theft,2
13.034349,77.519044,22,2,0,theft,1
12.844954,77.664943,2,5,1,burglary,2
12.849803,77.661164,23,6,1,vehicle_theft,2
12.919079,77.614637,18,3,0,theft,1
12.962693,77.583632,14,4,0,theft,1
12.972143,77.529806,20,0,0,theft,1
12.928035,77.547442,17,0,0,burglary,2
12.931381,77.58248,18,2,0,fraud,1
12.850324,77.658203,14,3,0,vehicle_theft,3
12.918223,77.54813,19,6,1,burglary,3
12.961101,77.576594,13,6,1,theft,1
12.972705,77.579257,17,2,0,theft,2
13.006845,77.694482,17,2,0,theft,1
12.936203,77.627307,22,5,1,assault,3
12.99309,77.609229,21,2,0,theft,1
13.00615,77.701875,2,2,0,burglary,2
12.91372,77.644044,17,3,0,theft,2
12.969905,77.74946,1,0,0,burglary,2
12.979818,77.64842,23,1,0,vehicle_theft,1
12.851293,77.660072,8,0,0,burglary,1
13.037979,77.597049,10,0,0,assault,3
12.917933,77.609482,22,4,0,vehicle_theft,2
12.986008,77.606184,18,2,0,assault,2
12.961434,77.708911,12,6,1,burglary,2
12.974239,77.607392,15,0,0,harassment,1
13.098477,77.586104,18,6,1,vehicle_theft,2
12.969116,77.567502,14,1,0,theft,1
12.925791,77.549971,19,0,0,burglary,1
12.971909,77.573828,22,0,0,harassment,2
12.96808,77.579037,14,4,0,theft,1
12.985907,77.571968,16,3,0,fraud,1
12.978923,77.647804,21,6,1,assault,3
12.917309,77.541857,21,6,1,vehicle_theft,3
12.96145,77.575235,12,2,0,harassment,1
12.912476,77.609315,1,4,0,theft,2
13.026069,77.535097,4,2,0,burglary,2
12.932841,77.623114,22,1,0,harassment,2
12.975417,77.642495,1,3,0,assault,3
13.033432,77.535058,2,1,0,burglary,2
12.967137,77.577738,15,0,0,theft,1
13.014686,77.764491,15,3,0,fraud,2
12.866179,77.658092,3,2,0,vehicle_theft,2
12.978013,77.605802,1,5,1,theft,1
13.005351,77.570786,17,0,0,theft,2
12.968035,77.579234,14,3,0,theft,1
12.956544,77.701501,8,4,0,vehicle_theft,2
12.977417,77.599217,2,0,0,harassment,1
12.975062,77.746585,23,0,0,burglary,2
12.9686,77.581951,9,1,0,theft,1
12.9664,77.74576,0,6,1,burglary,3
12.998044,77.555051,17,3,0,burglary,2
12.914116,77.610359,22,3,0,theft,2
12.95426,77.695091,22,0,0,vehicle_theft,2
12.844632,77.668214,20,2,0,fraud,2
12.98413,77.60298,18,1,0,theft,1
12.906325,77.58306,20,2,0,theft,1
12.93358,77.61753,22,0,0,vehicle_theft,2
12.971924,77.527554,12,0,0,theft,1
12.950107,77.70276,12,2,0,vehicle_theft,2
12.906149,77.618813,6,2,0,theft,1
12.978668,77.568015,11,0,0,assault,3
12.926627,77.543296,17,5,1,burglary,2
12.978685,77.576156,11,2,0,assault,3
12.984628,77.604669,14,0,0,theft,1
12.905281,77.765879,0,1,0,harassment,2
12.933409,77.582944,18,3,0,theft,1
12.935304,77.622266,22,3,0,theft,1
13.096724,77.561518,20,0,0,vehicle_theft,2
12.916031,77.609595,21,6,1,theft,1
12.933027,77.621199,21,1,0,assault,2
13.030823,77.525216,2,0,0,vehicle_theft,1
13.036538,77.523058,21,3,0,vehicle_theft,2
12.916018,77.60999,21,0,0,burglary,2
12.978827,77.641774,21,0,0,vehicle_theft,2
13.032974,77.533379,18,3,0,theft,1
12.905855,77.584462,20,6,1,burglary,2
12.96742,77.646338,23,5,1,assault,3
12.994552,77.553603,0,5,1,burglary,3
12.896303,77.619035,20,6,1,vehicle_theft,2
12.905652,77.616528,20,4,0,vehicle_theft,1
13.034175,77.518562,3,4,0,theft,1
12.958063,77.581278,14,6,1,harassment,1
13.103314,77.592718,2,3,0,vehicle_theft,1
13.011283,77.691668,19,1,0,theft,1
12.978361,77.557617,11,0,0,harassment,1
12.838014,77.665498,17,4,0,theft,1
13.037005,77.593852,20,2,0,theft,1
12.843408,77.652901,21,1,0,burglary,1
12.930943,77.557838,12,1,0,burglary,2
13.004838,77.700671,19,2,0,theft,2
13.002701,77.57038,19,0,0,theft,2
12.911299,77.641695,21,4,0,burglary,1
12.937194,77.623534,1,6,1,theft,1
12.927286,77.567812,21,4,0,burglary,2
12.984224,77.573212,18,4,0,theft,1
12.980501,77.75636,21,4,0,vehicle_theft,1
12.901947,77.616925,5,1,0,vehicle_theft,2
12.831641,77.475352,21,0,0,harassment,1
13.008984,77.684508,10,5,1,vehicle_theft,2
13.103168,77.594994,3,4,0,burglary,3
13.034396,77.540339,9,2,0,vehicle_theft,1
12.971694,77.639069,0,2,0,assault,3
12.974571,77.570208,19,2,0,theft,1
12.996197,77.541994,19,2,0,burglary,2
12.845249,77.657683,23,5,1,burglary,2
13.00569,77.53086,18,5,1,fraud,1
12.934583,77.624482,3,6,1,theft,2
12.844455,77.660308,1,5,1,vehicle_theft,1
13.007852,77.696038,19,0,0,vehicle_theft,2
13.027547,77.540998,20,5,1,theft,1
12.9769,77.646493,21,5,1,theft,1
12.97432,77.538799,23,4,0,burglary,2
12.956725,77.707095,16,1,0,assault,3
13.002603,77.566101,15,4,0,theft,1
13.011557,77.702351,19,6,1,vehicle_theft,2
12.924566,77.558639,0,2,0,burglary,3
12.978456,77.601947,2,5,1,theft,1
12.83,77.648543,2,5,1,vehicle_theft,2
12.934407,77.580528,20,2,0,theft,1
12.914648,77.610532,1,2,0,vehicle_theft,2
12.966037,77.754698,3,4,0,fraud,1
13.035068,77.536721,1,0,0,vehicle_theft,2
12.999489,77.574635,17,0,0,burglary,2
12.978669,77.570184,18,6,1,theft,1
12.930317,77.625918,19,6,1,assault,3
12.996572,77.705245,18,6,1,burglary,2
12.856308,77.747259,6,6,1,theft,1
12.920353,77.593363,20,5,1,vehicle_theft,2
12.962462,77.573516,17,0,0,assault,2
12.924895,77.545887,15,0,0,burglary,1
12.84498,77.659984,2,0,0,theft,2
12.906036,77.618927,11,2,0,assault,2
12.99637,77.690866,4,3,0,vehicle_theft,1
12.912935,77.636051,2,2,0,fraud,2
12.968161,77.573205,9,4,0,theft,1
13.033152,77.520026,0,3,0,theft,2
13.005283,77.573162,19,0,0,theft,2
13.103567,77.593774,2,5,1,theft,1
12.92901,77.624525,0,6,1,theft,1
13.081681,77.672077,20,3,0,burglary,1
12.987226,77.570354,6,2,0,theft,2
12.917927,77.770347,23,5,1,burglary,2
12.949995,77.706978,20,0,0,burglary,2
12.975562,77.607214,2,3,0,assault,3
12.975968,77.60435,0,2,0,assault,3
12.926761,77.549303,11,2,0,burglary,2
12.982027,77.62098,2,6,1,assault,3
13.017432,77.696779,19,2,0,burglary,3
12.911167,77.637218,18,5,1,vehicle_theft,2
13.002385,77.562182,18,4,0,theft,1
12.963393,77.583117,5,4,0,theft,2
12.979702,77.563561,12,3,0,fraud,2
13.078668,77.749913,17,0,0,harassment,1
12.963061,77.577162,13,3,0,theft,1
13.035496,77.596855,16,4,0,vehicle_theft,2
13.096434,77.526558,23,6,1,harassment,2
13.043801,77.602912,16,5,1,assault,3
12.92345,77.546736,0,0,0,theft,1
12.924606,77.550986,14,6,1,vehicle_theft,2
12.925622,77.548357,0,3,0,burglary,1
12.969754,77.607218,6,3,0,theft,1
13.131654,77.723718,5,4,0,theft,2
12.963879,77.748342,9,6,1,theft,1
13.096953,77.583076,4,2,0,vehicle_theft,2
12.988759,77.598877,17,2,0,fraud,1
13.088781,77.466191,15,4,0,burglary,1
13.016828,77.674704,8,1,0,burglary,2
12.961562,77.697828,8,4,0,theft,1
13.115313,77.594227,3,6,1,burglary,2
12.844575,77.660958,4,0,0,fraud,1
12.912873,77.637983,0,3,0,theft,1
12.974242,77.605835,2,1,0,harassment,1
13.031693,77.520167,23,0,0,burglary,3
12.979882,77.621339,22,3,0,theft,2
12.96092,77.580877,10,5,1,theft,1
12.93521,77.624964,23,1,0,theft,2
12.99904,77.555993,9,0,0,burglary,3
12.983139,77.607613,8,1,0,assault,3
13.034302,77.519888,3,6,1,vehicle_theft,2
12.905245,77.613516,22,3,0,burglary,2
13.002913,77.57017,21,0,0,theft,1
13.014518,77.693117,23,4,0,burglary,2
12.844617,77.657911,9,4,0,theft,1
13.047962,77.60178,7,4,0,burglary,1
13.036841,77.590977,18,6,1,burglary,2
12.98505,77.604916,18,5,1,assault,3
12.922605,77.637698,22,4,0,vehicle_theft,2
13.108939,77.466142,5,1,0,burglary,1
12.923397,77.544595,22,6,1,vehicle_theft,2
13.036127,77.584888,8,1,0,vehicle_theft,2
12.845144,77.659411,5,3,0,burglary,2
13.035554,77.523725,9,6,1,vehicle_theft,3
12.977565,77.619981,3,0,0,theft,1
12.925773,77.5898,20,4,0,theft,2
13.003971,77.567512,16,5,1,theft,1
12.975866,77.574022,9,5,1,harassment,1
12.831818,77.676645,8,5,1,theft,1
12.846171,77.657064,21,2,0,vehicle_theft,2
12.97991,77.571521,11,2,0,theft,2
12.957717,77.745364,14,3,0,fraud,2
12.973426,77.533975,8,1,0,vehicle_theft,1
13.09772,77.606257,3,3,0,theft,1
12.934624,77.624505,0,3,0,assault,3
12.968033,77.578905,1,4,0,theft,1
12.976337,77.608937,2,6,1,harassment,1
13.040882,77.60291,5,6,1,vehicle_theft,2
12.98261,77.490243,1,3,0,theft,1
12.965496,77.5768,19,6,1,theft,1
12.972874,77.75092,23,4,0,theft,1
12.917298,77.598687,13,1,0,fraud,2
12.963574,77.758707,23,6,1,vehicle_theft,3
12.93946,77.75039,22,5,1,vehicle_theft,2
12.925553,77.548334,17,0,0,burglary,3
12.967119,77.581037,11,0,0,theft,1
12.98832,77.609026,18,1,0,theft,1
13.03395,77.594611,9,1,0,assault,3
12.978648,77.645577,2,1,0,assault,2
12.84993,77.674172,20,6,1,vehicle_theft,2
13.003484,77.572173,16,6,1,theft,1
12.853804,77.65972,21,3,0,vehicle_theft,1
12.920419,77.616252,14,4,0,burglary,2
13.008587,77.697646,16,2,0,burglary,2
12.965409,77.467323,18,0,0,theft,1
12.97598,77.596355,15,0,0,theft,1
12.913512,77.614715,22,3,0,harassment,2
12.917213,77.610581,22,3,0,theft,1
13.08851,77.754966,22,2,0,burglary,2
13.012176,77.697392,18,2,0,assault,3
12.985554,77.611058,1,2,0,theft,2
12.976407,77.605956,23,3,0,harassment,2
12.951204,77.69397,7,4,0,burglary,3
13.03722,77.509299,23,5,1,vehicle_theft,3
12.971314,77.640571,1,2,0,assault,2
12.977592,77.599744,0,5,1,harassment,1
12.917118,77.590614,2,5,1,theft,1
13.114581,77.645269,19,4,0,burglary,1
12.877426,77.456432,21,6,1,burglary,1
12.911677,77.641044,21,0,0,burglary,1
13.02774,77.540355,19,1,0,vehicle_theft,1
12.918641,77.59799,7,0,0,burglary,3
13.023548,77.525654,10,2,0,theft,1
12.978248,77.560809,17,1,0,theft,1
12.971691,77.530334,15,2,0,theft,1
12.955151,77.577907,8,4,0,assault,3
12.901086,77.607175,11,0,0,theft,1
13.003835,77.700637,21,0,0,vehicle_theft,2
12.923842,77.619256,2,3,0,harassment,1
12.989503,77.608069,11,6,1,theft,2
13.038016,77.524766,2,0,0,burglary,3
12.961604,77.57083,11,2,0,harassment,1
12.980358,77.574342,8,1,0,harassment,2
13.00316,77.693115,11,3,0,vehicle_theft,1
12.984024,77.62443,22,5,1,theft,1
12.904527,77.636215,4,1,0,burglary,1
13.03136,77.680026,19,6,1,burglary,1
12.899789,77.584227,21,5,1,burglary,1
12.917722,77.615945,7,3,0,vehicle_theft,2
12.98534,77.604683,0,1,0,theft,1
13.106578,77.597756,6,4,0,burglary,1
12.937166,77.616476,1,2,0,harassment,1
12.907783,77.636034,7,1,0,burglary,3
13.028377,77.538766,12,4,0,theft,1
12.974087,77.609705,1,5,1,assault,2
12.853046,77.663561,4,2,0,vehicle_theft,2
12.951766,77.631686,23,5,1,theft,1
12.967757,77.568475,15,3,0,theft,1
12.936654,77.624408,10,1,0,theft,1
13.090157,77.605512,1,0,0,burglary,3
13.102862,77.667588,0,1,0,harassment,2
12.978369,77.498409,3,4,0,theft,1
12.973503,77.528727,0,0,0,vehicle_theft,2
12.904137,77.61755,10,3,0,theft,1
12.982411,77.620915,18,2,0,assault,3
12.93966,77.649067,13,5,1,theft,1
12.991629,77.750875,23,1,0,vehicle_theft,3
12.90937,77.620146,20,1,0,theft,1
12.983973,77.604777,1,2,0,theft,1
12.981554,77.620418,1,5,1,assault,3
12.969172,77.750329,11,4,0,burglary,1
12.916592,77.610126,23,2,0,burglary,3
12.970006,77.606557,0,2,0,assault,3
12.982332,77.571593,23,2,0,harassment,1
12.918273,77.616714,8,5,1,vehicle_theft,1
12.971752,77.641024,23,4,0,theft,1
12.971295,77.530899,21,0,0,theft,2
12.970591,77.526842,15,5,1,theft,1
12.91398,77.610495,11,6,1,burglary,3
12.972084,77.570757,11,6,1,harassment,1
12.976238,77.607667,1,3,0,harassment,1
12.918772,77.608799,22,2,0,theft,1
12.982869,77.739483,18,6,1,burglary,2
12.910989,77.639556,21,2,0,burglary,3
12.975626,77.753879,10,3,0,burglary,3
12.912064,77.619289,18,0,0,vehicle_theft,2
12.987163,77.603011,2,5,1,assault,3
12.97481,77.600068,1,6,1,harassment,1
13.030234,77.522098,14,5,1,burglary,2
12.999946,77.550425,22,0,0,theft,2
12.975334,77.572622,16,4,0,theft,1
12.975132,77.607015,23,5,1,harassment,1
13.035023,77.543898,11,4,0,vehicle_theft,2
12.942439,77.62465,21,5,1,theft,1
12.983105,77.621173,17,5,1,harassment,1
13.099288,77.609351,1,2,0,theft,2
12.999492,77.555099,18,2,0,burglary,2
12.975788,77.570612,19,3,0,theft,1
12.977961,77.572235,19,1,0,assault,3
13.049672,77.773929,18,0,0,fraud,1
12.982897,77.621981,2,5,1,theft,2
12.981183,77.606732,21,6,1,harassment,1
12.970785,77.638257,19,3,0,vehicle_theft,2
13.002373,77.56382,15,0,0,burglary,2
12.974412,77.752577,0,0,0,theft,1
13.030762,77.519485,3,2,0,vehicle_theft,2
12.846207,77.66716,12,6,1,fraud,1
12.96894,77.755691,23,1,0,burglary,2
13.002115,77.573702,23,5,1,theft,1
12.976577,77.612054,8,6,1,assault,3
12.916924,77.638818,22,4,0,theft,2
12.905702,77.585193,20,0,0,burglary,3
12.980475,77.602092,6,6,1,harassment,1
12.83,77.677592,4,1,0,theft,1
12.910104,77.604168,4,1,0,theft,1
12.927489,77.602479,20,0,0,burglary,2
12.959537,77.577435,17,3,0,harassment,1
13.09823,77.587561,5,1,0,theft,1
12.968312,77.581652,7,0,0,theft,1
12.983741,77.576922,17,0,0,theft,1
12.978977,77.574396,6,0,0,theft,1
12.959367,77.707237,10,5,1,burglary,2
12.969267,77.655462,21,1,0,harassment,1
12.910998,77.575336,13,5,1,burglary,2
12.977998,77.528645,21,5,1,theft,2
12.961982,77.569361,4,4,0,theft,1
12.932338,77.626444,22,6,1,harassment,1
13.02368,77.584128,10,0,0,fraud,1
12.975428,77.610652,21,3,0,assault,3
13.007542,77.565687,7,2,0,assault,1
12.916572,77.616037,5,2,0,theft,1
13.005514,77.577654,20,2,0,burglary,3
12.90861,77.578426,19,3,0,burglary,2
13.020328,77.547721,8,5,1,assault,3
12.96999,77.526707,1,6,1,vehicle_theft,2
13.031696,77.539751,7,3,0,vehicle_theft,3
13.089856,77.750861,22,2,0,vehicle_theft,1
13.033014,77.513581,23,4,0,burglary,3
12.929925,77.568718,11,3,0,theft,1
13.081989,77.647293,8,3,0,theft,2
12.974672,77.748914,11,4,0,vehicle_theft,2
12.906606,77.585234,17,1,0,theft,1
12.983091,77.605776,10,6,1,theft,2
12.930282,77.624947,21,4,0,theft,2
12.973596,77.565952,22,3,0,theft,1
12.973048,77.639583,6,2,0,harassment,1
12.968553,77.574576,17,6,1,theft,2
12.912979,77.642849,23,6,1,burglary,2
12.911563,77.638877,22,2,0,theft,1
13.003326,77.701267,14,1,0,theft,2
12.980564,77.573252,10,4,0,theft,2
12.926266,77.61414,16,0,0,harassment,2
12.939304,77.696731,21,4,0,burglary,2
12.956178,77.686695,3,4,0,fraud,2
12.918073,77.622325,9,3,0,vehicle_theft,2
12.978851,77.568991,12,2,0,theft,1
12.859749,77.478554,3,1,0,theft,1
12.937413,77.701941,3,1,0,fraud,2
12.927565,77.606171,1,1,0,vehicle_theft,3
13.003437,77.569782,14,0,0,theft,1
12.920407,77.586654,8,4,0,vehicle_theft,1
12.937578,77.627275,21,4,0,harassment,1
12.974039,77.639642,23,2,0,assault,3
12.845777,77.531531,2,5,1,burglary,2
12.94738,77.700006,19,1,0,vehicle_theft,2
12.974438,77.580258,17,2,0,theft,1
12.917243,77.634758,4,6,1,theft,1
12.923553,77.542039,20,6,1,theft,2
12.932721,77.610262,23,3,0,vehicle_theft,2
12.972812,77.581665,13,6,1,assault,3
12.972942,77.573261,14,0,0,theft,2
13.062892,77.765561,3,3,0,vehicle_theft,1
12.850173,77.657922,15,2,0,vehicle_theft,2
12.845427,77.670806,11,4,0,vehicle_theft,1
12.868388,77.483344,9,2,0,fraud,2
12.903639,77.57816,21,5,1,theft,2
12.960083,77.578009,7,1,0,assault,3
12.911264,77.616172,15,5,1,theft,1
12.914537,77.623179,19,2,0,burglary,1
12.928869,77.606394,4,4,0,theft,1
12.926776,77.547943,17,5,1,burglary,1
12.96555,77.75424,0,0,0,theft,1
12.939657,77.617331,9,5,1,assault,3
12.967937,77.576038,15,4,0,theft,1
12.972115,77.643367,20,3,0,theft,1
12.980608,77.612895,2,1,0,assault,3
13.026531,77.541033,12,3,0,theft,1
12.920862,77.583069,16,0,0,burglary,2
12.85767,77.716404,3,6,1,fraud,2
12.912409,77.609809,16,1,0,vehicle_theft,2
12.96928,77.576718,9,3,0,harassment,1
12.908053,77.620372,16,5,1,theft,1
12.999413,77.554647,21,4,0,theft,1
12.962305,77.577482,15,2,0,assault,3
12.984087,77.603891,4,1,0,theft,1
13.008597,77.696642,9,6,1,vehicle_theft,3
12.972393,77.640965,12,2,0,assault,3
13.007261,77.532072,0,2,0,burglary,2
12.963602,77.5739,7,5,1,theft,1
12.840204,77.654194,6,5,1,vehicle_theft,2
12.968654,77.641258,23,0,0,assault,3
12.924459,77.609065,15,0,0,vehicle_theft,3
12.977499,77.616721,21,3,0,theft,1
13.035348,77.595517,0,3,0,vehicle_theft,2
12.976504,77.611226,23,6,1,harassment,2
12.91063,77.589306,14,3,0,theft,1
12.857404,77.450542,9,4,0,assault,1
12.961059,77.519195,13,6,1,harassment,1
12.961572,77.571959,22,3,0,harassment,1
12.978345,77.645821,2,5,1,theft,1
12.900093,77.567552,20,2,0,vehicle_theft,2
12.973796,77.643074,22,3,0,vehicle_theft,2
12.978489,77.60781,2,5,1,assault,3
13.009363,77.696871,5,6,1,theft,1
12.978444,77.617831,12,4,0,harassment,1
12.91682,77.607423,23,5,1,burglary,2
12.93099,77.583881,19,4,0,theft,1
12.965204,77.535779,20,6,1,vehicle_theft,3
12.935639,77.623004,0,3,0,assault,3
12.995723,77.53956,17,4,0,burglary,3
12.968137,77.579073,13,4,0,fraud,2
12.970586,77.605147,6,1,0,theft,1
13.027671,77.528352,16,5,1,theft,2
12.924351,77.585722,0,0,0,fraud,2
13.006754,77.69322,9,0,0,vehicle_theft,2
12.914657,77.587328,18,0,0,burglary,2
12.974236,77.611987,1,5,1,harassment,1
13.064707,77.522357,21,2,0,fraud,1
12.961246,77.700947,20,1,0,burglary,1
12.969073,77.577716,4,6,1,theft,1
12.955641,77.73612,21,5,1,fraud,2
12.975926,77.738499,13,3,0,burglary,2
12.908674,77.57816,21,1,0,theft,1
13.010716,77.694995,21,0,0,assault,3
12.968088,77.574132,8,4,0,harassment,1
12.909383,77.617306,19,2,0,harassment,1
12.90537,77.619336,10,1,0,assault,3
12.969643,77.576123,17,5,1,fraud,2
12.979012,77.650806,0,6,1,vehicle_theft,2
12.963981,77.577039,14,0,0,theft,2
12.998636,77.565551,15,2,0,theft,1
12.914063,77.617976,17,2,0,vehicle_theft,3
13.021152,77.533985,21,3,0,theft,1
13.035669,77.596733,19,6,1,theft,1
13.014832,77.692629,9,5,1,theft,1
12.909624,77.591757,18,2,0,burglary,2
12.908132,77.644364,23,2,0,theft,1
12.907177,77.58427,21,6,1,burglary,2
12.843577,77.623187,21,5,1,fraud,1
12.966539,77.644469,13,5,1,theft,2
13.126374,77.458283,6,0,0,vehicle_theft,1
13.016858,77.517043,0,5,1,burglary,2
13.06441,77.469535,18,0,0,assault,1
13.112367,77.530628,21,2,0,assault,1
12.957715,77.689988,15,4,0,vehicle_theft,2
13.114023,77.776865,23,0,0,assault,1
12.959907,77.575544,18,5,1,harassment,1
12.906804,77.583996,23,3,0,burglary,3
12.970045,77.583161,16,4,0,theft,1
12.998867,77.557244,8,0,0,theft,1
13.008091,77.695603,18,3,0,vehicle_theft,2
12.9215,77.599648,18,6,1,harassment,1
12.979791,77.569263,11,2,0,harassment,2
12.845719,77.646501,2,4,0,fraud,2
13.002975,77.570236,19,5,1,fraud,1
13.010332,77.694781,0,0,0,theft,2
13.035976,77.519669,17,2,0,vehicle_theft,2
12.989875,77.61706,23,6,1,harassment,1
12.997182,77.556006,18,6,1,theft,1
12.896591,77.587324,0,6,1,burglary,3
12.978744,77.730757,0,6,1,vehicle_theft,1
12.934941,77.624131,19,4,0,assault,3
13.037777,77.595651,7,4,0,burglary,3
13.10067,77.587288,21,0,0,theft,1
13.096505,77.597431,6,4,0,burglary,1
12.914569,77.60937,6,1,0,theft,1
12.884662,77.500316,16,0,0,fraud,1
13.003435,77.572435,19,2,0,theft,1
12.962836,77.577039,11,3,0,theft,1
12.966392,77.579498,15,0,0,theft,2
12.934491,77.62519,20,2,0,assault,3
12.991576,77.602008,13,4,0,theft,1
12.971617,77.532082,20,0,0,vehicle_theft,2
12.905609,77.615154,18,2,0,theft,1
12.972966,77.60421,4,6,1,harassment,1
12.925389,77.546692,19,4,0,vehicle_theft,2
13.138285,77.591445,23,6,1,burglary,1
12.903194,77.613491,16,6,1,theft,1
12.985155,77.605638,21,3,0,assault,2
12.957922,77.573699,14,3,0,theft,2
13.026846,77.541362,10,2,0,vehicle_theft,1
13.134841,77.580856,6,1,0,theft,2
12.907086,77.618445,6,3,0,theft,1
13.092773,77.589836,13,6,1,theft,1
12.851763,77.66639,20,3,0,vehicle_theft,2
12.974281,77.572251,12,0,0,assault,3
12.966179,77.58431,16,4,0,theft,1
13.031122,77.547436,0,4,0,vehicle_theft,2
12.908772,77.585094,22,0,0,vehicle_theft,2
13.122363,77.567814,8,1,0,assault,1
12.962596,77.70223,9,6,1,theft,1
12.919113,77.77702,23,6,1,harassment,1
12.985271,77.606437,7,2,0,theft,1
12.974289,77.573557,13,2,0,theft,1
12.969505,77.641108,23,6,1,harassment,1
12.998596,77.693806,9,0,0,theft,1
12.965765,77.581246,20,2,0,theft,1
12.98397,77.756736,9,1,0,vehicle_theft,1
12.840976,77.658637,3,1,0,vehicle_theft,1
12.905273,77.588993,15,1,0,burglary,1
12.965438,77.582381,11,1,0,fraud,1
12.972336,77.636543,23,2,0,theft,1
13.000419,77.566549,20,2,0,theft,3
13.09006,77.598674,3,5,1,burglary,2
13.008764,77.706012,17,3,0,vehicle_theft,3
13.034456,77.543602,20,6,1,theft,1
12.955517,77.698196,6,3,0,burglary,3
12.997915,77.700077,18,0,0,burglary,2
12.935244,77.62546,0,0,0,harassment,1
13.00935,77.699174,21,0,0,vehicle_theft,2
12.957469,77.58499,18,2,0,harassment,1
12.954828,77.700822,20,2,0,vehicle_theft,3
12.969406,77.566171,10,3,0,harassment,2
12.955473,77.565595,10,3,0,harassment,1
12.972677,77.644367,2,4,0,vehicle_theft,2
12.970916,77.642425,21,5,1,harassment,1
12.983385,77.568791,17,5,1,theft,1
12.863193,77.714902,20,1,0,theft,1
12.916609,77.572224,16,6,1,theft,1
12.913074,77.62425,5,1,0,theft,1
12.979863,77.750397,0,4,0,fraud,1
12.975045,77.607658,21,6,1,assault,3
12.988645,77.604014,16,1,0,assault,3
12.89989,77.71967,12,0,0,burglary,2
12.97682,77.570587,17,6,1,theft,1
12.967085,77.606561,0,1,0,assault,3
12.923377,77.532408,20,1,0,burglary,3
12.919994,77.644907,17,3,0,burglary,2
13.026985,77.512425,23,2,0,burglary,2
12.903706,77.58013,17,6,1,theft,1
12.909021,77.650655,6,2,0,vehicle_theft,2
12.972231,77.567436,2,0,0,harassment,1
12.837617,77.661123,16,6,1,vehicle_theft,3
12.915195,77.61114,22,3,0,burglary,2
12.913769,77.627878,21,4,0,burglary,2
13.003907,77.571755,10,6,1,theft,2
12.950635,77.752689,22,3,0,vehicle_theft,2
12.848996,77.492816,1,3,0,assault,1
12.984342,77.602707,8,0,0,theft,1
12.975564,77.748912,3,6,1,burglary,3
12.930365,77.582799,17,0,0,theft,2
12.960976,77.701938,4,2,0,vehicle_theft,1
12.970498,77.578833,8,2,0,assault,3
12.965717,77.577594,15,4,0,assault,3
12.929246,77.582269,17,4,0,fraud,2
12.832164,77.588422,19,4,0,burglary,1
12.980592,77.574726,4,5,1,theft,1
12.98468,77.604805,20,5,1,theft,2
12.954817,77.697146,12,1,0,vehicle_theft,1
12.925778,77.546748,20,6,1,theft,1
12.934812,77.625045,1,6,1,theft,1
12.848474,77.657495,3,3,0,theft,1
13.006644,77.699571,19,4,0,assault,3
13.036905,77.545179,20,6,1,theft,1
12.973174,77.749077,4,5,1,fraud,1
12.860255,77.617254,2,1,0,theft,2
12.981813,77.621864,21,6,1,theft,2
13.001855,77.689557,9,1,0,burglary,2
12.924812,77.584103,21,3,0,theft,1
12.976355,77.617606,23,6,1,assault,3
12.976181,77.569564,14,3,0,theft,1
12.967614,77.570384,9,3,0,theft,1
13.001303,77.557058,9,0,0,burglary,2
13.036069,77.596662,20,2,0,assault,3
12.855266,77.473272,23,6,1,assault,1
12.969006,77.578955,18,0,0,fraud,1
12.918044,77.609935,3,2,0,vehicle_theft,2
12.974013,77.60568,23,0,0,theft,2
13.007099,77.686635,18,5,1,burglary,2
12.907996,77.621292,17,4,0,vehicle_theft,1
13.100315,77.595352,7,3,0,vehicle_theft,3
12.971904,77.640896,20,4,0,assault,3
12.843478,77.658823,13,5,1,burglary,3
12.959802,77.570972,19,5,1,harassment,1
12.923881,77.546416,21,4,0,theft,2
12.973264,77.741756,20,2,0,vehicle_theft,2
13.026465,77.537824,20,4,0,theft,1
12.837831,77.665926,23,4,0,vehicle_theft,3
12.909672,77.620101,3,4,0,theft,1
12.987759,77.617751,22,2,0,harassment,1
12.981714,77.566066,10,5,1,harassment,1
12.980058,77.607816,15,2,0,assault,3
12.913654,77.610067,22,2,0,vehicle_theft,2
12.954989,77.700502,11,6,1,theft,1
12.987769,77.570158,5,4,0,harassment,1
12.911468,77.640802,15,2,0,theft,2
12.844599,77.660323,15,6,1,vehicle_theft,2
12.984836,77.604232,2,2,0,assault,3
12.927373,77.586995,7,4,0,theft,1
12.977757,77.57541,19,0,0,theft,1
12.967444,77.528369,22,0,0,theft,1
12.982726,77.612051,2,4,0,harassment,1
12.978046,77.639166,1,6,1,assault,3
12.994126,77.5684,20,2,0,theft,3
13.009358,77.563039,20,0,0,burglary,2
13.104033,77.553112,5,4,0,assault,1
12.963643,77.69422,20,2,0,vehicle_theft,2
12.905552,77.589188,16,6,1,theft,1
13.048752,77.456036,6,2,0,burglary,1
13.013759,77.500052,9,2,0,burglary,1
12.976388,77.635882,1,3,0,assault,3
12.848296,77.665082,6,1,0,burglary,1
12.97464,77.607983,0,2,0,assault,3
12.833265,77.653942,2,0,0,vehicle_theft,3
12.986712,77.606772,11,5,1,assault,3
12.974994,77.607056,3,3,0,theft,1
12.9642,77.767813,0,2,0,theft,1
12.954672,77.701422,9,3,0,vehicle_theft,2
12.976367,77.608368,17,1,0,harassment,2
12.97128,77.533174,17,3,0,theft,1
13.029504,77.54135,19,1,0,theft,2
12.91622,77.610324,22,5,1,vehicle_theft,2
13.00557,77.554818,22,6,1,burglary,2
12.989246,77.624548,0,0,0,theft,2
12.909953,77.582758,17,3,0,burglary,2
12.939634,77.701061,12,3,0,burglary,2
12.967837,77.610212,23,2,0,harassment,1
13.00419,77.560534,8,5,1,theft,1
13.042349,77.59344,19,1,0,burglary,1
12.977966,77.639634,3,2,0,harassment,1
13.032867,77.520232,3,3,0,vehicle_theft,2
12.905355,77.585203,21,4,0,burglary,1
12.93584,77.621441,22,0,0,theft,1
12.957274,77.701269,20,6,1,burglary,3
12.974599,77.637073,23,6,1,assault,3
12.979713,77.571503,18,0,0,theft,1
12.963195,77.576959,4,5,1,harassment,1
13.104295,77.597341,22,0,0,burglary,1
12.983119,77.615481,18,5,1,theft,2
12.936775,77.627477,22,6,1,harassment,1
12.976327,77.603762,2,0,0,harassment,1
12.934041,77.626029,22,3,0,vehicle_theft,1
13.000358,77.569429,11,3,0,burglary,1
12.845185,77.659223,5,6,1,fraud,1
12.980673,77.613127,2,6,1,theft,1
12.903701,77.609191,10,3,0,theft,1
12.99011,77.566935,17,2,0,theft,1
12.929102,77.550709,17,6,1,theft,1
13.026529,77.539191,18,2,0,assault,3
13.034754,77.600797,10,2,0,vehicle_theft,2
12.973971,77.603977,11,1,0,assault,3
12.937065,77.621923,2,2,0,theft,1
12.931618,77.585029,3,3,0,burglary,3
12.931381,77.608779,15,4,0,harassment,2
12.973535,77.560902,14,5,1,harassment,1
12.949769,77.697628,10,5,1,burglary,3
13.003455,77.69844,7,1,0,theft,1
12.917869,77.542724,6,2,0,theft,2
12.937363,77.567009,20,4,0,burglary,3
12.968496,77.747588,23,4,0,vehicle_theft,3
12.964749,77.58323,16,6,1,theft,1
12.840002,77.645575,1,1,0,burglary,2
13.0387,77.516531,0,5,1,burglary,1
12.848972,77.688531,21,2,0,assault,1
12.972844,77.641089,23,0,0,harassment,1
12.934529,77.576046,21,3,0,burglary,2
12.856724,77.666565,22,3,0,vehicle_theft,2
12.911195,77.639693,23,0,0,burglary,3
12.911733,77.639883,17,6,1,burglary,2
13.036782,77.521797,21,1,0,vehicle_theft,2
12.933894,77.549802,14,3,0,theft,1
12.916834,77.634491,22,3,0,burglary,1
12.870658,77.530943,19,6,1,theft,1
12.912773,77.534783,7,2,0,theft,1
12.943654,77.618226,0,0,0,vehicle_theft,2
12.961599,77.705307,23,0,0,theft,1
12.846543,77.658993,8,1,0,burglary,3
12.961888,77.574687,16,5,1,theft,1
13.009998,77.686846,8,3,0,vehicle_theft,2
12.976314,77.607061,0,2,0,assault,2
12.992259,77.555067,20,5,1,theft,1
13.035426,77.599298,8,3,0,theft,1
12.97574,77.619654,22,1,0,harassment,2
12.943159,77.619132,17,6,1,theft,1
13.025913,77.540949,8,0,0,theft,1
12.854049,77.461232,20,2,0,theft,1
12.902877,77.646118,15,0,0,theft,1
12.981559,77.607553,17,1,0,theft,1
12.966329,77.578569,2,4,0,fraud,1
12.894876,77.774014,23,0,0,vehicle_theft,1
12.923945,77.58423,23,1,0,theft,2
12.964612,77.705246,1,5,1,burglary,2
13.11715,77.537134,0,0,0,theft,1
12.908082,77.631972,23,0,0,burglary,3
12.849117,77.649899,4,3,0,vehicle_theft,2
12.910285,77.589191,0,0,0,theft,1
12.954285,77.707239,19,4,0,theft,1
12.982036,77.617401,7,0,0,assault,3
12.970681,77.635472,1,2,0,theft,1
12.961618,77.702142,20,2,0,vehicle_theft,2
12.936082,77.620648,1,5,1,assault,3
12.973596,77.605782,1,0,0,theft,1
12.967131,77.572206,19,5,1,theft,1
12.954283,77.474703,13,3,0,assault,1
12.915824,77.538085,17,4,0,vehicle_theft,2
12.916255,77.609921,21,5,1,vehicle_theft,2
12.972848,77.618291,0,2,0,theft,1
13.034197,77.515671,3,1,0,burglary,1
12.985851,77.603743,12,6,1,theft,1
13.042545,77.587333,15,1,0,assault,1
12.922565,77.542591,22,5,1,vehicle_theft,1
13.099305,77.596172,3,1,0,burglary,2
12.928401,77.54453,20,3,0,theft,1
13.031648,77.595575,16,2,0,assault,2
12.984195,77.605961,19,1,0,harassment,1
13.003588,77.699667,10,3,0,vehicle_theft,2
12.955682,77.701337,10,1,0,theft,1
12.997229,77.551039,8,4,0,assault,3
12.974268,77.60649,22,4,0,assault,3
12.963182,77.575979,10,0,0,theft,2
12.90439,77.585413,16,5,1,burglary,2
12.916501,77.54793,22,0,0,burglary,1
12.964101,77.535867,3,6,1,theft,1
12.99983,77.558717,21,2,0,burglary,2
12.928806,77.625324,1,6,1,theft,1
12.975851,77.759572,2,3,0,fraud,1
12.912768,77.64734,23,4,0,burglary,2
13.034406,77.597803,10,6,1,vehicle_theft,3
12.910175,77.644455,8,0,0,vehicle_theft,2
12.93066,77.626568,23,6,1,harassment,2
12.960332,77.697458,4,0,0,vehicle_theft,2
12.978568,77.6513,23,2,0,theft,2
12.929057,77.582025,18,3,0,theft,1
12.97697,77.571,6,4,0,theft,2
12.974453,77.742135,2,5,1,fraud,3
12.974029,77.6066,1,4,0,harassment,1
12.982949,77.601792,12,0,0,assault,3
12.977517,77.605788,17,0,0,assault,3
13.021757,77.524879,4,1,0,theft,1
12.913258,77.606505,16,5,1,vehicle_theft,2
12.972475,77.645842,19,0,0,vehicle_theft,1
12.931017,77.547445,19,3,0,theft,2
12.942992,77.631088,11,4,0,assault,3
13.000622,77.55066,20,6,1,theft,1
13.004748,77.566822,17,2,0,theft,1
12.981184,77.62316,23,0,0,assault,3
12.997618,77.560143,20,1,0,theft,1
12.911734,77.643276,18,1,0,vehicle_theft,1
12.956266,77.641829,16,0,0,harassment,1
12.980773,77.760929,3,4,0,theft,2
13.00558,77.566159,11,0,0,burglary,2
12.982966,77.618784,1,6,1,assault,3
12.933679,77.548079,17,2,0,vehicle_theft,2
12.985697,77.602128,5,0,0,harassment,1
12.933254,77.621859,2,4,0,vehicle_theft,2
12.92554,77.5476,22,1,0,theft,1
13.029368,77.538315,8,3,0,assault,2
12.970007,77.536181,17,5,1,burglary,1
13.008783,77.559848,20,1,0,burglary,2
13.018066,77.512822,20,4,0,vehicle_theft,3
12.959268,77.534553,18,1,0,theft,1
12.898718,77.634086,20,1,0,theft,1
12.975761,77.606968,3,6,1,harassment,1
12.980776,77.57054,11,4,0,fraud,1
12.963935,77.576487,6,3,0,theft,1
12.929018,77.581705,15,4,0,theft,1
12.932944,77.580277,20,4,0,fraud,2
12.984283,77.599209,11,0,0,harassment,1
12.980476,77.605424,16,0,0,assault,3
12.839273,77.661078,16,3,0,vehicle_theft,1
13.108989,77.599018,2,1,0,vehicle_theft,1
12.997882,77.553627,19,2,0,assault,3
12.899601,77.475968,7,5,1,vehicle_theft,2
12.971033,77.528268,13,3,0,theft,1
12.914478,77.579708,13,6,1,theft,2
13.045579,77.519557,21,4,0,vehicle_theft,2
12.907946,77.620755,7,4,0,theft,1
12.960031,77.6992,21,1,0,burglary,2
12.847446,77.630289,10,5,1,theft,1
13.003723,77.690118,21,0,0,burglary,2
12.968637,77.530578,23,4,0,theft,1
12.973966,77.644765,0,5,1,harassment,1
12.908845,77.587055,22,1,0,burglary,1
12.998093,77.554238,17,6,1,theft,1
13.034087,77.521306,18,4,0,theft,1
12.969669,77.640467,2,5,1,theft,2
12.935045,77.624183,23,3,0,assault,3
12.911273,77.648569,16,5,1,burglary,3
12.895648,77.60821,16,5,1,vehicle_theft,2
12.984977,77.604881,18,3,0,harassment,1
13.005491,77.699385,9,1,0,assault,3
12.896226,77.587146,13,4,0,vehicle_theft,3
12.95907,77.585771,6,2,0,theft,1
13.096802,77.586741,4,2,0,theft,1
12.910908,77.627572,8,2,0,theft,1
12.990779,77.565855,7,1,0,fraud,1
13.100221,77.595694,3,1,0,vehicle_theft,2
12.96986,77.566191,3,4,0,theft,1
12.908883,77.614891,10,4,0,theft,2
12.98474,77.606086,16,4,0,theft,2
12.978617,77.644191,23,2,0,harassment,1
12.954813,77.576184,16,2,0,harassment,2
12.993559,77.573566,19,2,0,theft,1
12.944213,77.692451,19,3,0,assault,3
12.999142,77.571897,0,4,0,fraud,1
12.943754,77.693587,5,6,1,theft,2
12.96446,77.57455,7,4,0,harassment,1
12.962999,77.708556,22,6,1,vehicle_theft,3
12.977002,77.570999,16,5,1,theft,2
12.979184,77.570537,17,2,0,harassment,1
12.980422,77.532941,20,6,1,theft,1
12.922126,77.61059,23,5,1,harassment,1
12.913764,77.633223,21,5,1,theft,1
13.027285,77.543031,10,2,0,theft,2
12.921823,77.608456,3,3,0,harassment,1
12.908411,77.581019,16,4,0,theft,1
13.025212,77.592989,16,2,0,fraud,1
12.964434,77.577236,6,5,1,harassment,1
13.0084,77.692115,9,3,0,vehicle_theft,2
12.940845,77.618694,0,6,1,assault,3
12.921743,77.548119,21,2,0,vehicle_theft,1
12.934713,77.624586,18,1,0,theft,2
12.887165,77.543338,0,0,0,theft,1
12.842766,77.656076,18,1,0,fraud,1
12.970492,77.580798,16,4,0,theft,1
12.961542,77.741139,3,2,0,vehicle_theft,3
12.925259,77.613327,15,1,0,burglary,2
13.018055,77.691144,7,0,0,vehicle_theft,2
12.981236,77.617618,9,1,0,assault,3
12.956604,77.700735,15,6,1,assault,3
12.963827,77.71044,18,3,0,vehicle_theft,1
13.028182,77.605313,5,4,0,theft,1
12.842552,77.646118,15,5,1,harassment,1
13.037176,77.534719,2,5,1,theft,1
12.970736,77.637101,20,6,1,theft,1
13.008953,77.697427,18,2,0,theft,1
12.977461,77.606395,19,2,0,harassment,1
12.934295,77.534164,0,0,0,vehicle_theft,1
13.073731,77.741875,16,4,0,assault,2
12.930318,77.549042,1,3,0,theft,2
13.091406,77.66756,8,6,1,harassment,1
12.934868,77.62318,23,1,0,vehicle_theft,1
12.929954,77.584174,19,4,0,fraud,1
12.974546,77.583408,16,1,0,theft,1
12.971813,77.642175,20,0,0,vehicle_theft,2
12.983105,77.57033,9,6,1,assault,3
12.978002,77.570847,17,2,0,theft,1
12.966822,77.637721,18,1,0,assault,3
12.983032,77.570939,9,0,0,harassment,1
12.910816,77.641458,10,6,1,burglary,3
12.943399,77.616373,21,3,0,assault,3
13.039476,77.596853,2,4,0,burglary,2
13.003331,77.553785,19,1,0,assault,3
12.953681,77.701947,2,5,1,vehicle_theft,2
12.99781,77.548098,5,4,0,theft,1
13.006604,77.694217,9,0,0,vehicle_theft,3
13.035677,77.583713,6,2,0,assault,3
13.096115,77.60364,1,1,0,vehicle_theft,2
12.973555,77.642335,22,3,0,harassment,1
13.103701,77.602099,20,6,1,theft,1
13.004893,77.554482,21,2,0,theft,1
13.003747,77.564282,21,3,0,theft,1
12.911479,77.612923,8,2,0,theft,1
12.959963,77.703186,6,6,1,vehicle_theft,2
12.961551,77.578115,12,5,1,theft,1
13.009123,77.582327,12,6,1,fraud,1
12.971038,77.532829,18,2,0,theft,1
12.916409,77.611255,0,4,0,vehicle_theft,1
12.932959,77.571613,17,1,0,theft,1
12.985893,77.604432,9,3,0,assault,3
12.920361,77.556968,19,3,0,theft,1
12.963579,77.538053,20,0,0,theft,1
12.99415,77.561309,14,1,0,theft,1
13.005087,77.570107,16,6,1,theft,1
12.954857,77.699856,19,3,0,vehicle_theft,2
12.979206,77.640622,0,6,1,theft,2
12.928159,77.544667,15,1,0,burglary,2
12.92555,77.62353,2,6,1,harassment,1
13.018134,77.540837,0,2,0,assault,3
12.999225,77.570499,23,1,0,theft,1
12.915146,77.640607,18,5,1,theft,1
12.923308,77.564582,23,3,0,theft,1
13.00259,77.566139,23,0,0,burglary,2
12.982275,77.738608,17,2,0,vehicle_theft,1
13.102408,77.596807,0,6,1,vehicle_theft,2
12.930101,77.582834,19,5,1,fraud,1
13.005082,77.567159,10,0,0,theft,1
13.002413,77.56889,20,1,0,theft,1
12.976825,77.56961,4,0,0,harassment,1
12.900865,77.628108,20,5,1,theft,2
13.038286,77.600913,18,6,1,theft,2
12.913459,77.588815,16,4,0,harassment,2
12.937902,77.627072,21,0,0,assault,2
12.960089,77.577556,12,5,1,theft,1
12.970122,77.773424,7,4,0,harassment,1
12.929961,77.582846,20,1,0,fraud,1
12.929943,77.583058,7,6,1,fraud,1
12.970385,77.582154,21,4,0,theft,1
12.906633,77.618055,4,5,1,theft,2
12.92159,77.540903,18,5,1,vehicle_theft,2
12.888182,77.623761,13,0,0,theft,1
12.968397,77.584098,15,4,0,theft,2
12.908717,77.758883,0,6,1,burglary,1
12.942587,77.773327,19,3,0,theft,1
12.972644,77.574177,9,0,0,assault,3
12.985658,77.603255,19,3,0,harassment,1
12.970398,77.578718,15,6,1,theft,1
12.907461,77.634301,19,5,1,vehicle_theft,2
13.00932,77.697455,23,1,0,assault,2
12.830503,77.673603,17,2,0,vehicle_theft,3
12.969746,77.641134,22,6,1,theft,1
12.975391,77.640358,23,5,1,assault,3
12.985389,77.605582,13,0,0,theft,1
12.914271,77.624969,19,5,1,vehicle_theft,2
13.031414,77.545767,16,1,0,theft,1
12.957792,77.57467,8,0,0,theft,1
13.028169,77.540018,9,6,1,theft,2
12.980965,77.641052,21,1,0,harassment,1
12.988338,77.603987,16,1,0,theft,1
12.925141,77.544482,20,6,1,theft,1
12.987392,77.603861,11,0,0,theft,2
13.031683,77.51846,13,1,0,vehicle_theft,2
12.979388,77.747795,2,0,0,vehicle_theft,3
12.962512,77.576408,16,0,0,theft,1
12.967139,77.769715,8,2,0,burglary,1
12.943125,77.695043,10,0,0,theft,1
12.996336,77.557423,22,4,0,burglary,2
13.026,77.541679,10,1,0,assault,2
12.973932,77.529157,20,4,0,theft,1
12.937503,77.626919,22,4,0,theft,1
13.029691,77.526955,10,1,0,vehicle_theft,1
13.02843,77.545732,3,6,1,assault,3
12.968105,77.575123,19,2,0,theft,1
13.002717,77.455942,16,2,0,burglary,1
12.976534,77.60415,11,2,0,theft,1
12.975704,77.621015,4,1,0,harassment,1
12.933154,77.587707,18,6,1,theft,1
12.916213,77.595538,2,4,0,vehicle_theft,2
12.977833,77.575055,9,4,0,fraud,2
13.032033,77.546392,2,0,0,vehicle_theft,2
12.965656,77.585789,15,1,0,fraud,3
12.965306,77.736626,2,5,1,theft,2
13.037507,77.584741,7,3,0,theft,1
12.967647,77.580019,10,3,0,theft,1
12.929803,77.583916,21,5,1,burglary,3
12.966189,77.699785,15,0,0,theft,1
13.097044,77.488646,9,1,0,burglary,2
12.975361,77.578011,18,2,0,harassment,1
12.982946,77.761353,4,3,0,theft,1
12.913561,77.645738,2,5,1,burglary,2
13.035321,77.595559,9,5,1,theft,1
12.972024,77.635039,23,4,0,assault,3
13.00176,77.567393,13,5,1,theft,2
12.933662,77.62445,4,6,1,harassment,1
12.985217,77.596314,13,1,0,harassment,1
12.926586,77.548462,22,1,0,burglary,3
12.901189,77.583342,18,1,0,theft,1
13.031284,77.520687,21,4,0,vehicle_theft,2
12.956549,77.700777,9,3,0,theft,1
12.935277,77.62481,20,1,0,vehicle_theft,3
12.845838,77.659546,20,4,0,burglary,2
12.927716,77.576989,19,5,1,theft,1
12.915668,77.610601,20,0,0,harassment,2
13.032687,77.518803,1,3,0,burglary,2
12.908999,77.618602,23,4,0,vehicle_theft,2
12.939585,77.616095,22,2,0,vehicle_theft,1
12.955793,77.699322,19,3,0,assault,3
12.967468,77.639579,17,1,0,vehicle_theft,2
12.996274,77.575163,9,4,0,theft,1
12.977247,77.570381,22,1,0,theft,1
13.002342,77.569191,13,1,0,burglary,2
12.90003,77.647396,21,1,0,burglary,3
12.85993,77.770782,22,3,0,burglary,1
12.900668,77.620944,7,2,0,theft,1
12.906913,77.582855,20,0,0,burglary,2
12.901767,77.6367,22,0,0,fraud,1
12.968221,77.749754,1,2,0,theft,1
12.954405,77.708173,10,4,0,theft,2
12.939526,77.611099,3,4,0,assault,2
12.962674,77.57596,20,5,1,theft,1
13.012125,77.668265,14,3,0,assault,2
12.919766,77.633113,17,2,0,burglary,2
12.983933,77.738649,0,4,0,fraud,1
12.897145,77.577089,22,5,1,burglary,1
12.949196,77.711401,9,6,1,theft,1
12.911877,77.643748,22,0,0,theft,1
13.033222,77.596295,8,0,0,burglary,2
12.985364,77.605648,18,5,1,assault,3
12.976764,77.638518,2,5,1,vehicle_theft,1
13.035777,77.528898,0,2,0,theft,1
13.028133,77.542547,20,4,0,theft,1
12.902679,77.57913,17,4,0,burglary,2
12.851613,77.496267,17,0,0,burglary,1
13.006642,77.567638,10,2,0,theft,1
12.962521,77.569897,9,5,1,theft,2
13.100258,77.469257,7,3,0,burglary,2
12.972715,77.639516,1,6,1,theft,1
13.003913,77.567322,14,4,0,fraud,1
12.997271,77.555531,11,4,0,theft,1
13.034446,77.522967,0,4,0,vehicle_theft,2
12.974471,77.530137,18,1,0,theft,2
12.977922,77.572349,4,6,1,harassment,1
12.980642,77.573986,6,1,0,burglary,1
12.971464,77.530312,13,2,0,theft,1
12.907016,77.588989,20,2,0,theft,1
12.976722,77.570388,15,4,0,assault,3
12.996913,77.554287,3,2,0,assault,3
12.913404,77.644337,16,0,0,burglary,3
12.930802,77.627855,22,2,0,theft,1
12.976235,77.572337,15,2,0,theft,2
12.9851,77.605774,17,5,1,theft,1
13.103591,77.599079,3,4,0,burglary,1
12.98203,77.605766,11,6,1,assault,3
13.035197,77.605017,10,2,0,vehicle_theft,1
13.029536,77.528913,2,1,0,theft,1
12.907257,77.586402,0,6,1,burglary,1
12.971178,77.749845,2,0,0,vehicle_theft,3
13.035564,77.600054,17,3,0,burglary,2
12.942887,77.616003,22,0,0,assault,3
12.973449,77.757506,21,3,0,theft,1
13.036602,77.597386,20,5,1,assault,3
12.952523,77.706501,11,4,0,theft,1
12.90483,77.610263,20,6,1,vehicle_theft,1
12.905747,77.594151,15,3,0,burglary,2
13.044425,77.603588,12,1,0,theft,1
12.936108,77.627803,11,3,0,theft,1
12.903244,77.618923,17,1,0,vehicle_theft,3
12.980282,77.622442,22,0,0,assault,3
12.854366,77.664026,2,3,0,vehicle_theft,2
12.980327,77.571386,18,3,0,theft,1
12.961637,77.573361,11,0,0,harassment,1
13.096997,77.604912,1,3,0,vehicle_theft,3
12.967306,77.57939,12,5,1,theft,1
12.977997,77.641862,2,1,0,assault,2
13.033081,77.520229,22,0,0,burglary,1
13.110712,77.595613,6,1,0,theft,2
12.983709,77.573246,22,2,0,theft,1
13.111604,77.602645,18,0,0,theft,2
12.907327,77.583994,2,2,0,vehicle_theft,3
12.915432,77.610305,22,6,1,vehicle_theft,3
12.970074,77.603103,19,4,0,theft,1
12.968583,77.578205,11,0,0,theft,1
12.985667,77.60629,0,6,1,harassment,1
12.908939,77.581394,8,1,0,theft,1
13.00757,77.697822,15,2,0,theft,1
13.002732,77.569321,10,2,0,theft,1
12.929368,77.622256,0,5,1,assault,3
12.911577,77.591163,22,4,0,burglary,3
12.844717,77.659322,3,3,0,burglary,3
12.916047,77.649407,0,4,0,theft,1
12.853245,77.653476,23,4,0,burglary,2
13.002998,77.570351,20,1,0,burglary,2
12.969958,77.569276,10,4,0,theft,1
13.015867,77.685523,6,6,1,burglary,2
12.969445,77.598199,4,3,0,harassment,1
12.956305,77.700293,8,3,0,theft,1
13.005983,77.694161,8,0,0,vehicle_theft,3
12.975664,77.607949,0,5,1,harassment,1
13.007348,77.566839,19,4,0,burglary,2
12.859084,77.711299,9,6,1,vehicle_theft,1
12.955096,77.573509,16,6,1,assault,2
12.969466,77.581766,19,0,0,theft,1
12.912233,77.619709,7,6,1,vehicle_theft,2
12.974014,77.752607,23,2,0,vehicle_theft,1
13.034454,77.545186,10,3,0,assault,3
13.003326,77.565525,17,0,0,theft,1
13.008856,77.695675,11,4,0,vehicle_theft,1
12.915551,77.706852,10,6,1,burglary,1
12.980505,77.620134,1,2,0,theft,2
12.983703,77.605922,1,5,1,harassment,1
12.969688,77.638598,14,4,0,harassment,1
13.026299,77.540724,9,5,1,vehicle_theft,2
12.962573,77.577215,17,1,0,assault,3
13.007839,77.696178,12,0,0,burglary,1
12.981914,77.568678,3,1,0,harassment,2
12.977723,77.614344,0,6,1,assault,3
12.910825,77.642122,20,1,0,burglary,2
13.126693,77.546278,3,1,0,harassment,1
12.959883,77.579088,18,2,0,theft,2
12.968024,77.761132,4,4,0,burglary,2
12.958765,77.530775,19,5,1,burglary,2
12.987106,77.472602,19,2,0,burglary,2
12.924799,77.550739,12,6,1,vehicle_theft,2
13.094735,77.595088,10,4,0,theft,1
13.014811,77.703123,11,3,0,vehicle_theft,1
12.858007,77.663887,23,6,1,theft,2
12.977016,77.571037,19,5,1,theft,1
12.967622,77.533654,15,3,0,burglary,2
13.006813,77.69757,15,3,0,theft,1
13.02374,77.548275,20,4,0,theft,1
12.935044,77.624946,3,4,0,harassment,1
12.96779,77.748661,23,0,0,theft,2
13.000562,77.533401,12,6,1,harassment,1
12.973313,77.607129,1,1,0,harassment,1
12.989986,77.607712,10,4,0,theft,1
12.968441,77.745517,13,1,0,vehicle_theft,1
12.951664,77.694322,9,4,0,vehicle_theft,2
12.999921,77.553957,2,4,0,theft,1
12.971211,77.756301,0,5,1,vehicle_theft,1
12.974377,77.602448,16,1,0,assault,3
12.842352,77.657601,17,0,0,vehicle_theft,2
12.966913,77.582755,12,6,1,assault,2
12.957498,77.572969,16,6,1,theft,1
12.911433,77.627724,21,6,1,theft,2
12.941798,77.596049,16,0,0,theft,2
13.009537,77.683694,20,4,0,vehicle_theft,1
13.035788,77.519024,0,5,1,theft,1
12.982602,77.57411,17,2,0,fraud,1
12.967943,77.762264,23,3,0,vehicle_theft,1
12.934909,77.546741,19,2,0,theft,1
12.977579,77.606018,2,5,1,assault,3
12.971642,77.607182,23,1,0,assault,3
12.919411,77.583834,17,5,1,theft,2
12.974285,77.609998,0,5,1,assault,3
13.035313,77.60183,9,2,0,assault,3
12.966254,77.523261,11,6,1,theft,1
12.900172,77.634988,4,6,1,vehicle_theft,2
13.035419,77.599867,19,3,0,assault,3
12.995458,77.692057,20,2,0,burglary,3
12.968524,77.579654,2,0,0,theft,1
12.891584,77.484103,18,1,0,harassment,1
12.979406,77.619004,0,3,0,theft,1
13.03684,77.592684,10,3,0,theft,1
13.029559,77.538375,9,0,0,theft,1
13.004186,77.562179,22,2,0,theft,1
12.974161,77.611066,14,1,0,harassment,1
12.975909,77.572391,19,6,1,harassment,1
12.977229,77.608197,22,1,0,harassment,1
13.007994,77.696024,19,2,0,vehicle_theft,1
12.935577,77.622279,0,4,0,harassment,1
12.952996,77.702159,17,4,0,vehicle_theft,2
13.099275,77.593117,3,6,1,burglary,2
12.968032,77.578991,3,1,0,theft,2
13.102606,77.594179,4,6,1,vehicle_theft,2
12.990506,77.601522,12,1,0,assault,3
13.009751,77.696904,9,0,0,vehicle_theft,2
12.937343,77.584572,23,4,0,theft,1
12.910624,77.610763,20,6,1,theft,1
12.978321,77.566559,13,3,0,theft,1
12.974404,77.751385,20,1,0,theft,1
12.906967,77.585019,21,1,0,theft,1
12.966468,77.697809,10,1,0,assault,2
13.002239,77.570224,19,3,0,theft,1
12.936166,77.693974,17,2,0,assault,1
12.928913,77.581892,21,4,0,theft,1
12.975848,77.604241,23,2,0,harassment,1
12.917447,77.638278,8,1,0,vehicle_theft,3
12.997887,77.554528,12,1,0,burglary,3
12.90711,77.581207,18,0,0,burglary,3
12.987524,77.605608,15,0,0,assault,3
12.983148,77.603158,15,1,0,theft,1
12.994243,77.552412,23,4,0,theft,1
12.930459,77.583932,7,2,0,burglary,2
13.11056,77.590523,4,1,0,burglary,3
12.962678,77.578013,16,3,0,theft,1
12.96877,77.65116,0,3,0,vehicle_theft,2
12.996834,77.553701,4,6,1,assault,3
12.979663,77.619363,5,6,1,theft,1
12.928169,77.596379,1,2,0,harassment,1
12.969265,77.530348,19,1,0,vehicle_theft,2
12.964813,77.578683,11,6,1,theft,1
13.101533,77.630192,11,0,0,harassment,1
12.984509,77.742901,11,5,1,burglary,2
12.847837,77.660074,5,5,1,vehicle_theft,2
13.02005,77.54443,21,2,0,vehicle_theft,2
12.981956,77.620887,6,3,0,theft,2
12.962005,77.777173,22,4,0,fraud,2
12.972535,77.647829,21,5,1,harassment,1
12.924394,77.610868,14,5,1,vehicle_theft,3
12.923854,77.54532,17,2,0,theft,1
13.099447,77.592419,23,1,0,burglary,2
12.974357,77.609306,22,1,0,assault,3
12.98172,77.621201,0,4,0,harassment,1
12.975486,77.577474,18,4,0,fraud,1
12.997987,77.758717,2,0,0,vehicle_theft,1
12.970605,77.580226,11,6,1,theft,1
12.989595,77.620873,3,6,1,assault,3
12.952501,77.688816,10,2,0,vehicle_theft,2
12.986991,77.606832,12,2,0,harassment,1
12.967572,77.536275,19,0,0,theft,1
12.928956,77.585175,21,1,0,theft,1
12.910938,77.638418,18,6,1,vehicle_theft,2
12.932847,77.625608,3,0,0,harassment,1
12.842964,77.666738,18,5,1,fraud,2
13.031569,77.602613,16,4,0,theft,1
12.9061,77.589309,22,2,0,theft,1
12.936136,77.588298,19,2,0,theft,1
12.949619,77.579961,21,0,0,harassment,1
13.089658,77.464454,2,2,0,assault,1
12.90977,77.58951,17,4,0,theft,2
12.925241,77.562464,7,6,1,vehicle_theft,1
13.030343,77.537343,9,6,1,assault,3
12.835234,77.713174,4,5,1,harassment,2
12.908555,77.655257,19,4,0,vehicle_theft,3
12.975565,77.573973,14,2,0,harassment,1
13.100626,77.592016,3,5,1,theft,1
12.834466,77.658945,6,0,0,theft,1
13.002565,77.570205,15,4,0,fraud,1
12.980712,77.624974,20,3,0,theft,1
12.959693,77.697949,18,5,1,vehicle_theft,2
12.922404,77.548544,6,6,1,theft,1
13.001883,77.692833,7,3,0,burglary,2
13.007513,77.554249,16,6,1,burglary,2
12.971006,77.640255,21,6,1,assault,3
13.042445,77.592085,18,6,1,theft,1
12.973473,77.76059,22,2,0,fraud,1
12.926228,77.606085,22,1,0,theft,1
13.002509,77.688033,8,6,1,vehicle_theft,2
12.979504,77.60542,1,4,0,harassment,1
12.922366,77.546059,2,6,1,vehicle_theft,1
12.971893,77.531992,19,0,0,theft,1
12.900373,77.6159,2,4,0,assault,3
12.944735,77.629434,3,6,1,harassment,1
12.962043,77.576911,19,2,0,theft,1
12.985563,77.626395,8,4,0,assault,3
12.981701,77.62238,20,2,0,harassment,2
12.976627,77.570173,12,5,1,theft,1
12.931966,77.616296,17,0,0,theft,1
12.974336,77.572636,14,3,0,assault,3
12.843543,77.661282,22,0,0,vehicle_theft,3
12.985753,77.611694,1,5,1,assault,3
13.016796,77.696849,9,5,1,burglary,2
12.931039,77.58253,19,5,1,burglary,1
12.91267,77.641523,20,6,1,burglary,3
12.927796,77.578943,20,6,1,fraud,1
12.931905,77.580961,17,6,1,theft,2
12.970189,77.57971,18,1,0,theft,1
13.094345,77.518705,11,3,0,theft,1
12.853197,77.66094,23,2,0,vehicle_theft,1
12.90963,77.644303,17,2,0,theft,1
12.966059,77.580124,17,1,0,theft,1
13.084848,77.601146,21,5,1,theft,1
13.011609,77.695995,22,5,1,vehicle_theft,2
12.968506,77.579008,20,2,0,theft,1
13.023147,77.509474,3,6,1,burglary,3
12.911979,77.641291,20,1,0,fraud,1
12.974542,77.639798,6,1,0,theft,2
12.975331,77.748835,0,3,0,fraud,1
13.037623,77.600433,14,0,0,vehicle_theft,2
12.969044,77.744282,0,0,0,theft,1
13.02485,77.665953,16,4,0,theft,2
13.014659,77.69921,5,5,1,theft,1
12.921978,77.54688,18,0,0,theft,1
12.964977,77.574021,9,0,0,assault,3
12.968168,77.578939,12,4,0,fraud,1
12.925538,77.547821,20,3,0,vehicle_theft,2
12.969908,77.591357,8,4,0,theft,1
12.95822,77.704732,21,6,1,vehicle_theft,1
12.940464,77.619048,2,6,1,assault,3
12.913371,77.60765,16,3,0,vehicle_theft,2
12.953345,77.702721,17,6,1,vehicle_theft,3
12.952059,77.695801,19,6,1,vehicle_theft,2
12.972978,77.752965,2,4,0,theft,1
12.970868,77.529877,18,3,0,theft,1
12.964278,77.700518,8,1,0,vehicle_theft,2
12.939524,77.659061,12,4,0,theft,2
12.984125,77.603749,18,6,1,assault,2
13.023313,77.547461,21,3,0,theft,1
12.932153,77.582466,19,4,0,theft,1
13.016969,77.691651,9,4,0,vehicle_theft,1
13.059963,77.752162,10,3,0,assault,1
13.028257,77.531703,23,2,0,burglary,2
12.925212,77.592003,21,2,0,burglary,2
13.007019,77.688903,18,4,0,theft,2
12.90217,77.609625,6,3,0,vehicle_theft,1
12.973657,77.607722,0,3,0,assault,3
13.033571,77.537856,20,6,1,assault,3
12.92854,77.578691,8,2,0,theft,1
12.964278,77.570145,16,6,1,theft,1
13.007888,77.694938,15,5,1,theft,1
12.975166,77.648499,20,4,0,harassment,1
12.939847,77.555677,8,6,1,burglary,1
12.898701,77.616027,7,0,0,assault,3
12.925241,77.546037,19,4,0,vehicle_theft,2
12.957532,77.707178,12,3,0,theft,1
13.011119,77.6982,9,0,0,assault,2
12.96988,77.578685,16,5,1,theft,1
12.97823,77.611827,15,5,1,theft,1
13.100524,77.615408,2,2,0,burglary,2
12.936651,77.622689,1,4,0,vehicle_theft,3
12.952779,77.700138,19,5,1,vehicle_theft,2
12.965384,77.588097,20,4,0,theft,1
13.097222,77.603091,7,5,1,vehicle_theft,3
12.929356,77.581149,23,5,1,fraud,1
12.976543,77.570419,13,0,0,theft,2
13.017443,77.690768,8,4,0,theft,1
13.044093,77.537833,3,6,1,vehicle_theft,2
12.977342,77.60983,23,2,0,assault,3
12.901133,77.609307,18,1,0,theft,1
12.842286,77.600102,8,0,0,theft,1
13.033012,77.519961,0,6,1,vehicle_theft,2
12.997836,77.567304,18,4,0,fraud,1
12.975426,77.607284,1,3,0,harassment,1
12.907153,77.586291,15,6,1,theft,1
12.849372,77.659342,23,3,0,burglary,2
12.976576,77.607211,19,3,0,theft,1
12.988428,77.604074,9,0,0,harassment,1
13.09863,77.592263,16,4,0,theft,1
12.952971,77.580604,8,2,0,fraud,1
12.918072,77.475713,22,2,0,theft,1
13.004482,77.571001,11,6,1,theft,1
12.918958,77.604542,16,3,0,theft,1
12.976694,77.531026,19,3,0,theft,1
12.9817,77.571504,18,1,0,theft,1
12.913695,77.583049,2,5,1,theft,1
12.866918,77.65974,4,4,0,burglary,3
12.916911,77.612311,19,2,0,harassment,2
12.915376,77.614268,22,2,0,theft,2
12.912038,77.640735,10,1,0,theft,1
12.976741,77.565952,23,3,0,theft,1
12.927881,77.586498,0,1,0,theft,1
13.010777,77.689872,8,5,1,vehicle_theft,3
12.94681,77.702648,0,3,0,burglary,2
12.970012,77.577359,7,1,0,theft,2
12.83,77.667839,1,6,1,burglary,2
12.977065,77.647412,5,2,0,harassment,1
12.999829,77.55612,20,6,1,burglary,1
12.955603,77.700733,17,6,1,vehicle_theft,3
12.933584,77.624626,2,5,1,harassment,1
13.001734,77.564199,21,2,0,theft,1
13.03911,77.596619,2,3,0,burglary,3
12.971723,77.577985,13,0,0,theft,1
12.849175,77.665693,3,4,0,vehicle_theft,2
12.914455,77.606838,11,3,0,vehicle_theft,2
12.890717,77.776413,4,2,0,theft,2
12.974406,77.644901,20,6,1,theft,1
12.959205,77.578532,13,1,0,theft,1
13.091419,77.584252,10,1,0,fraud,1
13.032807,77.535043,9,1,0,theft,1
12.981595,77.619132,3,3,0,theft,1
12.916608,77.610152,9,2,0,harassment,1
12.978176,77.606744,17,5,1,theft,1
12.892603,77.614566,21,4,0,vehicle_theft,3
13.008627,77.698585,19,4,0,vehicle_theft,2
12.91066,77.615598,0,1,0,vehicle_theft,3
12.971936,77.531274,15,6,1,theft,1
12.906705,77.61725,18,0,0,vehicle_theft,2
12.853941,77.669063,6,1,0,vehicle_theft,2
13.024339,77.542985,16,3,0,theft,3
13.130593,77.775908,5,0,0,harassment,1
13.113099,77.691023,18,5,1,fraud,1
12.980689,77.622799,22,6,1,assault,2
12.917151,77.576803,12,4,0,vehicle_theft,2
12.840878,77.657145,20,5,1,burglary,3
13.001294,77.558593,19,5,1,theft,1
12.988757,77.60689,16,5,1,theft,1
12.917977,77.60787,20,6,1,theft,1
12.927886,77.54665,17,3,0,burglary,2
12.843911,77.621827,14,1,0,assault,1
12.985543,77.605758,20,2,0,theft,2
12.875147,77.760669,3,1,0,assault,1
12.960047,77.755635,0,1,0,theft,1
12.960878,77.599967,9,4,0,vehicle_theft,2
13.005378,77.57074,16,2,0,fraud,1
12.969089,77.531158,16,2,0,burglary,3
12.933707,77.634997,2,4,0,harassment,2
12.968313,77.53385,20,2,0,vehicle_theft,2
13.024564,77.536503,6,3,0,theft,1
12.967669,77.577842,16,6,1,theft,1
12.983891,77.61812,20,0,0,assault,3
12.965401,77.571495,22,2,0,theft,2
12.969571,77.632383,2,5,1,assault,3
12.968575,77.524171,18,4,0,theft,1
12.971505,77.640484,1,3,0,harassment,1
12.973408,77.574229,17,0,0,theft,1
12.980819,77.620813,7,6,1,assault,3
13.004138,77.569211,19,0,0,fraud,1
13.020749,77.543209,18,2,0,assault,3
12.962982,77.585976,12,2,0,theft,1
12.909697,77.544446,21,3,0,vehicle_theft,3
12.967178,77.528707,18,3,0,theft,1
12.983009,77.759712,21,5,1,burglary,3
12.978015,77.570683,7,0,0,harassment,1
13.03594,77.598037,9,0,0,theft,1
12.980893,77.621898,23,4,0,assault,3
12.917919,77.650388,21,1,0,burglary,2
12.991987,77.606868,12,2,0,theft,1
12.927203,77.545521,19,1,0,theft,1
13.050385,77.612621,19,6,1,burglary,2
13.000775,77.556188,22,6,1,theft,1
12.969755,77.602947,9,5,1,harassment,2
12.936344,77.636328,2,6,1,assault,3
12.839032,77.643612,9,6,1,theft,1
12.906501,77.646701,2,5,1,fraud,1
12.903717,77.751563,19,5,1,fraud,2
12.996783,77.564399,22,2,0,theft,1
13.027836,77.541285,20,4,0,assault,3
12.915975,77.609916,19,6,1,theft,1
13.095991,77.596141,6,3,0,burglary,1
12.953799,77.695224,19,2,0,burglary,2
13.092543,77.742204,5,2,0,harassment,1
12.90765,77.583407,13,1,0,theft,1
13.071174,77.569042,19,3,0,harassment,2
12.974045,77.606723,1,0,0,harassment,2
13.002535,77.568957,13,0,0,theft,1
12.977107,77.605659,21,1,0,theft,1
12.902314,77.584736,4,4,0,burglary,2
12.977646,77.566457,14,2,0,fraud,1
12.964811,77.708392,16,1,0,vehicle_theft,2
12.945516,77.733878,23,1,0,burglary,2
12.92562,77.632875,20,6,1,theft,2
12.903794,77.589371,0,1,0,burglary,3
12.974308,77.608261,19,4,0,assault,3
12.975667,77.571342,1,0,0,harassment,2
12.841507,77.665487,0,6,1,vehicle_theft,2
12.930884,77.588146,10,1,0,theft,1
12.931777,77.583569,20,0,0,burglary,2
13.008889,77.698728,22,3,0,burglary,2
12.965784,77.750346,3,2,0,vehicle_theft,3
12.908861,77.584498,13,1,0,burglary,2
12.976984,77.607297,20,5,1,assault,3
12.968704,77.753252,23,4,0,theft,1
12.844435,77.660396,3,5,1,vehicle_theft,3
12.858687,77.50474,6,3,0,fraud,1
12.982782,77.619252,5,5,1,theft,1
12.966068,77.706737,10,3,0,theft,1
13.016103,77.622423,7,4,0,assault,1
13.031097,77.589949,21,2,0,assault,3
12.857971,77.643361,3,0,0,vehicle_theft,1
12.962616,77.577666,12,1,0,harassment,1
12.924691,77.633483,22,0,0,theft,1
12.971404,77.530814,0,1,0,theft,1
12.894824,77.773391,19,6,1,vehicle_theft,1
12.912981,77.587521,15,4,0,theft,1
12.972224,77.569761,21,3,0,assault,3
12.976335,77.613661,12,6,1,theft,1
12.934737,77.624773,9,3,0,vehicle_theft,2
12.907945,77.466357,3,6,1,vehicle_theft,2
12.998076,77.574385,14,0,0,theft,1
13.099441,77.596908,22,1,0,burglary,1
12.843234,77.760029,21,1,0,harassment,2
12.847085,77.646335,21,0,0,burglary,1
12.847985,77.652294,2,2,0,burglary,2
12.973523,77.608811,23,0,0,harassment,1
13.061244,77.770259,2,4,0,theft,1
13.079357,77.628282,16,0,0,assault,1
12.942596,77.62674,0,5,1,theft,1
12.975023,77.606914,3,4,0,assault,3
12.971969,77.640991,0,3,0,assault,3
13.012419,77.695897,12,0,0,theft,1
12.955088,77.697434,19,4,0,theft,2
12.972382,77.640299,21,4,0,assault,3
12.846446,77.663982,0,5,1,burglary,2
12.976783,77.638074,0,0,0,harassment,1
12.978777,77.61249,19,0,0,theft,1
12.973761,77.569532,14,5,1,theft,2
12.902898,77.639781,19,1,0,burglary,2
12.984831,77.600782,21,5,1,assault,3
12.848036,77.655233,20,5,1,vehicle_theft,2
12.969397,77.582229,16,4,0,theft,1
12.89576,77.586635,22,4,0,burglary,3
12.944642,77.615268,13,6,1,assault,3
13.008198,77.696171,20,3,0,vehicle_theft,2
12.999176,77.572341,16,3,0,theft,1
12.979444,77.57318,10,4,0,theft,2
12.979075,77.569681,9,6,1,harassment,2
12.973586,77.573015,20,5,1,harassment,1
12.985252,77.604577,21,4,0,harassment,2
13.005943,77.556925,11,1,0,theft,1
12.928783,77.553443,19,3,0,burglary,2
12.936567,77.612172,17,1,0,assault,3
13.09894,77.595834,0,5,1,vehicle_theft,2
13.008148,77.696708,6,5,1,theft,2
12.944223,77.484926,14,2,0,harassment,1
12.964081,77.577782,9,3,0,theft,1
12.986154,77.606367,11,5,1,theft,1
12.974142,77.607404,19,1,0,assault,3
13.005624,77.570635,3,6,1,theft,2
12.962625,77.575286,21,3,0,theft,1
12.929277,77.636612,23,6,1,theft,1
12.938636,77.6139,2,5,1,assault,2
13.105742,77.470057,18,0,0,burglary,1
13.011945,77.704143,22,5,1,burglary,1
12.977022,77.750999,23,0,0,theft,2
12.984048,77.605126,17,4,0,theft,2
12.973479,77.530032,13,3,0,theft,1
12.977457,77.532716,20,6,1,theft,1
12.911086,77.642017,0,3,0,theft,1
12.931726,77.554696,17,1,0,vehicle_theft,2
12.857279,77.645748,23,0,0,theft,3
12.978717,77.616262,0,1,0,harassment,1
13.034332,77.598021,19,5,1,vehicle_theft,2
12.997987,77.552635,20,0,0,burglary,2
12.956229,77.701209,21,1,0,vehicle_theft,2
12.97125,77.640476,23,6,1,vehicle_theft,2
12.972348,77.637671,22,4,0,assault,3
12.958872,77.704075,11,4,0,theft,1
12.922723,77.621484,0,5,1,vehicle_theft,1
13.004305,77.56704,12,4,0,theft,1
12.991891,77.572751,18,5,1,theft,1
12.979372,77.609474,19,6,1,assault,2
12.920621,77.547573,12,6,1,theft,1
12.924112,77.551821,6,5,1,theft,2
12.978939,77.568985,7,4,0,fraud,1
12.972119,77.57233,13,4,0,theft,1
12.9693,77.570621,12,0,0,theft,2
12.964234,77.742326,9,5,1,vehicle_theft,3
12.996136,77.554259,3,2,0,burglary,2
13.005644,77.559717,1,5,1,theft,2
12.919267,77.6194,19,0,0,theft,1
12.984704,77.60469,20,1,0,theft,1
13.010291,77.695022,8,0,0,theft,1
12.926335,77.546396,19,3,0,theft,1
12.903717,77.618842,8,6,1,vehicle_theft,2
12.996568,77.73618,4,3,0,fraud,2
12.909162,77.64076,20,2,0,burglary,2
12.954291,77.697393,17,4,0,vehicle_theft,3
12.969306,77.57994,18,5,1,fraud,1
12.957234,77.694371,0,1,0,vehicle_theft,3
12.927173,77.581565,4,0,0,theft,1
12.973731,77.635008,2,1,0,harassment,1
12.946773,77.700516,21,4,0,theft,1
12.984897,77.605047,13,6,1,assault,3
12.981328,77.56755,0,0,0,harassment,1
13.00505,77.570388,19,2,0,theft,1
12.987372,77.606602,22,0,0,theft,1
12.919187,77.609123,22,1,0,theft,1
13.035508,77.602739,9,1,0,assault,3
12.977592,77.574588,0,1,0,theft,1
12.915588,77.596704,1,5,1,theft,1
12.967209,77.620192,23,6,1,theft,1
12.965753,77.574345,13,6,1,theft,2
12.90595,77.589985,15,3,0,theft,2
13.001092,77.696163,8,5,1,vehicle_theft,1
12.966958,77.57582,11,3,0,theft,1
12.848675,77.654339,7,4,0,burglary,3
12.930027,77.582706,20,6,1,theft,1
12.976353,77.756602,3,5,1,theft,1
12.92521,77.553524,0,0,0,vehicle_theft,3
12.929201,77.631225,1,6,1,assault,2
13.035999,77.523783,5,5,1,vehicle_theft,2
12.986136,77.612008,21,4,0,harassment,1
12.918835,77.618269,19,5,1,harassment,1
12.947916,77.709528,14,1,0,vehicle_theft,2
12.966881,77.57789,11,2,0,theft,1
13.032656,77.53765,18,5,1,theft,1
12.909916,77.640995,3,4,0,burglary,2
13.039726,77.598061,11,5,1,assault,3
12.97007,77.746961,13,4,0,vehicle_theft,2
12.955278,77.701215,17,6,1,burglary,3
12.939205,77.584525,11,4,0,vehicle_theft,1
12.851445,77.651391,1,2,0,vehicle_theft,2
12.958417,77.580057,5,3,0,theft,1
12.930788,77.548428,21,1,0,theft,1
12.938193,77.618638,1,0,0,theft,1
12.990686,77.620358,23,5,1,theft,1
12.976822,77.570754,19,0,0,theft,1
12.898163,77.578391,19,5,1,theft,1
13.037442,77.597394,10,6,1,assault,2
13.007166,77.692841,3,4,0,theft,2
13.098894,77.587791,20,6,1,theft,1
12.939774,77.586829,5,3,0,fraud,1
12.958904,77.699851,20,1,0,vehicle_theft,2
12.98193,77.752451,23,1,0,fraud,1
12.991082,77.613832,16,0,0,theft,1
13.120271,77.562663,11,0,0,fraud,1
12.979568,77.605044,20,3,0,harassment,2
12.983324,77.569597,0,0,0,harassment,1
12.970964,77.579055,15,2,0,theft,1
12.993794,77.614556,8,5,1,theft,1
12.962881,77.586438,23,1,0,theft,1
12.986602,77.610609,10,5,1,theft,1
13.041648,77.541276,9,0,0,theft,1
12.918951,77.538525,19,6,1,theft,1
13.008429,77.685981,19,4,0,burglary,2
12.929851,77.542998,17,4,0,theft,2
12.97259,77.612338,23,4,0,assault,3
12.954269,77.700443,10,4,0,theft,1
12.980005,77.62125,17,5,1,assault,2
12.838718,77.665797,3,1,0,vehicle_theft,1
12.970089,77.639917,1,5,1,theft,1
12.975283,77.574374,10,6,1,theft,2
12.965517,77.574454,14,5,1,harassment,2
13.122251,77.734226,14,2,0,vehicle_theft,1
13.039522,77.504857,3,0,0,burglary,2
12.99697,77.56108,21,1,0,theft,1
12.970565,77.526015,21,4,0,vehicle_theft,2
12.96717,77.566086,1,5,1,theft,1
13.00002,77.554734,17,3,0,assault,3
12.937287,77.626224,23,5,1,theft,1
12.958777,77.703637,20,5,1,assault,3
12.968071,77.580688,10,4,0,theft,1
12.84556,77.680747,16,4,0,vehicle_theft,3
12.908417,77.60215,9,0,0,assault,3
12.90392,77.613373,10,2,0,assault,3
12.976781,77.571565,20,3,0,harassment,2
12.931343,77.543556,16,2,0,vehicle_theft,2
12.974807,77.605501,6,4,0,assault,3
12.92446,77.593696,19,0,0,burglary,2
12.929392,77.617566,0,0,0,theft,1
12.988508,77.526566,18,2,0,burglary,2
13.111125,77.596897,15,4,0,burglary,1
12.993243,77.708002,23,6,1,burglary,2
12.851423,77.651307,7,1,0,vehicle_theft,2
12.943223,77.588986,19,3,0,burglary,2
12.929438,77.583118,22,0,0,theft,1
12.965229,77.576648,19,6,1,theft,1
12.983532,77.600887,11,4,0,theft,2
12.936296,77.634055,22,2,0,vehicle_theft,3
12.923328,77.585044,13,0,0,theft,2
12.963661,77.577344,13,5,1,theft,2
12.934355,77.623261,8,0,0,assault,3
12.929832,77.587881,23,2,0,theft,1
13.002752,77.570351,11,2,0,theft,2
12.976227,77.529854,2,6,1,theft,2
12.925026,77.546239,1,4,0,theft,1
13.024927,77.512398,0,1,0,vehicle_theft,1
12.907779,77.624067,18,6,1,theft,1
13.039161,77.579165,12,3,0,theft,2
13.109446,77.611713,0,1,0,vehicle_theft,3
12.991758,77.695123,9,6,1,vehicle_theft,2
13.027559,77.537042,20,6,1,vehicle_theft,2
13.027452,77.539496,17,3,0,vehicle_theft,2
12.961714,77.597552,13,4,0,assault,1
12.968605,77.578401,21,3,0,theft,2
12.992405,77.568806,18,1,0,theft,1
12.91169,77.648766,19,3,0,theft,2
12.909169,77.64113,18,1,0,vehicle_theft,2
12.976076,77.530605,23,5,1,theft,1
13.019851,77.772622,22,6,1,fraud,2
12.930247,77.567878,15,6,1,assault,1
12.963798,77.580275,13,4,0,harassment,1
12.974538,77.606172,8,1,0,harassment,1
12.911485,77.641457,21,5,1,burglary,2
12.971688,77.753255,4,0,0,theft,2
12.850896,77.646523,17,2,0,burglary,3
12.958079,77.700619,10,0,0,burglary,2
12.98891,77.603967,11,0,0,theft,1
12.985395,77.605411,14,3,0,theft,2
12.998576,77.57376,11,1,0,fraud,1
13.086675,77.595733,23,0,0,burglary,2
13.030462,77.520379,18,1,0,vehicle_theft,1
12.993388,77.562555,19,3,0,theft,1
12.966257,77.748689,3,6,1,fraud,1
12.98374,77.569915,7,0,0,theft,1
12.957363,77.710429,19,3,0,vehicle_theft,3
12.917157,77.610641,16,2,0,burglary,3
13.0383,77.541058,11,5,1,theft,1
13.035231,77.517238,8,2,0,burglary,1
12.913029,77.63914,16,5,1,burglary,2
12.926188,77.545222,18,1,0,burglary,1
12.997857,77.554955,18,5,1,theft,1
12.99474,77.559542,11,1,0,theft,1
13.101248,77.594812,5,6,1,vehicle_theft,2
13.011582,77.693821,12,1,0,vehicle_theft,3
12.968602,77.748153,2,2,0,vehicle_theft,2
13.096726,77.593197,4,5,1,burglary,1
12.892856,77.774586,15,1,0,fraud,1
12.912956,77.610385,8,5,1,vehicle_theft,3
13.126643,77.552498,1,1,0,burglary,1
12.915886,77.609805,13,1,0,vehicle_theft,2
12.95523,77.703734,9,6,1,theft,1
12.838216,77.668712,0,4,0,vehicle_theft,1
12.960526,77.701136,7,5,1,vehicle_theft,2
12.929453,77.545476,16,1,0,burglary,2
12.972193,77.706684,16,0,0,theft,1
12.969959,77.750527,7,1,0,burglary,3
12.985851,77.602091,17,1,0,theft,1
12.962593,77.585378,19,4,0,theft,1
13.027521,77.523332,3,4,0,vehicle_theft,3
13.044168,77.593496,20,1,0,theft,1
13.104359,77.59735,5,4,0,burglary,2
12.956884,77.579194,6,1,0,assault,3
12.977213,77.740891,22,5,1,theft,1
12.999095,77.691621,17,5,1,burglary,1
13.000617,77.555753,21,6,1,theft,1
12.982425,77.617426,4,6,1,assault,3
12.903124,77.582728,21,1,0,theft,1
12.968099,77.579678,19,2,0,theft,2
12.969215,77.581142,20,0,0,theft,1
13.139745,77.460342,12,1,0,assault,1
13.037038,77.597825,7,1,0,theft,1
12.905587,77.621691,11,0,0,vehicle_theft,1
13.033153,77.517582,23,4,0,vehicle_theft,1
12.926346,77.583383,2,3,0,theft,1
13.037906,77.754719,8,1,0,fraud,1
12.974249,77.585268,5,4,0,harassment,1
12.974792,77.749522,20,1,0,vehicle_theft,2
12.9815,77.607448,1,5,1,harassment,1
12.848565,77.65674,0,2,0,theft,1
13.008101,77.696257,10,1,0,burglary,3
12.934545,77.624951,23,4,0,vehicle_theft,2
12.967428,77.579264,11,1,0,theft,1
12.969157,77.750507,1,4,0,vehicle_theft,3
12.964465,77.576281,11,3,0,theft,1
12.99303,77.545962,14,3,0,assault,3
12.83604,77.654834,23,4,0,burglary,2
13.036359,77.593885,20,3,0,vehicle_theft,2
12.920102,77.615079,18,2,0,vehicle_theft,2
12.962091,77.572046,20,2,0,harassment,2
12.966635,77.747979,1,0,0,vehicle_theft,3
13.003922,77.549955,22,5,1,assault,3
12.979775,77.74263,0,5,1,vehicle_theft,2
12.908841,77.621216,13,6,1,vehicle_theft,2
13.045482,77.648718,21,6,1,theft,1
13.012449,77.559284,19,4,0,theft,1
12.928614,77.548271,21,4,0,burglary,2
12.906524,77.585603,18,2,0,theft,1
12.909714,77.61456,23,3,0,burglary,2
12.852258,77.64797,4,3,0,burglary,3
12.914236,77.637108,21,6,1,theft,1
12.980789,77.564946,20,3,0,harassment,1
12.922082,77.646824,17,5,1,theft,1
12.969155,77.518491,19,2,0,theft,2
12.972106,77.566782,21,4,0,theft,1
12.963272,77.698776,9,3,0,theft,1
12.974381,77.771858,17,5,1,fraud,1
12.918758,77.546209,17,6,1,burglary,2
12.985407,77.617195,23,2,0,theft,2
12.980117,77.604191,0,4,0,harassment,1
13.007494,77.69348,8,3,0,burglary,1
12.984874,77.605048,12,2,0,theft,1
12.904524,77.618338,11,0,0,assault,3
12.920892,77.551272,16,3,0,burglary,2
12.932181,77.624634,3,5,1,theft,1
13.015834,77.681819,9,1,0,burglary,2
12.969586,77.575571,14,3,0,theft,1
12.852809,77.506499,22,3,0,burglary,1
13.026378,77.546013,18,3,0,theft,1
12.994113,77.565117,16,6,1,burglary,3
13.029167,77.594851,7,3,0,theft,1
12.910286,77.614016,7,4,0,vehicle_theft,2
12.997474,77.554755,22,3,0,burglary,1
13.010212,77.713977,9,3,0,vehicle_theft,2
12.95618,77.700834,19,6,1,theft,2
12.986024,77.61421,0,6,1,harassment,1
12.966303,77.645449,2,6,1,vehicle_theft,2
12.973811,77.644964,2,2,0,harassment,1
13.003683,77.697338,13,2,0,theft,1
12.897063,77.450556,19,2,0,theft,1
12.903368,77.579259,21,2,0,theft,1
12.960346,77.698962,20,3,0,theft,1
13.045332,77.521089,21,4,0,harassment,1
12.836904,77.660223,15,5,1,vehicle_theft,2
12.930186,77.645093,2,4,0,theft,1
12.984506,77.605401,16,0,0,theft,1
12.958213,77.583474,19,5,1,theft,1
12.889121,77.676207,15,1,0,vehicle_theft,1
13.011499,77.704309,20,1,0,vehicle_theft,3
12.907735,77.638377,11,1,0,burglary,1
12.933644,77.580283,22,1,0,theft,2
12.903448,77.591785,20,3,0,burglary,3
12.975048,77.607245,0,6,1,harassment,1
12.981902,77.606575,21,6,1,assault,3
13.096169,77.630289,11,5,1,fraud,1
12.932045,77.622947,1,2,0,assault,2
13.000047,77.554725,0,2,0,assault,3
12.966151,77.578561,19,6,1,harassment,1
12.930114,77.553449,2,0,0,burglary,2
13.089154,77.573451,4,6,1,theft,1
12.946623,77.697146,19,3,0,vehicle_theft,3
12.97309,77.63985,20,5,1,theft,1
12.995862,77.566593,11,2,0,theft,1
13.00291,77.698717,18,6,1,theft,1
12.96031,77.57199,22,1,0,theft,1
12.975189,77.608529,10,5,1,harassment,1
12.913882,77.623691,19,3,0,vehicle_theft,1
12.979893,77.636221,20,1,0,harassment,1
12.906828,77.587015,19,4,0,vehicle_theft,3
12.970454,77.639576,2,4,0,theft,1
12.905983,77.617252,22,5,1,theft,1
13.002214,77.566643,16,4,0,burglary,1
13.001928,77.570916,16,3,0,theft,1
12.940799,77.62782,0,6,1,theft,1
13.029853,77.534966,19,3,0,theft,1
12.961956,77.577302,20,3,0,harassment,1
12.975663,77.60618,2,4,0,harassment,1
12.97444,77.75534,5,2,0,burglary,3
13.035117,77.594729,21,1,0,burglary,2
12.99773,77.563752,17,0,0,burglary,2
12.919138,77.609686,19,4,0,vehicle_theft,2
12.846029,77.659064,16,3,0,fraud,2
12.941597,77.627964,2,1,0,harassment,1
12.905223,77.618288,10,6,1,vehicle_theft,1
12.969051,77.751237,15,2,0,fraud,2
12.972029,77.531225,19,3,0,vehicle_theft,2
12.966797,77.577146,17,0,0,assault,3
12.988069,77.573146,20,4,0,theft,1
12.97751,77.580009,16,3,0,theft,1
12.953881,77.704752,14,5,1,theft,1
12.98193,77.626926,5,2,0,assault,3
12.928947,77.584034,15,5,1,fraud,1
12.956323,77.700912,20,4,0,theft,1
12.965357,77.56708,20,1,0,theft,2
12.925369,77.612114,9,0,0,assault,3
13.005577,77.699464,17,1,0,burglary,2
13.02726,77.543657,8,0,0,assault,3
13.001155,77.56843,19,0,0,burglary,3
12.916532,77.54648,17,4,0,vehicle_theft,2
13.020448,77.540158,3,0,0,theft,1
13.034649,77.517383,1,2,0,burglary,2
12.97566,77.567717,5,2,0,harassment,1
12.952308,77.702051,8,4,0,vehicle_theft,2
12.98725,77.575721,18,4,0,theft,1
12.985324,77.56776,16,1,0,harassment,1
12.845219,77.660432,23,5,1,vehicle_theft,1
12.963089,77.576121,20,2,0,theft,2
12.855543,77.661013,1,6,1,burglary,2
13.022737,77.688909,0,0,0,theft,1
13.034329,77.598558,11,3,0,theft,1
13.077811,77.732273,9,2,0,vehicle_theft,2
13.104415,77.599031,2,4,0,vehicle_theft,2
12.926539,77.623104,22,4,0,assault,2
13.004543,77.567888,18,0,0,fraud,1
12.9793,77.578499,19,4,0,theft,2
12.998091,77.56682,23,0,0,theft,1
12.965635,77.573433,10,4,0,theft,2
12.96628,77.536923,22,5,1,burglary,2
12.987488,77.60986,17,2,0,theft,1
12.985922,77.602956,5,2,0,assault,2
12.974261,77.531463,21,0,0,vehicle_theft,2
13.062013,77.736465,12,4,0,assault,2
12.934158,77.632234,23,2,0,harassment,1
12.909694,77.639185,20,1,0,theft,2
13.004817,77.568212,22,2,0,burglary,2
12.967123,77.57601,19,4,0,theft,1
12.894418,77.478595,14,3,0,burglary,1
12.906509,77.623738,8,4,0,vehicle_theft,2
12.98119,77.601097,23,5,1,assault,3
12.949761,77.726238,1,2,0,harassment,1
13.100723,77.596264,23,1,0,vehicle_theft,3
12.995856,77.552732,18,1,0,assault,2
12.980795,77.54954,23,5,1,assault,3
12.980626,77.572704,20,4,0,assault,3
12.979825,77.611345,21,4,0,assault,3
12.961676,77.579241,23,6,1,theft,1
12.914308,77.638698,0,3,0,vehicle_theft,1
12.985335,77.604861,20,1,0,theft,1
12.84149,77.646202,5,0,0,theft,1
12.962178,77.581694,16,0,0,theft,2
12.965806,77.582098,13,3,0,assault,2
12.920174,77.606428,6,5,1,theft,1
12.928597,77.580301,20,4,0,burglary,2
12.976962,77.607301,1,5,1,assault,3
12.983103,77.599498,18,3,0,assault,3
13.003087,77.686176,9,4,0,vehicle_theft,2
12.980738,77.573205,1,1,0,fraud,1
12.975437,77.752867,0,1,0,theft,1
12.940554,77.622043,1,2,0,harassment,1
13.003739,77.556249,12,2,0,theft,3
12.983967,77.608586,18,5,1,theft,2
12.974392,77.744467,6,4,0,vehicle_theft,2
12.969635,77.564232,12,5,1,harassment,1
13.003723,77.566963,16,4,0,theft,1
12.9582,77.705564,18,2,0,theft,1
12.934973,77.627736,23,3,0,theft,1
12.934331,77.622738,13,6,1,theft,1
12.971711,77.606855,0,4,0,harassment,1
12.84738,77.666779,8,0,0,burglary,2
12.980975,77.601559,22,1,0,harassment,2
12.966536,77.575658,18,0,0,theft,1
12.911956,77.641341,19,6,1,vehicle_theft,2
13.005521,77.563204,5,2,0,theft,1
12.971237,77.517815,6,4,0,theft,2
12.930043,77.627991,4,1,0,harassment,1
12.965108,77.586081,16,0,0,fraud,1
12.934663,77.58497,12,4,0,theft,1
13.099598,77.592087,6,4,0,vehicle_theft,1
12.967841,77.548261,6,3,0,vehicle_theft,1
12.995408,77.577685,19,1,0,theft,2
12.970965,77.528025,2,0,0,burglary,2
12.978125,77.568344,11,0,0,theft,1
12.830878,77.656431,12,6,1,fraud,1
13.037054,77.59663,11,6,1,theft,1
12.981641,77.74643,6,0,0,vehicle_theft,3
12.972538,77.601668,3,5,1,assault,2
12.855766,77.654002,1,4,0,theft,1
12.912408,77.638995,19,3,0,burglary,2
12.916444,77.603022,16,6,1,burglary,1
12.998227,77.554275,3,6,1,theft,1
12.971481,77.573239,17,3,0,theft,1
12.953591,77.742131,2,4,0,burglary,2
12.909138,77.630638,4,4,0,burglary,3
12.968275,77.538269,3,5,1,vehicle_theft,2
12.91573,77.609891,17,2,0,burglary,2
12.90796,77.606551,21,6,1,harassment,1
12.983116,77.618999,2,5,1,assault,3
12.953209,77.700461,3,0,0,assault,3
13.003542,77.570398,20,3,0,fraud,1
13.016458,77.687688,18,0,0,theft,1
13.039962,77.528279,16,5,1,theft,1
13.026822,77.52413,3,0,0,vehicle_theft,3
12.98029,77.575469,13,4,0,harassment,1
12.975348,77.607178,21,5,1,harassment,1
13.058982,77.658526,6,1,0,theft,1
12.974599,77.608278,3,4,0,assault,2
12.978588,77.569824,20,5,1,fraud,1
13.022842,77.521964,2,4,0,vehicle_theft,3
12.974988,77.606999,4,6,1,harassment,1
13.033992,77.603139,11,5,1,theft,2
12.957009,77.703024,20,1,0,burglary,3
12.972106,77.64137,23,5,1,theft,1
12.841236,77.660033,9,2,0,burglary,2
12.997628,77.554919,23,2,0,theft,2
12.963537,77.746024,3,5,1,fraud,1
12.955048,77.700462,9,4,0,vehicle_theft,2
12.911234,77.635656,12,1,0,burglary,2
12.908198,77.585537,0,5,1,theft,1
12.968189,77.578397,9,3,0,fraud,1
12.963098,77.747594,15,5,1,burglary,2
12.952545,77.698671,9,4,0,burglary,2
13.001104,77.569467,9,2,0,theft,1
12.976987,77.570997,17,4,0,harassment,1
12.971678,77.640419,2,5,1,assault,3
12.961443,77.713537,11,3,0,vehicle_theft,1
12.983169,77.570612,18,3,0,harassment,2
12.833953,77.649596,3,2,0,theft,1
12.937688,77.640951,2,1,0,theft,1
12.980795,77.596067,17,3,0,harassment,2
13.05307,77.552644,18,4,0,fraud,2
12.92762,77.547025,22,0,0,vehicle_theft,1
13.027816,77.548746,9,0,0,vehicle_theft,1
12.973432,77.539864,16,3,0,theft,1
12.949002,77.68097,0,4,0,assault,2
12.909725,77.634166,3,5,1,fraud,1
13.001647,77.553403,19,1,0,theft,1
12.972783,77.636217,3,6,1,harassment,1
12.973127,77.530812,19,6,1,theft,1
12.872725,77.52839,4,6,1,burglary,1
12.980233,77.620361,22,6,1,theft,1
12.985144,77.604954,10,0,0,theft,1
12.957597,77.702452,8,3,0,burglary,1
12.979983,77.609544,3,3,0,harassment,1
13.011159,77.690346,6,2,0,vehicle_theft,2
13.023532,77.540507,6,3,0,vehicle_theft,2
12.948847,77.711557,21,6,1,fraud,1
12.971715,77.647208,0,0,0,theft,1
12.965409,77.578296,15,0,0,assault,3
13.00529,77.692729,9,1,0,theft,2
12.990805,77.599995,1,1,0,harassment,1
12.956048,77.70068,20,6,1,theft,1
12.905212,77.573107,19,3,0,theft,1
12.907871,77.617225,16,5,1,theft,1
12.983782,77.609745,17,0,0,harassment,1
12.973443,77.608745,3,3,0,harassment,2
13.034061,77.53797,11,1,0,theft,2
12.978174,77.610721,19,3,0,assault,3
12.98063,77.628404,22,6,1,theft,1
12.98969,77.610086,23,3,0,theft,2
12.947589,77.710678,6,3,0,burglary,1
12.976443,77.733022,5,4,0,theft,2
12.845059,77.660813,17,0,0,burglary,2
12.984327,77.604313,13,3,0,theft,1
12.986871,77.604712,18,5,1,assault,2
12.976901,77.571979,22,6,1,theft,1
12.967098,77.575646,20,5,1,theft,1
12.973244,77.642248,22,4,0,harassment,1
12.913158,77.638176,4,3,0,burglary,2
13.019057,77.543763,4,5,1,fraud,1
12.970157,77.645322,4,5,1,assault,3
12.954391,77.702361,11,5,1,vehicle_theft,1
12.995067,77.693884,17,0,0,assault,2
12.971179,77.641058,21,3,0,assault,2
12.979008,77.605382,2,5,1,theft,1
12.929515,77.554541,18,4,0,theft,1
12.973344,77.607837,23,0,0,assault,3
12.966968,77.529389,21,5,1,burglary,2
13.038677,77.603675,20,5,1,theft,2
13.033176,77.598795,8,6,1,theft,1
12.906098,77.581443,19,3,0,burglary,2
12.982878,77.61936,1,0,0,harassment,2
12.981086,77.527974,23,0,0,vehicle_theft,1
12.987213,77.604454,19,5,1,theft,1
12.95711,77.701156,11,0,0,vehicle_theft,2
12.972753,77.565728,9,2,0,theft,1
12.83,77.657962,21,6,1,vehicle_theft,2
12.964375,77.575766,8,3,0,harassment,1
12.957085,77.695303,23,5,1,vehicle_theft,2
12.905956,77.613293,22,1,0,vehicle_theft,2
12.850858,77.684531,8,6,1,fraud,2
13.044198,77.60216,21,5,1,vehicle_theft,2
12.97248,77.609768,2,2,0,theft,1
12.978786,77.571017,11,5,1,theft,1
12.962242,77.71636,7,1,0,assault,1
12.979716,77.573606,2,4,0,theft,1
12.90472,77.58105,23,4,0,theft,1
13.038736,77.586285,19,5,1,assault,2
12.97178,77.641224,18,3,0,theft,2
12.984316,77.606957,5,0,0,theft,1
12.99979,77.559913,19,3,0,burglary,2
12.984536,77.624259,1,3,0,harassment,1
12.975478,77.52295,22,2,0,theft,1
13.032938,77.596575,16,6,1,assault,3
13.032591,77.538218,13,3,0,theft,2
12.970355,77.639154,4,5,1,harassment,1
12.988135,77.604859,17,5,1,theft,1
12.986095,77.60376,10,5,1,theft,1
12.830126,77.56293,18,3,0,theft,2
12.991718,77.608986,11,2,0,assault,3
12.848984,77.661929,18,2,0,vehicle_theft,2
12.845265,77.673039,21,1,0,burglary,1
13.045778,77.524945,23,3,0,burglary,2
12.849669,77.658665,21,1,0,vehicle_theft,3
12.969591,77.576079,18,1,0,theft,1
13.139552,77.525142,5,5,1,harassment,1
12.985662,77.51815,5,1,0,vehicle_theft,1
12.977819,77.577423,10,4,0,fraud,2
12.922951,77.646948,20,2,0,theft,1
12.906151,77.592959,17,5,1,theft,2
12.984781,77.746827,22,0,0,theft,1
12.987445,77.746645,22,2,0,theft,2
12.978247,77.572276,14,6,1,theft,1
12.971667,77.747671,23,0,0,fraud,2
12.928119,77.622729,0,5,1,theft,1
12.975367,77.60507,20,5,1,assault,3
12.930079,77.626453,4,6,1,theft,1
12.986847,77.506118,2,0,0,burglary,1
13.030455,77.521972,4,3,0,vehicle_theft,2
12.911768,77.579018,9,4,0,burglary,2
12.931153,77.582715,0,5,1,burglary,2
12.937114,77.636776,0,2,0,theft,1
12.91932,77.63902,21,6,1,burglary,2
12.979512,77.650363,1,6,1,vehicle_theft,2
13.121864,77.570953,23,6,1,theft,1
12.978971,77.568755,18,0,0,theft,1
12.967473,77.529088,22,1,0,burglary,2
12.982526,77.621007,4,6,1,assault,3
12.9694,77.581661,16,6,1,theft,1
13.035903,77.513966,22,3,0,vehicle_theft,2
13.102704,77.641495,3,6,1,fraud,2
12.982653,77.625433,3,1,0,harassment,1
12.974786,77.611288,0,2,0,theft,1
12.971601,77.569221,11,0,0,theft,2
12.976257,77.536516,20,5,1,theft,1
12.976767,77.607802,4,1,0,assault,3
12.935769,77.62444,22,4,0,assault,2
12.916259,77.63828,22,3,0,burglary,1
12.844585,77.660965,2,0,0,burglary,2
12.913293,77.650734,23,4,0,assault,1
13.102764,77.49963,5,6,1,fraud,1
13.007149,77.577651,9,2,0,theft,2
12.911478,77.582843,22,4,0,burglary,2
12.978819,77.559447,19,3,0,theft,2
12.974242,77.607255,5,5,1,assault,3
12.951734,77.697837,22,1,0,harassment,1
12.972669,77.604315,12,4,0,harassment,1
12.963507,77.576907,6,3,0,theft,1
12.919957,77.544997,18,3,0,theft,2
13.039625,77.544353,9,3,0,vehicle_theft,2
12.919814,77.605305,22,4,0,harassment,2
12.980396,77.605868,23,0,0,theft,1
12.982212,77.60678,12,1,0,theft,2
13.001706,77.551509,20,5,1,theft,2
12.938395,77.625643,4,1,0,theft,1
12.964307,77.762471,3,5,1,burglary,1
12.929129,77.548667,5,3,0,vehicle_theft,2
12.972915,77.609551,3,2,0,harassment,1
12.949566,77.705627,9,0,0,vehicle_theft,2
12.919505,77.643512,20,6,1,theft,1
13.0474,77.768216,5,3,0,theft,1
13.007003,77.692796,9,1,0,assault,2
12.910098,77.616402,14,0,0,burglary,2
12.904364,77.621725,23,3,0,assault,3
13.099252,77.608437,22,1,0,vehicle_theft,3
12.932387,77.57475,14,3,0,theft,2
12.963027,77.577778,8,1,0,fraud,1
12.913262,77.614731,23,5,1,theft,1
13.041813,77.597442,2,5,1,vehicle_theft,2
12.975823,77.572074,9,4,0,theft,1
12.97763,77.643472,2,3,0,harassment,1
12.969565,77.535378,0,0,0,theft,2
12.970573,77.606983,10,6,1,assault,3
12.973323,77.746624,23,3,0,burglary,3
12.967733,77.578343,12,4,0,theft,1
12.916161,77.609241,9,4,0,burglary,2
12.97594,77.750725,16,4,0,vehicle_theft,2
12.93394,77.777286,6,6,1,theft,1
12.972741,77.607676,5,4,0,harassment,1
12.905473,77.584285,22,2,0,theft,1
13.00231,77.552891,22,1,0,burglary,1
12.969651,77.5314,19,5,1,theft,1
12.981406,77.575527,7,4,0,fraud,1
12.96852,77.75034,0,4,0,fraud,1
12.986873,77.606413,2,2,0,assault,3
12.916651,77.607648,22,2,0,harassment,2
13.009552,77.567468,2,5,1,harassment,2
13.03822,77.603327,18,2,0,theft,1
12.968173,77.7619,4,1,0,vehicle_theft,2
12.916225,77.609651,16,2,0,burglary,3
12.99899,77.706372,19,2,0,theft,1
12.971229,77.531919,1,1,0,theft,2
12.916779,77.608714,22,6,1,theft,2
12.901739,77.64407,19,0,0,burglary,2
12.929585,77.583107,19,2,0,theft,1
12.963022,77.646582,3,0,0,theft,1
12.975859,77.523854,14,0,0,burglary,3
12.97846,77.638861,0,1,0,theft,3
13.033318,77.52049,19,5,1,theft,1
12.984518,77.607403,6,3,0,theft,1
12.973921,77.749613,20,4,0,vehicle_theft,1
12.968508,77.753811,3,3,0,vehicle_theft,2
12.942739,77.618156,22,6,1,assault,2
12.95414,77.699612,8,6,1,vehicle_theft,2
12.956022,77.578829,14,0,0,theft,1
12.97348,77.608493,15,0,0,harassment,1
12.969398,77.638323,0,0,0,vehicle_theft,1
13.016692,77.540419,18,5,1,vehicle_theft,3
12.907987,77.725227,3,1,0,assault,1
12.987583,77.534441,21,6,1,vehicle_theft,3
12.931564,77.582312,22,2,0,theft,1
12.984775,77.60256,3,6,1,theft,1
12.984954,77.758699,1,2,0,burglary,2
13.029851,77.52117,3,1,0,theft,1
12.978401,77.576638,12,5,1,harassment,1
12.967587,77.580128,12,5,1,theft,1
12.848647,77.663303,18,0,0,theft,1
13.000876,77.550688,15,5,1,theft,2
12.873582,77.586443,21,5,1,fraud,1
12.924755,77.548755,20,4,0,vehicle_theft,3
12.981513,77.621805,9,5,1,theft,1
12.975924,77.573099,14,4,0,assault,3
12.912116,77.578926,23,4,0,theft,2
12.955589,77.709377,16,0,0,vehicle_theft,2
12.967804,77.57366,21,3,0,harassment,2
12.963975,77.576754,10,0,0,theft,1
12.992567,77.604999,11,5,1,assault,3
13.032112,77.548521,20,6,1,theft,1
12.962464,77.708533,15,5,1,vehicle_theft,2
12.935804,77.541379,13,3,0,theft,1
13.023791,77.514166,10,1,0,vehicle_theft,2
12.959146,77.712224,20,1,0,burglary,2
13.007281,77.552915,2,1,0,burglary,2
12.975932,77.603443,0,5,1,theft,1
12.917584,77.54273,1,1,0,theft,2
12.98389,77.618466,12,6,1,theft,2
12.977966,77.530707,18,1,0,burglary,2
13.002761,77.474145,22,4,0,vehicle_theft,1
12.995676,77.53082,15,3,0,burglary,1
12.976731,77.567647,11,6,1,fraud,1
12.907318,77.584421,23,0,0,burglary,2
12.912455,77.586622,1,6,1,theft,1
13.017099,77.684248,11,5,1,vehicle_theft,2
13.003963,77.568525,11,4,0,burglary,2
12.997722,77.555019,23,5,1,burglary,3
12.838926,77.666006,2,5,1,theft,1
12.861247,77.658813,3,0,0,assault,1
12.968943,77.607986,11,6,1,assault,3
12.962017,77.575756,7,2,0,fraud,1
13.105348,77.736237,13,6,1,fraud,1
12.843063,77.779263,13,4,0,harassment,2
12.94926,77.631034,23,1,0,harassment,1
12.930394,77.611219,1,1,0,assault,2
12.910931,77.60833,17,0,0,theft,1
13.034699,77.595537,21,0,0,assault,3
12.96118,77.576472,20,4,0,theft,1
12.960638,77.742568,0,1,0,vehicle_theft,1
12.966081,77.737265,11,0,0,fraud,2
12.972851,77.614122,22,3,0,theft,1
12.969298,77.524828,22,2,0,theft,1
12.985867,77.602223,13,0,0,theft,1
13.034966,77.596996,11,3,0,assault,3
12.954004,77.696621,20,5,1,theft,1
12.900472,77.618671,20,4,0,assault,3
12.980651,77.616699,21,3,0,assault,3
12.973039,77.57181,1,2,0,theft,1
13.001723,77.566127,15,4,0,theft,2
12.845887,77.650799,21,2,0,vehicle_theft,2
13.100855,77.596393,6,4,0,burglary,3
12.90952,77.651374,18,1,0,vehicle_theft,1
12.966372,77.58559,7,3,0,fraud,1
12.973443,77.532727,23,0,0,theft,2
13.095161,77.595872,22,1,0,vehicle_theft,2
12.844787,77.659625,23,4,0,theft,1
12.843394,77.660485,21,2,0,vehicle_theft,2
12.927379,77.545486,21,6,1,theft,2
12.960778,77.690892,18,0,0,assault,2
13.039837,77.520758,19,6,1,theft,1
12.958253,77.578196,10,4,0,theft,1
13.007338,77.69614,17,3,0,theft,1
12.912971,77.586147,20,4,0,burglary,2
12.921807,77.632714,9,2,0,vehicle_theft,1
12.92564,77.543772,19,5,1,burglary,1
12.963682,77.576633,18,5,1,harassment,1
13.002922,77.569534,19,5,1,theft,1
12.957681,77.702452,16,5,1,assault,3
12.995678,77.559486,1,0,0,assault,3
13.009757,77.704022,15,5,1,vehicle_theft,2
13.030742,77.598935,11,5,1,theft,1
12.947465,77.702437,8,0,0,burglary,2
12.976441,77.608354,0,6,1,assault,3
12.965871,77.707644,15,4,0,theft,1
13.02033,77.541276,19,4,0,theft,1
12.972884,77.59555,20,1,0,assault,2
12.910495,77.644537,14,5,1,theft,1
12.977592,77.601969,3,1,0,harassment,1
12.912113,77.640951,22,5,1,theft,1
12.92203,77.535457,10,4,0,burglary,2
13.096651,77.586034,23,0,0,burglary,2
13.021696,77.516042,12,5,1,burglary,2
12.938037,77.622919,3,4,0,assault,3
12.968211,77.607233,3,5,1,assault,3
12.976086,77.57874,20,3,0,fraud,2
12.971882,77.574339,18,6,1,theft,1
12.913147,77.610222,20,1,0,burglary,2
12.910488,77.649127,14,5,1,theft,1
13.013611,77.702908,15,3,0,burglary,3
12.90041,77.590347,17,4,0,burglary,2
12.986058,77.601826,17,0,0,assault,3
12.906185,77.619096,16,4,0,assault,3
12.903437,77.578011,23,5,1,theft,1
12.977343,77.608702,20,6,1,assault,3
12.906356,77.620914,18,4,0,vehicle_theft,2
12.977116,77.56969,16,5,1,theft,2
12.932185,77.584216,21,1,0,theft,2
12.925097,77.577388,15,3,0,theft,1
12.923971,77.644635,20,2,0,vehicle_theft,2
12.982585,77.548516,20,5,1,burglary,2
12.992986,77.569373,12,5,1,theft,1
13.045147,77.594946,21,3,0,vehicle_theft,2
12.963719,77.632584,9,0,0,harassment,1
12.961191,77.583263,12,1,0,theft,1
12.999353,77.557366,10,0,0,fraud,1
12.966505,77.574906,11,3,0,fraud,1
12.928872,77.535842,21,3,0,burglary,1
12.969598,77.573632,6,3,0,theft,1
12.972409,77.761978,1,5,1,theft,2
12.965269,77.573538,14,4,0,theft,1
13.086637,77.624009,20,3,0,assault,1
12.930833,77.548767,14,4,0,vehicle_theft,2
12.982676,77.630314,23,0,0,vehicle_theft,1
12.984407,77.604069,12,1,0,assault,3
12.964301,77.577813,19,2,0,theft,1
12.917734,77.715644,0,5,1,harassment,1
13.008806,77.687763,4,2,0,theft,1
12.959729,77.738617,16,3,0,theft,1
12.936049,77.634383,2,6,1,harassment,1
13.039392,77.520629,3,5,1,vehicle_theft,2
13.028073,77.602665,10,1,0,assault,3
12.915156,77.611544,0,3,0,harassment,1
12.955097,77.702118,7,6,1,vehicle_theft,2
12.977732,77.607315,8,4,0,assault,3
12.841976,77.668597,0,5,1,burglary,2
12.835989,77.652925,10,4,0,harassment,2
13.026356,77.544206,19,5,1,vehicle_theft,2
13.007373,77.697336,6,2,0,vehicle_theft,2
12.935769,77.628806,20,5,1,theft,2
12.972925,77.64228,22,2,0,theft,2
12.974731,77.638023,1,6,1,theft,1
12.975184,77.611691,11,2,0,theft,1
12.925003,77.546998,20,0,0,theft,1
13.001781,77.555288,21,2,0,theft,1
12.965093,77.529076,22,2,0,theft,2
12.917379,77.605227,22,0,0,theft,1
13.007646,77.694584,4,5,1,vehicle_theft,2
13.009452,77.695024,19,2,0,vehicle_theft,3
12.974894,77.582917,20,4,0,harassment,1
12.858994,77.641819,5,0,0,burglary,2
12.848263,77.658164,10,1,0,burglary,1
13.030638,77.519271,15,2,0,vehicle_theft,3
