CaseMasterID,CrimeNo,CaseNo,CrimeRegisteredDate,PolicePersonID,PoliceStationID,CaseCategoryID,GravityOffenceID,CrimeMajorHeadID,CrimeMinorHeadID,CaseStatusID,CourtID,IncidentFromDate,IncidentToDate,InfoReceivedPSDate,latitude,longitude,BriefFacts
9001,144010101202600001,202600001,2026-03-15,5001,440101,1,2,1,1,2,3001,2026-03-14 20:15:00,2026-03-14 20:30:00,2026-03-14 21:00:00,13.032433,77.557783,Complainant reports 3 motorcycles stolen from a paid parking lot near Yeshwanthpur station between 8:15-8:30pm.
9002,144060601202600001,202600001,2026-03-20,5007,440601,1,2,1,3,2,3006,2026-03-19 00:00:00,2026-03-19 00:00:00,2026-03-20 11:30:00,13.340396,77.11964,4 buyers report being sold motorcycles with forged registration transfer papers by a man identifying himself as a used-vehicle dealer.
9003,144020201202600001,202600001,2026-02-02,5003,440201,1,1,1,1,3,3002,2026-02-01 18:40:00,2026-02-01 18:50:00,2026-02-01 19:10:00,12.302372,76.650969,"4-5 men enter a jewellery shop near K.R. Market at closing time, threaten staff, and flee with gold ornaments worth approx. Rs 32 lakh."
9004,144030301202600001,202600001,2026-04-05,5004,440301,1,2,1,3,4,3003,2026-03-01 00:00:00,2026-04-04 00:00:00,2026-04-05 14:00:00,15.844547,74.502883,"Complainant took a small loan via a mobile app, was charged hidden fees far exceeding the loan, and received threatening calls to his contacts."
9005,144010102202600002,202600002,2026-04-10,5002,440102,1,2,1,3,4,3001,2026-03-10 00:00:00,2026-04-09 00:00:00,2026-04-10 16:20:00,12.962151,77.747892,"3 separate complainants in Whitefield report the same app pattern - hidden charges, morphed photos sent to family, threats."
9006,144040401202600001,202600001,2026-05-12,5005,440401,1,2,1,3,4,3004,2026-04-01 00:00:00,2026-05-10 00:00:00,2026-05-12 10:00:00,17.33438,76.836996,Owner discovers his agricultural land was 'sold' via forged power-of-attorney while he was working abroad; documents bear a notary stamp he never visited.
9007,144050501202600001,202600001,2026-06-03,5006,440501,1,2,1,4,4,3005,2026-06-02 02:00:00,2026-06-02 03:30:00,2026-06-02 08:00:00,12.907762,74.849484,"Warehouse storing imported electronics broken into overnight; approx 40 laptops and mobile phones stolen, lock forced."
9008,144070701202600001,202600001,2026-01-18,5009,440701,1,1,2,2,3,3007,2026-01-17 19:00:00,2026-01-17 19:20:00,2026-01-17 20:00:00,15.133152,76.927674,Worker who publicly demanded overdue wages is beaten by 3 men near the mine site gate; sustains a fractured arm.
9009,144080802202600001,202600001,2026-07-08,5012,440802,1,2,1,1,4,3008,2026-07-07 23:00:00,2026-07-08 01:00:00,2026-07-08 07:00:00,14.161451,75.02643,"6 cattle stolen from a farm shed near Sagar overnight; fence cut, tyre tracks leading to the main road."
9010,144060602202600002,202600002,2026-07-15,5008,440602,1,2,1,1,4,3006,2026-07-14 22:30:00,2026-07-15 00:30:00,2026-07-15 06:30:00,13.745379,76.901858,"5 cattle stolen from a farm near Sira overnight, same pattern as a prior Shivamogga complaint."
9011,144010102202600003,202600003,2026-08-01,5002,440102,1,2,1,3,1,3001,2026-06-15 00:00:00,2026-07-30 00:00:00,2026-08-01 09:00:00,12.971845,77.758155,Raid on a Whitefield office space following multiple victim complaints of fraudulent 'Microsoft support' calls resulting in remote-access bank fraud.
9012,144020202202600004,202600004,2026-02-20,5003,440202,1,2,2,2,2,3002,2026-02-19 21:00:00,2026-02-19 21:30:00,2026-02-19 22:15:00,12.326085,76.615557,Complainant reports being assaulted by her husband after a dispute; visible injuries noted by attending officer.
9013,144030301202600002,202600002,2026-05-22,5004,440301,1,2,1,4,4,3003,2026-05-21 01:00:00,2026-05-21 02:00:00,2026-05-21 07:30:00,15.854785,74.490934,"Locked residential garage broken into overnight, 2 scooters stolen; recovered a week later stripped of engine and body parts at an unrelated site."
9014,144040401202600002,202600002,2026-11-02,5005,440401,1,1,1,1,4,3004,2026-11-01 20:00:00,2026-11-01 20:15:00,2026-11-01 21:00:00,17.325265,76.835555,"During a wedding reception, 3 masked men snatch jewellery from 2 female guests in the parking area and flee on a bike."
9015,144050501202600002,202600002,2026-09-10,5006,440501,1,2,1,3,4,3005,2026-04-01 00:00:00,2026-09-05 00:00:00,2026-09-10 10:30:00,12.906588,74.855412,Firm 'CoastalGrow Investments' collected deposits promising 5% monthly returns from an estimated 60+ investors before its office shut and operators became unreachable.
9016,144070701202600002,202600002,2026-10-05,5009,440701,1,2,1,3,4,3007,2026-09-20 00:00:00,2026-10-04 00:00:00,2026-10-05 11:00:00,15.138779,76.918172,Bank reports a skimming device found on an ATM; 12 customers report unauthorized withdrawals totaling over Rs 6 lakh.
9017,144010103202600004,202600004,2026-10-18,5011,440103,1,2,1,3,4,3001,2026-10-08 00:00:00,2026-10-17 00:00:00,2026-10-18 09:45:00,13.000423,77.616753,"Similar skimming pattern identified at a Bengaluru ATM, same bank's device model; 8 customers affected."
9018,144080801202600001,202600001,2026-12-01,5010,440801,1,1,1,4,4,3008,2026-11-29 02:00:00,2026-11-29 05:00:00,2026-11-29 09:00:00,13.926738,75.569864,Forest range officer discovers 6 sandalwood trees felled overnight inside the reserve boundary; drag marks lead to an unmanned forest road exit.
9019,144010101202600002,202600002,2026-07-25,5001,440101,1,1,2,2,4,3001,2026-07-24 17:30:00,2026-07-24 17:45:00,2026-07-24 18:10:00,13.010818,77.554789,"Group clash outside a college gate involving 6+ young men, resulting in 2 hospitalized with head injuries; both sides claim the other started it."
1,440501202500001,202500001,2025-06-22,5006,440501,1,2,1,1,4,3005,2025-06-21 18:44:00,2025-06-21 18:59:00,2025-06-22 19:30:00,12.873258,74.832922,"Theft reported near Bejai, Dakshina Kannada. Investigation ongoing."
2,440201202400001,202400001,2024-03-09,5003,440201,1,2,1,1,4,3002,2024-03-08 10:24:00,2024-03-08 10:39:00,2024-03-09 11:30:00,12.300511,76.650547,"Theft reported near Chamarajapuram, Mysuru. Investigation ongoing."
3,440801202500001,202500001,2025-05-17,5010,440801,1,2,1,4,4,3008,2025-05-16 02:57:00,2025-05-16 02:59:00,2025-05-17 03:30:00,13.940662,75.576113,"Break-in reported at a shop near Vinobanagar, Shivamogga. Investigation ongoing."
4,440103202400001,202400001,2024-10-20,5002,440103,1,2,1,4,4,3001,2024-10-19 20:24:00,2024-10-19 20:39:00,2024-10-20 21:30:00,13.01206,77.637806,"Break-in reported at a shop near Lingarajapuram, Bengaluru Urban. Investigation ongoing."
5,440301202300001,202300001,2023-01-30,5004,440301,1,2,1,1,3,3003,2023-01-29 13:59:00,2023-01-29 13:59:00,2023-01-30 14:30:00,15.838355,74.503478,"Complainant reports valuables stolen from Shahapur, Belagavi. Case closed after investigation."
6,440101202500001,202500001,2025-09-26,5011,440101,1,2,1,3,4,3001,2025-09-25 14:58:00,2025-09-25 14:59:00,2025-09-26 15:30:00,12.98213,77.547721,"Complainant reports being defrauded in a transaction linked to Rajajinagar, Bengaluru Urban. Investigation ongoing."
7,440401202500001,202500001,2025-11-11,5005,440401,1,2,1,1,4,3004,2025-11-10 15:50:00,2025-11-10 15:59:00,2025-11-11 16:30:00,17.328202,76.828948,"Theft reported near Jewargi Road, Kalaburagi. Investigation ongoing."
8,440701202400001,202400001,2024-03-12,5009,440701,1,2,1,3,3,3007,2024-03-11 15:55:00,2024-03-11 15:59:00,2024-03-12 16:30:00,15.135162,76.931062,"Financial fraud reported by complainant, traced to Ballari Fort, Ballari. Case closed after investigation."
9,440103202400002,202400002,2024-11-17,5011,440103,1,2,1,1,1,3001,2024-11-15 17:10:00,2024-11-15 17:25:00,2024-11-17 18:30:00,13.006216,77.648149,"Theft reported near Banaswadi, Bengaluru Urban. Case registered; investigation to begin."
10,440501202300001,202300001,2023-11-22,5006,440501,1,2,1,1,4,3005,2023-11-21 09:08:00,2023-11-21 09:23:00,2023-11-22 10:30:00,12.8863,74.838504,"Complainant reports valuables stolen from Hampankatta, Dakshina Kannada. Investigation ongoing."
11,440202202500001,202500001,2025-02-06,5003,440202,1,2,1,1,1,3002,2025-02-05 06:26:00,2025-02-05 06:41:00,2025-02-06 07:30:00,12.303396,76.642161,"Theft reported near Srirampura, Mysuru. Case registered; investigation to begin."
12,440701202200001,202200001,2022-03-06,5009,440701,1,2,1,2,4,3007,2022-03-05 18:55:00,2022-03-05 18:59:00,2022-03-06 19:30:00,15.135552,76.928703,"Complainant sustained injuries in an assault near Ballari Fort, Ballari. Investigation ongoing."
13,440401202500002,202500002,2025-10-07,5005,440401,1,2,1,3,2,3004,2025-10-06 04:00:00,2025-10-06 04:15:00,2025-10-07 05:30:00,17.326715,76.848102,"Financial fraud reported by complainant, traced to Aiwan-e-Shahi, Kalaburagi. Investigation concluded; charge sheet filed."
14,440102202500001,202500001,2025-08-08,5001,440102,1,2,1,3,3,3001,2025-08-07 13:55:00,2025-08-07 13:59:00,2025-08-08 14:30:00,12.930282,77.746026,"Financial fraud reported by complainant, traced to Varthur, Bengaluru Urban. Case closed after investigation."
15,440102202200001,202200001,2022-06-04,5001,440102,1,2,1,3,4,3001,2022-04-07 00:00:00,2022-05-30 00:00:00,2022-06-04 01:30:00,12.959632,77.737779,"Financial fraud reported by complainant, traced to Whitefield, Bengaluru Urban. Investigation ongoing."
16,440401202400001,202400001,2024-02-20,5005,440401,1,2,1,2,3,3004,2024-02-19 23:23:00,2024-02-19 23:38:00,2024-02-20 23:30:00,17.335292,76.833637,"Complainant sustained injuries in an assault near Super Market, Kalaburagi. Case closed after investigation."
17,440601202200001,202200001,2022-05-16,5008,440601,1,2,1,2,2,3006,2022-05-15 22:05:00,2022-05-15 22:20:00,2022-05-16 23:30:00,13.336781,77.105212,"Complainant sustained injuries in an assault near S.S. Puram, Tumakuru. Investigation concluded; charge sheet filed."
18,440701202200002,202200002,2022-04-24,5009,440701,1,2,1,3,2,3007,2022-04-23 15:47:00,2022-04-23 15:59:00,2022-04-24 16:30:00,15.155013,76.919944,"Financial fraud reported by complainant, traced to Gandhi Nagar, Ballari. Investigation concluded; charge sheet filed."
19,440201202400002,202400002,2024-07-06,5003,440201,1,2,1,1,1,3002,2024-07-05 06:04:00,2024-07-05 06:19:00,2024-07-06 07:30:00,12.302321,76.657596,"Theft reported near Devaraja Market, Mysuru. Case registered; investigation to begin."
20,440601202600001,202600001,2026-05-25,5007,440601,1,1,1,1,4,3006,2026-05-23 07:05:00,2026-05-23 07:20:00,2026-05-25 08:30:00,13.364263,77.131398,"Theft reported near Antharasanahalli, Tumakuru. Investigation ongoing."
21,440601202300001,202300001,2023-06-16,5007,440601,1,2,1,4,4,3006,2023-06-15 22:54:00,2023-06-15 22:59:00,2023-06-16 23:30:00,13.339753,77.122192,"Burglary reported at a residence near Tumakuru City, Tumakuru. Investigation ongoing."
22,440202202300001,202300001,2023-06-24,5003,440202,1,2,1,1,2,3002,2023-06-23 12:52:00,2023-06-23 12:59:00,2023-06-24 13:30:00,12.293033,76.630586,"Theft reported near Srirampura, Mysuru. Investigation concluded; charge sheet filed."
23,440801202400001,202400001,2024-02-19,5012,440801,1,2,1,2,4,3008,2024-02-18 09:33:00,2024-02-18 09:48:00,2024-02-19 10:30:00,13.938604,75.577872,"Complainant sustained injuries in an assault near Sagar Road, Shivamogga. Investigation ongoing."
24,440602202400001,202400001,2024-02-04,5008,440602,1,2,1,3,1,3006,2024-02-03 15:55:00,2024-02-03 15:59:00,2024-02-04 16:30:00,13.656693,76.83238,"Complainant reports being defrauded in a transaction linked to Bukkapatna, Tumakuru. Case registered; investigation to begin."
25,440401202200001,202200001,2022-10-27,5005,440401,1,2,1,1,2,3004,2022-10-26 05:22:00,2022-10-26 05:37:00,2022-10-27 06:30:00,17.328311,76.833009,"Complainant reports valuables stolen from Station Bazaar, Kalaburagi. Investigation concluded; charge sheet filed."
26,440201202200001,202200001,2022-08-25,5003,440201,1,1,1,2,3,3002,2022-08-24 19:59:00,2022-08-24 19:59:00,2022-08-25 20:30:00,12.306004,76.653383,"Assault reported near Mysuru Palace, Mysuru following an altercation. Case closed after investigation."
27,440201202600001,202600001,2026-03-08,5003,440201,1,2,1,2,4,3002,2026-03-07 01:01:00,2026-03-07 01:16:00,2026-03-08 02:30:00,12.311278,76.648112,"Complainant sustained injuries in an assault near Devaraja Market, Mysuru. Investigation ongoing."
28,440103202400003,202400003,2024-02-29,5011,440103,1,1,1,2,3,3001,2024-02-28 20:59:00,2024-02-28 20:59:00,2024-02-29 21:30:00,13.013402,77.628998,"Assault reported near Kammanahalli, Bengaluru Urban following an altercation. Case closed after investigation."
29,440103202500001,202500001,2025-04-10,5002,440103,1,2,1,3,4,3001,2025-04-09 14:17:00,2025-04-09 14:32:00,2025-04-10 15:30:00,13.020474,77.657958,"Complainant reports being defrauded in a transaction linked to Banaswadi, Bengaluru Urban. Investigation ongoing."
30,440401202400002,202400002,2024-10-02,5005,440401,1,2,1,1,3,3004,2024-10-01 01:40:00,2024-10-01 01:55:00,2024-10-02 02:30:00,17.339614,76.841953,"Theft reported near Station Bazaar, Kalaburagi. Case closed after investigation."
31,440301202400001,202400001,2024-04-27,5004,440301,1,2,1,1,2,3003,2024-04-26 11:02:00,2024-04-26 11:17:00,2024-04-27 12:30:00,15.840584,74.519132,"Complainant reports valuables stolen from Shahapur, Belagavi. Investigation concluded; charge sheet filed."
32,440701202200003,202200003,2022-11-24,5009,440701,1,2,1,3,2,3007,2022-11-23 17:10:00,2022-11-23 17:25:00,2022-11-24 18:30:00,15.126169,76.921404,"Complainant reports being defrauded in a transaction linked to Ballari Fort, Ballari. Investigation concluded; charge sheet filed."
33,440201202600002,202600002,2026-01-14,5003,440201,1,2,1,2,3,3002,2026-01-13 14:06:00,2026-01-13 14:21:00,2026-01-14 15:30:00,12.312545,76.656366,"Complainant sustained injuries in an assault near Mysuru Palace, Mysuru. Case closed after investigation."
34,440103202200001,202200001,2022-11-20,5011,440103,1,2,1,1,3,3001,2022-11-19 20:35:00,2022-11-19 20:50:00,2022-11-20 21:30:00,13.012206,77.612299,"Theft reported near K.G. Halli, Bengaluru Urban. Case closed after investigation."
35,440301202300002,202300002,2023-09-19,5004,440301,1,2,1,1,3,3003,2023-09-18 12:24:00,2023-09-18 12:39:00,2023-09-19 13:30:00,15.849337,74.508668,"Theft reported near Shahapur, Belagavi. Case closed after investigation."
36,440701202400002,202400002,2024-12-02,5009,440701,1,1,1,2,1,3007,2024-12-01 09:21:00,2024-12-01 09:36:00,2024-12-02 10:30:00,15.127224,76.934148,"Complainant sustained injuries in an assault near Moka Road, Ballari. Case registered; investigation to begin."
37,440103202300001,202300001,2023-01-02,5001,440103,1,2,1,1,4,3001,2023-01-01 11:11:00,2023-01-01 11:26:00,2023-01-02 12:30:00,13.001516,77.628327,"Theft reported near Lingarajapuram, Bengaluru Urban. Investigation ongoing."
38,440701202400003,202400003,2024-11-24,5009,440701,1,2,1,2,3,3007,2024-11-23 13:09:00,2024-11-23 13:24:00,2024-11-24 14:30:00,15.157784,76.907261,"Complainant sustained injuries in an assault near Gandhi Nagar, Ballari. Case closed after investigation."
39,440801202200001,202200001,2022-06-26,5010,440801,1,2,1,1,2,3008,2022-06-24 08:35:00,2022-06-24 08:50:00,2022-06-26 09:30:00,13.917297,75.572865,"Complainant reports valuables stolen from Gopala, Shivamogga. Investigation concluded; charge sheet filed."
40,440102202200002,202200002,2022-10-11,5002,440102,1,2,1,4,3,3001,2022-10-10 10:20:00,2022-10-10 10:35:00,2022-10-11 11:30:00,12.945544,77.759776,"Burglary reported at a residence near Varthur, Bengaluru Urban. Case closed after investigation."
41,440201202200002,202200002,2022-10-10,5003,440201,1,2,1,1,4,3002,2022-10-09 10:55:00,2022-10-09 10:59:00,2022-10-10 11:30:00,12.30478,76.642011,"Complainant reports valuables stolen from Chamarajapuram, Mysuru. Investigation ongoing."
42,440701202200004,202200004,2022-06-26,5009,440701,1,2,1,4,4,3007,2022-06-25 04:00:00,2022-06-25 04:15:00,2022-06-26 05:30:00,15.140899,76.929003,"Burglary reported at a residence near Ballari Fort, Ballari. Investigation ongoing."
43,440401202400003,202400003,2024-06-28,5005,440401,1,2,1,4,2,3004,2024-06-27 06:49:00,2024-06-27 06:59:00,2024-06-28 07:30:00,17.335575,76.844015,"Burglary reported at a residence near Super Market, Kalaburagi. Investigation concluded; charge sheet filed."
44,440202202500002,202500002,2025-10-03,5003,440202,1,2,1,1,4,3002,2025-10-02 20:00:00,2025-10-02 20:15:00,2025-10-03 21:30:00,12.295998,76.644928,"Theft reported near Srirampura, Mysuru. Investigation ongoing."
45,440101202400001,202400001,2024-05-25,5002,440101,1,2,1,4,2,3001,2024-05-24 00:25:00,2024-05-24 00:40:00,2024-05-25 01:30:00,13.039022,77.551403,"Burglary reported at a residence near Yeshwanthpur, Bengaluru Urban. Investigation concluded; charge sheet filed."
46,440701202300001,202300001,2023-03-21,5009,440701,1,2,1,2,3,3007,2023-03-19 18:06:00,2023-03-19 18:21:00,2023-03-21 19:30:00,15.149376,76.910525,"Assault reported near Gandhi Nagar, Ballari following an altercation. Case closed after investigation."
47,440301202600001,202600001,2026-01-08,5004,440301,1,2,1,1,4,3003,2026-01-06 18:37:00,2026-01-06 18:52:00,2026-01-08 19:30:00,15.835962,74.513236,"Theft reported near Shahapur, Belagavi. Investigation ongoing."
48,440301202600002,202600002,2026-07-25,5004,440301,1,2,1,2,4,3003,2026-07-24 19:43:00,2026-07-24 19:58:00,2026-07-25 20:30:00,15.852739,74.487414,"Assault reported near Tilakwadi, Belagavi following an altercation. Investigation ongoing."
49,440103202300002,202300002,2023-09-27,5001,440103,1,2,1,2,2,3001,2023-09-26 18:58:00,2023-09-26 18:59:00,2023-09-27 19:30:00,13.012132,77.62049,"Complainant sustained injuries in an assault near K.G. Halli, Bengaluru Urban. Investigation concluded; charge sheet filed."
50,440601202200002,202200002,2022-05-20,5008,440601,1,2,1,2,3,3006,2022-05-19 20:28:00,2022-05-19 20:43:00,2022-05-20 21:30:00,13.32829,77.116663,"Complainant sustained injuries in an assault near Tumakuru City, Tumakuru. Case closed after investigation."
51,440701202200005,202200005,2022-12-06,5009,440701,1,2,1,3,3,3007,2022-09-11 00:00:00,2022-12-01 00:00:00,2022-12-06 01:30:00,15.138661,76.931231,"Complainant reports being defrauded in a transaction linked to Ballari Fort, Ballari. Case closed after investigation."
52,440701202400004,202400004,2024-11-07,5009,440701,1,2,1,1,3,3007,2024-11-06 14:39:00,2024-11-06 14:54:00,2024-11-07 15:30:00,15.133058,76.934376,"Theft reported near Moka Road, Ballari. Case closed after investigation."
53,440601202200003,202200003,2022-12-27,5008,440601,1,2,1,3,2,3006,2022-12-26 10:47:00,2022-12-26 10:59:00,2022-12-27 11:30:00,13.337241,77.103461,"Complainant reports being defrauded in a transaction linked to Batawadi, Tumakuru. Investigation concluded; charge sheet filed."
54,440601202200004,202200004,2022-02-18,5008,440601,1,2,1,1,2,3006,2022-02-17 19:16:00,2022-02-17 19:31:00,2022-02-18 20:30:00,13.347977,77.131347,"Complainant reports valuables stolen from Antharasanahalli, Tumakuru. Investigation concluded; charge sheet filed."
55,440102202400001,202400001,2024-07-21,5011,440102,1,2,1,4,3,3001,2024-07-19 03:23:00,2024-07-19 03:38:00,2024-07-21 04:30:00,12.974094,77.746861,"Burglary reported at a residence near Whitefield, Bengaluru Urban. Case closed after investigation."
56,440401202600001,202600001,2026-08-19,5005,440401,1,2,1,1,4,3004,2026-08-18 11:58:00,2026-08-18 11:59:00,2026-08-19 12:30:00,17.330345,76.818879,"Complainant reports valuables stolen from Station Bazaar, Kalaburagi. Investigation ongoing."
57,440501202300002,202300002,2023-11-11,5006,440501,1,2,1,3,2,3005,2023-09-18 00:00:00,2023-11-06 00:00:00,2023-11-11 01:30:00,12.882616,74.873154,"Financial fraud reported by complainant, traced to Kadri, Dakshina Kannada. Investigation concluded; charge sheet filed."
58,440101202200001,202200001,2022-08-22,5002,440101,1,2,1,1,1,3001,2022-08-21 08:15:00,2022-08-21 08:30:00,2022-08-22 09:30:00,12.992568,77.557288,"Complainant reports valuables stolen from Rajajinagar, Bengaluru Urban. Case registered; investigation to begin."
59,440601202200005,202200005,2022-11-02,5008,440601,1,2,1,3,4,3006,2022-11-01 10:19:00,2022-11-01 10:34:00,2022-11-02 11:30:00,13.364866,77.134724,"Financial fraud reported by complainant, traced to Antharasanahalli, Tumakuru. Investigation ongoing."
60,440103202200002,202200002,2022-07-24,5011,440103,1,2,1,4,2,3001,2022-07-23 02:29:00,2022-07-23 02:44:00,2022-07-24 03:30:00,12.998474,77.625722,"Burglary reported at a residence near Lingarajapuram, Bengaluru Urban. Investigation concluded; charge sheet filed."
61,440101202400002,202400002,2024-01-24,5001,440101,1,2,1,1,2,3001,2024-01-23 15:49:00,2024-01-23 15:59:00,2024-01-24 16:30:00,12.997821,77.566487,"Theft reported near Malleshwaram, Bengaluru Urban. Investigation concluded; charge sheet filed."
62,440401202500003,202500003,2025-08-30,5005,440401,1,2,1,3,3,3004,2025-06-13 00:00:00,2025-08-24 00:00:00,2025-08-30 01:30:00,17.328927,76.835883,"Financial fraud reported by complainant, traced to Super Market, Kalaburagi. Case closed after investigation."
63,440801202600001,202600001,2026-08-20,5010,440801,1,2,1,4,4,3008,2026-08-18 21:50:00,2026-08-18 21:59:00,2026-08-20 22:30:00,13.953655,75.577293,"Burglary reported at a residence near Sagar Road, Shivamogga. Investigation ongoing."
64,440202202500003,202500003,2025-05-07,5003,440202,1,2,1,2,2,3002,2025-05-06 23:08:00,2025-05-06 23:23:00,2025-05-07 23:30:00,12.303648,76.632007,"Assault reported near Srirampura, Mysuru following an altercation. Investigation concluded; charge sheet filed."
65,440601202200006,202200006,2022-04-01,5007,440601,1,2,1,2,2,3006,2022-03-31 22:47:00,2022-03-31 22:59:00,2022-04-01 23:30:00,13.332403,77.118893,"Complainant sustained injuries in an assault near Tumakuru City, Tumakuru. Investigation concluded; charge sheet filed."
66,440103202300003,202300003,2023-01-23,5011,440103,1,2,1,1,2,3001,2023-01-22 09:13:00,2023-01-22 09:28:00,2023-01-23 10:30:00,13.01536,77.635967,"Theft reported near Lingarajapuram, Bengaluru Urban. Investigation concluded; charge sheet filed."
67,440601202500001,202500001,2025-02-01,5008,440601,1,2,1,2,2,3006,2025-01-31 21:16:00,2025-01-31 21:31:00,2025-02-01 22:30:00,13.339621,77.11292,"Complainant sustained injuries in an assault near S.S. Puram, Tumakuru. Investigation concluded; charge sheet filed."
68,440202202300002,202300002,2023-11-20,5003,440202,1,2,1,3,4,3002,2023-11-19 06:09:00,2023-11-19 06:24:00,2023-11-20 07:30:00,12.297675,76.61557,"Financial fraud reported by complainant, traced to Kuvempunagar, Mysuru. Investigation ongoing."
69,440102202400002,202400002,2024-02-21,5011,440102,1,2,1,1,3,3001,2024-02-20 11:01:00,2024-02-20 11:16:00,2024-02-21 12:30:00,12.943201,77.742545,"Complainant reports valuables stolen from Varthur, Bengaluru Urban. Case closed after investigation."
70,440202202600001,202600001,2026-04-08,5003,440202,1,2,1,3,4,3002,2026-04-06 08:00:00,2026-04-06 08:15:00,2026-04-08 09:30:00,12.291714,76.648985,"Complainant reports being defrauded in a transaction linked to Srirampura, Mysuru. Investigation ongoing."
71,440401202300001,202300001,2023-10-15,5005,440401,1,2,1,1,4,3004,2023-10-14 09:58:00,2023-10-14 09:59:00,2023-10-15 10:30:00,17.318054,76.812327,"Theft reported near Jewargi Road, Kalaburagi. Investigation ongoing."
72,440501202500002,202500002,2025-07-23,5006,440501,1,2,1,3,3,3005,2025-07-22 16:12:00,2025-07-22 16:27:00,2025-07-23 17:30:00,12.879154,74.835835,"Complainant reports being defrauded in a transaction linked to Hampankatta, Dakshina Kannada. Case closed after investigation."
73,440101202300001,202300001,2023-12-05,5001,440101,1,2,1,1,3,3001,2023-12-04 08:47:00,2023-12-04 08:59:00,2023-12-05 09:30:00,13.001177,77.575744,"Theft reported near Malleshwaram, Bengaluru Urban. Case closed after investigation."
74,440501202200001,202200001,2022-07-06,5006,440501,1,2,1,3,4,3005,2022-07-05 09:50:00,2022-07-05 09:59:00,2022-07-06 10:30:00,12.918392,74.839444,"Financial fraud reported by complainant, traced to Kavoor, Dakshina Kannada. Investigation ongoing."
75,440201202600003,202600003,2026-05-26,5003,440201,1,2,1,1,4,3002,2026-05-25 14:44:00,2026-05-25 14:59:00,2026-05-26 15:30:00,12.309323,76.647598,"Theft reported near Mysuru Palace, Mysuru. Investigation ongoing."
76,440401202500004,202500004,2025-11-05,5005,440401,1,2,1,3,4,3004,2025-11-04 10:18:00,2025-11-04 10:33:00,2025-11-05 11:30:00,17.32413,76.833695,"Complainant reports being defrauded in a transaction linked to Jewargi Road, Kalaburagi. Investigation ongoing."
77,440101202300002,202300002,2023-08-08,5001,440101,1,2,1,3,4,3001,2023-08-07 17:24:00,2023-08-07 17:39:00,2023-08-08 18:30:00,13.0352,77.508838,"Financial fraud reported by complainant, traced to Peenya, Bengaluru Urban. Investigation ongoing."
78,440102202500002,202500002,2025-04-03,5002,440102,1,2,1,1,4,3001,2025-04-02 19:12:00,2025-04-02 19:27:00,2025-04-03 20:30:00,12.961535,77.750509,"Theft reported near Whitefield, Bengaluru Urban. Investigation ongoing."
79,440701202400005,202400005,2024-02-20,5009,440701,1,2,1,2,4,3007,2024-02-19 22:32:00,2024-02-19 22:47:00,2024-02-20 23:30:00,15.145725,76.919171,"Assault reported near Gandhi Nagar, Ballari following an altercation. Investigation ongoing."
80,440401202200002,202200002,2022-03-26,5005,440401,1,2,1,1,2,3004,2022-03-25 12:28:00,2022-03-25 12:43:00,2022-03-26 13:30:00,17.327379,76.83991,"Theft reported near Super Market, Kalaburagi. Investigation concluded; charge sheet filed."
81,440301202400002,202400002,2024-04-14,5004,440301,1,2,1,1,2,3003,2024-04-13 13:28:00,2024-04-13 13:43:00,2024-04-14 14:30:00,15.851015,74.497969,"Complainant reports valuables stolen from Tilakwadi, Belagavi. Investigation concluded; charge sheet filed."
82,440401202200003,202200003,2022-08-20,5005,440401,1,2,1,4,3,3004,2022-08-19 20:40:00,2022-08-19 20:55:00,2022-08-20 21:30:00,17.335092,76.835112,"Break-in reported at a shop near Aiwan-e-Shahi, Kalaburagi. Case closed after investigation."
83,440501202500003,202500003,2025-09-05,5006,440501,1,2,1,3,4,3005,2025-09-04 07:47:00,2025-09-04 07:59:00,2025-09-05 08:30:00,13.010103,74.796904,"Financial fraud reported by complainant, traced to Surathkal, Dakshina Kannada. Investigation ongoing."
84,440301202500001,202500001,2025-11-18,5004,440301,1,2,1,2,4,3003,2025-11-17 17:12:00,2025-11-17 17:27:00,2025-11-18 18:30:00,15.849053,74.487389,"Complainant sustained injuries in an assault near Tilakwadi, Belagavi. Investigation ongoing."
85,440301202300003,202300003,2023-05-18,5004,440301,1,2,1,4,4,3003,2023-05-17 23:37:00,2023-05-17 23:52:00,2023-05-18 23:30:00,15.836053,74.487193,"Burglary reported at a residence near Vadgaon, Belagavi. Investigation ongoing."
86,440102202300001,202300001,2023-01-19,5001,440102,1,2,1,1,3,3001,2023-01-17 21:45:00,2023-01-17 21:59:00,2023-01-19 22:30:00,12.995964,77.747865,"Complainant reports valuables stolen from Kadugodi, Bengaluru Urban. Case closed after investigation."
87,440401202400004,202400004,2024-10-30,5005,440401,1,2,1,3,2,3004,2024-09-20 00:00:00,2024-10-28 00:00:00,2024-10-30 01:30:00,17.319268,76.842022,"Complainant reports being defrauded in a transaction linked to Aiwan-e-Shahi, Kalaburagi. Investigation concluded; charge sheet filed."
88,440202202400001,202400001,2024-11-10,5003,440202,1,2,1,1,2,3002,2024-11-09 21:56:00,2024-11-09 21:59:00,2024-11-10 22:30:00,12.27665,76.61309,"Complainant reports valuables stolen from Ramakrishnanagar, Mysuru. Investigation concluded; charge sheet filed."
89,440102202300002,202300002,2023-08-23,5002,440102,1,2,1,2,3,3001,2023-08-21 19:52:00,2023-08-21 19:59:00,2023-08-23 20:30:00,12.972124,77.726869,"Complainant sustained injuries in an assault near Brookefield, Bengaluru Urban. Case closed after investigation."
90,440701202600001,202600001,2026-03-24,5009,440701,1,2,1,1,4,3007,2026-03-23 20:08:00,2026-03-23 20:23:00,2026-03-24 21:30:00,15.131518,76.931115,"Theft reported near Moka Road, Ballari. Investigation ongoing."
91,440202202500004,202500004,2025-05-28,5003,440202,1,2,1,3,1,3002,2025-05-27 14:08:00,2025-05-27 14:23:00,2025-05-28 15:30:00,12.286634,76.634065,"Financial fraud reported by complainant, traced to Srirampura, Mysuru. Case registered; investigation to begin."
92,440102202300003,202300003,2023-03-12,5001,440102,1,2,1,2,4,3001,2023-03-11 21:48:00,2023-03-11 21:59:00,2023-03-12 22:30:00,12.94548,77.760141,"Complainant sustained injuries in an assault near Varthur, Bengaluru Urban. Investigation ongoing."
93,440202202500005,202500005,2025-06-13,5003,440202,1,2,1,1,1,3002,2025-06-12 15:25:00,2025-06-12 15:40:00,2025-06-13 16:30:00,12.280921,76.616222,"Theft reported near Ramakrishnanagar, Mysuru. Case registered; investigation to begin."
94,440501202200002,202200002,2022-02-05,5006,440501,1,2,1,4,3,3005,2022-02-04 04:32:00,2022-02-04 04:47:00,2022-02-05 05:30:00,13.017941,74.795283,"Break-in reported at a shop near Surathkal, Dakshina Kannada. Case closed after investigation."
95,440701202400006,202400006,2024-11-29,5009,440701,1,2,1,4,2,3007,2024-11-28 00:51:00,2024-11-28 00:59:00,2024-11-29 01:30:00,15.161005,76.916119,"Burglary reported at a residence near Gandhi Nagar, Ballari. Investigation concluded; charge sheet filed."
96,440202202400002,202400002,2024-11-27,5003,440202,1,1,1,2,4,3002,2024-11-26 18:34:00,2024-11-26 18:49:00,2024-11-27 19:30:00,12.282487,76.617355,"Assault reported near Ramakrishnanagar, Mysuru following an altercation. Investigation ongoing."
97,440401202300002,202300002,2023-06-06,5005,440401,1,2,1,2,2,3004,2023-06-05 18:05:00,2023-06-05 18:20:00,2023-06-06 19:30:00,17.339561,76.837854,"Complainant sustained injuries in an assault near Super Market, Kalaburagi. Investigation concluded; charge sheet filed."
98,440701202300002,202300002,2023-03-23,5009,440701,1,2,1,4,3,3007,2023-03-22 01:04:00,2023-03-22 01:19:00,2023-03-23 02:30:00,15.133,76.934582,"Break-in reported at a shop near Moka Road, Ballari. Case closed after investigation."
99,440301202400003,202400003,2024-06-28,5004,440301,1,2,1,1,2,3003,2024-06-27 11:10:00,2024-06-27 11:25:00,2024-06-28 12:30:00,15.840444,74.491813,"Complainant reports valuables stolen from Tilakwadi, Belagavi. Investigation concluded; charge sheet filed."
100,440301202400004,202400004,2024-10-14,5004,440301,1,2,1,4,4,3003,2024-10-13 19:57:00,2024-10-13 19:59:00,2024-10-14 20:30:00,15.826609,74.515101,"Burglary reported at a residence near Shahapur, Belagavi. Investigation ongoing."
101,440101202400003,202400003,2024-12-02,5011,440101,1,2,1,3,3,3001,2024-11-30 18:39:00,2024-11-30 18:54:00,2024-12-02 19:30:00,13.030941,77.521154,"Financial fraud reported by complainant, traced to Peenya, Bengaluru Urban. Case closed after investigation."
102,440301202500002,202500002,2025-04-06,5004,440301,1,2,1,4,2,3003,2025-04-05 02:49:00,2025-04-05 02:59:00,2025-04-06 03:30:00,15.824876,74.476371,"Burglary reported at a residence near Vadgaon, Belagavi. Investigation concluded; charge sheet filed."
103,440701202400007,202400007,2024-01-30,5009,440701,1,2,1,1,2,3007,2024-01-29 13:30:00,2024-01-29 13:45:00,2024-01-30 14:30:00,15.146653,76.929115,"Theft reported near Ballari Fort, Ballari. Investigation concluded; charge sheet filed."
104,440701202200006,202200006,2022-03-21,5009,440701,1,2,1,1,3,3007,2022-03-20 11:07:00,2022-03-20 11:22:00,2022-03-21 12:30:00,15.140258,76.913341,"Complainant reports valuables stolen from Gandhi Nagar, Ballari. Case closed after investigation."
105,440401202400005,202400005,2024-01-01,5005,440401,1,2,1,3,2,3004,2023-12-31 17:18:00,2023-12-31 17:33:00,2024-01-01 18:30:00,17.324055,76.841286,"Complainant reports being defrauded in a transaction linked to Super Market, Kalaburagi. Investigation concluded; charge sheet filed."
106,440301202400005,202400005,2024-10-21,5004,440301,1,2,1,1,4,3003,2024-10-20 17:13:00,2024-10-20 17:28:00,2024-10-21 18:30:00,15.846703,74.513544,"Complainant reports valuables stolen from Camp, Belagavi. Investigation ongoing."
107,440801202500002,202500002,2025-03-10,5010,440801,1,2,1,2,4,3008,2025-03-09 15:51:00,2025-03-09 15:59:00,2025-03-10 16:30:00,13.918468,75.573347,"Assault reported near Gopala, Shivamogga following an altercation. Investigation ongoing."
108,440601202300002,202300002,2023-05-08,5007,440601,1,2,1,2,3,3006,2023-05-07 17:35:00,2023-05-07 17:50:00,2023-05-08 18:30:00,13.362606,77.147816,"Assault reported near Antharasanahalli, Tumakuru following an altercation. Case closed after investigation."
109,440202202400003,202400003,2024-12-05,5003,440202,1,1,1,4,2,3002,2024-12-04 21:22:00,2024-12-04 21:37:00,2024-12-05 22:30:00,12.292892,76.621551,"Break-in reported at a shop near Kuvempunagar, Mysuru. Investigation concluded; charge sheet filed."
110,440102202200003,202200003,2022-01-07,5002,440102,1,2,1,1,3,3001,2022-01-06 22:51:00,2022-01-06 22:59:00,2022-01-07 23:30:00,12.962081,77.743333,"Complainant reports valuables stolen from Whitefield, Bengaluru Urban. Case closed after investigation."
111,440201202400003,202400003,2024-04-24,5003,440201,1,2,1,1,4,3002,2024-04-23 15:35:00,2024-04-23 15:50:00,2024-04-24 16:30:00,12.300252,76.637902,"Theft reported near Chamarajapuram, Mysuru. Investigation ongoing."
112,440103202400004,202400004,2024-06-11,5011,440103,1,2,1,4,2,3001,2024-06-10 03:20:00,2024-06-10 03:35:00,2024-06-11 04:30:00,12.998629,77.622147,"Break-in reported at a shop near K.G. Halli, Bengaluru Urban. Investigation concluded; charge sheet filed."
113,440103202300004,202300004,2023-09-06,5001,440103,1,2,1,4,2,3001,2023-09-05 19:00:00,2023-09-05 19:15:00,2023-09-06 20:30:00,13.004188,77.618472,"Break-in reported at a shop near K.G. Halli, Bengaluru Urban. Investigation concluded; charge sheet filed."
114,440501202300003,202300003,2023-07-13,5006,440501,1,2,1,1,4,3005,2023-07-12 14:59:00,2023-07-12 14:59:00,2023-07-13 15:30:00,13.0087,74.803235,"Theft reported near Surathkal, Dakshina Kannada. Investigation ongoing."
115,440101202500002,202500002,2025-05-11,5002,440101,1,2,1,1,2,3001,2025-05-10 12:18:00,2025-05-10 12:33:00,2025-05-11 13:30:00,13.033679,77.576092,"Theft reported near Mathikere, Bengaluru Urban. Investigation concluded; charge sheet filed."
116,440202202400004,202400004,2024-04-26,5003,440202,1,2,1,3,2,3002,2024-04-25 14:26:00,2024-04-25 14:41:00,2024-04-26 15:30:00,12.287645,76.615981,"Financial fraud reported by complainant, traced to Ramakrishnanagar, Mysuru. Investigation concluded; charge sheet filed."
117,440201202400004,202400004,2024-09-09,5003,440201,1,2,1,1,3,3002,2024-09-08 21:30:00,2024-09-08 21:45:00,2024-09-09 22:30:00,12.315373,76.647835,"Theft reported near Devaraja Market, Mysuru. Case closed after investigation."
118,440401202300003,202300003,2023-10-07,5005,440401,1,2,1,1,1,3004,2023-10-06 19:34:00,2023-10-06 19:49:00,2023-10-07 20:30:00,17.323037,76.824477,"Complainant reports valuables stolen from Jewargi Road, Kalaburagi. Case registered; investigation to begin."
119,440801202300001,202300001,2023-12-11,5012,440801,1,2,1,3,2,3008,2023-12-10 08:13:00,2023-12-10 08:28:00,2023-12-11 09:30:00,13.939764,75.576106,"Financial fraud reported by complainant, traced to Vinobanagar, Shivamogga. Investigation concluded; charge sheet filed."
120,440802202600001,202600001,2026-07-04,5012,440802,1,2,1,4,1,3008,2026-07-02 04:58:00,2026-07-02 04:59:00,2026-07-04 05:30:00,14.156037,75.063805,"Break-in reported at a shop near Sagar, Shivamogga. Case registered; investigation to begin."
121,440501202400001,202400001,2024-12-30,5006,440501,1,2,1,1,2,3005,2024-12-29 21:17:00,2024-12-29 21:32:00,2024-12-30 22:30:00,12.905241,74.822398,"Theft reported near Kavoor, Dakshina Kannada. Investigation concluded; charge sheet filed."
122,440401202300004,202300004,2023-12-14,5005,440401,1,2,1,1,3,3004,2023-12-13 13:56:00,2023-12-13 13:59:00,2023-12-14 14:30:00,17.336148,76.816735,"Complainant reports valuables stolen from Station Bazaar, Kalaburagi. Case closed after investigation."
123,440701202300003,202300003,2023-02-23,5009,440701,1,2,1,1,4,3007,2023-02-22 16:57:00,2023-02-22 16:59:00,2023-02-23 17:30:00,15.139341,76.935292,"Theft reported near Cowl Bazaar, Ballari. Investigation ongoing."
124,440202202600002,202600002,2026-02-15,5003,440202,1,2,1,1,4,3002,2026-02-14 12:52:00,2026-02-14 12:59:00,2026-02-15 13:30:00,12.297637,76.617658,"Theft reported near Kuvempunagar, Mysuru. Investigation ongoing."
125,440401202600002,202600002,2026-03-03,5005,440401,1,2,1,1,4,3004,2026-03-02 18:45:00,2026-03-02 18:59:00,2026-03-03 19:30:00,17.309704,76.838144,"Complainant reports valuables stolen from Jewargi Road, Kalaburagi. Investigation ongoing."
126,440202202300003,202300003,2023-02-22,5003,440202,1,2,1,3,3,3002,2023-02-20 11:20:00,2023-02-20 11:35:00,2023-02-22 12:30:00,12.295777,76.616262,"Financial fraud reported by complainant, traced to Kuvempunagar, Mysuru. Case closed after investigation."
127,440601202200007,202200007,2022-04-21,5008,440601,1,2,1,3,3,3006,2022-04-20 10:23:00,2022-04-20 10:38:00,2022-04-21 11:30:00,13.362862,77.13505,"Financial fraud reported by complainant, traced to Antharasanahalli, Tumakuru. Case closed after investigation."
128,440103202300005,202300005,2023-10-18,5011,440103,1,2,1,1,2,3001,2023-10-17 10:21:00,2023-10-17 10:36:00,2023-10-18 11:30:00,13.01274,77.629703,"Theft reported near Kammanahalli, Bengaluru Urban. Investigation concluded; charge sheet filed."
129,440401202300005,202300005,2023-09-17,5005,440401,1,2,1,3,3,3004,2023-09-16 14:44:00,2023-09-16 14:59:00,2023-09-17 15:30:00,17.326882,76.832307,"Financial fraud reported by complainant, traced to Station Bazaar, Kalaburagi. Case closed after investigation."
130,440501202600001,202600001,2026-07-29,5006,440501,1,2,1,3,4,3005,2026-07-28 13:52:00,2026-07-28 13:59:00,2026-07-29 14:30:00,12.884658,74.846307,"Complainant reports being defrauded in a transaction linked to Hampankatta, Dakshina Kannada. Investigation ongoing."
131,440801202500003,202500003,2025-06-10,5010,440801,1,2,1,4,2,3008,2025-06-09 03:46:00,2025-06-09 03:59:00,2025-06-10 04:30:00,13.910524,75.563701,"Burglary reported at a residence near Gopala, Shivamogga. Investigation concluded; charge sheet filed."
132,440201202500001,202500001,2025-12-08,5003,440201,1,2,1,1,4,3002,2025-12-07 17:08:00,2025-12-07 17:23:00,2025-12-08 18:30:00,12.299425,76.64679,"Complainant reports valuables stolen from Chamarajapuram, Mysuru. Investigation ongoing."
133,440201202400005,202400005,2024-11-04,5003,440201,1,2,1,1,4,3002,2024-11-03 00:45:00,2024-11-03 00:59:00,2024-11-04 01:30:00,12.30655,76.656611,"Complainant reports valuables stolen from Sayyaji Rao Road, Mysuru. Investigation ongoing."
134,440601202400001,202400001,2024-01-02,5008,440601,1,2,1,2,3,3006,2024-01-01 08:44:00,2024-01-01 08:59:00,2024-01-02 09:30:00,13.33577,77.094775,"Assault reported near S.S. Puram, Tumakuru following an altercation. Case closed after investigation."
135,440501202300004,202300004,2023-08-20,5006,440501,1,2,1,1,3,3005,2023-08-19 10:33:00,2023-08-19 10:48:00,2023-08-20 11:30:00,12.893483,74.842578,"Theft reported near Kadri, Dakshina Kannada. Case closed after investigation."
136,440301202400006,202400006,2024-04-11,5004,440301,1,2,1,3,4,3003,2024-04-10 15:32:00,2024-04-10 15:47:00,2024-04-11 16:30:00,15.821323,74.481123,"Complainant reports being defrauded in a transaction linked to Vadgaon, Belagavi. Investigation ongoing."
137,440202202600003,202600003,2026-06-19,5003,440202,1,2,1,2,1,3002,2026-06-18 21:53:00,2026-06-18 21:59:00,2026-06-19 22:30:00,12.288595,76.610224,"Assault reported near Kuvempunagar, Mysuru following an altercation. Case registered; investigation to begin."
138,440202202300004,202300004,2023-12-16,5003,440202,1,2,1,1,3,3002,2023-12-15 13:02:00,2023-12-15 13:17:00,2023-12-16 14:30:00,12.278856,76.626403,"Theft reported near Vidyaranyapuram, Mysuru. Case closed after investigation."
139,440501202500004,202500004,2025-08-05,5006,440501,1,2,1,4,4,3005,2025-08-04 07:00:00,2025-08-04 07:15:00,2025-08-05 08:30:00,12.85845,74.844398,"Break-in reported at a shop near Hampankatta, Dakshina Kannada. Investigation ongoing."
140,440501202500005,202500005,2025-10-18,5006,440501,1,2,1,3,4,3005,2025-10-17 12:22:00,2025-10-17 12:37:00,2025-10-18 13:30:00,12.910243,74.843024,"Complainant reports being defrauded in a transaction linked to Kavoor, Dakshina Kannada. Investigation ongoing."
141,440801202500004,202500004,2025-08-11,5010,440801,1,2,1,1,4,3008,2025-08-10 16:38:00,2025-08-10 16:53:00,2025-08-11 17:30:00,13.91374,75.565392,"Theft reported near Gopala, Shivamogga. Investigation ongoing."
142,440102202600001,202600001,2026-01-20,5001,440102,1,2,1,3,2,3001,2025-11-12 00:00:00,2026-01-15 00:00:00,2026-01-20 01:30:00,12.925362,77.743481,"Complainant reports being defrauded in a transaction linked to Varthur, Bengaluru Urban. Investigation concluded; charge sheet filed."
143,440801202500005,202500005,2025-01-30,5012,440801,1,2,1,3,2,3008,2025-01-28 13:23:00,2025-01-28 13:38:00,2025-01-30 14:30:00,13.94683,75.56657,"Complainant reports being defrauded in a transaction linked to Vinobanagar, Shivamogga. Investigation concluded; charge sheet filed."
144,440202202400005,202400005,2024-01-03,5003,440202,1,2,1,1,2,3002,2024-01-02 07:44:00,2024-01-02 07:59:00,2024-01-03 08:30:00,12.285179,76.612726,"Complainant reports valuables stolen from Kuvempunagar, Mysuru. Investigation concluded; charge sheet filed."
145,440103202500002,202500002,2025-03-07,5011,440103,1,2,1,3,3,3001,2025-03-06 17:21:00,2025-03-06 17:36:00,2025-03-07 18:30:00,12.999221,77.62348,"Complainant reports being defrauded in a transaction linked to K.G. Halli, Bengaluru Urban. Case closed after investigation."
146,440601202200008,202200008,2022-08-29,5008,440601,1,2,1,1,3,3006,2022-08-28 11:39:00,2022-08-28 11:54:00,2022-08-29 12:30:00,13.366505,77.129257,"Complainant reports valuables stolen from Antharasanahalli, Tumakuru. Case closed after investigation."
147,440701202300004,202300004,2023-11-01,5009,440701,1,2,1,1,3,3007,2023-10-31 06:39:00,2023-10-31 06:54:00,2023-11-01 07:30:00,15.142718,76.934013,"Theft reported near Cowl Bazaar, Ballari. Case closed after investigation."
148,440601202600002,202600002,2026-02-24,5007,440601,1,2,1,4,4,3006,2026-02-23 02:22:00,2026-02-23 02:37:00,2026-02-24 03:30:00,13.346657,77.1135,"Break-in reported at a shop near Tumakuru City, Tumakuru. Investigation ongoing."
149,440401202200004,202200004,2022-10-31,5005,440401,1,2,1,3,2,3004,2022-10-30 17:52:00,2022-10-30 17:59:00,2022-10-31 18:30:00,17.332922,76.816879,"Complainant reports being defrauded in a transaction linked to Station Bazaar, Kalaburagi. Investigation concluded; charge sheet filed."
150,440103202600001,202600001,2026-03-24,5011,440103,1,2,1,1,4,3001,2026-03-23 19:28:00,2026-03-23 19:43:00,2026-03-24 20:30:00,13.009436,77.633373,"Complainant reports valuables stolen from Lingarajapuram, Bengaluru Urban. Investigation ongoing."
151,440701202500001,202500001,2025-10-14,5009,440701,1,2,1,1,4,3007,2025-10-13 20:46:00,2025-10-13 20:59:00,2025-10-14 21:30:00,15.131751,76.916531,"Complainant reports valuables stolen from Ballari Fort, Ballari. Investigation ongoing."
152,440801202500006,202500006,2025-10-26,5010,440801,1,1,1,2,2,3008,2025-10-25 21:13:00,2025-10-25 21:28:00,2025-10-26 22:30:00,13.95437,75.579902,"Complainant sustained injuries in an assault near Sagar Road, Shivamogga. Investigation concluded; charge sheet filed."
153,440801202200002,202200002,2022-05-29,5012,440801,1,2,1,2,3,3008,2022-05-28 15:37:00,2022-05-28 15:52:00,2022-05-29 16:30:00,13.931832,75.579055,"Assault reported near Vinobanagar, Shivamogga following an altercation. Case closed after investigation."
154,440202202400006,202400006,2024-12-03,5003,440202,1,2,1,4,4,3002,2024-12-02 04:01:00,2024-12-02 04:16:00,2024-12-03 05:30:00,12.284535,76.627457,"Break-in reported at a shop near Vidyaranyapuram, Mysuru. Investigation ongoing."
155,440501202300005,202300005,2023-02-25,5006,440501,1,2,1,2,3,3005,2023-02-24 21:51:00,2023-02-24 21:59:00,2023-02-25 22:30:00,12.874272,74.847339,"Complainant sustained injuries in an assault near Bejai, Dakshina Kannada. Case closed after investigation."
156,440501202500006,202500006,2025-01-21,5006,440501,1,2,1,3,2,3005,2025-01-20 12:11:00,2025-01-20 12:26:00,2025-01-21 13:30:00,12.857685,74.830473,"Complainant reports being defrauded in a transaction linked to Hampankatta, Dakshina Kannada. Investigation concluded; charge sheet filed."
157,440501202300006,202300006,2023-05-28,5006,440501,1,2,1,3,4,3005,2023-05-27 16:45:00,2023-05-27 16:59:00,2023-05-28 17:30:00,12.883001,74.864826,"Financial fraud reported by complainant, traced to Bejai, Dakshina Kannada. Investigation ongoing."
158,440202202500006,202500006,2025-01-17,5003,440202,1,2,1,1,3,3002,2025-01-16 12:55:00,2025-01-16 12:59:00,2025-01-17 13:30:00,12.293152,76.641941,"Complainant reports valuables stolen from Srirampura, Mysuru. Case closed after investigation."
159,440202202300005,202300005,2023-11-13,5003,440202,1,2,1,3,4,3002,2023-11-12 12:51:00,2023-11-12 12:59:00,2023-11-13 13:30:00,12.273434,76.61334,"Financial fraud reported by complainant, traced to Ramakrishnanagar, Mysuru. Investigation ongoing."
160,440103202400005,202400005,2024-11-11,5001,440103,1,2,1,2,2,3001,2024-11-10 22:30:00,2024-11-10 22:45:00,2024-11-11 23:30:00,13.014707,77.62702,"Assault reported near K.G. Halli, Bengaluru Urban following an altercation. Investigation concluded; charge sheet filed."
161,440801202500007,202500007,2025-05-01,5012,440801,1,2,1,1,4,3008,2025-04-30 16:17:00,2025-04-30 16:32:00,2025-05-01 17:30:00,13.932827,75.565516,"Complainant reports valuables stolen from Gopala, Shivamogga. Investigation ongoing."
162,440401202300006,202300006,2023-09-19,5005,440401,1,2,1,1,2,3004,2023-09-18 10:42:00,2023-09-18 10:57:00,2023-09-19 11:30:00,17.328862,76.85133,"Theft reported near Aiwan-e-Shahi, Kalaburagi. Investigation concluded; charge sheet filed."
163,440601202400002,202400002,2024-08-10,5007,440601,1,2,1,1,2,3006,2024-08-09 21:46:00,2024-08-09 21:59:00,2024-08-10 22:30:00,13.344736,77.102001,"Complainant reports valuables stolen from S.S. Puram, Tumakuru. Investigation concluded; charge sheet filed."
164,440501202500007,202500007,2025-07-22,5006,440501,1,2,1,3,2,3005,2025-07-21 11:26:00,2025-07-21 11:41:00,2025-07-22 12:30:00,12.918049,74.851683,"Complainant reports being defrauded in a transaction linked to Kavoor, Dakshina Kannada. Investigation concluded; charge sheet filed."
165,440103202400006,202400006,2024-07-04,5002,440103,1,2,1,3,3,3001,2024-07-03 07:44:00,2024-07-03 07:59:00,2024-07-04 08:30:00,13.014726,77.6199,"Complainant reports being defrauded in a transaction linked to K.G. Halli, Bengaluru Urban. Case closed after investigation."
166,440202202500007,202500007,2025-10-15,5003,440202,1,2,1,3,4,3002,2025-08-30 00:00:00,2025-10-13 00:00:00,2025-10-15 01:30:00,12.286948,76.63577,"Financial fraud reported by complainant, traced to Srirampura, Mysuru. Investigation ongoing."
167,440103202300006,202300006,2023-09-07,5001,440103,1,1,1,2,3,3001,2023-09-06 22:48:00,2023-09-06 22:59:00,2023-09-07 23:30:00,13.015228,77.637667,"Complainant sustained injuries in an assault near Kammanahalli, Bengaluru Urban. Case closed after investigation."
168,440301202300004,202300004,2023-11-24,5004,440301,1,2,1,2,4,3003,2023-11-23 21:44:00,2023-11-23 21:59:00,2023-11-24 22:30:00,15.848259,74.508083,"Complainant sustained injuries in an assault near Tilakwadi, Belagavi. Investigation ongoing."
169,440501202300007,202300007,2023-01-29,5006,440501,1,2,1,2,2,3005,2023-01-28 20:13:00,2023-01-28 20:28:00,2023-01-29 21:30:00,12.877851,74.828862,"Assault reported near Hampankatta, Dakshina Kannada following an altercation. Investigation concluded; charge sheet filed."
170,440102202200004,202200004,2022-05-06,5001,440102,1,2,1,4,4,3001,2022-05-05 06:51:00,2022-05-05 06:59:00,2022-05-06 07:30:00,12.99237,77.773798,"Break-in reported at a shop near Kadugodi, Bengaluru Urban. Investigation ongoing."
171,440401202400006,202400006,2024-01-24,5005,440401,1,2,1,4,2,3004,2024-01-22 05:45:00,2024-01-22 05:59:00,2024-01-24 06:30:00,17.341356,76.83618,"Burglary reported at a residence near Super Market, Kalaburagi. Investigation concluded; charge sheet filed."
172,440202202200001,202200001,2022-04-24,5003,440202,1,2,1,1,3,3002,2022-04-23 18:31:00,2022-04-23 18:46:00,2022-04-24 19:30:00,12.294689,76.610187,"Complainant reports valuables stolen from Kuvempunagar, Mysuru. Case closed after investigation."
173,440301202200001,202200001,2022-11-20,5004,440301,1,2,1,4,2,3003,2022-11-19 02:12:00,2022-11-19 02:27:00,2022-11-20 03:30:00,15.827772,74.510201,"Break-in reported at a shop near Shahapur, Belagavi. Investigation concluded; charge sheet filed."
174,440202202500008,202500008,2025-12-01,5003,440202,1,2,1,3,3,3002,2025-11-30 12:46:00,2025-11-30 12:59:00,2025-12-01 13:30:00,12.297613,76.622279,"Complainant reports being defrauded in a transaction linked to Kuvempunagar, Mysuru. Case closed after investigation."
175,440102202400003,202400003,2024-11-19,5011,440102,1,2,1,2,2,3001,2024-11-18 18:23:00,2024-11-18 18:38:00,2024-11-19 19:30:00,12.968582,77.712547,"Assault reported near Brookefield, Bengaluru Urban following an altercation. Investigation concluded; charge sheet filed."
176,440201202300001,202300001,2023-07-13,5003,440201,1,2,1,4,3,3002,2023-07-12 22:03:00,2023-07-12 22:18:00,2023-07-13 23:30:00,12.301506,76.64544,"Break-in reported at a shop near Chamarajapuram, Mysuru. Case closed after investigation."
177,440201202300002,202300002,2023-07-24,5003,440201,1,2,1,4,4,3002,2023-07-23 06:58:00,2023-07-23 06:59:00,2023-07-24 07:30:00,12.312775,76.655341,"Break-in reported at a shop near Sayyaji Rao Road, Mysuru. Investigation ongoing."
178,440301202500003,202500003,2025-10-25,5004,440301,1,2,1,1,1,3003,2025-10-24 08:43:00,2025-10-24 08:58:00,2025-10-25 09:30:00,15.829577,74.499494,"Complainant reports valuables stolen from Shahapur, Belagavi. Case registered; investigation to begin."
179,440701202300005,202300005,2023-03-08,5009,440701,1,2,1,1,4,3007,2023-03-07 20:40:00,2023-03-07 20:55:00,2023-03-08 21:30:00,15.129207,76.926487,"Theft reported near Moka Road, Ballari. Investigation ongoing."
180,440103202300007,202300007,2023-12-07,5001,440103,1,2,1,2,3,3001,2023-12-05 09:24:00,2023-12-05 09:39:00,2023-12-07 10:30:00,13.020341,77.635679,"Complainant sustained injuries in an assault near Kammanahalli, Bengaluru Urban. Case closed after investigation."
181,440701202500002,202500002,2025-11-08,5009,440701,1,2,1,3,2,3007,2025-11-07 11:31:00,2025-11-07 11:46:00,2025-11-08 12:30:00,15.147755,76.915234,"Complainant reports being defrauded in a transaction linked to Gandhi Nagar, Ballari. Investigation concluded; charge sheet filed."
182,440701202200007,202200007,2022-06-25,5009,440701,1,2,1,4,2,3007,2022-06-24 05:19:00,2022-06-24 05:34:00,2022-06-25 06:30:00,15.147229,76.922789,"Burglary reported at a residence near Cowl Bazaar, Ballari. Investigation concluded; charge sheet filed."
183,440101202500003,202500003,2025-10-06,5011,440101,1,2,1,1,4,3001,2025-10-05 20:23:00,2025-10-05 20:38:00,2025-10-06 21:30:00,13.021614,77.557874,"Theft reported near Yeshwanthpur, Bengaluru Urban. Investigation ongoing."
184,440701202600002,202600002,2026-03-16,5009,440701,1,2,1,2,1,3007,2026-03-15 20:14:00,2026-03-15 20:29:00,2026-03-16 21:30:00,15.12559,76.944562,"Assault reported near Moka Road, Ballari following an altercation. Case registered; investigation to begin."
185,440101202200002,202200002,2022-01-06,5001,440101,1,2,1,4,3,3001,2022-01-05 17:04:00,2022-01-05 17:19:00,2022-01-06 18:30:00,13.024167,77.554876,"Break-in reported at a shop near Yeshwanthpur, Bengaluru Urban. Case closed after investigation."
186,440602202300001,202300001,2023-03-06,5007,440602,1,2,1,4,3,3006,2023-03-05 04:00:00,2023-03-05 04:15:00,2023-03-06 05:30:00,13.677224,76.859178,"Burglary reported at a residence near Bukkapatna, Tumakuru. Case closed after investigation."
187,440801202200003,202200003,2022-05-07,5010,440801,1,2,1,1,2,3008,2022-05-06 16:17:00,2022-05-06 16:32:00,2022-05-07 17:30:00,13.935292,75.587314,"Complainant reports valuables stolen from Vinobanagar, Shivamogga. Investigation concluded; charge sheet filed."
188,440601202600003,202600003,2026-05-05,5008,440601,1,2,1,3,1,3006,2026-05-04 08:42:00,2026-05-04 08:57:00,2026-05-05 09:30:00,13.329074,77.11154,"Complainant reports being defrauded in a transaction linked to Batawadi, Tumakuru. Case registered; investigation to begin."
189,440101202300003,202300003,2023-10-23,5001,440101,1,2,1,2,3,3001,2023-10-22 08:04:00,2023-10-22 08:19:00,2023-10-23 09:30:00,13.029164,77.506622,"Assault reported near Peenya, Bengaluru Urban following an altercation. Case closed after investigation."
190,440701202400008,202400008,2024-12-01,5009,440701,1,1,1,1,3,3007,2024-11-30 06:36:00,2024-11-30 06:51:00,2024-12-01 07:30:00,15.135712,76.927889,"Complainant reports valuables stolen from Cowl Bazaar, Ballari. Case closed after investigation."
191,440601202200009,202200009,2022-12-19,5008,440601,1,2,1,2,3,3006,2022-12-18 20:02:00,2022-12-18 20:17:00,2022-12-19 21:30:00,13.342965,77.11148,"Assault reported near S.S. Puram, Tumakuru following an altercation. Case closed after investigation."
192,440102202600002,202600002,2026-03-25,5002,440102,1,2,1,3,4,3001,2026-03-23 15:49:00,2026-03-23 15:59:00,2026-03-25 16:30:00,12.947744,77.687663,"Financial fraud reported by complainant, traced to Marathahalli, Bengaluru Urban. Investigation ongoing."
193,440101202300004,202300004,2023-07-16,5001,440101,1,2,1,4,3,3001,2023-07-15 06:24:00,2023-07-15 06:39:00,2023-07-16 07:30:00,13.010746,77.564562,"Burglary reported at a residence near Malleshwaram, Bengaluru Urban. Case closed after investigation."
194,440701202500003,202500003,2025-08-09,5009,440701,1,2,1,4,4,3007,2025-08-08 03:10:00,2025-08-08 03:25:00,2025-08-09 04:30:00,15.134157,76.924857,"Burglary reported at a residence near Moka Road, Ballari. Investigation ongoing."
195,440401202300007,202300007,2023-02-26,5005,440401,1,2,1,1,2,3004,2023-02-25 16:08:00,2023-02-25 16:23:00,2023-02-26 17:30:00,17.324376,76.842404,"Complainant reports valuables stolen from Aiwan-e-Shahi, Kalaburagi. Investigation concluded; charge sheet filed."
196,440102202200005,202200005,2022-01-22,5002,440102,1,2,1,3,4,3001,2021-11-09 00:00:00,2022-01-19 00:00:00,2022-01-22 01:30:00,12.946029,77.69889,"Complainant reports being defrauded in a transaction linked to Marathahalli, Bengaluru Urban. Investigation ongoing."
197,440601202200010,202200010,2022-01-29,5007,440601,1,2,1,4,2,3006,2022-01-28 05:00:00,2022-01-28 05:15:00,2022-01-29 06:30:00,13.324693,77.095553,"Break-in reported at a shop near Batawadi, Tumakuru. Investigation concluded; charge sheet filed."
198,440501202300008,202300008,2023-03-12,5006,440501,1,2,1,2,3,3005,2023-03-11 20:34:00,2023-03-11 20:49:00,2023-03-12 21:30:00,12.907829,74.835677,"Complainant sustained injuries in an assault near Kavoor, Dakshina Kannada. Case closed after investigation."
199,440102202300004,202300004,2023-12-31,5002,440102,1,2,1,2,3,3001,2023-12-30 22:44:00,2023-12-30 22:59:00,2023-12-31 23:30:00,12.995013,77.772836,"Complainant sustained injuries in an assault near Kadugodi, Bengaluru Urban. Case closed after investigation."
200,440201202500002,202500002,2025-11-14,5003,440201,1,2,1,1,1,3002,2025-11-13 10:54:00,2025-11-13 10:59:00,2025-11-14 11:30:00,12.305984,76.644868,"Complainant reports valuables stolen from Sayyaji Rao Road, Mysuru. Case registered; investigation to begin."
201,440202202200002,202200002,2022-10-23,5003,440202,1,2,1,1,4,3002,2022-10-22 01:36:00,2022-10-22 01:51:00,2022-10-23 02:30:00,12.293566,76.640442,"Complainant reports valuables stolen from Srirampura, Mysuru. Investigation ongoing."
202,440802202600002,202600002,2026-01-17,5012,440802,1,2,1,1,4,3008,2026-01-16 15:54:00,2026-01-16 15:59:00,2026-01-17 16:30:00,14.24552,74.972861,"Complainant reports valuables stolen from Talaguppa, Shivamogga. Investigation ongoing."
203,440501202300009,202300009,2023-11-25,5006,440501,1,1,1,2,3,3005,2023-11-24 22:10:00,2023-11-24 22:25:00,2023-11-25 23:30:00,12.89303,74.841107,"Assault reported near Kavoor, Dakshina Kannada following an altercation. Case closed after investigation."
204,440103202300008,202300008,2023-01-22,5011,440103,1,2,1,4,4,3001,2023-01-21 05:51:00,2023-01-21 05:59:00,2023-01-22 06:30:00,13.021784,77.657272,"Burglary reported at a residence near Banaswadi, Bengaluru Urban. Investigation ongoing."
205,440801202500008,202500008,2025-08-06,5012,440801,1,2,1,3,1,3008,2025-08-05 17:41:00,2025-08-05 17:56:00,2025-08-06 18:30:00,13.939458,75.574113,"Complainant reports being defrauded in a transaction linked to Vinobanagar, Shivamogga. Case registered; investigation to begin."
206,440701202400009,202400009,2024-10-07,5009,440701,1,2,1,2,4,3007,2024-10-06 21:48:00,2024-10-06 21:59:00,2024-10-07 22:30:00,15.150243,76.933206,"Assault reported near Cowl Bazaar, Ballari following an altercation. Investigation ongoing."
207,440501202600002,202600002,2026-07-01,5006,440501,1,2,1,2,1,3005,2026-06-30 21:37:00,2026-06-30 21:52:00,2026-07-01 22:30:00,13.005608,74.787746,"Assault reported near Surathkal, Dakshina Kannada following an altercation. Case registered; investigation to begin."
208,440601202400003,202400003,2024-08-26,5007,440601,1,2,1,2,4,3006,2024-08-25 16:59:00,2024-08-25 16:59:00,2024-08-26 17:30:00,13.350722,77.135637,"Complainant sustained injuries in an assault near Antharasanahalli, Tumakuru. Investigation ongoing."
209,440101202300005,202300005,2023-08-05,5011,440101,1,2,1,1,3,3001,2023-08-04 16:04:00,2023-08-04 16:19:00,2023-08-05 17:30:00,13.002704,77.579086,"Complainant reports valuables stolen from Malleshwaram, Bengaluru Urban. Case closed after investigation."
210,440401202300008,202300008,2023-10-19,5005,440401,1,2,1,1,4,3004,2023-10-18 18:52:00,2023-10-18 18:59:00,2023-10-19 19:30:00,17.310495,76.816604,"Theft reported near Jewargi Road, Kalaburagi. Investigation ongoing."
211,440202202200003,202200003,2022-03-29,5003,440202,1,2,1,1,4,3002,2022-03-28 14:54:00,2022-03-28 14:59:00,2022-03-29 15:30:00,12.285448,76.639279,"Complainant reports valuables stolen from Srirampura, Mysuru. Investigation ongoing."
212,440701202600003,202600003,2026-01-08,5009,440701,1,2,1,4,4,3007,2026-01-07 05:23:00,2026-01-07 05:38:00,2026-01-08 06:30:00,15.149185,76.937156,"Break-in reported at a shop near Cowl Bazaar, Ballari. Investigation ongoing."
213,440501202200003,202200003,2022-11-24,5006,440501,1,2,1,2,2,3005,2022-11-23 10:52:00,2022-11-23 10:59:00,2022-11-24 11:30:00,12.89743,74.855957,"Complainant sustained injuries in an assault near Kadri, Dakshina Kannada. Investigation concluded; charge sheet filed."
214,440501202400002,202400002,2024-10-12,5006,440501,1,2,1,3,2,3005,2024-10-11 07:40:00,2024-10-11 07:55:00,2024-10-12 08:30:00,12.891816,74.835432,"Financial fraud reported by complainant, traced to Bejai, Dakshina Kannada. Investigation concluded; charge sheet filed."
215,440801202300002,202300002,2023-03-17,5010,440801,1,2,1,3,3,3008,2023-03-16 16:16:00,2023-03-16 16:31:00,2023-03-17 17:30:00,13.948418,75.582472,"Complainant reports being defrauded in a transaction linked to Vinobanagar, Shivamogga. Case closed after investigation."
216,440102202500003,202500003,2025-06-15,5002,440102,1,2,1,2,4,3001,2025-06-14 21:03:00,2025-06-14 21:18:00,2025-06-15 22:30:00,12.95641,77.757905,"Assault reported near Whitefield, Bengaluru Urban following an altercation. Investigation ongoing."
217,440301202500004,202500004,2025-12-20,5004,440301,1,2,1,2,4,3003,2025-12-19 10:13:00,2025-12-19 10:28:00,2025-12-20 11:30:00,15.835682,74.50127,"Assault reported near Tilakwadi, Belagavi following an altercation. Investigation ongoing."
218,440501202600003,202600003,2026-07-27,5006,440501,1,1,1,1,4,3005,2026-07-25 20:58:00,2026-07-25 20:59:00,2026-07-27 21:30:00,12.890573,74.839606,"Theft reported near Kavoor, Dakshina Kannada. Investigation ongoing."
219,440602202200001,202200001,2022-07-05,5008,440602,1,2,1,1,3,3006,2022-07-04 17:38:00,2022-07-04 17:53:00,2022-07-05 18:30:00,13.74189,76.875833,"Complainant reports valuables stolen from Sira, Tumakuru. Case closed after investigation."
220,440103202400007,202400007,2024-12-20,5001,440103,1,2,1,2,4,3001,2024-12-19 14:45:00,2024-12-19 14:59:00,2024-12-20 15:30:00,13.015164,77.642269,"Assault reported near Kammanahalli, Bengaluru Urban following an altercation. Investigation ongoing."
221,440301202400007,202400007,2024-12-04,5004,440301,1,2,1,2,1,3003,2024-12-03 03:26:00,2024-12-03 03:41:00,2024-12-04 04:30:00,15.831346,74.475805,"Complainant sustained injuries in an assault near Vadgaon, Belagavi. Case registered; investigation to begin."
222,440401202400007,202400007,2024-11-27,5005,440401,1,2,1,2,2,3004,2024-11-26 21:30:00,2024-11-26 21:45:00,2024-11-27 22:30:00,17.310025,76.829575,"Complainant sustained injuries in an assault near Jewargi Road, Kalaburagi. Investigation concluded; charge sheet filed."
223,440701202500004,202500004,2025-12-16,5009,440701,1,2,1,4,4,3007,2025-12-15 03:43:00,2025-12-15 03:58:00,2025-12-16 04:30:00,15.145974,76.915959,"Break-in reported at a shop near Gandhi Nagar, Ballari. Investigation ongoing."
224,440102202600003,202600003,2026-05-22,5001,440102,1,2,1,4,1,3001,2026-05-21 00:37:00,2026-05-21 00:52:00,2026-05-22 01:30:00,12.960681,77.762289,"Burglary reported at a residence near Whitefield, Bengaluru Urban. Case registered; investigation to begin."
225,440202202300006,202300006,2023-10-18,5003,440202,1,2,1,1,4,3002,2023-10-17 07:43:00,2023-10-17 07:58:00,2023-10-18 08:30:00,12.29481,76.638675,"Complainant reports valuables stolen from Vidyaranyapuram, Mysuru. Investigation ongoing."
226,440401202600003,202600003,2026-04-06,5005,440401,1,2,1,3,1,3004,2026-04-05 11:11:00,2026-04-05 11:26:00,2026-04-06 12:30:00,17.332287,76.834872,"Complainant reports being defrauded in a transaction linked to Aiwan-e-Shahi, Kalaburagi. Case registered; investigation to begin."
227,440601202400004,202400004,2024-12-01,5008,440601,1,2,1,2,3,3006,2024-11-30 17:30:00,2024-11-30 17:45:00,2024-12-01 18:30:00,13.337522,77.098937,"Assault reported near Batawadi, Tumakuru following an altercation. Case closed after investigation."
228,440601202300003,202300003,2023-12-23,5007,440601,1,2,1,3,1,3006,2023-12-22 16:47:00,2023-12-22 16:59:00,2023-12-23 17:30:00,13.369952,77.143142,"Financial fraud reported by complainant, traced to Antharasanahalli, Tumakuru. Case registered; investigation to begin."
229,440701202400010,202400010,2024-08-16,5009,440701,1,2,1,1,4,3007,2024-08-15 11:03:00,2024-08-15 11:18:00,2024-08-16 12:30:00,15.132674,76.932535,"Complainant reports valuables stolen from Ballari Fort, Ballari. Investigation ongoing."
230,440102202400004,202400004,2024-12-10,5002,440102,1,2,1,4,3,3001,2024-12-09 22:11:00,2024-12-09 22:26:00,2024-12-10 23:30:00,12.968291,77.705462,"Burglary reported at a residence near Marathahalli, Bengaluru Urban. Case closed after investigation."
231,440102202500004,202500004,2025-07-04,5001,440102,1,2,1,1,4,3001,2025-07-02 20:28:00,2025-07-02 20:43:00,2025-07-04 21:30:00,12.987302,77.768696,"Complainant reports valuables stolen from Kadugodi, Bengaluru Urban. Investigation ongoing."
232,440802202600003,202600003,2026-02-24,5012,440802,1,2,1,1,4,3008,2026-02-23 23:53:00,2026-02-23 23:59:00,2026-02-24 23:30:00,14.182766,75.088587,"Complainant reports valuables stolen from Heggodu, Shivamogga. Investigation ongoing."
233,440201202500003,202500003,2025-03-23,5003,440201,1,2,1,1,3,3002,2025-03-22 15:45:00,2025-03-22 15:59:00,2025-03-23 16:30:00,12.309663,76.641588,"Complainant reports valuables stolen from Sayyaji Rao Road, Mysuru. Case closed after investigation."
234,440202202300007,202300007,2023-07-24,5003,440202,1,2,1,2,3,3002,2023-07-22 01:41:00,2023-07-22 01:56:00,2023-07-24 02:30:00,12.286919,76.618804,"Complainant sustained injuries in an assault near Kuvempunagar, Mysuru. Case closed after investigation."
235,440602202200002,202200002,2022-06-02,5008,440602,1,2,1,1,4,3006,2022-06-01 23:08:00,2022-06-01 23:23:00,2022-06-02 23:30:00,13.816001,76.842143,"Complainant reports valuables stolen from Hulikunte, Tumakuru. Investigation ongoing."
236,440102202200006,202200006,2022-10-02,5011,440102,1,2,1,1,3,3001,2022-10-01 18:16:00,2022-10-01 18:31:00,2022-10-02 19:30:00,12.941546,77.738473,"Complainant reports valuables stolen from Varthur, Bengaluru Urban. Case closed after investigation."
237,440601202200011,202200011,2022-02-27,5007,440601,1,1,1,2,2,3006,2022-02-26 21:28:00,2022-02-26 21:43:00,2022-02-27 22:30:00,13.340365,77.097155,"Assault reported near S.S. Puram, Tumakuru following an altercation. Investigation concluded; charge sheet filed."
238,440601202400005,202400005,2024-12-25,5007,440601,1,2,1,3,3,3006,2024-12-24 12:53:00,2024-12-24 12:59:00,2024-12-25 13:30:00,13.327868,77.092924,"Complainant reports being defrauded in a transaction linked to Batawadi, Tumakuru. Case closed after investigation."
239,440401202200005,202200005,2022-07-17,5005,440401,1,2,1,4,2,3004,2022-07-16 01:33:00,2022-07-16 01:48:00,2022-07-17 02:30:00,17.332289,76.854469,"Break-in reported at a shop near Aiwan-e-Shahi, Kalaburagi. Investigation concluded; charge sheet filed."
240,440401202400008,202400008,2024-04-22,5005,440401,1,2,1,1,2,3004,2024-04-21 11:22:00,2024-04-21 11:37:00,2024-04-22 12:30:00,17.338134,76.827689,"Theft reported near Super Market, Kalaburagi. Investigation concluded; charge sheet filed."
241,440401202500005,202500005,2025-06-07,5005,440401,1,2,1,1,4,3004,2025-06-06 18:25:00,2025-06-06 18:40:00,2025-06-07 19:30:00,17.336165,76.841494,"Theft reported near Super Market, Kalaburagi. Investigation ongoing."
242,440401202600004,202600004,2026-08-19,5005,440401,1,2,1,3,1,3004,2026-08-18 10:02:00,2026-08-18 10:17:00,2026-08-19 11:30:00,17.307369,76.827918,"Financial fraud reported by complainant, traced to Jewargi Road, Kalaburagi. Case registered; investigation to begin."
243,440701202300006,202300006,2023-07-11,5009,440701,1,2,1,2,2,3007,2023-07-10 21:34:00,2023-07-10 21:49:00,2023-07-11 22:30:00,15.120378,76.929038,"Complainant sustained injuries in an assault near Moka Road, Ballari. Investigation concluded; charge sheet filed."
244,440301202200002,202200002,2022-06-29,5004,440301,1,2,1,2,1,3003,2022-06-28 10:21:00,2022-06-28 10:36:00,2022-06-29 11:30:00,15.845331,74.485153,"Complainant sustained injuries in an assault near Tilakwadi, Belagavi. Case registered; investigation to begin."
245,440701202200008,202200008,2022-11-20,5009,440701,1,2,1,3,3,3007,2022-11-19 16:14:00,2022-11-19 16:29:00,2022-11-20 17:30:00,15.126212,76.94438,"Financial fraud reported by complainant, traced to Moka Road, Ballari. Case closed after investigation."
246,440801202400002,202400002,2024-09-11,5010,440801,1,2,1,4,4,3008,2024-09-10 13:41:00,2024-09-10 13:56:00,2024-09-11 14:30:00,13.931195,75.555091,"Burglary reported at a residence near Shivamogga City, Shivamogga. Investigation ongoing."
247,440801202300003,202300003,2023-03-28,5012,440801,1,2,1,2,4,3008,2023-03-27 22:44:00,2023-03-27 22:59:00,2023-03-28 23:30:00,13.950119,75.592754,"Assault reported near Sagar Road, Shivamogga following an altercation. Investigation ongoing."
248,440501202400003,202400003,2024-09-22,5006,440501,1,2,1,2,4,3005,2024-09-21 12:02:00,2024-09-21 12:17:00,2024-09-22 13:30:00,12.908835,74.849163,"Assault reported near Kavoor, Dakshina Kannada following an altercation. Investigation ongoing."
249,440201202200003,202200003,2022-08-26,5003,440201,1,2,1,4,2,3002,2022-08-25 01:52:00,2022-08-25 01:59:00,2022-08-26 02:30:00,12.295379,76.639839,"Break-in reported at a shop near Chamarajapuram, Mysuru. Investigation concluded; charge sheet filed."
250,440501202300010,202300010,2023-03-18,5006,440501,1,2,1,1,3,3005,2023-03-17 22:45:00,2023-03-17 22:59:00,2023-03-18 23:30:00,12.919052,74.847974,"Theft reported near Kavoor, Dakshina Kannada. Case closed after investigation."
251,440202202600004,202600004,2026-03-21,5003,440202,1,2,1,4,4,3002,2026-03-19 20:04:00,2026-03-19 20:19:00,2026-03-21 21:30:00,12.284295,76.616187,"Break-in reported at a shop near Ramakrishnanagar, Mysuru. Investigation ongoing."
252,440801202500009,202500009,2025-07-15,5012,440801,1,2,1,1,4,3008,2025-07-14 14:22:00,2025-07-14 14:37:00,2025-07-15 15:30:00,13.950132,75.581327,"Complainant reports valuables stolen from Sagar Road, Shivamogga. Investigation ongoing."
253,440701202400011,202400011,2024-02-10,5009,440701,1,2,1,1,3,3007,2024-02-09 18:28:00,2024-02-09 18:43:00,2024-02-10 19:30:00,15.157802,76.907426,"Theft reported near Gandhi Nagar, Ballari. Case closed after investigation."
254,440601202400006,202400006,2024-03-14,5007,440601,1,2,1,3,4,3006,2024-03-13 04:21:00,2024-03-13 04:36:00,2024-03-14 05:30:00,13.351423,77.124364,"Financial fraud reported by complainant, traced to Antharasanahalli, Tumakuru. Investigation ongoing."
255,440601202300004,202300004,2023-03-19,5008,440601,1,2,1,1,2,3006,2023-03-17 14:28:00,2023-03-17 14:43:00,2023-03-19 15:30:00,13.349966,77.102447,"Theft reported near S.S. Puram, Tumakuru. Investigation concluded; charge sheet filed."
256,440701202200009,202200009,2022-06-24,5009,440701,1,2,1,4,4,3007,2022-06-23 04:56:00,2022-06-23 04:59:00,2022-06-24 05:30:00,15.137508,76.931687,"Break-in reported at a shop near Cowl Bazaar, Ballari. Investigation ongoing."
257,440202202200004,202200004,2022-03-30,5003,440202,1,2,1,4,4,3002,2022-03-29 03:26:00,2022-03-29 03:41:00,2022-03-30 04:30:00,12.306659,76.637358,"Break-in reported at a shop near Srirampura, Mysuru. Investigation ongoing."
258,440401202200006,202200006,2022-08-07,5005,440401,1,2,1,3,4,3004,2022-08-06 12:37:00,2022-08-06 12:52:00,2022-08-07 13:30:00,17.314505,76.831772,"Financial fraud reported by complainant, traced to Jewargi Road, Kalaburagi. Investigation ongoing."
259,440501202200004,202200004,2022-02-12,5006,440501,1,2,1,3,3,3005,2022-02-11 01:10:00,2022-02-11 01:25:00,2022-02-12 02:30:00,12.894514,74.854482,"Complainant reports being defrauded in a transaction linked to Kadri, Dakshina Kannada. Case closed after investigation."
260,440201202400006,202400006,2024-07-26,5003,440201,1,2,1,3,4,3002,2024-06-27 00:00:00,2024-07-22 00:00:00,2024-07-26 01:30:00,12.308516,76.65758,"Complainant reports being defrauded in a transaction linked to Devaraja Market, Mysuru. Investigation ongoing."
261,440601202300005,202300005,2023-09-11,5008,440601,1,2,1,4,2,3006,2023-09-10 03:42:00,2023-09-10 03:57:00,2023-09-11 04:30:00,13.335522,77.11154,"Break-in reported at a shop near Tumakuru City, Tumakuru. Investigation concluded; charge sheet filed."
262,440401202500006,202500006,2025-04-03,5005,440401,1,2,1,4,2,3004,2025-04-01 02:52:00,2025-04-01 02:59:00,2025-04-03 03:30:00,17.319744,76.83547,"Break-in reported at a shop near Super Market, Kalaburagi. Investigation concluded; charge sheet filed."
263,440103202400008,202400008,2024-09-11,5011,440103,1,2,1,4,3,3001,2024-09-10 05:16:00,2024-09-10 05:31:00,2024-09-11 06:30:00,13.012177,77.620653,"Break-in reported at a shop near Lingarajapuram, Bengaluru Urban. Case closed after investigation."
264,440401202400009,202400009,2024-03-14,5005,440401,1,2,1,4,4,3004,2024-03-12 06:20:00,2024-03-12 06:35:00,2024-03-14 07:30:00,17.323854,76.817542,"Break-in reported at a shop near Jewargi Road, Kalaburagi. Investigation ongoing."
265,440601202400007,202400007,2024-04-19,5007,440601,1,2,1,2,2,3006,2024-04-18 22:18:00,2024-04-18 22:33:00,2024-04-19 23:30:00,13.372465,77.130081,"Assault reported near Antharasanahalli, Tumakuru following an altercation. Investigation concluded; charge sheet filed."
266,440202202600005,202600005,2026-07-10,5003,440202,1,2,1,1,1,3002,2026-07-09 09:21:00,2026-07-09 09:36:00,2026-07-10 10:30:00,12.288396,76.634818,"Theft reported near Vidyaranyapuram, Mysuru. Case registered; investigation to begin."
267,440301202200003,202200003,2022-04-25,5004,440301,1,2,1,4,1,3003,2022-04-24 17:59:00,2022-04-24 17:59:00,2022-04-25 18:30:00,15.866319,74.508062,"Break-in reported at a shop near Camp, Belagavi. Case registered; investigation to begin."
268,440801202300004,202300004,2023-02-08,5012,440801,1,2,1,2,3,3008,2023-02-07 22:50:00,2023-02-07 22:59:00,2023-02-08 23:30:00,13.921733,75.577308,"Assault reported near Shivamogga City, Shivamogga following an altercation. Case closed after investigation."
269,440501202500008,202500008,2025-10-13,5006,440501,1,2,1,1,2,3005,2025-10-12 10:19:00,2025-10-12 10:34:00,2025-10-13 11:30:00,12.909343,74.847723,"Theft reported near Kavoor, Dakshina Kannada. Investigation concluded; charge sheet filed."
270,440701202300007,202300007,2023-04-17,5009,440701,1,2,1,2,3,3007,2023-04-16 00:25:00,2023-04-16 00:40:00,2023-04-17 01:30:00,15.140952,76.929785,"Complainant sustained injuries in an assault near Cowl Bazaar, Ballari. Case closed after investigation."
271,440202202200005,202200005,2022-03-08,5003,440202,1,2,1,3,3,3002,2022-03-07 09:00:00,2022-03-07 09:15:00,2022-03-08 10:30:00,12.28554,76.629231,"Complainant reports being defrauded in a transaction linked to Vidyaranyapuram, Mysuru. Case closed after investigation."
272,440501202600004,202600004,2026-03-16,5006,440501,1,2,1,1,4,3005,2026-03-15 19:38:00,2026-03-15 19:53:00,2026-03-16 20:30:00,12.90947,74.824754,"Theft reported near Kavoor, Dakshina Kannada. Investigation ongoing."
273,440601202200012,202200012,2022-02-23,5007,440601,1,2,1,1,4,3006,2022-02-21 19:57:00,2022-02-21 19:59:00,2022-02-23 20:30:00,13.364106,77.12354,"Theft reported near Antharasanahalli, Tumakuru. Investigation ongoing."
274,440101202200003,202200003,2022-05-05,5011,440101,1,2,1,3,3,3001,2022-05-04 13:44:00,2022-05-04 13:59:00,2022-05-05 14:30:00,13.012413,77.572562,"Financial fraud reported by complainant, traced to Malleshwaram, Bengaluru Urban. Case closed after investigation."
275,440103202500003,202500003,2025-12-13,5011,440103,1,2,1,1,4,3001,2025-12-12 17:58:00,2025-12-12 17:59:00,2025-12-13 18:30:00,13.004614,77.615947,"Complainant reports valuables stolen from K.G. Halli, Bengaluru Urban. Investigation ongoing."
276,440202202300008,202300008,2023-12-30,5003,440202,1,2,1,3,3,3002,2023-12-29 16:56:00,2023-12-29 16:59:00,2023-12-30 17:30:00,12.291595,76.639555,"Financial fraud reported by complainant, traced to Srirampura, Mysuru. Case closed after investigation."
277,440101202500004,202500004,2025-10-22,5002,440101,1,2,1,1,3,3001,2025-10-21 14:17:00,2025-10-21 14:32:00,2025-10-22 15:30:00,13.002124,77.562193,"Theft reported near Malleshwaram, Bengaluru Urban. Case closed after investigation."
278,440701202300008,202300008,2023-02-25,5009,440701,1,2,1,3,2,3007,2023-02-24 19:53:00,2023-02-24 19:59:00,2023-02-25 20:30:00,15.145667,76.929609,"Financial fraud reported by complainant, traced to Gandhi Nagar, Ballari. Investigation concluded; charge sheet filed."
279,440201202300003,202300003,2023-08-07,5003,440201,1,2,1,1,3,3002,2023-08-06 17:55:00,2023-08-06 17:59:00,2023-08-07 18:30:00,12.299686,76.653884,"Theft reported near Mysuru Palace, Mysuru. Case closed after investigation."
280,440301202200004,202200004,2022-09-14,5004,440301,1,2,1,1,3,3003,2022-09-13 23:39:00,2022-09-13 23:54:00,2022-09-14 23:30:00,15.854858,74.522679,"Complainant reports valuables stolen from Camp, Belagavi. Case closed after investigation."
281,440401202400010,202400010,2024-12-28,5005,440401,1,2,1,1,2,3004,2024-12-27 10:03:00,2024-12-27 10:18:00,2024-12-28 11:30:00,17.321562,76.81808,"Theft reported near Jewargi Road, Kalaburagi. Investigation concluded; charge sheet filed."
282,440401202200007,202200007,2022-06-23,5005,440401,1,1,1,2,1,3004,2022-06-22 08:45:00,2022-06-22 08:59:00,2022-06-23 09:30:00,17.335961,76.833951,"Complainant sustained injuries in an assault near Super Market, Kalaburagi. Case registered; investigation to begin."
283,440202202500009,202500009,2025-02-12,5003,440202,1,2,1,3,4,3002,2025-01-09 00:00:00,2025-02-08 00:00:00,2025-02-12 01:30:00,12.28814,76.631861,"Complainant reports being defrauded in a transaction linked to Vidyaranyapuram, Mysuru. Investigation ongoing."
284,440601202200013,202200013,2022-03-06,5008,440601,1,2,1,3,3,3006,2022-03-05 18:13:00,2022-03-05 18:28:00,2022-03-06 19:30:00,13.339697,77.108627,"Complainant reports being defrauded in a transaction linked to Tumakuru City, Tumakuru. Case closed after investigation."
285,440801202200004,202200004,2022-12-26,5012,440801,1,2,1,2,3,3008,2022-12-25 19:01:00,2022-12-25 19:16:00,2022-12-26 20:30:00,13.938538,75.583188,"Assault reported near Sagar Road, Shivamogga following an altercation. Case closed after investigation."
286,440301202300005,202300005,2023-04-27,5004,440301,1,2,1,4,2,3003,2023-04-26 04:55:00,2023-04-26 04:59:00,2023-04-27 05:30:00,15.827824,74.517894,"Burglary reported at a residence near Shahapur, Belagavi. Investigation concluded; charge sheet filed."
287,440201202300004,202300004,2023-10-29,5003,440201,1,2,1,1,3,3002,2023-10-28 07:46:00,2023-10-28 07:59:00,2023-10-29 08:30:00,12.301959,76.650879,"Theft reported near Devaraja Market, Mysuru. Case closed after investigation."
288,440801202400003,202400003,2024-12-30,5012,440801,1,2,1,2,3,3008,2024-12-29 17:35:00,2024-12-29 17:50:00,2024-12-30 18:30:00,13.910409,75.55456,"Assault reported near Gopala, Shivamogga following an altercation. Case closed after investigation."
289,440301202400008,202400008,2024-05-05,5004,440301,1,2,1,1,4,3003,2024-05-04 03:49:00,2024-05-04 03:59:00,2024-05-05 04:30:00,15.857211,74.492941,"Theft reported near Tilakwadi, Belagavi. Investigation ongoing."
290,440102202200007,202200007,2022-03-13,5001,440102,1,2,1,4,4,3001,2022-03-12 04:22:00,2022-03-12 04:37:00,2022-03-13 05:30:00,12.970409,77.766442,"Burglary reported at a residence near Whitefield, Bengaluru Urban. Investigation ongoing."
291,440201202200004,202200004,2022-08-11,5003,440201,1,2,1,1,3,3002,2022-08-09 09:46:00,2022-08-09 09:59:00,2022-08-11 10:30:00,12.31088,76.64268,"Complainant reports valuables stolen from Chamarajapuram, Mysuru. Case closed after investigation."
292,440103202300009,202300009,2023-01-05,5002,440103,1,2,1,2,4,3001,2023-01-04 22:22:00,2023-01-04 22:37:00,2023-01-05 23:30:00,13.005753,77.633726,"Complainant sustained injuries in an assault near Kammanahalli, Bengaluru Urban. Investigation ongoing."
293,440401202400011,202400011,2024-09-13,5005,440401,1,2,1,1,4,3004,2024-09-12 13:24:00,2024-09-12 13:39:00,2024-09-13 14:30:00,17.33858,76.82731,"Theft reported near Super Market, Kalaburagi. Investigation ongoing."
294,440101202400004,202400004,2024-11-27,5001,440101,1,2,1,1,3,3001,2024-11-25 20:26:00,2024-11-25 20:41:00,2024-11-27 21:30:00,13.023569,77.568024,"Complainant reports valuables stolen from Mathikere, Bengaluru Urban. Case closed after investigation."
295,440601202300006,202300006,2023-05-11,5008,440601,1,2,1,1,1,3006,2023-05-10 18:12:00,2023-05-10 18:27:00,2023-05-11 19:30:00,13.323684,77.112197,"Theft reported near Batawadi, Tumakuru. Case registered; investigation to begin."
296,440601202600004,202600004,2026-06-11,5008,440601,1,2,1,4,4,3006,2026-06-10 23:11:00,2026-06-10 23:26:00,2026-06-11 23:30:00,13.330274,77.096913,"Burglary reported at a residence near S.S. Puram, Tumakuru. Investigation ongoing."
297,440201202200005,202200005,2022-10-28,5003,440201,1,2,1,4,3,3002,2022-10-27 04:26:00,2022-10-27 04:41:00,2022-10-28 05:30:00,12.312184,76.651028,"Break-in reported at a shop near Devaraja Market, Mysuru. Case closed after investigation."
298,440103202300010,202300010,2023-04-12,5011,440103,1,2,1,1,2,3001,2023-04-11 22:53:00,2023-04-11 22:59:00,2023-04-12 23:30:00,13.015883,77.630442,"Theft reported near Kammanahalli, Bengaluru Urban. Investigation concluded; charge sheet filed."
299,440101202400005,202400005,2024-08-24,5002,440101,1,2,1,3,2,3001,2024-08-23 11:55:00,2024-08-23 11:59:00,2024-08-24 12:30:00,13.002714,77.575265,"Complainant reports being defrauded in a transaction linked to Malleshwaram, Bengaluru Urban. Investigation concluded; charge sheet filed."
300,440601202300007,202300007,2023-07-07,5007,440601,1,2,1,4,4,3006,2023-07-06 20:08:00,2023-07-06 20:23:00,2023-07-07 21:30:00,13.321905,77.099404,"Burglary reported at a residence near Batawadi, Tumakuru. Investigation ongoing."
301,440301202400009,202400009,2024-06-01,5004,440301,1,2,1,3,2,3003,2024-05-31 13:36:00,2024-05-31 13:51:00,2024-06-01 14:30:00,15.85843,74.495525,"Financial fraud reported by complainant, traced to Camp, Belagavi. Investigation concluded; charge sheet filed."
302,440101202400006,202400006,2024-08-06,5001,440101,1,2,1,3,2,3001,2024-08-05 10:15:00,2024-08-05 10:30:00,2024-08-06 11:30:00,12.989436,77.551536,"Complainant reports being defrauded in a transaction linked to Rajajinagar, Bengaluru Urban. Investigation concluded; charge sheet filed."
303,440501202200005,202200005,2022-04-22,5006,440501,1,2,1,3,4,3005,2022-04-21 17:34:00,2022-04-21 17:49:00,2022-04-22 18:30:00,12.874952,74.836925,"Financial fraud reported by complainant, traced to Bejai, Dakshina Kannada. Investigation ongoing."
304,440401202400012,202400012,2024-05-06,5005,440401,1,2,1,2,4,3004,2024-05-05 21:47:00,2024-05-05 21:59:00,2024-05-06 22:30:00,17.322118,76.831559,"Complainant sustained injuries in an assault near Aiwan-e-Shahi, Kalaburagi. Investigation ongoing."
305,440801202400004,202400004,2024-05-10,5012,440801,1,2,1,1,2,3008,2024-05-09 21:07:00,2024-05-09 21:22:00,2024-05-10 22:30:00,13.919235,75.561263,"Complainant reports valuables stolen from Shivamogga City, Shivamogga. Investigation concluded; charge sheet filed."
306,440501202500009,202500009,2025-12-03,5006,440501,1,1,1,2,2,3005,2025-12-02 07:06:00,2025-12-02 07:21:00,2025-12-03 08:30:00,12.892896,74.850469,"Complainant sustained injuries in an assault near Kavoor, Dakshina Kannada. Investigation concluded; charge sheet filed."
307,440201202400007,202400007,2024-06-28,5003,440201,1,2,1,4,3,3002,2024-06-27 22:07:00,2024-06-27 22:22:00,2024-06-28 23:30:00,12.31547,76.654093,"Burglary reported at a residence near Devaraja Market, Mysuru. Case closed after investigation."
308,440401202200008,202200008,2022-08-15,5005,440401,1,2,1,1,1,3004,2022-08-14 13:48:00,2022-08-14 13:59:00,2022-08-15 14:30:00,17.330751,76.832932,"Complainant reports valuables stolen from Super Market, Kalaburagi. Case registered; investigation to begin."
309,440101202500005,202500005,2025-12-06,5011,440101,1,2,1,3,2,3001,2025-11-05 00:00:00,2025-12-02 00:00:00,2025-12-06 01:30:00,12.998261,77.554998,"Financial fraud reported by complainant, traced to Rajajinagar, Bengaluru Urban. Investigation concluded; charge sheet filed."
310,440401202400013,202400013,2024-11-07,5005,440401,1,2,1,3,3,3004,2024-11-06 14:04:00,2024-11-06 14:19:00,2024-11-07 15:30:00,17.339726,76.824401,"Financial fraud reported by complainant, traced to Super Market, Kalaburagi. Case closed after investigation."
311,440501202500010,202500010,2025-08-02,5006,440501,1,2,1,1,2,3005,2025-08-01 08:04:00,2025-08-01 08:19:00,2025-08-02 09:30:00,12.994347,74.79991,"Theft reported near Surathkal, Dakshina Kannada. Investigation concluded; charge sheet filed."
312,440202202300009,202300009,2023-06-21,5003,440202,1,2,1,2,1,3002,2023-06-20 18:50:00,2023-06-20 18:59:00,2023-06-21 19:30:00,12.286178,76.641306,"Complainant sustained injuries in an assault near Vidyaranyapuram, Mysuru. Case registered; investigation to begin."
313,440401202300009,202300009,2023-07-24,5005,440401,1,2,1,1,3,3004,2023-07-23 11:31:00,2023-07-23 11:46:00,2023-07-24 12:30:00,17.309749,76.828318,"Theft reported near Jewargi Road, Kalaburagi. Case closed after investigation."
314,440401202200009,202200009,2022-07-01,5005,440401,1,2,1,4,4,3004,2022-06-30 05:49:00,2022-06-30 05:59:00,2022-07-01 06:30:00,17.341286,76.833589,"Burglary reported at a residence near Super Market, Kalaburagi. Investigation ongoing."
315,440102202500005,202500005,2025-10-04,5011,440102,1,2,1,4,4,3001,2025-10-03 00:46:00,2025-10-03 00:59:00,2025-10-04 01:30:00,12.962154,77.713402,"Break-in reported at a shop near Marathahalli, Bengaluru Urban. Investigation ongoing."
316,440501202600005,202600005,2026-06-21,5006,440501,1,2,1,1,4,3005,2026-06-20 08:08:00,2026-06-20 08:23:00,2026-06-21 09:30:00,12.884663,74.845008,"Complainant reports valuables stolen from Bejai, Dakshina Kannada. Investigation ongoing."
317,440102202500006,202500006,2025-05-06,5002,440102,1,2,1,4,1,3001,2025-05-05 01:25:00,2025-05-05 01:40:00,2025-05-06 02:30:00,12.948714,77.702075,"Burglary reported at a residence near Marathahalli, Bengaluru Urban. Case registered; investigation to begin."
318,440202202300010,202300010,2023-07-18,5003,440202,1,2,1,2,2,3002,2023-07-17 19:20:00,2023-07-17 19:35:00,2023-07-18 20:30:00,12.273161,76.619075,"Complainant sustained injuries in an assault near Ramakrishnanagar, Mysuru. Investigation concluded; charge sheet filed."
319,440501202400004,202400004,2024-03-11,5006,440501,1,2,1,1,2,3005,2024-03-10 22:54:00,2024-03-10 22:59:00,2024-03-11 23:30:00,13.009612,74.810293,"Theft reported near Surathkal, Dakshina Kannada. Investigation concluded; charge sheet filed."
320,440501202200006,202200006,2022-08-06,5006,440501,1,2,1,1,4,3005,2022-08-04 19:40:00,2022-08-04 19:55:00,2022-08-06 20:30:00,12.878621,74.838384,"Theft reported near Bejai, Dakshina Kannada. Investigation ongoing."
321,440103202200003,202200003,2022-09-08,5001,440103,1,2,1,3,3,3001,2022-09-07 12:42:00,2022-09-07 12:57:00,2022-09-08 13:30:00,13.01957,77.629998,"Financial fraud reported by complainant, traced to Kammanahalli, Bengaluru Urban. Case closed after investigation."
322,440102202200008,202200008,2022-07-07,5002,440102,1,2,1,3,4,3001,2022-07-06 13:40:00,2022-07-06 13:55:00,2022-07-07 14:30:00,12.997901,77.776294,"Complainant reports being defrauded in a transaction linked to Kadugodi, Bengaluru Urban. Investigation ongoing."
323,440102202500007,202500007,2025-04-26,5002,440102,1,2,1,3,1,3001,2025-04-25 12:39:00,2025-04-25 12:54:00,2025-04-26 13:30:00,12.993927,77.759308,"Financial fraud reported by complainant, traced to Kadugodi, Bengaluru Urban. Case registered; investigation to begin."
324,440301202500005,202500005,2025-09-06,5004,440301,1,2,1,2,2,3003,2025-09-05 19:20:00,2025-09-05 19:35:00,2025-09-06 20:30:00,15.852384,74.48721,"Assault reported near Tilakwadi, Belagavi following an altercation. Investigation concluded; charge sheet filed."
325,440301202300006,202300006,2023-08-14,5004,440301,1,2,1,4,2,3003,2023-08-13 06:48:00,2023-08-13 06:59:00,2023-08-14 07:30:00,15.857334,74.49852,"Burglary reported at a residence near Tilakwadi, Belagavi. Investigation concluded; charge sheet filed."
326,440501202400005,202400005,2024-03-03,5006,440501,1,2,1,2,4,3005,2024-03-02 17:52:00,2024-03-02 17:59:00,2024-03-03 18:30:00,12.999439,74.782462,"Assault reported near Surathkal, Dakshina Kannada following an altercation. Investigation ongoing."
327,440501202600006,202600006,2026-02-21,5006,440501,1,2,1,3,3,3005,2026-01-06 00:00:00,2026-02-19 00:00:00,2026-02-21 01:30:00,12.996637,74.795987,"Complainant reports being defrauded in a transaction linked to Surathkal, Dakshina Kannada. Case closed after investigation."
328,440401202600005,202600005,2026-08-27,5005,440401,1,2,1,3,4,3004,2026-08-26 12:55:00,2026-08-26 12:59:00,2026-08-27 13:30:00,17.31751,76.84406,"Complainant reports being defrauded in a transaction linked to Aiwan-e-Shahi, Kalaburagi. Investigation ongoing."
329,440201202500004,202500004,2025-01-12,5003,440201,1,2,1,1,3,3002,2025-01-11 15:02:00,2025-01-11 15:17:00,2025-01-12 16:30:00,12.306648,76.639493,"Complainant reports valuables stolen from Sayyaji Rao Road, Mysuru. Case closed after investigation."
330,440801202400005,202400005,2024-02-07,5012,440801,1,2,1,4,3,3008,2024-02-06 01:55:00,2024-02-06 01:59:00,2024-02-07 02:30:00,13.943464,75.572824,"Burglary reported at a residence near Sagar Road, Shivamogga. Case closed after investigation."
331,440801202400006,202400006,2024-03-21,5012,440801,1,2,1,1,3,3008,2024-03-20 18:33:00,2024-03-20 18:48:00,2024-03-21 19:30:00,13.931182,75.585822,"Complainant reports valuables stolen from Vinobanagar, Shivamogga. Case closed after investigation."
332,440301202300007,202300007,2023-12-31,5004,440301,1,2,1,1,2,3003,2023-12-30 15:51:00,2023-12-30 15:59:00,2023-12-31 16:30:00,15.841571,74.477302,"Theft reported near Vadgaon, Belagavi. Investigation concluded; charge sheet filed."
333,440102202300005,202300005,2023-09-03,5011,440102,1,2,1,1,2,3001,2023-09-01 17:15:00,2023-09-01 17:30:00,2023-09-03 18:30:00,12.960448,77.750269,"Theft reported near Whitefield, Bengaluru Urban. Investigation concluded; charge sheet filed."
334,440701202500005,202500005,2025-07-06,5009,440701,1,2,1,1,4,3007,2025-07-05 17:23:00,2025-07-05 17:38:00,2025-07-06 18:30:00,15.13905,76.930875,"Theft reported near Moka Road, Ballari. Investigation ongoing."
335,440201202400008,202400008,2024-12-08,5003,440201,1,2,1,3,2,3002,2024-12-07 09:08:00,2024-12-07 09:23:00,2024-12-08 10:30:00,12.296107,76.647756,"Complainant reports being defrauded in a transaction linked to Chamarajapuram, Mysuru. Investigation concluded; charge sheet filed."
336,440103202200004,202200004,2022-07-19,5002,440103,1,2,1,4,3,3001,2022-07-17 02:31:00,2022-07-17 02:46:00,2022-07-19 03:30:00,13.011546,77.659646,"Break-in reported at a shop near Banaswadi, Bengaluru Urban. Case closed after investigation."
337,440102202500008,202500008,2025-08-03,5001,440102,1,2,1,4,2,3001,2025-08-02 01:21:00,2025-08-02 01:36:00,2025-08-03 02:30:00,12.960307,77.706271,"Break-in reported at a shop near Marathahalli, Bengaluru Urban. Investigation concluded; charge sheet filed."
338,440401202600006,202600006,2026-07-21,5005,440401,1,2,1,4,4,3004,2026-07-20 22:32:00,2026-07-20 22:47:00,2026-07-21 23:30:00,17.321742,76.833058,"Burglary reported at a residence near Super Market, Kalaburagi. Investigation ongoing."
339,440501202500011,202500011,2025-01-29,5006,440501,1,2,1,3,2,3005,2025-01-28 14:35:00,2025-01-28 14:50:00,2025-01-29 15:30:00,12.914837,74.837216,"Financial fraud reported by complainant, traced to Kavoor, Dakshina Kannada. Investigation concluded; charge sheet filed."
340,440401202200010,202200010,2022-10-27,5005,440401,1,2,1,2,3,3004,2022-10-26 19:37:00,2022-10-26 19:52:00,2022-10-27 20:30:00,17.325899,76.822683,"Complainant sustained injuries in an assault near Jewargi Road, Kalaburagi. Case closed after investigation."
341,440602202200003,202200003,2022-06-18,5008,440602,1,2,1,1,2,3006,2022-06-16 01:59:00,2022-06-16 01:59:00,2022-06-18 02:30:00,13.773012,76.872278,"Complainant reports valuables stolen from Hulikunte, Tumakuru. Investigation concluded; charge sheet filed."
342,440501202300011,202300011,2023-11-26,5006,440501,1,2,1,1,4,3005,2023-11-25 17:12:00,2023-11-25 17:27:00,2023-11-26 18:30:00,13.02383,74.803088,"Complainant reports valuables stolen from Surathkal, Dakshina Kannada. Investigation ongoing."
343,440501202300012,202300012,2023-08-31,5006,440501,1,2,1,1,4,3005,2023-08-30 21:28:00,2023-08-30 21:43:00,2023-08-31 22:30:00,12.877135,74.834258,"Complainant reports valuables stolen from Hampankatta, Dakshina Kannada. Investigation ongoing."
344,440101202300006,202300006,2023-08-18,5002,440101,1,2,1,2,3,3001,2023-08-17 18:38:00,2023-08-17 18:53:00,2023-08-18 19:30:00,13.036392,77.553405,"Assault reported near Yeshwanthpur, Bengaluru Urban following an altercation. Case closed after investigation."
345,440101202500006,202500006,2025-11-27,5001,440101,1,2,1,1,2,3001,2025-11-26 09:23:00,2025-11-26 09:38:00,2025-11-27 10:30:00,12.987268,77.54416,"Complainant reports valuables stolen from Rajajinagar, Bengaluru Urban. Investigation concluded; charge sheet filed."
346,440601202500002,202500002,2025-04-25,5008,440601,1,2,1,3,4,3006,2025-02-16 00:00:00,2025-04-19 00:00:00,2025-04-25 01:30:00,13.338209,77.101503,"Complainant reports being defrauded in a transaction linked to Batawadi, Tumakuru. Investigation ongoing."
347,440401202600007,202600007,2026-04-25,5005,440401,1,2,1,4,4,3004,2026-04-24 23:26:00,2026-04-24 23:41:00,2026-04-25 23:30:00,17.324408,76.844964,"Burglary reported at a residence near Aiwan-e-Shahi, Kalaburagi. Investigation ongoing."
348,440201202300005,202300005,2023-06-13,5003,440201,1,2,1,2,4,3002,2023-06-12 14:39:00,2023-06-12 14:54:00,2023-06-13 15:30:00,12.314915,76.649587,"Assault reported near Devaraja Market, Mysuru following an altercation. Investigation ongoing."
349,440801202500010,202500010,2025-05-29,5010,440801,1,2,1,2,3,3008,2025-05-28 16:07:00,2025-05-28 16:22:00,2025-05-29 17:30:00,13.923421,75.556151,"Complainant sustained injuries in an assault near Gopala, Shivamogga. Case closed after investigation."
350,440103202200005,202200005,2022-10-26,5001,440103,1,1,1,1,4,3001,2022-10-25 11:59:00,2022-10-25 11:59:00,2022-10-26 12:30:00,13.022369,77.637457,"Theft reported near Kammanahalli, Bengaluru Urban. Investigation ongoing."
351,440501202500012,202500012,2025-07-18,5006,440501,1,2,1,3,3,3005,2025-07-17 11:36:00,2025-07-17 11:51:00,2025-07-18 12:30:00,12.888046,74.84533,"Financial fraud reported by complainant, traced to Kadri, Dakshina Kannada. Case closed after investigation."
352,440301202300008,202300008,2023-01-26,5004,440301,1,2,1,3,4,3003,2023-01-25 12:56:00,2023-01-25 12:59:00,2023-01-26 13:30:00,15.836079,74.505225,"Financial fraud reported by complainant, traced to Tilakwadi, Belagavi. Investigation ongoing."
353,440601202500003,202500003,2025-02-27,5007,440601,1,2,1,3,2,3006,2025-02-26 11:09:00,2025-02-26 11:24:00,2025-02-27 12:30:00,13.349381,77.131442,"Financial fraud reported by complainant, traced to Antharasanahalli, Tumakuru. Investigation concluded; charge sheet filed."
354,440101202300007,202300007,2023-04-13,5002,440101,1,2,1,3,4,3001,2023-04-11 10:43:00,2023-04-11 10:58:00,2023-04-13 11:30:00,13.026559,77.568311,"Complainant reports being defrauded in a transaction linked to Mathikere, Bengaluru Urban. Investigation ongoing."
355,440101202300008,202300008,2023-02-25,5002,440101,1,2,1,4,4,3001,2023-02-24 02:46:00,2023-02-24 02:59:00,2023-02-25 03:30:00,13.029833,77.521506,"Break-in reported at a shop near Peenya, Bengaluru Urban. Investigation ongoing."
356,440801202400007,202400007,2024-09-03,5010,440801,1,2,1,1,2,3008,2024-09-01 18:42:00,2024-09-01 18:57:00,2024-09-03 19:30:00,13.939274,75.581983,"Theft reported near Vinobanagar, Shivamogga. Investigation concluded; charge sheet filed."
357,440301202400010,202400010,2024-08-26,5004,440301,1,2,1,3,4,3003,2024-08-25 15:35:00,2024-08-25 15:50:00,2024-08-26 16:30:00,15.833293,74.50612,"Financial fraud reported by complainant, traced to Shahapur, Belagavi. Investigation ongoing."
358,440201202400009,202400009,2024-04-16,5003,440201,1,2,1,3,2,3002,2024-04-15 12:23:00,2024-04-15 12:38:00,2024-04-16 13:30:00,12.301821,76.635017,"Financial fraud reported by complainant, traced to Chamarajapuram, Mysuru. Investigation concluded; charge sheet filed."
359,440501202300013,202300013,2023-01-20,5006,440501,1,2,1,1,3,3005,2023-01-19 10:57:00,2023-01-19 10:59:00,2023-01-20 11:30:00,12.892476,74.841495,"Complainant reports valuables stolen from Kadri, Dakshina Kannada. Case closed after investigation."
360,440301202200005,202200005,2022-06-15,5004,440301,1,2,1,1,3,3003,2022-06-14 12:56:00,2022-06-14 12:59:00,2022-06-15 13:30:00,15.849777,74.509428,"Theft reported near Tilakwadi, Belagavi. Case closed after investigation."
361,440801202400008,202400008,2024-10-09,5010,440801,1,2,1,1,2,3008,2024-10-08 14:31:00,2024-10-08 14:46:00,2024-10-09 15:30:00,13.936541,75.57818,"Theft reported near Vinobanagar, Shivamogga. Investigation concluded; charge sheet filed."
362,440401202500007,202500007,2025-09-30,5005,440401,1,2,1,4,3,3004,2025-09-29 03:41:00,2025-09-29 03:56:00,2025-09-30 04:30:00,17.325119,76.818612,"Break-in reported at a shop near Jewargi Road, Kalaburagi. Case closed after investigation."
363,440202202300011,202300011,2023-04-17,5003,440202,1,2,1,4,2,3002,2023-04-16 03:59:00,2023-04-16 03:59:00,2023-04-17 04:30:00,12.294783,76.635195,"Burglary reported at a residence near Srirampura, Mysuru. Investigation concluded; charge sheet filed."
364,440601202600005,202600005,2026-05-02,5008,440601,1,2,1,3,1,3006,2026-05-01 14:15:00,2026-05-01 14:30:00,2026-05-02 15:30:00,13.3253,77.109426,"Financial fraud reported by complainant, traced to Batawadi, Tumakuru. Case registered; investigation to begin."
365,440601202500004,202500004,2025-11-20,5008,440601,1,2,1,1,1,3006,2025-11-19 16:05:00,2025-11-19 16:20:00,2025-11-20 17:30:00,13.330636,77.127979,"Theft reported near Tumakuru City, Tumakuru. Case registered; investigation to begin."
366,440201202300006,202300006,2023-04-26,5003,440201,1,2,1,1,4,3002,2023-04-25 18:13:00,2023-04-25 18:28:00,2023-04-26 19:30:00,12.313054,76.656598,"Complainant reports valuables stolen from Mysuru Palace, Mysuru. Investigation ongoing."
367,440101202500007,202500007,2025-07-08,5002,440101,1,2,1,4,4,3001,2025-07-06 19:58:00,2025-07-06 19:59:00,2025-07-08 20:30:00,12.995692,77.555457,"Burglary reported at a residence near Rajajinagar, Bengaluru Urban. Investigation ongoing."
368,440601202400008,202400008,2024-11-16,5007,440601,1,2,1,1,4,3006,2024-11-15 05:25:00,2024-11-15 05:40:00,2024-11-16 06:30:00,13.354968,77.097992,"Theft reported near S.S. Puram, Tumakuru. Investigation ongoing."
369,440101202600001,202600001,2026-06-01,5002,440101,1,2,1,2,4,3001,2026-05-31 00:56:00,2026-05-31 00:59:00,2026-06-01 01:30:00,13.031657,77.575832,"Complainant sustained injuries in an assault near Mathikere, Bengaluru Urban. Investigation ongoing."
370,440301202200006,202200006,2022-11-08,5004,440301,1,2,1,4,4,3003,2022-11-07 04:28:00,2022-11-07 04:43:00,2022-11-08 05:30:00,15.827329,74.47253,"Break-in reported at a shop near Vadgaon, Belagavi. Investigation ongoing."
371,440102202600004,202600004,2026-03-17,5011,440102,1,2,1,3,4,3001,2026-03-16 15:32:00,2026-03-16 15:47:00,2026-03-17 16:30:00,12.952057,77.71421,"Financial fraud reported by complainant, traced to Marathahalli, Bengaluru Urban. Investigation ongoing."
372,440103202600002,202600002,2026-02-18,5011,440103,1,2,1,2,4,3001,2026-02-17 19:51:00,2026-02-17 19:59:00,2026-02-18 20:30:00,13.017449,77.631906,"Assault reported near Kammanahalli, Bengaluru Urban following an altercation. Investigation ongoing."
373,440301202600003,202600003,2026-04-25,5004,440301,1,2,1,4,4,3003,2026-04-24 21:35:00,2026-04-24 21:50:00,2026-04-25 22:30:00,15.848673,74.492482,"Burglary reported at a residence near Tilakwadi, Belagavi. Investigation ongoing."
374,440101202400007,202400007,2024-03-03,5002,440101,1,2,1,2,2,3001,2024-03-02 15:22:00,2024-03-02 15:37:00,2024-03-03 16:30:00,12.982555,77.547934,"Complainant sustained injuries in an assault near Rajajinagar, Bengaluru Urban. Investigation concluded; charge sheet filed."
375,440501202200007,202200007,2022-03-11,5006,440501,1,2,1,3,2,3005,2022-02-11 00:00:00,2022-03-06 00:00:00,2022-03-11 01:30:00,13.025734,74.796249,"Complainant reports being defrauded in a transaction linked to Surathkal, Dakshina Kannada. Investigation concluded; charge sheet filed."
376,440801202200005,202200005,2022-12-15,5010,440801,1,2,1,1,3,3008,2022-12-14 10:51:00,2022-12-14 10:59:00,2022-12-15 11:30:00,13.918156,75.559282,"Complainant reports valuables stolen from Gopala, Shivamogga. Case closed after investigation."
377,440801202400009,202400009,2024-12-09,5010,440801,1,2,1,2,2,3008,2024-12-08 12:40:00,2024-12-08 12:55:00,2024-12-09 13:30:00,13.939028,75.591802,"Complainant sustained injuries in an assault near Sagar Road, Shivamogga. Investigation concluded; charge sheet filed."
378,440301202200007,202200007,2022-10-31,5004,440301,1,2,1,1,3,3003,2022-10-30 17:59:00,2022-10-30 17:59:00,2022-10-31 18:30:00,15.832927,74.520657,"Theft reported near Shahapur, Belagavi. Case closed after investigation."
379,440701202300009,202300009,2023-03-01,5009,440701,1,2,1,1,3,3007,2023-02-28 12:21:00,2023-02-28 12:36:00,2023-03-01 13:30:00,15.153078,76.909356,"Theft reported near Gandhi Nagar, Ballari. Case closed after investigation."
380,440501202500013,202500013,2025-12-23,5006,440501,1,2,1,1,4,3005,2025-12-22 16:32:00,2025-12-22 16:47:00,2025-12-23 17:30:00,12.885446,74.832682,"Complainant reports valuables stolen from Bejai, Dakshina Kannada. Investigation ongoing."
381,440301202400011,202400011,2024-11-11,5004,440301,1,2,1,1,3,3003,2024-11-10 20:56:00,2024-11-10 20:59:00,2024-11-11 21:30:00,15.826942,74.50692,"Complainant reports valuables stolen from Shahapur, Belagavi. Case closed after investigation."
382,440103202300011,202300011,2023-02-14,5011,440103,1,2,1,1,3,3001,2023-02-13 13:58:00,2023-02-13 13:59:00,2023-02-14 14:30:00,13.013342,77.619567,"Theft reported near Lingarajapuram, Bengaluru Urban. Case closed after investigation."
383,440501202200008,202200008,2022-10-07,5006,440501,1,2,1,1,4,3005,2022-10-06 21:10:00,2022-10-06 21:25:00,2022-10-07 22:30:00,12.859575,74.837264,"Complainant reports valuables stolen from Hampankatta, Dakshina Kannada. Investigation ongoing."
384,440102202200009,202200009,2022-03-12,5011,440102,1,2,1,2,3,3001,2022-03-11 13:00:00,2022-03-11 13:15:00,2022-03-12 14:30:00,12.955818,77.704422,"Complainant sustained injuries in an assault near Brookefield, Bengaluru Urban. Case closed after investigation."
385,440401202500008,202500008,2025-12-12,5005,440401,1,2,1,1,3,3004,2025-12-11 18:13:00,2025-12-11 18:28:00,2025-12-12 19:30:00,17.327094,76.825399,"Theft reported near Super Market, Kalaburagi. Case closed after investigation."
386,440102202300006,202300006,2023-06-16,5011,440102,1,2,1,2,3,3001,2023-06-15 17:43:00,2023-06-15 17:58:00,2023-06-16 18:30:00,12.9582,77.741433,"Assault reported near Whitefield, Bengaluru Urban following an altercation. Case closed after investigation."
387,440301202500006,202500006,2025-09-02,5004,440301,1,2,1,4,4,3003,2025-09-01 23:17:00,2025-09-01 23:32:00,2025-09-02 23:30:00,15.850323,74.511087,"Break-in reported at a shop near Camp, Belagavi. Investigation ongoing."
388,440601202600006,202600006,2026-02-16,5008,440601,1,2,1,1,1,3006,2026-02-15 17:05:00,2026-02-15 17:20:00,2026-02-16 18:30:00,13.349345,77.124747,"Theft reported near Tumakuru City, Tumakuru. Case registered; investigation to begin."
389,440701202200010,202200010,2022-02-11,5009,440701,1,2,1,2,2,3007,2022-02-10 07:07:00,2022-02-10 07:22:00,2022-02-11 08:30:00,15.123428,76.93808,"Complainant sustained injuries in an assault near Moka Road, Ballari. Investigation concluded; charge sheet filed."
390,440202202300012,202300012,2023-09-13,5003,440202,1,2,1,1,3,3002,2023-09-12 12:52:00,2023-09-12 12:59:00,2023-09-13 13:30:00,12.291815,76.622135,"Theft reported near Vidyaranyapuram, Mysuru. Case closed after investigation."
