ComplainantID,CaseMasterID,ComplainantName,AgeYear,OccupationID,ReligionID,CasteID,GenderID
6001,9001,Ramesh K,41,4,1,0,1
6002,9002,Girish Patel,35,1,1,0,1
6003,9003,Nataraj Shetty (shop owner),52,1,1,0,1
6004,9004,Vinayak Desai,30,4,1,0,1
6005,9005,Farida Banu,26,6,1,0,2
6006,9005,Rohit Shetty,34,4,1,0,1
6007,9006,Basavaraj Patil (actual owner),55,2,1,0,1
6008,9007,Melvin D'Souza (warehouse manager),40,4,1,0,1
6009,9008,Hanumantha Naik,34,8,1,0,1
6010,9009,Shivappa Gowda,58,2,1,0,1
6011,9010,Nagaraju H,49,2,1,0,1
6012,9011,"Margaret Fernandes (victim, complainant)",68,10,1,0,2
6013,9011,"K.S. Venkataraman (victim, complainant)",71,10,1,0,1
6014,9012,Rekha Iyengar,31,6,3,0,2
6015,9013,Ajay Kulkarni,27,4,1,0,1
6016,9014,"Savitri Deshmukh (guest, victim)",45,6,1,0,2
6017,9015,Vincent Lobo,50,9,1,0,1
6018,9015,Shwetha Kamath,37,4,1,0,2
6019,9016,"Bank Nodal Officer, Ballari Branch",40,3,0,0,1
6020,9017,"Bank Nodal Officer, K.G. Halli Branch",38,3,0,0,2
6022,9018,"Forest Range Officer, Shivamogga",44,3,0,0,1
6021,9019,"Arjun Reddy (victim, complainant)",20,7,1,0,1
100001,100001,Kiran Rao,49,4,1,0,1
100002,100002,Mary Patil,28,2,4,0,2
100003,100003,Roopa Shetty,57,6,1,0,2
100004,100004,Mary Reddy,59,1,2,0,2
100005,100005,Ramesh Khan,32,4,1,0,1
100006,100006,Basavaraj Reddy,44,1,1,0,1
100007,100007,Manjunath Shetty,50,1,1,0,1
100008,100008,Anil Khan,32,1,1,0,1
100009,100009,Prakash Reddy,20,6,1,0,1
100010,100010,Swathi Kulkarni,32,7,1,0,2
100011,100011,Mahesh Desai,70,4,1,0,1
100012,100012,Harish Hiremath,18,2,1,0,1
100013,100013,Manjunath Khan,25,7,1,0,1
100014,100014,Roopa Hegde,25,6,1,0,2
100015,100015,Vidya Khan,52,4,1,0,2
100016,100016,Swathi Gowda,63,6,1,0,2
100017,100017,Geeta Gowda,59,1,1,0,2
100018,100018,Joseph Rao,22,3,1,0,1
100019,100019,Anita Achar,66,2,2,0,2
100020,100020,Farhan Patil,35,6,3,0,1
100021,100021,Vijay Hiremath,67,10,1,0,1
100022,100022,Priya Achar,36,4,2,0,2
100023,100023,Vidya Kulkarni,54,1,1,0,2
100024,100024,Roopa Pinto,54,8,2,0,2
100025,100025,Divya Nayak,23,4,1,0,2
100026,100026,Anil Bhat,63,4,1,0,1
100027,100027,Joseph Shetty,21,4,1,0,1
100028,100028,Shalini D'Souza,67,5,1,0,2
100029,100029,Kavya Rao,20,2,1,0,2
100030,100030,Farhan Bhat,22,3,1,0,1
100031,100031,Kavya Gowda,56,4,1,0,2
100032,100032,Kavya Kumar,45,6,1,0,2
100033,100033,Priya Sait,47,2,3,0,2
100034,100034,Meena Khan,72,9,1,0,2
100035,100035,Sowmya Nayak,30,10,1,0,2
100036,100036,Arjun Kumar,56,6,1,0,1
100037,100037,Ravi Poojary,24,7,1,0,1
100038,100038,Deepa Naik,28,1,1,0,2
100039,100039,Kusuma Gowda,45,3,2,0,2
100040,100040,Salim Pinto,27,6,1,0,1
100041,100041,Zoya Reddy,37,4,1,0,2
100042,100042,Suresh Bhat,41,6,1,0,1
100043,100043,Naveen Hiremath,20,6,1,0,1
100044,100044,Vijay Gowda,32,7,1,0,1
100045,100045,Farhan Poojary,62,4,1,0,1
100046,100046,Deepa Kumar,38,6,1,0,2
100047,100047,Ramesh Patil,64,7,1,0,1
100048,100048,Dinesh Rao,39,6,1,0,1
100049,100049,Farhan Poojary,70,2,2,0,1
100050,100050,Nandini Hegde,42,2,1,0,2
100051,100051,Rekha Sait,23,7,1,0,2
100052,100052,Chandru Hiremath,28,9,1,0,1
100053,100053,Ravi Poojary,68,9,1,0,1
100054,100054,Anthony D'Souza,38,5,1,0,1
100055,100055,Anil Merchant,68,6,2,0,1
100056,100056,Ravi Hegde,34,7,1,0,1
100057,100057,Vidya Rao,51,7,1,0,2
100058,100058,Anthony Desai,63,4,1,0,1
100059,100059,Mahesh Naik,30,4,2,0,1
100060,100060,Vinod Khan,54,4,1,0,1
100061,100061,Divya Khan,36,6,1,0,2
100062,100062,Ganesh Merchant,33,5,1,0,1
100063,100063,Arjun Sait,47,7,1,0,1
100064,100064,Divya Naik,54,4,1,0,2
100065,100065,Kavya Pinto,66,4,5,0,2
100066,100066,Ananya Naik,32,5,1,0,2
100067,100067,Manjunath Bhat,44,3,2,0,1
100068,100068,Farhan Khan,26,4,3,0,1
100069,100069,Ashok D'Souza,63,1,6,0,1
100070,100070,Sunita Merchant,46,4,1,0,2
100071,100071,Harish Rao,48,2,1,0,1
100072,100072,Anthony Hegde,21,6,4,0,1
100073,100073,Divya Rao,23,4,2,0,2
100074,100074,Fathima Merchant,70,1,1,0,2
100075,100075,Imran Kulkarni,41,6,1,0,1
100076,100076,Mahesh Hegde,57,4,1,0,1
100077,100077,Girish Shetty,37,7,1,0,1
100078,100078,Mary Merchant,52,1,2,0,2
100079,100079,Vinod Achar,23,10,1,0,1
100080,100080,Swathi Gowda,52,3,2,0,2
100081,100081,Manjunath Bhat,51,3,1,0,1
100082,100082,Vijay Shetty,69,3,1,0,1
100083,100083,Lakshmi Pinto,21,1,1,0,2
100084,100084,Deepa Poojary,65,4,1,0,2
100085,100085,Meena Naik,60,4,1,0,2
100086,100086,Manoj Nayak,51,4,1,0,1
100087,100087,Kusuma Sait,23,4,2,0,2
100088,100088,Shalini Hiremath,36,5,1,0,2
100089,100089,Ravi Kulkarni,19,4,1,0,1
100090,100090,Naveen Patil,48,1,1,0,1
100091,100091,Harish Merchant,63,9,1,0,1
100092,100092,Zoya Rao,60,4,1,0,2
100093,100093,Swathi Khan,58,4,2,0,2
100094,100094,Farhan D'Souza,68,1,1,0,1
100095,100095,Vinod Poojary,47,2,1,0,1
100096,100096,Nandini Hegde,28,4,1,0,2
100097,100097,Kavya Rao,43,3,1,0,2
100098,100098,Salim Hegde,69,2,1,0,1
100099,100099,Harish Rao,47,7,1,0,1
100100,100100,Vidya Merchant,34,2,1,0,2
100101,100101,Yogesh Khan,23,1,1,0,1
100102,100102,Pooja Poojary,25,9,1,0,2
100103,100103,Ganesh Kulkarni,28,8,1,0,1
100104,100104,Salim D'Souza,28,6,1,0,1
100105,100105,Suresh Hegde,18,2,1,0,1
100106,100106,Swathi Kumar,38,4,1,0,2
100107,100107,Srinivas Gowda,54,4,1,0,1
100108,100108,Srinivas Hiremath,63,6,1,0,1
100109,100109,Mary Kulkarni,59,7,1,0,2
100110,100110,Basavaraj Sait,43,6,1,0,1
100111,100111,Arjun Khan,57,4,1,0,1
100112,100112,Dinesh Hegde,20,4,1,0,1
100113,100113,Shilpa Hiremath,66,1,1,0,2
100114,100114,Sneha Achar,52,7,2,0,2
100115,100115,Vijay Kumar,48,4,1,0,1
100116,100116,Lakshmi Poojary,26,4,1,0,2
100117,100117,Kiran Shetty,27,4,1,0,1
100118,100118,Deepa Naik,54,5,2,0,2
100119,100119,Meena Merchant,24,6,1,0,2
100120,100120,Joseph Kumar,51,4,1,0,1
100121,100121,Manoj Poojary,53,6,1,0,1
100122,100122,Swathi Merchant,65,3,1,0,2
100123,100123,Kavya Kumar,62,1,2,0,2
100124,100124,Manoj Rao,52,1,1,0,1
100125,100125,Ramesh Gowda,19,1,1,0,1
100126,100126,Arjun Sait,38,4,1,0,1
100127,100127,Rajesh Khan,39,1,1,0,1
100128,100128,Anita D'Souza,64,8,1,0,2
100129,100129,Ananya Khan,44,8,1,0,2
100130,100130,Iqbal Kulkarni,33,5,2,0,1
100131,100131,Fathima Hegde,60,4,2,0,2
100132,100132,Swathi Sait,23,6,2,0,2
100133,100133,Lakshmi Desai,50,5,1,0,2
100134,100134,Dinesh Naik,18,6,1,0,1
100135,100135,Anita Rao,59,6,1,0,2
100136,100136,Prakash Desai,54,9,1,0,1
100137,100137,Ashok Hiremath,64,4,1,0,1
100138,100138,Suresh Kumar,38,9,1,0,1
100139,100139,Meena Kulkarni,38,4,1,0,2
100140,100140,Salim Shetty,48,7,2,0,1
100141,100141,Zoya D'Souza,45,7,1,0,2
100142,100142,Sowmya Rao,60,4,1,0,2
100143,100143,Arjun Shetty,59,8,1,0,1
100144,100144,Sunita Gowda,66,4,1,0,2
100145,100145,Anthony Poojary,55,1,1,0,1
100146,100146,Divya Achar,59,6,1,0,2
100147,100147,Basavaraj Naik,62,7,1,0,1
100148,100148,Meena Hiremath,65,1,1,0,2
100149,100149,Rekha Pinto,48,9,1,0,2
100150,100150,Radha Bhat,60,7,2,0,2
100151,100151,Ganesh Kulkarni,28,2,1,0,1
100152,100152,Ravi Shetty,64,1,1,0,1
100153,100153,Anil Kulkarni,68,2,1,0,1
100154,100154,Naveen Khan,19,2,2,0,1
100155,100155,Sunita Gowda,36,7,1,0,2
100156,100156,Shilpa Bhat,51,6,1,0,2
100157,100157,Kiran Achar,35,7,1,0,1
100158,100158,Kusuma Khan,52,2,1,0,2
100159,100159,Manjunath Nayak,31,4,1,0,1
100160,100160,Manjunath Nayak,27,7,2,0,1
100161,100161,Sunita Gowda,43,1,2,0,2
100162,100162,Sowmya D'Souza,29,7,1,0,2
100163,100163,Vijay Shetty,18,3,1,0,1
100164,100164,Meena Bhat,29,2,1,0,2
100165,100165,Srinivas Poojary,44,4,1,0,1
100166,100166,Kavya Poojary,64,4,1,0,2
100167,100167,Sowmya Shetty,33,4,2,0,2
100168,100168,Vidya Reddy,62,9,1,0,2
100169,100169,Basavaraj Khan,53,5,1,0,1
100170,100170,Deepa Desai,25,6,1,0,2
100171,100171,Ravi Gowda,66,5,1,0,1
100172,100172,Srinivas Merchant,29,7,1,0,1
100173,100173,Deepa Reddy,49,1,1,0,2
100174,100174,Kiran Naik,23,6,2,0,1
100175,100175,Anil Kumar,65,7,1,0,1
100176,100176,Sunita Hiremath,27,4,1,0,2
100177,100177,Ananya Achar,51,5,1,0,2
100178,100178,Geeta Gowda,19,6,1,0,2
100179,100179,Rekha Khan,33,5,1,0,2
100180,100180,Vidya Hegde,53,9,1,0,2
100181,100181,Joseph Hiremath,52,1,1,0,1
100182,100182,Ravi Kulkarni,51,9,1,0,1
100183,100183,Girish Achar,30,2,1,0,1
100184,100184,Srinivas Merchant,31,4,1,0,1
100185,100185,Sneha Gowda,24,9,2,0,2
100186,100186,Nandini Rao,58,1,2,0,2
100187,100187,Ganesh Hegde,66,2,1,0,1
100188,100188,Prakash Kumar,43,2,1,0,1
100189,100189,Shalini Shetty,38,2,4,0,2
100190,100190,Joseph Bhat,47,4,1,0,1
100191,100191,Girish Achar,61,4,1,0,1
100192,100192,Deepa Hiremath,68,1,1,0,2
100193,100193,Srinivas Bhat,51,3,1,0,1
100194,100194,Divya Kulkarni,23,3,4,0,2
100195,100195,Naveen Khan,59,4,1,0,1
100196,100196,Divya Desai,50,1,1,0,2
100197,100197,Anil Hegde,30,6,1,0,1
100198,100198,Anil Poojary,19,4,1,0,1
100199,100199,Vinod Shetty,33,6,2,0,1
100200,100200,Deepa Shetty,28,7,1,0,2
100201,100201,Geeta Bhat,22,1,2,0,2
100202,100202,Deepa Rao,40,3,1,0,2
100203,100203,Ravi D'Souza,52,5,1,0,1
100204,100204,Sneha Kulkarni,63,4,1,0,2
100205,100205,Sunita Patil,21,4,1,0,2
100206,100206,Ravi D'Souza,54,1,1,0,1
100207,100207,Srinivas Rao,57,2,1,0,1
100208,100208,Lakshmi Patil,67,1,3,0,2
100209,100209,Kusuma Kumar,51,6,1,0,2
100210,100210,Vinod Merchant,45,5,1,0,1
100211,100211,Pooja Achar,34,3,1,0,2
100212,100212,Sowmya Pinto,59,5,1,0,2
100213,100213,Ananya Bhat,70,8,1,0,2
100214,100214,Joseph Desai,54,6,1,0,1
100215,100215,Shilpa Gowda,54,6,1,0,2
100216,100216,Salim Poojary,38,4,2,0,1
100217,100217,Ashok Sait,20,9,1,0,1
100218,100218,Vijay D'Souza,56,4,1,0,1
100219,100219,Salim Poojary,61,9,1,0,1
100220,100220,Mahesh Kulkarni,42,2,1,0,1
100221,100221,Anil Hegde,34,3,1,0,1
100222,100222,Srinivas Patil,20,6,1,0,1
100223,100223,Kusuma Merchant,71,6,1,0,2
100224,100224,Arjun Gowda,58,1,2,0,1
100225,100225,Meena Kumar,56,8,1,0,2
100226,100226,Yogesh Gowda,66,9,1,0,1
100227,100227,Basavaraj Desai,61,8,2,0,1
100228,100228,Shalini Patil,24,5,1,0,2
100229,100229,Radha Bhat,26,1,1,0,2
100230,100230,Naveen Naik,35,4,1,0,1
100231,100231,Ganesh Naik,36,6,1,0,1
100232,100232,Radha Patil,50,3,1,0,2
100233,100233,Srinivas Gowda,42,7,2,0,1
100234,100234,Rajesh Gowda,59,8,2,0,1
100235,100235,Vidya Pinto,56,2,1,0,2
100236,100236,Prakash D'Souza,40,2,1,0,1
100237,100237,Dinesh D'Souza,27,2,1,0,1
100238,100238,Imran Khan,22,9,1,0,1
100239,100239,Fathima Shetty,39,7,1,0,2
100240,100240,Anita Patil,51,8,1,0,2
100241,100241,Pooja Kumar,50,7,1,0,2
100242,100242,Ramesh Kumar,24,1,2,0,1
100243,100243,Dinesh Gowda,57,6,1,0,1
100244,100244,Geeta Khan,35,9,1,0,2
100245,100245,Priya Achar,23,5,1,0,2
100246,100246,Ravi Rao,46,9,1,0,1
100247,100247,Meena Merchant,45,1,1,0,2
100248,100248,Shalini Rao,49,7,1,0,2
100249,100249,Anthony Hiremath,26,2,2,0,1
100250,100250,Rekha Achar,36,9,1,0,2
100251,100251,Manoj Hiremath,41,7,1,0,1
100252,100252,Mahesh Hegde,53,8,1,0,1
100253,100253,Kusuma Shetty,41,7,1,0,2
100254,100254,Harish Bhat,23,7,6,0,1
100255,100255,Vidya Bhat,52,6,6,0,2
100256,100256,Ganesh Kulkarni,70,2,1,0,1
100257,100257,Nagaraj Patil,51,6,1,0,1
100258,100258,Priya Rao,71,1,1,0,2
100259,100259,Sunita Kumar,71,1,1,0,2
100260,100260,Fathima Poojary,23,5,3,0,2
100261,100261,Anita Sait,61,10,2,0,2
100262,100262,Iqbal Achar,36,9,1,0,1
100263,100263,Ganesh Sait,32,9,2,0,1
100264,100264,Vinod Gowda,67,10,1,0,1
100265,100265,Joseph Kumar,27,2,1,0,1
100266,100266,Nagaraj Hiremath,67,1,2,0,1
100267,100267,Rekha Bhat,67,6,1,0,2
100268,100268,Anthony Naik,47,1,1,0,1
100269,100269,Iqbal Khan,55,2,1,0,1
100270,100270,Prakash Achar,45,7,1,0,1
100271,100271,Mary Hegde,43,6,1,0,2
100272,100272,Salim Patil,49,8,1,0,1
100273,100273,Manoj Pinto,45,2,1,0,1
100274,100274,Girish Kulkarni,71,4,1,0,1
100275,100275,Mary Bhat,50,7,1,0,2
100276,100276,Sunita Kulkarni,25,2,1,0,2
100277,100277,Vijay Reddy,55,9,1,0,1
100278,100278,Vinod Hiremath,28,3,1,0,1
100279,100279,Manoj Rao,54,7,1,0,1
100280,100280,Harish Merchant,27,5,1,0,1
100281,100281,Kusuma Poojary,31,9,1,0,2
100282,100282,Sowmya Khan,68,4,1,0,2
100283,100283,Mahesh Desai,36,4,1,0,1
100284,100284,Manjunath Kumar,55,7,1,0,1
100285,100285,Girish Desai,22,6,2,0,1
100286,100286,Mahesh Patil,55,4,1,0,1
100287,100287,Kiran Shetty,56,6,3,0,1
100288,100288,Nagaraj Kulkarni,18,3,1,0,1
100289,100289,Basavaraj Sait,20,6,1,0,1
100290,100290,Sunita Shetty,35,7,1,0,2
100291,100291,Ananya Merchant,51,4,1,0,2
100292,100292,Zoya Desai,53,4,1,0,2
100293,100293,Chandru Merchant,55,9,1,0,1
100294,100294,Priya Khan,63,1,1,0,2
100295,100295,Pooja Bhat,39,4,1,0,2
100296,100296,Srinivas Merchant,47,8,2,0,1
100297,100297,Deepa Desai,28,1,1,0,2
100298,100298,Manjunath Shetty,64,9,1,0,1
100299,100299,Roopa Hiremath,36,8,1,0,2
100300,100300,Salim Poojary,18,3,1,0,1
100301,100301,Arjun Pinto,32,1,1,0,1
100302,100302,Yogesh Merchant,50,9,4,0,1
100303,100303,Ravi Poojary,37,4,1,0,1
100304,100304,Fathima Reddy,23,3,1,0,2
100305,100305,Sunita Rao,42,5,1,0,2
100306,100306,Ganesh Kulkarni,66,4,3,0,1
100307,100307,Suresh D'Souza,55,4,1,0,1
100308,100308,Sunita Hegde,68,10,1,0,2
100309,100309,Dinesh Rao,68,1,1,0,1
100310,100310,Manoj Nayak,59,4,2,0,1
100311,100311,Nagaraj Bhat,38,4,1,0,1
100312,100312,Anil Kumar,57,6,5,0,1
100313,100313,Ananya Naik,23,5,1,0,2
100314,100314,Rekha Hiremath,23,1,1,0,2
100315,100315,Nagaraj Reddy,47,9,1,0,1
100316,100316,Anthony Rao,61,4,1,0,1
100317,100317,Manoj Hegde,31,7,1,0,1
100318,100318,Sneha Kumar,68,7,1,0,2
100319,100319,Arjun Gowda,23,9,2,0,1
100320,100320,Anita Patil,58,4,1,0,2
100321,100321,Naveen Poojary,21,9,2,0,1
100322,100322,Meena D'Souza,69,10,2,0,2
100323,100323,Nagaraj Nayak,21,3,2,0,1
100324,100324,Sneha Shetty,51,10,1,0,2
100325,100325,Srinivas Reddy,31,2,1,0,1
100326,100326,Ashok Poojary,72,4,1,0,1
100327,100327,Zoya D'Souza,41,4,1,0,2
100328,100328,Girish Patil,20,1,3,0,1
100329,100329,Anil Kulkarni,63,4,1,0,1
100330,100330,Mary Sait,55,4,1,0,2
100331,100331,Vinod Reddy,52,6,2,0,1
100332,100332,Anil Bhat,67,3,1,0,1
100333,100333,Sneha Merchant,26,8,1,0,2
100334,100334,Kavya Rao,37,3,1,0,2
100335,100335,Sunita Poojary,44,6,2,0,2
100336,100336,Kavya Poojary,44,10,1,0,2
100337,100337,Ramesh Shetty,42,3,1,0,1
100338,100338,Kavya Merchant,50,6,1,0,2
100339,100339,Ganesh Kumar,33,4,1,0,1
100340,100340,Arjun Kulkarni,40,4,1,0,1
100341,100341,Pooja Rao,51,5,1,0,2
100342,100342,Vinod Patil,49,2,1,0,1
100343,100343,Kusuma Reddy,22,7,4,0,2
100344,100344,Dinesh Sait,39,2,1,0,1
100345,100345,Srinivas Merchant,35,8,1,0,1
100346,100346,Lakshmi Khan,26,4,3,0,2
100347,100347,Harish Naik,23,3,1,0,1
100348,100348,Mahesh Poojary,42,4,1,0,1
100349,100349,Srinivas Khan,31,6,1,0,1
100350,100350,Arjun Sait,71,6,2,0,1
100351,100351,Manoj Rao,55,5,1,0,1
100352,100352,Sneha D'Souza,52,5,1,0,2
100353,100353,Kiran Hegde,50,7,1,0,1
100354,100354,Ashok Bhat,65,4,1,0,1
100355,100355,Geeta Gowda,71,4,2,0,2
100356,100356,Rekha Nayak,40,2,1,0,2
100357,100357,Roopa Hiremath,33,7,2,0,2
100358,100358,Anthony Merchant,34,3,1,0,1
100359,100359,Meena Kulkarni,61,1,1,0,2
100360,100360,Rajesh Poojary,27,6,2,0,1
100361,100361,Farhan Shetty,29,7,1,0,1
100362,100362,Mahesh Rao,36,9,1,0,1
100363,100363,Ramesh D'Souza,20,2,1,0,1
100364,100364,Naveen Rao,32,1,1,0,1
100365,100365,Dinesh Desai,57,6,1,0,1
100366,100366,Anil Hiremath,62,3,1,0,1
100367,100367,Imran Reddy,40,2,1,0,1
100368,100368,Divya Naik,20,4,1,0,2
100369,100369,Vinod Naik,26,7,1,0,1
100370,100370,Ashok Sait,64,1,5,0,1
100371,100371,Zoya Achar,28,6,1,0,2
100372,100372,Sowmya Merchant,32,10,1,0,2
100373,100373,Ramesh Nayak,41,9,2,0,1
100374,100374,Anita Bhat,30,4,1,0,2
100375,100375,Ashok Patil,62,4,2,0,1
100376,100376,Nandini Bhat,39,4,1,0,2
100377,100377,Rajesh Gowda,37,7,1,0,1
100378,100378,Priya Hegde,61,7,1,0,2
100379,100379,Roopa Patil,47,4,1,0,2
100380,100380,Nagaraj Kulkarni,71,8,1,0,1
100381,100381,Sowmya Hegde,53,4,1,0,2
100382,100382,Swathi Shetty,49,4,1,0,2
100383,100383,Nandini Bhat,68,7,1,0,2
100384,100384,Farhan Merchant,69,1,1,0,1
100385,100385,Pooja Achar,26,1,1,0,2
100386,100386,Divya Reddy,44,4,1,0,2
100387,100387,Shilpa Bhat,40,1,1,0,2
100388,100388,Arjun Hiremath,55,9,1,0,1
100389,100389,Arjun D'Souza,35,9,1,0,1
100390,100390,Divya Hiremath,46,4,1,0,2
100391,100391,Ravi D'Souza,68,10,1,0,1
100392,100392,Vidya Kumar,48,6,1,0,2
100393,100393,Girish Pinto,56,4,1,0,1
100394,100394,Ravi Kulkarni,24,5,1,0,1
100395,100395,Nandini Hiremath,52,4,2,0,2
100396,100396,Sowmya Patil,26,4,1,0,2
100397,100397,Priya D'Souza,18,6,1,0,2
100398,100398,Suresh Patil,24,10,1,0,1
100399,100399,Imran Kulkarni,40,1,1,0,1
100400,100400,Suresh Pinto,47,4,1,0,1
100401,100401,Harish Kulkarni,59,8,1,0,1
100402,100402,Mahesh Naik,23,4,1,0,1
100403,100403,Deepa Desai,55,6,3,0,2
100404,100404,Imran D'Souza,19,7,1,0,1
100405,100405,Prakash Hiremath,55,7,1,0,1
100406,100406,Anil Rao,71,4,1,0,1
100407,100407,Girish Khan,51,4,1,0,1
100408,100408,Iqbal Achar,69,2,1,0,1
100409,100409,Meena Kumar,31,8,4,0,2
100410,100410,Lakshmi Reddy,29,4,1,0,2
100411,100411,Radha Hegde,27,9,1,0,2
100412,100412,Roopa Khan,43,9,1,0,2
100413,100413,Shalini Hegde,58,3,1,0,2
100414,100414,Manjunath Achar,41,6,1,0,1
100415,100415,Srinivas Gowda,51,7,1,0,1
100416,100416,Manoj Kulkarni,20,4,1,0,1
100417,100417,Kusuma Bhat,48,6,1,0,2
100418,100418,Kiran Hegde,56,7,1,0,1
100419,100419,Basavaraj Khan,72,4,1,0,1
100420,100420,Farhan Reddy,52,6,1,0,1
100421,100421,Harish Kulkarni,37,3,1,0,1
100422,100422,Yogesh Merchant,38,7,1,0,1
100423,100423,Manjunath Sait,39,1,1,0,1
100424,100424,Shilpa Poojary,62,3,1,0,2
100425,100425,Ananya Shetty,45,8,1,0,2
100426,100426,Sneha Gowda,65,10,1,0,2
100427,100427,Kavya Shetty,32,3,1,0,2
100428,100428,Lakshmi Achar,26,8,1,0,2
100429,100429,Kusuma Merchant,32,4,1,0,2
100430,100430,Lakshmi Bhat,20,5,3,0,2
100431,100431,Deepa Bhat,31,8,1,0,2
100432,100432,Iqbal Bhat,57,10,1,0,1
100433,100433,Anthony D'Souza,25,8,1,0,1
100434,100434,Sneha Hiremath,27,8,1,0,2
100435,100435,Iqbal Reddy,71,4,1,0,1
100436,100436,Mary Merchant,35,6,1,0,2
100437,100437,Anil Pinto,60,4,1,0,1
100438,100438,Kusuma Patil,25,9,1,0,2
100439,100439,Vidya Pinto,49,3,1,0,2
100440,100440,Geeta D'Souza,38,8,1,0,2
100441,100441,Swathi Khan,53,5,1,0,2
100442,100442,Sneha Gowda,41,4,1,0,2
100443,100443,Ravi Bhat,32,2,1,0,1
100444,100444,Sunita Sait,60,4,1,0,2
100445,100445,Nagaraj Gowda,22,4,1,0,1
100446,100446,Harish Nayak,56,4,1,0,1
100447,100447,Deepa Gowda,28,2,1,0,2
100448,100448,Sneha Achar,44,4,1,0,2
100449,100449,Roopa Shetty,40,2,1,0,2
100450,100450,Basavaraj Merchant,48,7,1,0,1
100451,100451,Kusuma Gowda,29,4,2,0,2
100452,100452,Vijay Rao,25,2,1,0,1
100453,100453,Girish Desai,42,1,1,0,1
100454,100454,Lakshmi Shetty,36,4,2,0,2
100455,100455,Lakshmi Shetty,61,10,1,0,2
100456,100456,Naveen Achar,49,7,1,0,1
100457,100457,Lakshmi Kumar,69,2,1,0,2
100458,100458,Arjun Naik,28,9,1,0,1
100459,100459,Harish Desai,43,6,1,0,1
100460,100460,Vidya Rao,38,5,4,0,2
100461,100461,Lakshmi Reddy,64,8,1,0,2
100462,100462,Nagaraj Patil,42,6,1,0,1
100463,100463,Kavya Rao,67,6,1,0,2
100464,100464,Fathima Pinto,32,10,2,0,2
100465,100465,Salim Reddy,30,3,1,0,1
100466,100466,Nagaraj Pinto,18,9,1,0,1
100467,100467,Rajesh Rao,22,1,1,0,1
100468,100468,Vinod Kumar,57,1,1,0,1
100469,100469,Kiran Kumar,31,4,2,0,1
100470,100470,Naveen Khan,40,9,1,0,1
100471,100471,Lakshmi Kulkarni,36,4,1,0,2
100472,100472,Sowmya Rao,19,4,1,0,2
100473,100473,Fathima Kulkarni,24,3,1,0,2
100474,100474,Vinod Gowda,59,1,2,0,1
100475,100475,Dinesh Shetty,63,1,1,0,1
100476,100476,Vijay Pinto,60,8,1,0,1
100477,100477,Yogesh Pinto,34,6,1,0,1
100478,100478,Anil Bhat,33,6,2,0,1
100479,100479,Divya Khan,68,9,1,0,2
100480,100480,Suresh Hegde,66,8,1,0,1
100481,100481,Basavaraj Nayak,26,6,1,0,1
100482,100482,Shilpa Hegde,62,3,1,0,2
100483,100483,Pooja Poojary,55,5,1,0,2
100484,100484,Vijay Gowda,56,4,1,0,1
100485,100485,Shilpa Rao,39,4,1,0,2
100486,100486,Girish Rao,20,6,1,0,1
100487,100487,Arjun Hiremath,65,10,2,0,1
100488,100488,Vinod Merchant,59,9,1,0,1
100489,100489,Girish Desai,55,2,1,0,1
100490,100490,Vidya Merchant,50,6,1,0,2
100491,100491,Vidya Patil,41,2,1,0,2
100492,100492,Srinivas Rao,21,5,1,0,1
100493,100493,Ananya Hegde,50,5,1,0,2
100494,100494,Ganesh Desai,60,3,1,0,1
100495,100495,Harish Kumar,69,5,2,0,1
100496,100496,Kavya Rao,69,3,1,0,2
100497,100497,Pooja D'Souza,39,9,1,0,2
100498,100498,Kiran Desai,35,7,1,0,1
100499,100499,Imran Bhat,39,1,1,0,1
100500,100500,Manjunath Shetty,72,9,1,0,1
100501,100501,Ananya Patil,52,6,4,0,2
100502,100502,Geeta Desai,46,4,1,0,2
100503,100503,Fathima Patil,62,8,3,0,2
100504,100504,Rajesh Kulkarni,49,9,1,0,1
100505,100505,Arjun Kumar,30,4,1,0,1
100506,100506,Divya Gowda,59,8,1,0,2
100507,100507,Shilpa Khan,65,4,1,0,2
100508,100508,Manjunath Achar,27,7,1,0,1
100509,100509,Manoj Desai,56,9,2,0,1
100510,100510,Prakash Desai,60,1,1,0,1
100511,100511,Dinesh Patil,52,4,1,0,1
100512,100512,Manoj Kulkarni,34,1,1,0,1
100513,100513,Shalini Desai,62,9,1,0,2
100514,100514,Salim Desai,30,9,1,0,1
100515,100515,Zoya Achar,44,7,1,0,2
100516,100516,Deepa Nayak,53,9,2,0,2
100517,100517,Vinod Kulkarni,31,1,1,0,1
100518,100518,Ashok D'Souza,20,9,1,0,1
100519,100519,Dinesh Khan,55,4,1,0,1
100520,100520,Fathima Nayak,62,4,1,0,2
100521,100521,Vijay Sait,64,5,2,0,1
100522,100522,Mary Kulkarni,34,9,2,0,2
100523,100523,Shilpa Hiremath,50,4,2,0,2
100524,100524,Kusuma Gowda,38,4,2,0,2
100525,100525,Kavya Bhat,61,4,1,0,2
100526,100526,Sneha Merchant,66,9,2,0,2
100527,100527,Basavaraj Desai,46,3,1,0,1
100528,100528,Anthony Kumar,54,8,1,0,1
100529,100529,Arjun Nayak,62,7,1,0,1
100530,100530,Dinesh Naik,43,6,1,0,1
100531,100531,Ananya Nayak,66,9,1,0,2
100532,100532,Nandini Kumar,25,1,1,0,2
100533,100533,Divya Hegde,40,2,1,0,2
100534,100534,Ravi Nayak,23,1,2,0,1
100535,100535,Joseph Poojary,58,9,1,0,1
100536,100536,Suresh Bhat,65,10,1,0,1
100537,100537,Anil Gowda,29,7,1,0,1
100538,100538,Pooja Nayak,34,9,1,0,2
100539,100539,Priya Shetty,30,2,4,0,2
100540,100540,Joseph Hegde,46,4,1,0,1
100541,100541,Shalini Reddy,54,3,2,0,2
100542,100542,Anil Reddy,38,9,1,0,1
100543,100543,Nandini Naik,57,1,1,0,2
100544,100544,Farhan Hegde,23,10,1,0,1
100545,100545,Swathi Naik,57,10,1,0,2
100546,100546,Anil Sait,55,2,2,0,1
100547,100547,Ganesh Nayak,19,1,1,0,1
100548,100548,Joseph Naik,21,7,2,0,1
100549,100549,Swathi Sait,57,9,4,0,2
100550,100550,Shalini Kulkarni,25,2,1,0,2
100551,100551,Anil Desai,19,3,1,0,1
100552,100552,Ramesh Gowda,54,4,1,0,1
100553,100553,Manjunath Kulkarni,43,2,2,0,1
100554,100554,Anil Nayak,34,5,2,0,1
100555,100555,Naveen Kumar,45,2,1,0,1
100556,100556,Girish Hiremath,23,7,1,0,1
100557,100557,Rajesh Naik,36,9,1,0,1
100558,100558,Vinod Nayak,23,8,2,0,1
100559,100559,Salim Bhat,40,2,1,0,1
100560,100560,Sowmya Merchant,64,1,1,0,2
100561,100561,Ganesh Gowda,41,4,1,0,1
100562,100562,Manoj Hegde,51,9,3,0,1
100563,100563,Ashok Kulkarni,64,4,1,0,1
100564,100564,Harish Desai,27,1,1,0,1
100565,100565,Rekha Nayak,36,10,2,0,2
100566,100566,Rajesh Desai,51,10,1,0,1
100567,100567,Shilpa Gowda,53,4,1,0,2
100568,100568,Arjun Hegde,39,6,1,0,1
100569,100569,Prakash Hegde,41,10,1,0,1
100570,100570,Shalini Hiremath,41,3,1,0,2
100571,100571,Sowmya Poojary,32,2,1,0,2
100572,100572,Naveen Merchant,53,2,1,0,1
100573,100573,Nagaraj Nayak,21,3,1,0,1
100574,100574,Mahesh Merchant,38,5,1,0,1
100575,100575,Kusuma Achar,52,4,1,0,2
100576,100576,Roopa D'Souza,61,5,1,0,2
100577,100577,Deepa Gowda,66,7,1,0,2
100578,100578,Vijay Rao,22,3,1,0,1
100579,100579,Kavya Naik,25,8,2,0,2
100580,100580,Vidya Kumar,55,5,2,0,2
100581,100581,Harish Kumar,23,4,1,0,1
100582,100582,Mary D'Souza,53,4,1,0,2
100583,100583,Sunita Achar,67,1,1,0,2
100584,100584,Anita Rao,34,5,1,0,2
100585,100585,Anil Pinto,46,4,1,0,1
100586,100586,Yogesh Khan,27,3,1,0,1
100587,100587,Manjunath Shetty,65,9,1,0,1
100588,100588,Manoj Desai,51,5,1,0,1
100589,100589,Chandru D'Souza,63,4,6,0,1
100590,100590,Nandini Khan,65,8,1,0,2
100591,100591,Kiran D'Souza,28,4,1,0,1
100592,100592,Prakash Kulkarni,51,3,1,0,1
100593,100593,Salim Nayak,57,9,1,0,1
100594,100594,Swathi Khan,40,4,1,0,2
100595,100595,Divya Desai,25,4,1,0,2
100596,100596,Zoya Achar,67,7,1,0,2
100597,100597,Roopa Khan,65,6,1,0,2
100598,100598,Shilpa Poojary,67,9,1,0,2
100599,100599,Meena Reddy,32,8,1,0,2
100600,100600,Shalini Gowda,44,8,2,0,2
100601,100601,Vidya Rao,41,8,1,0,2
100602,100602,Mahesh Patil,32,6,2,0,1
100603,100603,Vidya Gowda,55,6,1,0,2
100604,100604,Yogesh Kumar,32,9,1,0,1
100605,100605,Meena Pinto,53,3,1,0,2
100606,100606,Ashok Gowda,56,8,1,0,1
100607,100607,Anil Shetty,47,8,1,0,1
100608,100608,Shalini Hiremath,56,2,1,0,2
100609,100609,Priya Naik,21,5,1,0,2
100610,100610,Sneha D'Souza,25,4,1,0,2
100611,100611,Radha D'Souza,60,7,1,0,2
100612,100612,Anthony Achar,49,8,1,0,1
100613,100613,Ganesh Patil,44,3,1,0,1
100614,100614,Naveen Kulkarni,58,4,1,0,1
100615,100615,Manjunath Reddy,63,2,1,0,1
100616,100616,Lakshmi Patil,28,1,1,0,2
100617,100617,Suresh Kumar,42,4,1,0,1
100618,100618,Joseph Bhat,54,6,1,0,1
100619,100619,Manoj Poojary,30,9,1,0,1
100620,100620,Naveen Reddy,54,2,1,0,1
100621,100621,Vidya Hiremath,41,9,1,0,2
100622,100622,Nandini Khan,41,3,1,0,2
100623,100623,Ashok Nayak,65,5,1,0,1
100624,100624,Deepa Pinto,58,9,1,0,2
100625,100625,Basavaraj Rao,22,5,1,0,1
100626,100626,Kusuma Hegde,53,2,2,0,2
100627,100627,Vidya Reddy,20,10,1,0,2
100628,100628,Nandini Kulkarni,43,6,1,0,2
100629,100629,Anil Naik,48,9,2,0,1
100630,100630,Mahesh Gowda,62,6,1,0,1
100631,100631,Kusuma Desai,61,4,1,0,2
100632,100632,Divya Reddy,48,2,1,0,2
100633,100633,Vidya Achar,42,7,1,0,2
100634,100634,Anthony Bhat,43,2,2,0,1
100635,100635,Radha Pinto,59,7,1,0,2
100636,100636,Anil Patil,25,4,1,0,1
100637,100637,Vidya Merchant,38,6,2,0,2
100638,100638,Suresh Gowda,57,1,1,0,1
100639,100639,Divya D'Souza,37,5,2,0,2
100640,100640,Kusuma Hegde,26,6,2,0,2
100641,100641,Chandru Pinto,66,4,1,0,1
100642,100642,Ashok Pinto,57,10,1,0,1
100643,100643,Basavaraj Naik,25,5,1,0,1
100644,100644,Mahesh Naik,50,1,1,0,1
100645,100645,Naveen Rao,33,1,2,0,1
100646,100646,Lakshmi Rao,44,7,2,0,2
100647,100647,Chandru Reddy,21,8,1,0,1
100648,100648,Manoj Poojary,31,1,2,0,1
100649,100649,Geeta D'Souza,72,4,1,0,2
100650,100650,Basavaraj Naik,30,7,1,0,1
100651,100651,Mahesh Achar,30,8,1,0,1
100652,100652,Suresh Kumar,64,1,1,0,1
100653,100653,Shilpa Poojary,28,4,3,0,2
100654,100654,Harish Gowda,69,3,1,0,1
100655,100655,Zoya Kulkarni,54,8,1,0,2
100656,100656,Priya Desai,49,4,1,0,2
100657,100657,Deepa Poojary,50,8,1,0,2
100658,100658,Vinod Achar,58,9,1,0,1
100659,100659,Lakshmi Shetty,21,4,1,0,2
100660,100660,Zoya Poojary,24,8,1,0,2
100661,100661,Kiran Shetty,19,9,1,0,1
100662,100662,Ramesh Khan,33,4,1,0,1
100663,100663,Rajesh Pinto,27,6,1,0,1
100664,100664,Ashok Nayak,64,7,1,0,1
100665,100665,Mahesh Naik,39,4,1,0,1
100666,100666,Manjunath Bhat,19,8,1,0,1
100667,100667,Geeta Achar,38,4,1,0,2
100668,100668,Meena Rao,22,2,1,0,2
100669,100669,Naveen Bhat,26,5,2,0,1
100670,100670,Sowmya Hegde,26,1,2,0,2
100671,100671,Priya Hegde,26,5,1,0,2
100672,100672,Chandru Naik,54,4,1,0,1
100673,100673,Yogesh Poojary,66,4,1,0,1
100674,100674,Srinivas Desai,47,9,1,0,1
100675,100675,Manjunath Naik,20,1,1,0,1
100676,100676,Ananya Shetty,67,4,1,0,2
100677,100677,Ashok Achar,53,10,1,0,1
100678,100678,Rajesh Rao,29,3,1,0,1
100679,100679,Ganesh Kumar,32,4,1,0,1
100680,100680,Ramesh Kumar,55,2,1,0,1
100681,100681,Ravi Kumar,22,9,1,0,1
100682,100682,Basavaraj Merchant,66,4,2,0,1
100683,100683,Rekha Gowda,23,6,1,0,2
100684,100684,Sowmya Patil,32,8,1,0,2
100685,100685,Radha Pinto,37,3,1,0,2
100686,100686,Ravi Gowda,67,6,1,0,1
100687,100687,Vijay Achar,22,2,1,0,1
100688,100688,Iqbal Rao,71,2,1,0,1
100689,100689,Ramesh Merchant,54,9,1,0,1
100690,100690,Ramesh Hegde,21,6,3,0,1
100691,100691,Manoj Khan,45,5,1,0,1
100692,100692,Vidya Desai,18,6,1,0,2
100693,100693,Zoya Achar,63,1,1,0,2
100694,100694,Anthony Gowda,63,10,1,0,1
100695,100695,Iqbal Reddy,38,9,1,0,1
100696,100696,Mary Gowda,48,7,1,0,2
100697,100697,Yogesh Poojary,63,4,1,0,1
100698,100698,Prakash Achar,68,1,2,0,1
100699,100699,Farhan Gowda,68,1,2,0,1
100700,100700,Priya Sait,23,7,2,0,2
100701,100701,Kavya Hegde,30,7,1,0,2
100702,100702,Prakash Rao,30,8,1,0,1
100703,100703,Kusuma Khan,40,4,1,0,2
100704,100704,Ganesh Gowda,71,4,1,0,1
100705,100705,Arjun Hegde,41,7,1,0,1
100706,100706,Zoya Kulkarni,63,2,1,0,2
100707,100707,Salim Sait,51,6,1,0,1
100708,100708,Roopa Poojary,40,3,1,0,2
100709,100709,Meena Desai,41,6,5,0,2
100710,100710,Joseph Hegde,39,4,1,0,1
100711,100711,Arjun Gowda,20,4,2,0,1
100712,100712,Priya Hegde,21,4,1,0,2
100713,100713,Shilpa D'Souza,44,1,2,0,2
100714,100714,Basavaraj Hegde,23,5,1,0,1
100715,100715,Naveen Reddy,47,9,1,0,1
100716,100716,Ravi D'Souza,31,9,2,0,1
100717,100717,Sneha Desai,41,1,1,0,2
100718,100718,Joseph Shetty,46,4,3,0,1
100719,100719,Rajesh Patil,44,1,1,0,1
100720,100720,Imran Shetty,32,1,3,0,1
100721,100721,Sowmya Hiremath,58,4,2,0,2
100722,100722,Girish Khan,41,4,1,0,1
100723,100723,Manoj Merchant,63,10,1,0,1
100724,100724,Iqbal Reddy,64,7,2,0,1
100725,100725,Kiran Shetty,51,1,1,0,1
100726,100726,Meena Achar,54,8,2,0,2
100727,100727,Kiran Gowda,36,2,1,0,1
100728,100728,Swathi Bhat,32,1,1,0,2
100729,100729,Ramesh Rao,60,1,1,0,1
100730,100730,Chandru Khan,66,2,1,0,1
100731,100731,Vidya Achar,42,5,1,0,2
100732,100732,Ganesh Naik,42,1,1,0,1
100733,100733,Vinod Kumar,20,6,3,0,1
100734,100734,Naveen Kulkarni,48,4,1,0,1
100735,100735,Mary Hegde,53,1,1,0,2
100736,100736,Kiran D'Souza,45,1,1,0,1
100737,100737,Mahesh Gowda,24,10,1,0,1
100738,100738,Anthony Khan,25,1,1,0,1
100739,100739,Rekha Gowda,23,6,1,0,2
100740,100740,Vinod Khan,47,5,1,0,1
100741,100741,Rekha Kumar,56,8,1,0,2
100742,100742,Anil Khan,43,7,1,0,1
100743,100743,Nandini Khan,60,2,1,0,2
100744,100744,Kavya Poojary,40,4,1,0,2
100745,100745,Fathima Poojary,45,7,1,0,2
100746,100746,Geeta D'Souza,36,6,1,0,2
100747,100747,Ganesh Pinto,26,8,1,0,1
100748,100748,Divya Patil,43,4,1,0,2
100749,100749,Anthony Reddy,28,1,1,0,1
100750,100750,Ganesh Hiremath,34,9,1,0,1
100751,100751,Lakshmi Shetty,70,5,1,0,2
100752,100752,Shalini Kumar,52,7,1,0,2
100753,100753,Salim Bhat,37,8,1,0,1
100754,100754,Anita Desai,60,8,1,0,2
100755,100755,Mary Rao,33,4,2,0,2
100756,100756,Ananya Rao,58,5,2,0,2
100757,100757,Sneha Poojary,41,4,1,0,2
100758,100758,Manjunath Patil,37,6,1,0,1
100759,100759,Rajesh Pinto,33,6,3,0,1
100760,100760,Yogesh Hegde,58,2,2,0,1
100761,100761,Shilpa Naik,29,5,1,0,2
100762,100762,Meena Poojary,33,4,1,0,2
100763,100763,Yogesh Khan,25,9,1,0,1
100764,100764,Vinod Patil,51,7,1,0,1
100765,100765,Deepa Reddy,56,6,1,0,2
100766,100766,Sunita Sait,22,10,1,0,2
100767,100767,Dinesh Desai,65,6,1,0,1
100768,100768,Kiran Hiremath,57,4,2,0,1
100769,100769,Anita Naik,29,10,1,0,2
100770,100770,Vidya Gowda,60,7,1,0,2
100771,100771,Sneha Hegde,29,4,1,0,2
100772,100772,Zoya Pinto,57,8,1,0,2
100773,100773,Manjunath Gowda,61,4,1,0,1
100774,100774,Prakash Naik,34,4,2,0,1
100775,100775,Harish Sait,58,8,1,0,1
100776,100776,Kusuma Rao,68,7,1,0,2
100777,100777,Joseph Nayak,60,8,2,0,1
100778,100778,Kusuma Naik,34,7,1,0,2
100779,100779,Salim Merchant,35,6,1,0,1
100780,100780,Kiran Khan,62,9,1,0,1
100781,100781,Deepa Merchant,44,9,7,0,2
100782,100782,Sowmya Shetty,59,6,2,0,2
100783,100783,Kavya Shetty,29,1,1,0,2
100784,100784,Rajesh Naik,24,1,1,0,1
100785,100785,Kiran D'Souza,62,6,1,0,1
100786,100786,Radha Sait,67,7,4,0,2
100787,100787,Anthony Naik,38,4,1,0,1
100788,100788,Mary Merchant,38,1,1,0,2
100789,100789,Kiran Nayak,46,2,4,0,1
100790,100790,Ravi Pinto,40,1,2,0,1
100791,100791,Kusuma Kumar,18,5,1,0,2
100792,100792,Prakash Kulkarni,35,1,1,0,1
100793,100793,Ananya Naik,25,8,1,0,2
100794,100794,Mary Shetty,56,7,2,0,2
100795,100795,Arjun Kulkarni,61,4,2,0,1
100796,100796,Nagaraj Gowda,58,8,2,0,1
100797,100797,Anil Kulkarni,33,3,1,0,1
100798,100798,Divya Pinto,50,6,1,0,2
100799,100799,Suresh Rao,45,9,1,0,1
100800,100800,Sunita Poojary,56,10,2,0,2
100801,100801,Rekha Rao,54,8,1,0,2
100802,100802,Naveen Pinto,61,6,1,0,1
100803,100803,Sunita Sait,20,9,4,0,2
100804,100804,Anthony Nayak,60,1,1,0,1
100805,100805,Mahesh Desai,31,2,1,0,1
100806,100806,Sneha Kumar,61,9,1,0,2
100807,100807,Naveen Sait,26,2,2,0,1
100808,100808,Joseph Poojary,69,10,2,0,1
100809,100809,Ananya Achar,21,4,1,0,2
100810,100810,Salim Nayak,68,6,1,0,1
100811,100811,Sneha Kumar,21,8,1,0,2
100812,100812,Ramesh Achar,67,2,2,0,1
100813,100813,Farhan Naik,18,4,1,0,1
100814,100814,Kusuma Patil,23,4,1,0,2
100815,100815,Chandru Nayak,37,6,1,0,1
100816,100816,Nagaraj D'Souza,72,1,1,0,1
100817,100817,Ananya Bhat,67,5,1,0,2
100818,100818,Lakshmi D'Souza,33,2,1,0,2
100819,100819,Roopa Gowda,50,3,4,0,2
100820,100820,Nagaraj Nayak,54,3,1,0,1
100821,100821,Roopa Bhat,58,2,1,0,2
100822,100822,Sowmya Nayak,40,1,1,0,2
100823,100823,Ravi Poojary,26,8,1,0,1
100824,100824,Zoya Shetty,37,5,2,0,2
100825,100825,Prakash Hegde,19,1,1,0,1
100826,100826,Shalini Kulkarni,41,1,1,0,2
100827,100827,Imran Poojary,65,5,1,0,1
100828,100828,Dinesh Bhat,56,6,1,0,1
100829,100829,Ashok Pinto,27,9,1,0,1
100830,100830,Meena Shetty,62,6,1,0,2
100831,100831,Dinesh Pinto,19,8,1,0,1
100832,100832,Kavya Bhat,66,1,1,0,2
100833,100833,Ananya Patil,61,4,1,0,2
100834,100834,Sneha Khan,37,4,2,0,2
100835,100835,Salim Hiremath,46,8,1,0,1
100836,100836,Zoya Pinto,26,3,1,0,2
100837,100837,Suresh Pinto,42,2,1,0,1
100838,100838,Srinivas Kulkarni,32,6,1,0,1
100839,100839,Mahesh Pinto,70,10,1,0,1
100840,100840,Anita Sait,27,6,2,0,2
100841,100841,Sneha Reddy,43,4,1,0,2
100842,100842,Suresh Rao,47,2,1,0,1
100843,100843,Salim D'Souza,60,4,1,0,1
100844,100844,Yogesh Poojary,72,7,2,0,1
100845,100845,Vidya Rao,67,4,1,0,2
100846,100846,Vijay Merchant,32,9,1,0,1
100847,100847,Chandru Kumar,56,4,1,0,1
100848,100848,Basavaraj Hegde,47,9,2,0,1
100849,100849,Chandru Patil,47,4,2,0,1
100850,100850,Rajesh Desai,30,9,1,0,1
100851,100851,Sunita Desai,53,6,1,0,2
100852,100852,Meena Achar,28,4,1,0,2
100853,100853,Salim Naik,25,1,2,0,1
100854,100854,Mahesh Bhat,41,4,1,0,1
100855,100855,Priya Sait,63,1,1,0,2
100856,100856,Vidya Kulkarni,32,4,1,0,2
100857,100857,Ananya Nayak,66,4,1,0,2
100858,100858,Ravi Sait,42,6,1,0,1
100859,100859,Roopa Pinto,39,4,1,0,2
100860,100860,Harish Pinto,33,5,2,0,1
100861,100861,Ravi Khan,19,4,1,0,1
100862,100862,Mahesh Achar,30,7,1,0,1
100863,100863,Mary Achar,41,7,1,0,2
100864,100864,Vidya Hegde,49,2,2,0,2
100865,100865,Imran Patil,61,1,1,0,1
100866,100866,Suresh Shetty,52,2,1,0,1
100867,100867,Mary Kulkarni,35,4,2,0,2
100868,100868,Harish Poojary,20,1,2,0,1
100869,100869,Ravi Kulkarni,56,1,1,0,1
100870,100870,Shilpa Merchant,64,1,4,0,2
100871,100871,Girish Achar,37,7,1,0,1
100872,100872,Ashok Merchant,65,5,1,0,1
100873,100873,Nandini Naik,18,8,1,0,2
100874,100874,Swathi Sait,41,3,2,0,2
100875,100875,Anita Desai,33,8,1,0,2
100876,100876,Basavaraj Naik,62,1,1,0,1
100877,100877,Farhan Shetty,24,3,1,0,1
100878,100878,Chandru Naik,59,7,1,0,1
100879,100879,Manoj Rao,36,3,1,0,1
100880,100880,Suresh Khan,42,5,1,0,1
100881,100881,Manoj Naik,35,8,1,0,1
100882,100882,Yogesh Khan,52,7,1,0,1
100883,100883,Kusuma Gowda,52,10,1,0,2
100884,100884,Roopa Desai,63,9,1,0,2
100885,100885,Sneha Rao,37,2,1,0,2
100886,100886,Vinod Desai,60,7,1,0,1
100887,100887,Rajesh Hiremath,33,9,1,0,1
100888,100888,Swathi Hegde,32,6,1,0,2
100889,100889,Arjun Shetty,64,1,1,0,1
100890,100890,Anita Poojary,66,6,1,0,2
100891,100891,Anita Achar,63,3,1,0,2
100892,100892,Girish Sait,20,4,2,0,1
100893,100893,Anita Gowda,47,8,1,0,2
100894,100894,Prakash Shetty,66,3,1,0,1
100895,100895,Srinivas D'Souza,27,4,1,0,1
100896,100896,Dinesh Poojary,57,1,1,0,1
100897,100897,Nandini Bhat,64,6,1,0,2
100898,100898,Anil Merchant,24,7,1,0,1
100899,100899,Dinesh Patil,36,1,1,0,1
100900,100900,Nagaraj Patil,51,2,1,0,1
100901,100901,Zoya Achar,44,5,1,0,2
100902,100902,Ramesh Achar,57,3,1,0,1
100903,100903,Pooja Gowda,68,4,1,0,2
100904,100904,Pooja Achar,25,6,1,0,2
100905,100905,Fathima Shetty,25,2,2,0,2
100906,100906,Suresh Bhat,48,4,1,0,1
100907,100907,Swathi Kulkarni,39,7,2,0,2
100908,100908,Imran Shetty,41,6,3,0,1
100909,100909,Mary Merchant,26,1,1,0,2
100910,100910,Naveen Rao,34,9,1,0,1
100911,100911,Basavaraj Khan,45,9,2,0,1
100912,100912,Fathima Kumar,34,3,1,0,2
100913,100913,Arjun Poojary,46,7,1,0,1
100914,100914,Manjunath Poojary,54,1,1,0,1
100915,100915,Naveen Achar,23,6,1,0,1
100916,100916,Anthony Nayak,24,4,3,0,1
100917,100917,Srinivas Hiremath,45,6,1,0,1
100918,100918,Dinesh Hiremath,65,2,1,0,1
100919,100919,Harish Bhat,44,3,1,0,1
100920,100920,Kusuma Sait,55,4,1,0,2
100921,100921,Anthony Khan,65,9,1,0,1
100922,100922,Swathi Shetty,60,4,1,0,2
100923,100923,Srinivas Hegde,35,6,1,0,1
100924,100924,Basavaraj Poojary,54,6,1,0,1
100925,100925,Radha Desai,43,6,2,0,2
100926,100926,Nagaraj Pinto,39,9,1,0,1
100927,100927,Anthony Naik,66,4,1,0,1
100928,100928,Vinod Merchant,33,9,1,0,1
100929,100929,Sowmya Merchant,33,7,1,0,2
100930,100930,Dinesh Naik,21,10,1,0,1
100931,100931,Imran Rao,57,4,1,0,1
100932,100932,Farhan Achar,51,6,1,0,1
100933,100933,Ramesh Hiremath,21,1,1,0,1
100934,100934,Ravi Kulkarni,53,2,1,0,1
100935,100935,Geeta Gowda,69,4,1,0,2
100936,100936,Priya Poojary,45,3,1,0,2
100937,100937,Lakshmi Kumar,19,4,2,0,2
100938,100938,Rajesh Reddy,46,9,4,0,1
100939,100939,Basavaraj Gowda,37,6,1,0,1
100940,100940,Divya Patil,48,4,1,0,2
100941,100941,Sowmya D'Souza,29,4,1,0,2
100942,100942,Kusuma Sait,37,9,1,0,2
100943,100943,Shilpa Hegde,36,5,1,0,2
100944,100944,Nandini Pinto,21,5,1,0,2
100945,100945,Vijay Pinto,43,2,1,0,1
100946,100946,Vinod Khan,30,8,1,0,1
100947,100947,Salim Poojary,45,4,1,0,1
100948,100948,Rekha Sait,30,5,2,0,2
100949,100949,Ravi Shetty,34,10,1,0,1
100950,100950,Suresh Kulkarni,51,1,1,0,1
100951,100951,Divya Hiremath,22,7,1,0,2
100952,100952,Sneha Kulkarni,69,2,1,0,2
100953,100953,Rekha Hiremath,18,2,1,0,2
100954,100954,Ananya Bhat,47,4,1,0,2
100955,100955,Shilpa Hiremath,54,4,1,0,2
100956,100956,Harish Rao,68,1,1,0,1
100957,100957,Ashok Kulkarni,29,3,1,0,1
100958,100958,Sneha D'Souza,43,4,1,0,2
100959,100959,Harish Achar,58,2,1,0,1
100960,100960,Basavaraj Rao,62,9,2,0,1
100961,100961,Anita Shetty,65,3,1,0,2
100962,100962,Priya Hiremath,62,4,2,0,2
100963,100963,Vidya Desai,50,8,2,0,2
100964,100964,Roopa Reddy,59,6,1,0,2
100965,100965,Imran Kumar,69,6,1,0,1
100966,100966,Nandini Kulkarni,67,4,1,0,2
100967,100967,Anthony Bhat,58,7,1,0,1
100968,100968,Ravi Sait,42,2,1,0,1
100969,100969,Vijay Achar,47,8,1,0,1
100970,100970,Kusuma Kumar,35,4,1,0,2
100971,100971,Kusuma Khan,39,1,1,0,2
100972,100972,Yogesh Kumar,31,6,1,0,1
100973,100973,Rajesh Achar,52,5,1,0,1
100974,100974,Kusuma Kumar,33,2,1,0,2
100975,100975,Manoj Shetty,58,4,7,0,1
100976,100976,Fathima Desai,38,3,1,0,2
100977,100977,Pooja Achar,26,2,1,0,2
100978,100978,Dinesh Sait,40,8,3,0,1
100979,100979,Rajesh Gowda,65,1,1,0,1
100980,100980,Lakshmi Hegde,72,6,1,0,2
100981,100981,Lakshmi Naik,32,9,1,0,2
100982,100982,Divya Patil,26,8,1,0,2
100983,100983,Anita Reddy,25,3,1,0,2
100984,100984,Swathi Merchant,32,4,1,0,2
100985,100985,Chandru Bhat,46,10,1,0,1
100986,100986,Ananya Naik,21,4,2,0,2
100987,100987,Srinivas Poojary,57,2,1,0,1
100988,100988,Roopa Khan,53,1,1,0,2
100989,100989,Sowmya Poojary,31,6,2,0,2
100990,100990,Vidya Bhat,34,2,1,0,2
100991,100991,Manjunath Desai,45,5,1,0,1
100992,100992,Girish Poojary,21,3,1,0,1
100993,100993,Anil D'Souza,52,7,1,0,1
100994,100994,Chandru Reddy,68,4,1,0,1
100995,100995,Shalini Poojary,42,4,1,0,2
100996,100996,Kusuma Poojary,56,6,1,0,2
100997,100997,Geeta Khan,60,4,1,0,2
100998,100998,Sowmya Kulkarni,29,6,1,0,2
100999,100999,Srinivas Desai,19,4,3,0,1
101000,101000,Pooja Reddy,43,1,1,0,2
101001,101001,Kiran Bhat,28,9,1,0,1
101002,101002,Naveen Gowda,31,6,1,0,1
101003,101003,Nandini Pinto,51,9,1,0,2
101004,101004,Manoj Pinto,65,1,1,0,1
101005,101005,Ashok Merchant,21,1,1,0,1
101006,101006,Radha D'Souza,35,6,1,0,2
101007,101007,Sneha Bhat,43,1,1,0,2
101008,101008,Harish Achar,35,9,1,0,1
101009,101009,Vinod Kumar,42,1,1,0,1
101010,101010,Ananya Reddy,55,1,2,0,2
101011,101011,Shalini Sait,62,4,1,0,2
101012,101012,Swathi Kumar,60,3,1,0,2
101013,101013,Naveen Kumar,55,5,1,0,1
101014,101014,Harish Hiremath,21,3,2,0,1
101015,101015,Kusuma Bhat,56,4,1,0,2
101016,101016,Sneha Naik,29,4,1,0,2
101017,101017,Shalini Naik,25,3,1,0,2
101018,101018,Manjunath Kumar,37,1,1,0,1
101019,101019,Mary Gowda,61,9,3,0,2
101020,101020,Manjunath Desai,29,7,1,0,1
101021,101021,Divya Pinto,47,1,1,0,2
101022,101022,Vinod Merchant,47,9,2,0,1
101023,101023,Kusuma Khan,47,4,2,0,2
101024,101024,Iqbal Rao,37,3,1,0,1
101025,101025,Harish Pinto,34,2,1,0,1
101026,101026,Kavya Hiremath,40,8,1,0,2
101027,101027,Fathima Nayak,23,5,1,0,2
101028,101028,Lakshmi Bhat,58,7,1,0,2
101029,101029,Manjunath Khan,65,10,1,0,1
101030,101030,Kusuma Pinto,28,2,1,0,2
101031,101031,Deepa Hiremath,32,5,1,0,2
101032,101032,Geeta Gowda,57,8,2,0,2
101033,101033,Mary Kumar,28,1,1,0,2
101034,101034,Salim Pinto,52,6,1,0,1
101035,101035,Ananya D'Souza,31,7,1,0,2
101036,101036,Salim Rao,25,6,1,0,1
101037,101037,Naveen Hegde,46,1,2,0,1
101038,101038,Naveen Kumar,68,2,1,0,1
101039,101039,Chandru Reddy,71,8,1,0,1
101040,101040,Chandru Desai,48,6,2,0,1
101041,101041,Geeta Bhat,41,4,1,0,2
101042,101042,Ramesh Gowda,42,7,1,0,1
101043,101043,Manjunath Nayak,34,7,1,0,1
101044,101044,Basavaraj D'Souza,50,6,1,0,1
101045,101045,Chandru Merchant,59,4,1,0,1
101046,101046,Vijay Bhat,44,6,1,0,1
101047,101047,Deepa Kulkarni,68,1,1,0,2
101048,101048,Vinod Hegde,41,4,2,0,1
101049,101049,Sneha Gowda,41,5,1,0,2
101050,101050,Rajesh Desai,50,8,2,0,1
101051,101051,Naveen Sait,47,4,1,0,1
101052,101052,Ramesh Pinto,35,4,2,0,1
101053,101053,Harish Sait,29,6,1,0,1
101054,101054,Sunita Kulkarni,28,8,1,0,2
101055,101055,Divya Rao,25,2,1,0,2
101056,101056,Sowmya Gowda,20,5,1,0,2
101057,101057,Lakshmi Reddy,34,9,1,0,2
101058,101058,Dinesh Patil,47,1,1,0,1
101059,101059,Yogesh Kulkarni,37,2,1,0,1
101060,101060,Anil Rao,40,4,1,0,1
101061,101061,Lakshmi Hiremath,54,9,1,0,2
101062,101062,Vijay Kulkarni,68,8,1,0,1
101063,101063,Imran Bhat,47,2,2,0,1
101064,101064,Iqbal Desai,63,3,1,0,1
101065,101065,Pooja Shetty,33,4,1,0,2
101066,101066,Manoj Sait,31,8,1,0,1
101067,101067,Salim Rao,27,7,1,0,1
101068,101068,Divya Reddy,49,8,1,0,2
101069,101069,Anil Sait,64,10,1,0,1
101070,101070,Roopa Patil,67,1,1,0,2
101071,101071,Shalini Kumar,52,7,1,0,2
101072,101072,Girish Kulkarni,53,2,1,0,1
101073,101073,Anthony Hegde,46,8,1,0,1
101074,101074,Salim Gowda,62,1,2,0,1
101075,101075,Manoj Hiremath,41,6,1,0,1
101076,101076,Geeta Rao,30,2,2,0,2
101077,101077,Ravi Kumar,66,9,1,0,1
101078,101078,Ananya Patil,61,1,1,0,2
101079,101079,Radha D'Souza,46,1,1,0,2
101080,101080,Imran Reddy,44,5,1,0,1
101081,101081,Farhan Merchant,40,5,1,0,1
101082,101082,Harish Kumar,23,1,1,0,1
101083,101083,Priya Nayak,39,4,2,0,2
101084,101084,Ravi Kumar,39,8,7,0,1
101085,101085,Dinesh Shetty,24,9,1,0,1
101086,101086,Swathi Reddy,66,2,2,0,2
101087,101087,Lakshmi Rao,66,1,1,0,2
101088,101088,Ravi Gowda,21,7,1,0,1
101089,101089,Kiran Naik,69,9,1,0,1
101090,101090,Radha Kumar,60,4,1,0,2
101091,101091,Sunita Hegde,63,9,1,0,2
101092,101092,Sowmya Achar,29,9,1,0,2
101093,101093,Meena Achar,68,2,1,0,2
101094,101094,Farhan Kumar,29,4,1,0,1
101095,101095,Naveen Bhat,55,7,2,0,1
101096,101096,Shalini D'Souza,28,3,1,0,2
101097,101097,Dinesh D'Souza,57,7,1,0,1
101098,101098,Sowmya Merchant,33,10,1,0,2
101099,101099,Kiran Reddy,65,1,6,0,1
101100,101100,Ganesh Gowda,54,7,1,0,1
101101,101101,Girish Achar,44,8,1,0,1
101102,101102,Geeta Kulkarni,72,1,2,0,2
101103,101103,Sneha Desai,61,8,2,0,2
101104,101104,Ashok Patil,43,5,1,0,1
101105,101105,Sowmya Achar,62,5,2,0,2
101106,101106,Iqbal Bhat,71,3,1,0,1
101107,101107,Vijay Pinto,45,3,2,0,1
101108,101108,Divya Nayak,39,4,1,0,2
101109,101109,Nandini Gowda,48,4,2,0,2
101110,101110,Iqbal D'Souza,59,2,1,0,1
101111,101111,Divya Achar,45,1,1,0,2
101112,101112,Kiran Patil,26,8,1,0,1
101113,101113,Lakshmi Reddy,44,1,1,0,2
101114,101114,Vijay Khan,53,3,1,0,1
101115,101115,Vinod Pinto,28,2,1,0,1
101116,101116,Roopa Bhat,58,5,1,0,2
101117,101117,Salim Pinto,48,3,1,0,1
101118,101118,Kusuma Hegde,63,8,1,0,2
101119,101119,Ashok Achar,62,1,1,0,1
101120,101120,Sowmya Pinto,55,4,1,0,2
101121,101121,Shilpa Desai,51,5,1,0,2
101122,101122,Ramesh Sait,18,3,1,0,1
101123,101123,Nagaraj Rao,64,4,1,0,1
101124,101124,Rekha Patil,37,6,1,0,2
101125,101125,Radha Reddy,31,1,1,0,2
101126,101126,Meena Bhat,65,1,1,0,2
101127,101127,Lakshmi Achar,39,7,1,0,2
101128,101128,Rekha Reddy,40,3,1,0,2
101129,101129,Suresh Nayak,51,1,1,0,1
101130,101130,Iqbal Hegde,37,3,1,0,1
101131,101131,Chandru Patil,28,1,1,0,1
101132,101132,Vinod Kumar,32,1,1,0,1
101133,101133,Yogesh Patil,44,4,1,0,1
101134,101134,Suresh Gowda,67,5,1,0,1
101135,101135,Shalini Khan,36,9,1,0,2
101136,101136,Manjunath Hegde,65,9,1,0,1
101137,101137,Lakshmi Naik,25,5,1,0,2
101138,101138,Mary Nayak,68,2,1,0,2
101139,101139,Deepa Achar,32,4,1,0,2
101140,101140,Radha Merchant,60,1,1,0,2
101141,101141,Kusuma Sait,35,7,1,0,2
101142,101142,Ravi Kumar,52,8,2,0,1
101143,101143,Sowmya Hiremath,58,8,1,0,2
101144,101144,Ashok Shetty,21,2,1,0,1
101145,101145,Naveen Bhat,39,2,1,0,1
101146,101146,Chandru Desai,46,5,1,0,1
101147,101147,Dinesh Pinto,40,9,2,0,1
101148,101148,Fathima Shetty,60,1,2,0,2
101149,101149,Deepa Khan,68,10,1,0,2
101150,101150,Kiran Shetty,36,2,1,0,1
101151,101151,Vinod Poojary,63,2,1,0,1
101152,101152,Mahesh Merchant,38,3,1,0,1
101153,101153,Meena Kulkarni,65,9,1,0,2
101154,101154,Sunita Khan,41,10,2,0,2
101155,101155,Ananya Nayak,44,2,1,0,2
101156,101156,Radha Hiremath,29,3,1,0,2
101157,101157,Ashok Patil,27,4,2,0,1
101158,101158,Kavya Nayak,52,6,1,0,2
101159,101159,Arjun Desai,58,6,1,0,1
101160,101160,Mary Kumar,39,1,1,0,2
101161,101161,Zoya Nayak,30,1,1,0,2
101162,101162,Zoya D'Souza,59,4,1,0,2
101163,101163,Naveen Hegde,72,5,1,0,1
101164,101164,Chandru Shetty,43,4,1,0,1
101165,101165,Mary Bhat,48,6,1,0,2
101166,101166,Rekha Khan,45,9,1,0,2
101167,101167,Ramesh Hiremath,31,9,1,0,1
101168,101168,Basavaraj Merchant,31,2,1,0,1
101169,101169,Ashok Pinto,32,1,1,0,1
101170,101170,Swathi Bhat,39,9,1,0,2
101171,101171,Girish Bhat,50,4,2,0,1
101172,101172,Zoya Desai,69,4,1,0,2
101173,101173,Harish Merchant,25,4,1,0,1
101174,101174,Rekha Bhat,61,8,1,0,2
101175,101175,Pooja Kulkarni,38,5,1,0,2
101176,101176,Ramesh Hiremath,32,6,1,0,1
101177,101177,Harish Sait,64,6,1,0,1
101178,101178,Nagaraj Bhat,41,10,1,0,1
101179,101179,Naveen Khan,22,10,1,0,1
101180,101180,Mary Khan,69,3,1,0,2
101181,101181,Basavaraj Shetty,33,1,1,0,1
101182,101182,Anita D'Souza,45,6,1,0,2
101183,101183,Ganesh Desai,47,4,1,0,1
101184,101184,Girish Bhat,36,6,1,0,1
101185,101185,Kiran Naik,51,9,1,0,1
101186,101186,Chandru Patil,68,4,1,0,1
101187,101187,Imran Patil,55,8,1,0,1
101188,101188,Imran Pinto,37,8,1,0,1
101189,101189,Imran Rao,46,2,1,0,1
101190,101190,Kusuma Gowda,44,5,1,0,2
101191,101191,Priya Kumar,41,4,2,0,2
101192,101192,Salim Achar,22,3,1,0,1
101193,101193,Mary Sait,64,2,1,0,2
101194,101194,Salim Rao,51,9,1,0,1
101195,101195,Fathima Poojary,33,10,1,0,2
101196,101196,Vinod Desai,52,5,1,0,1
101197,101197,Mahesh Achar,38,1,1,0,1
101198,101198,Lakshmi Naik,68,2,1,0,2
101199,101199,Mahesh Kulkarni,61,2,1,0,1
101200,101200,Farhan Naik,46,7,2,0,1
101201,101201,Suresh Gowda,20,8,1,0,1
101202,101202,Chandru Kumar,21,4,1,0,1
101203,101203,Nagaraj Hegde,45,4,1,0,1
101204,101204,Vijay Bhat,44,9,1,0,1
101205,101205,Dinesh Bhat,35,1,2,0,1
101206,101206,Imran Desai,47,4,1,0,1
101207,101207,Lakshmi Shetty,62,3,1,0,2
101208,101208,Kavya Desai,40,8,1,0,2
101209,101209,Radha Pinto,35,8,1,0,2
101210,101210,Divya Naik,44,1,1,0,2
101211,101211,Divya Nayak,33,2,1,0,2
101212,101212,Nagaraj Desai,71,3,1,0,1
101213,101213,Sneha Naik,37,6,1,0,2
101214,101214,Suresh Khan,41,10,2,0,1
101215,101215,Vijay Pinto,20,3,7,0,1
101216,101216,Priya D'Souza,63,2,1,0,2
101217,101217,Rajesh Pinto,68,3,1,0,1
101218,101218,Anil Kulkarni,67,2,1,0,1
101219,101219,Kiran Naik,47,10,1,0,1
101220,101220,Suresh D'Souza,64,7,1,0,1
101221,101221,Ganesh Rao,43,7,1,0,1
101222,101222,Swathi Rao,28,7,1,0,2
101223,101223,Nandini Hiremath,64,6,1,0,2
101224,101224,Imran Pinto,34,6,1,0,1
101225,101225,Ganesh Shetty,51,7,1,0,1
101226,101226,Anil Sait,28,6,1,0,1
101227,101227,Chandru Desai,24,8,1,0,1
101228,101228,Ravi Hegde,69,8,1,0,1
101229,101229,Harish Khan,54,9,1,0,1
101230,101230,Nagaraj Merchant,27,2,1,0,1
101231,101231,Dinesh Sait,33,5,1,0,1
101232,101232,Harish Gowda,20,3,1,0,1
101233,101233,Farhan Hegde,29,9,1,0,1
101234,101234,Fathima Shetty,52,3,2,0,2
101235,101235,Salim Gowda,51,6,2,0,1
101236,101236,Pooja D'Souza,71,3,1,0,2
101237,101237,Geeta Patil,67,4,1,0,2
101238,101238,Srinivas Naik,28,9,1,0,1
101239,101239,Deepa Pinto,57,6,1,0,2
101240,101240,Vijay Shetty,18,1,1,0,1
101241,101241,Radha Hiremath,36,1,1,0,2
101242,101242,Nagaraj Merchant,57,3,1,0,1
101243,101243,Geeta Naik,67,2,1,0,2
101244,101244,Anthony Khan,58,5,1,0,1
101245,101245,Vidya Patil,49,3,1,0,2
101246,101246,Arjun Patil,51,4,1,0,1
101247,101247,Vijay Achar,44,6,1,0,1
101248,101248,Iqbal Nayak,61,9,1,0,1
101249,101249,Mary Nayak,57,7,1,0,2
101250,101250,Pooja Desai,36,7,1,0,2
101251,101251,Divya Poojary,59,4,1,0,2
101252,101252,Dinesh Gowda,39,6,1,0,1
101253,101253,Sunita D'Souza,36,5,1,0,2
101254,101254,Roopa Reddy,22,4,2,0,2
101255,101255,Suresh Poojary,67,1,1,0,1
101256,101256,Imran Gowda,67,3,1,0,1
101257,101257,Mary Sait,48,9,1,0,2
101258,101258,Ashok D'Souza,28,9,1,0,1
101259,101259,Sowmya Poojary,51,4,1,0,2
101260,101260,Kiran Sait,19,8,1,0,1
101261,101261,Arjun Poojary,49,7,2,0,1
101262,101262,Harish Kulkarni,42,2,1,0,1
101263,101263,Arjun Reddy,33,4,1,0,1
101264,101264,Vidya Bhat,28,5,2,0,2
101265,101265,Salim Patil,71,3,1,0,1
101266,101266,Anita Sait,39,8,1,0,2
101267,101267,Nandini Pinto,62,1,1,0,2
101268,101268,Sneha Kulkarni,31,3,1,0,2
101269,101269,Srinivas Hiremath,56,3,1,0,1
101270,101270,Sowmya Kulkarni,29,4,1,0,2
101271,101271,Basavaraj Hiremath,69,1,1,0,1
101272,101272,Anil Shetty,66,6,1,0,1
101273,101273,Chandru Achar,26,4,1,0,1
101274,101274,Kusuma Khan,58,9,2,0,2
101275,101275,Ravi Pinto,45,7,1,0,1
101276,101276,Prakash Achar,21,10,1,0,1
101277,101277,Swathi Nayak,43,5,1,0,2
101278,101278,Kiran D'Souza,52,3,1,0,1
101279,101279,Nagaraj Patil,31,7,1,0,1
101280,101280,Ravi Reddy,63,3,1,0,1
101281,101281,Prakash Poojary,45,1,1,0,1
101282,101282,Manoj D'Souza,63,1,1,0,1
101283,101283,Manoj Achar,62,6,2,0,1
101284,101284,Ramesh Patil,43,5,2,0,1
101285,101285,Lakshmi Hiremath,72,4,1,0,2
101286,101286,Geeta Rao,50,6,1,0,2
101287,101287,Sneha Bhat,28,6,1,0,2
101288,101288,Lakshmi Reddy,30,4,1,0,2
101289,101289,Salim Naik,45,6,1,0,1
101290,101290,Imran Hiremath,49,7,1,0,1
101291,101291,Vijay Nayak,38,5,1,0,1
101292,101292,Basavaraj Poojary,65,3,1,0,1
101293,101293,Sowmya Kulkarni,48,8,1,0,2
101294,101294,Manoj Hegde,26,7,1,0,1
101295,101295,Shalini Achar,68,10,1,0,2
101296,101296,Mary Poojary,50,9,1,0,2
101297,101297,Radha Achar,58,9,1,0,2
101298,101298,Sneha Reddy,31,7,1,0,2
101299,101299,Nagaraj Naik,21,1,2,0,1
101300,101300,Roopa Hiremath,63,3,1,0,2
101301,101301,Kusuma Kumar,21,4,1,0,2
101302,101302,Geeta Patil,45,4,1,0,2
101303,101303,Salim Desai,37,4,1,0,1
101304,101304,Anil Merchant,34,7,1,0,1
101305,101305,Salim Kumar,72,10,1,0,1
101306,101306,Chandru Hiremath,41,3,1,0,1
101307,101307,Farhan Shetty,34,3,1,0,1
101308,101308,Ramesh Desai,48,9,1,0,1
101309,101309,Radha Poojary,39,8,1,0,2
101310,101310,Naveen Hiremath,44,9,1,0,1
101311,101311,Shalini Hegde,22,7,1,0,2
101312,101312,Naveen Nayak,43,9,1,0,1
101313,101313,Anthony Shetty,26,7,1,0,1
101314,101314,Pooja Naik,58,9,1,0,2
101315,101315,Srinivas Desai,59,6,1,0,1
101316,101316,Radha Khan,46,5,1,0,2
101317,101317,Meena Reddy,25,5,1,0,2
101318,101318,Sneha Bhat,19,4,1,0,2
101319,101319,Farhan Hiremath,65,4,1,0,1
101320,101320,Ganesh Desai,57,8,1,0,1
101321,101321,Nagaraj Hiremath,27,4,1,0,1
101322,101322,Anita Sait,55,5,1,0,2
101323,101323,Sowmya Shetty,59,9,1,0,2
101324,101324,Ananya Hegde,44,1,1,0,2
101325,101325,Fathima D'Souza,24,4,1,0,2
101326,101326,Ashok Gowda,48,2,1,0,1
101327,101327,Iqbal Bhat,26,2,2,0,1
101328,101328,Basavaraj Desai,56,6,1,0,1
101329,101329,Suresh Desai,48,8,1,0,1
101330,101330,Anthony Patil,66,6,1,0,1
101331,101331,Basavaraj Naik,40,2,1,0,1
101332,101332,Ashok Hiremath,55,8,1,0,1
101333,101333,Zoya Hegde,60,1,2,0,2
101334,101334,Prakash Poojary,66,3,1,0,1
101335,101335,Ganesh Nayak,65,4,4,0,1
101336,101336,Iqbal Naik,28,7,1,0,1
101337,101337,Nagaraj Gowda,62,9,1,0,1
101338,101338,Joseph Gowda,23,4,1,0,1
101339,101339,Harish Desai,71,10,2,0,1
101340,101340,Srinivas Nayak,32,8,1,0,1
101341,101341,Vijay Nayak,30,9,1,0,1
101342,101342,Lakshmi Hegde,29,3,1,0,2
101343,101343,Anil Sait,46,4,3,0,1
101344,101344,Geeta Kulkarni,26,9,3,0,2
101345,101345,Ananya Sait,45,2,1,0,2
101346,101346,Joseph Hiremath,23,4,1,0,1
101347,101347,Anil Poojary,55,1,1,0,1
101348,101348,Pooja Poojary,72,7,1,0,2
101349,101349,Srinivas D'Souza,61,2,4,0,1
101350,101350,Arjun Hegde,48,2,2,0,1
101351,101351,Sneha Patil,60,7,1,0,2
101352,101352,Mary Kulkarni,33,8,1,0,2
101353,101353,Prakash Bhat,45,6,1,0,1
101354,101354,Ananya Naik,43,7,1,0,2
101355,101355,Sunita Gowda,47,4,1,0,2
101356,101356,Joseph Kulkarni,49,7,1,0,1
101357,101357,Anthony Kulkarni,64,4,2,0,1
101358,101358,Srinivas Gowda,30,7,1,0,1
101359,101359,Kiran Achar,64,8,1,0,1
101360,101360,Arjun D'Souza,34,4,3,0,1
101361,101361,Kusuma Bhat,26,7,1,0,2
101362,101362,Pooja Bhat,20,9,1,0,2
101363,101363,Manoj Hiremath,51,7,1,0,1
101364,101364,Deepa Nayak,20,1,1,0,2
101365,101365,Kusuma Rao,25,4,1,0,2
101366,101366,Shilpa Kulkarni,35,9,1,0,2
101367,101367,Ramesh Naik,60,3,1,0,1
101368,101368,Sowmya Khan,69,9,1,0,2
101369,101369,Vinod Khan,38,7,1,0,1
101370,101370,Kiran Naik,56,8,2,0,1
101371,101371,Vijay Shetty,59,9,1,0,1
101372,101372,Fathima Bhat,46,9,1,0,2
101373,101373,Basavaraj Reddy,48,9,1,0,1
101374,101374,Zoya Kulkarni,23,6,1,0,2
101375,101375,Ramesh Desai,58,10,1,0,1
101376,101376,Vidya Pinto,53,5,1,0,2
101377,101377,Rajesh Nayak,25,3,1,0,1
101378,101378,Suresh Rao,61,5,1,0,1
101379,101379,Harish D'Souza,58,1,1,0,1
101380,101380,Zoya Kumar,68,8,1,0,2
101381,101381,Manjunath Nayak,56,7,1,0,1
101382,101382,Deepa Rao,46,4,1,0,2
101383,101383,Rekha Kumar,65,9,1,0,2
101384,101384,Salim Patil,53,8,1,0,1
101385,101385,Vidya Shetty,52,9,1,0,2
101386,101386,Prakash Sait,27,4,2,0,1
101387,101387,Vidya Hegde,18,1,1,0,2
101388,101388,Manjunath Hiremath,20,1,1,0,1
101389,101389,Yogesh Khan,60,6,1,0,1
101390,101390,Basavaraj Kulkarni,36,4,2,0,1
101391,101391,Mary Hiremath,62,6,1,0,2
101392,101392,Yogesh Hiremath,24,4,3,0,1
101393,101393,Anita Gowda,55,4,1,0,2
101394,101394,Ganesh Patil,71,9,1,0,1
101395,101395,Anil Sait,19,4,2,0,1
101396,101396,Radha Pinto,50,6,1,0,2
101397,101397,Girish D'Souza,41,4,1,0,1
101398,101398,Geeta Nayak,34,4,1,0,2
101399,101399,Kavya Shetty,35,1,2,0,2
101400,101400,Vidya Rao,39,6,1,0,2
101401,101401,Chandru Bhat,36,9,1,0,1
101402,101402,Vijay Achar,42,6,1,0,1
101403,101403,Nagaraj Kumar,36,7,1,0,1
101404,101404,Naveen Khan,23,4,1,0,1
101405,101405,Vinod Hiremath,19,9,1,0,1
101406,101406,Radha Hiremath,36,7,1,0,2
101407,101407,Arjun Poojary,30,1,1,0,1
101408,101408,Manjunath Naik,37,3,1,0,1
101409,101409,Naveen Bhat,60,6,1,0,1
101410,101410,Anthony Poojary,43,7,1,0,1
101411,101411,Ananya Kulkarni,68,3,3,0,2
101412,101412,Ganesh Kumar,72,1,1,0,1
101413,101413,Kavya Naik,40,5,1,0,2
101414,101414,Farhan Achar,24,4,1,0,1
101415,101415,Manoj Hiremath,27,5,1,0,1
101416,101416,Mary Sait,58,4,1,0,2
101417,101417,Nandini Khan,69,1,1,0,2
101418,101418,Manjunath Patil,33,1,1,0,1
101419,101419,Vijay Pinto,24,4,1,0,1
101420,101420,Sowmya Pinto,56,2,1,0,2
101421,101421,Pooja Hegde,29,7,1,0,2
101422,101422,Salim Pinto,71,4,1,0,1
101423,101423,Girish Achar,52,4,1,0,1
101424,101424,Ravi Kumar,37,4,1,0,1
101425,101425,Naveen Khan,42,9,1,0,1
101426,101426,Arjun Gowda,50,6,1,0,1
101427,101427,Sneha Kumar,50,6,1,0,2
101428,101428,Deepa Kumar,53,4,1,0,2
101429,101429,Rekha Bhat,22,3,1,0,2
101430,101430,Kusuma Poojary,56,9,1,0,2
101431,101431,Vinod Merchant,24,7,1,0,1
101432,101432,Srinivas Desai,63,4,1,0,1
101433,101433,Farhan Rao,37,3,1,0,1
101434,101434,Vijay Khan,20,8,1,0,1
101435,101435,Rekha Poojary,48,5,1,0,2
101436,101436,Vinod Pinto,47,9,1,0,1
101437,101437,Divya Khan,67,1,1,0,2
101438,101438,Arjun Shetty,18,6,1,0,1
101439,101439,Arjun Hegde,33,6,1,0,1
101440,101440,Prakash D'Souza,32,6,1,0,1
101441,101441,Kavya Sait,55,10,1,0,2
101442,101442,Vijay Achar,68,1,1,0,1
101443,101443,Prakash Gowda,47,6,3,0,1
101444,101444,Vijay Patil,70,4,1,0,1
101445,101445,Anthony Kumar,28,1,1,0,1
101446,101446,Roopa Kulkarni,61,4,1,0,2
101447,101447,Swathi Rao,30,4,1,0,2
101448,101448,Salim Achar,63,1,1,0,1
101449,101449,Lakshmi Poojary,39,4,1,0,2
101450,101450,Harish Gowda,24,5,2,0,1
101451,101451,Ganesh D'Souza,29,1,1,0,1
101452,101452,Swathi Kulkarni,52,4,1,0,2
101453,101453,Basavaraj Naik,40,3,1,0,1
101454,101454,Basavaraj Reddy,35,1,4,0,1
101455,101455,Harish Naik,64,4,1,0,1
101456,101456,Prakash Desai,68,9,1,0,1
101457,101457,Geeta Gowda,29,2,1,0,2
101458,101458,Radha Shetty,65,4,1,0,2
101459,101459,Zoya Sait,35,9,1,0,2
101460,101460,Geeta Merchant,32,8,1,0,2
101461,101461,Arjun Kumar,37,10,1,0,1
101462,101462,Priya Sait,27,5,1,0,2
101463,101463,Fathima Poojary,53,10,1,0,2
101464,101464,Naveen Patil,71,1,1,0,1
101465,101465,Meena Merchant,62,8,1,0,2
101466,101466,Rajesh Achar,45,4,1,0,1
101467,101467,Priya Sait,42,7,1,0,2
101468,101468,Ravi Naik,32,6,1,0,1
101469,101469,Sowmya Bhat,32,5,1,0,2
101470,101470,Divya Shetty,66,4,1,0,2
101471,101471,Shalini Kumar,55,5,1,0,2
101472,101472,Kiran Rao,57,1,1,0,1
101473,101473,Radha Poojary,44,10,1,0,2
101474,101474,Priya Shetty,49,6,1,0,2
101475,101475,Shalini Bhat,48,4,2,0,2
101476,101476,Basavaraj Sait,36,4,1,0,1
101477,101477,Ravi Shetty,48,8,1,0,1
101478,101478,Ananya Pinto,53,5,1,0,2
101479,101479,Roopa Desai,47,7,1,0,2
101480,101480,Imran Shetty,42,6,1,0,1
101481,101481,Kusuma Desai,21,4,1,0,2
101482,101482,Kusuma Nayak,60,4,1,0,2
101483,101483,Vidya Merchant,31,6,2,0,2
101484,101484,Kavya Patil,53,7,1,0,2
101485,101485,Arjun Bhat,51,4,1,0,1
101486,101486,Dinesh D'Souza,47,8,7,0,1
101487,101487,Geeta Hegde,69,10,1,0,2
101488,101488,Anthony Bhat,38,2,1,0,1
101489,101489,Farhan Gowda,36,4,1,0,1
101490,101490,Vijay Kumar,31,1,1,0,1
101491,101491,Dinesh Merchant,54,1,2,0,1
101492,101492,Salim Shetty,58,8,1,0,1
101493,101493,Chandru Patil,40,10,1,0,1
101494,101494,Mary Merchant,63,7,1,0,2
101495,101495,Kavya Desai,49,3,1,0,2
101496,101496,Naveen Rao,28,4,1,0,1
101497,101497,Srinivas Kumar,43,1,1,0,1
101498,101498,Joseph Poojary,60,9,1,0,1
101499,101499,Kusuma D'Souza,35,7,1,0,2
101500,101500,Mahesh Bhat,46,7,1,0,1
101501,101501,Nagaraj Rao,42,8,2,0,1
101502,101502,Rajesh Gowda,60,8,3,0,1
101503,101503,Girish Patil,32,1,1,0,1
101504,101504,Shilpa Kulkarni,61,10,1,0,2
101505,101505,Shalini Reddy,55,10,1,0,2
101506,101506,Basavaraj Merchant,22,6,1,0,1
101507,101507,Basavaraj Reddy,49,4,2,0,1
101508,101508,Harish Rao,36,9,2,0,1
101509,101509,Anita Bhat,31,3,1,0,2
101510,101510,Vijay Hiremath,27,7,1,0,1
101511,101511,Ravi Achar,55,1,1,0,1
101512,101512,Sunita Poojary,29,3,1,0,2
101513,101513,Shilpa Reddy,42,2,1,0,2
101514,101514,Zoya Patil,37,8,1,0,2
101515,101515,Shilpa Patil,37,10,3,0,2
101516,101516,Pooja Kumar,23,9,2,0,2
101517,101517,Ananya Merchant,25,7,1,0,2
101518,101518,Mary Patil,67,4,1,0,2
101519,101519,Vinod Reddy,34,1,1,0,1
101520,101520,Joseph Khan,60,1,1,0,1
101521,101521,Suresh Shetty,50,7,3,0,1
101522,101522,Kiran Khan,39,8,3,0,1
101523,101523,Rajesh Merchant,18,7,1,0,1
101524,101524,Prakash Poojary,27,1,1,0,1
101525,101525,Yogesh Shetty,31,3,1,0,1
101526,101526,Iqbal Shetty,67,5,1,0,1
101527,101527,Roopa Reddy,21,9,1,0,2
101528,101528,Kusuma Patil,60,7,1,0,2
101529,101529,Sunita Merchant,26,4,1,0,2
101530,101530,Geeta Patil,27,4,1,0,2
101531,101531,Manoj Achar,63,2,1,0,1
101532,101532,Ramesh Rao,55,6,1,0,1
101533,101533,Srinivas Kulkarni,64,2,1,0,1
101534,101534,Vinod Reddy,62,5,1,0,1
101535,101535,Salim Pinto,22,1,1,0,1
101536,101536,Geeta Gowda,71,5,1,0,2
101537,101537,Basavaraj Hiremath,57,4,1,0,1
101538,101538,Pooja Kumar,35,9,1,0,2
101539,101539,Vinod Nayak,32,7,1,0,1
101540,101540,Vinod Desai,42,4,1,0,1
101541,101541,Manoj Sait,37,7,1,0,1
101542,101542,Ravi Hegde,60,1,1,0,1
101543,101543,Nagaraj Khan,37,2,1,0,1
101544,101544,Chandru Khan,66,7,1,0,1
101545,101545,Joseph Shetty,68,6,1,0,1
101546,101546,Manjunath Shetty,71,1,1,0,1
101547,101547,Salim Pinto,54,6,1,0,1
101548,101548,Imran Merchant,22,4,2,0,1
101549,101549,Dinesh D'Souza,26,7,1,0,1
101550,101550,Kavya Sait,48,8,1,0,2
101551,101551,Kusuma Khan,37,4,2,0,2
101552,101552,Kusuma Pinto,49,4,1,0,2
101553,101553,Manoj Hiremath,54,9,1,0,1
101554,101554,Pooja Naik,32,1,2,0,2
101555,101555,Basavaraj Kumar,31,1,1,0,1
101556,101556,Imran Reddy,31,4,1,0,1
101557,101557,Pooja D'Souza,68,9,1,0,2
101558,101558,Farhan Shetty,28,4,1,0,1
101559,101559,Pooja Gowda,69,7,1,0,2
101560,101560,Anita Hegde,52,4,1,0,2
101561,101561,Ravi Patil,38,7,1,0,1
101562,101562,Vinod Desai,30,10,1,0,1
101563,101563,Anthony Reddy,32,4,1,0,1
101564,101564,Meena Pinto,29,2,1,0,2
101565,101565,Fathima Bhat,32,9,1,0,2
101566,101566,Swathi Khan,71,1,1,0,2
101567,101567,Kusuma Bhat,47,6,1,0,2
101568,101568,Roopa Nayak,26,3,1,0,2
101569,101569,Nagaraj Shetty,62,8,1,0,1
101570,101570,Sowmya Bhat,67,9,1,0,2
101571,101571,Rajesh Nayak,36,4,1,0,1
101572,101572,Kiran Rao,30,3,1,0,1
101573,101573,Geeta Desai,56,3,1,0,2
101574,101574,Srinivas Pinto,34,10,1,0,1
101575,101575,Salim Achar,49,3,2,0,1
101576,101576,Fathima Rao,32,2,1,0,2
101577,101577,Shalini Kumar,51,1,1,0,2
101578,101578,Mary Patil,54,4,1,0,2
101579,101579,Manjunath Desai,55,1,1,0,1
101580,101580,Kavya Khan,58,7,1,0,2
101581,101581,Yogesh Hiremath,65,3,1,0,1
101582,101582,Rajesh D'Souza,70,4,1,0,1
101583,101583,Arjun Rao,39,9,1,0,1
101584,101584,Meena Kulkarni,27,4,2,0,2
101585,101585,Radha Naik,50,5,1,0,2
101586,101586,Ramesh Sait,32,5,3,0,1
101587,101587,Radha Shetty,23,7,1,0,2
101588,101588,Priya Hegde,59,8,1,0,2
101589,101589,Divya Rao,30,5,1,0,2
101590,101590,Girish Gowda,32,6,1,0,1
101591,101591,Radha Nayak,46,8,1,0,2
101592,101592,Lakshmi Gowda,62,7,1,0,2
101593,101593,Swathi Pinto,22,5,1,0,2
101594,101594,Radha Desai,65,4,1,0,2
101595,101595,Srinivas D'Souza,49,1,1,0,1
101596,101596,Manoj Pinto,71,6,1,0,1
101597,101597,Kusuma Reddy,52,10,1,0,2
101598,101598,Rajesh Naik,67,6,1,0,1
101599,101599,Zoya Pinto,33,2,1,0,2
101600,101600,Manoj Reddy,36,8,1,0,1
101601,101601,Girish Patil,57,4,1,0,1
101602,101602,Swathi Patil,33,4,1,0,2
101603,101603,Deepa Sait,54,4,1,0,2
101604,101604,Imran Poojary,59,8,1,0,1
101605,101605,Mary Naik,40,6,1,0,2
101606,101606,Zoya Pinto,63,6,1,0,2
101607,101607,Farhan Patil,26,4,1,0,1
101608,101608,Priya Gowda,67,3,1,0,2
101609,101609,Dinesh Reddy,32,4,1,0,1
101610,101610,Vidya Naik,31,1,1,0,2
101611,101611,Anthony Naik,45,1,1,0,1
101612,101612,Sowmya Gowda,67,4,1,0,2
101613,101613,Iqbal Achar,46,6,1,0,1
101614,101614,Vinod Kulkarni,42,4,2,0,1
101615,101615,Vijay Naik,46,3,1,0,1
101616,101616,Anthony Pinto,62,2,1,0,1
101617,101617,Radha Hiremath,23,1,1,0,2
101618,101618,Pooja Achar,63,4,1,0,2
101619,101619,Meena Nayak,64,9,1,0,2
101620,101620,Sowmya Pinto,28,7,1,0,2
101621,101621,Shilpa Pinto,29,1,1,0,2
101622,101622,Arjun Poojary,55,7,1,0,1
101623,101623,Zoya Achar,37,4,2,0,2
101624,101624,Salim Achar,29,7,1,0,1
101625,101625,Swathi Kulkarni,57,9,1,0,2
101626,101626,Nagaraj Rao,66,4,1,0,1
101627,101627,Divya Kulkarni,40,2,1,0,2
101628,101628,Roopa Rao,71,4,1,0,2
101629,101629,Ravi Reddy,21,1,1,0,1
101630,101630,Suresh Naik,53,3,1,0,1
101631,101631,Arjun Desai,20,6,1,0,1
101632,101632,Sunita Khan,56,8,1,0,2
101633,101633,Radha Patil,51,3,1,0,2
101634,101634,Radha Pinto,68,4,1,0,2
101635,101635,Zoya Reddy,36,1,3,0,2
101636,101636,Sowmya Kulkarni,54,5,2,0,2
101637,101637,Anil Hegde,69,3,2,0,1
101638,101638,Sunita Shetty,70,7,2,0,2
101639,101639,Mahesh Pinto,22,1,1,0,1
101640,101640,Vinod Patil,34,2,2,0,1
101641,101641,Fathima Hiremath,59,6,1,0,2
101642,101642,Kavya Nayak,70,7,2,0,2
101643,101643,Basavaraj Kumar,33,1,1,0,1
101644,101644,Lakshmi Achar,54,6,1,0,2
101645,101645,Suresh Nayak,70,2,1,0,1
101646,101646,Farhan Gowda,65,6,1,0,1
101647,101647,Iqbal Hegde,52,4,1,0,1
101648,101648,Priya Reddy,55,9,2,0,2
101649,101649,Salim Gowda,25,2,1,0,1
101650,101650,Fathima Desai,56,8,2,0,2
101651,101651,Ravi Merchant,22,4,1,0,1
101652,101652,Lakshmi Achar,32,8,1,0,2
101653,101653,Zoya Rao,48,1,1,0,2
101654,101654,Deepa Poojary,50,3,1,0,2
101655,101655,Meena Poojary,57,5,1,0,2
101656,101656,Anthony Pinto,54,6,1,0,1
101657,101657,Swathi Hegde,25,6,1,0,2
101658,101658,Kusuma Patil,52,9,1,0,2
101659,101659,Arjun Pinto,55,4,3,0,1
101660,101660,Geeta D'Souza,31,3,1,0,2
101661,101661,Divya Khan,30,6,1,0,2
101662,101662,Manjunath Pinto,49,4,1,0,1
101663,101663,Arjun Gowda,54,2,1,0,1
101664,101664,Nandini Pinto,60,7,1,0,2
101665,101665,Geeta Pinto,26,5,1,0,2
101666,101666,Mahesh Achar,45,1,1,0,1
101667,101667,Harish Patil,41,2,1,0,1
101668,101668,Joseph Reddy,56,4,1,0,1
101669,101669,Manoj D'Souza,29,1,1,0,1
101670,101670,Manjunath Nayak,68,4,1,0,1
101671,101671,Mahesh Rao,50,7,2,0,1
101672,101672,Ganesh Kulkarni,33,1,1,0,1
101673,101673,Mahesh Merchant,56,2,1,0,1
101674,101674,Girish Merchant,64,10,1,0,1
101675,101675,Shilpa Hegde,65,1,1,0,2
101676,101676,Harish Patil,46,2,1,0,1
101677,101677,Kusuma Hegde,52,9,1,0,2
101678,101678,Sneha Bhat,20,1,1,0,2
101679,101679,Zoya Gowda,22,8,1,0,2
101680,101680,Radha Hiremath,56,1,1,0,2
101681,101681,Sowmya Desai,42,7,1,0,2
101682,101682,Vidya Hegde,24,5,1,0,2
101683,101683,Sneha Patil,24,9,2,0,2
101684,101684,Kusuma Pinto,52,8,1,0,2
101685,101685,Manjunath Achar,37,4,1,0,1
101686,101686,Swathi Reddy,38,2,1,0,2
101687,101687,Rekha Nayak,25,5,1,0,2
101688,101688,Chandru Naik,44,2,1,0,1
101689,101689,Kusuma Nayak,61,1,1,0,2
101690,101690,Anita Merchant,21,7,1,0,2
101691,101691,Dinesh Kulkarni,61,8,1,0,1
101692,101692,Anthony Naik,36,9,1,0,1
101693,101693,Salim Shetty,65,4,1,0,1
101694,101694,Deepa Merchant,71,5,1,0,2
101695,101695,Kusuma Khan,21,5,1,0,2
101696,101696,Vinod Merchant,28,10,1,0,1
101697,101697,Suresh Merchant,59,2,1,0,1
101698,101698,Rajesh Khan,34,9,1,0,1
101699,101699,Anthony Sait,21,9,1,0,1
101700,101700,Ashok Naik,19,1,1,0,1
101701,101701,Deepa Rao,46,1,1,0,2
101702,101702,Priya Pinto,37,9,1,0,2
101703,101703,Manoj Achar,70,1,1,0,1
101704,101704,Kavya Shetty,43,4,1,0,2
101705,101705,Ravi Gowda,29,4,1,0,1
101706,101706,Anthony Achar,28,1,1,0,1
101707,101707,Srinivas Kulkarni,27,1,1,0,1
101708,101708,Farhan Rao,32,8,1,0,1
101709,101709,Lakshmi Sait,62,3,1,0,2
101710,101710,Iqbal Kulkarni,61,2,1,0,1
101711,101711,Zoya Shetty,20,10,1,0,2
101712,101712,Dinesh Hegde,21,2,1,0,1
101713,101713,Joseph Pinto,61,6,1,0,1
101714,101714,Harish Patil,28,1,1,0,1
101715,101715,Salim Reddy,29,6,2,0,1
101716,101716,Mahesh Kulkarni,47,4,1,0,1
101717,101717,Arjun Patil,43,1,1,0,1
101718,101718,Iqbal Poojary,36,2,3,0,1
101719,101719,Prakash Hiremath,53,4,1,0,1
101720,101720,Shilpa Nayak,50,10,2,0,2
101721,101721,Girish Pinto,38,6,2,0,1
101722,101722,Ravi Khan,58,6,1,0,1
101723,101723,Sowmya Khan,71,4,1,0,2
101724,101724,Nagaraj Shetty,56,3,1,0,1
101725,101725,Geeta Hiremath,26,7,2,0,2
101726,101726,Zoya Poojary,27,1,1,0,2
101727,101727,Srinivas Kumar,37,1,1,0,1
101728,101728,Shalini Khan,60,10,1,0,2
101729,101729,Swathi Bhat,63,8,1,0,2
101730,101730,Yogesh Reddy,49,9,1,0,1
101731,101731,Vijay Bhat,31,7,1,0,1
101732,101732,Mary Bhat,22,3,1,0,2
101733,101733,Ananya Patil,36,4,1,0,2
101734,101734,Girish Bhat,66,8,1,0,1
101735,101735,Srinivas Poojary,27,3,1,0,1
101736,101736,Vinod Achar,38,3,2,0,1
101737,101737,Suresh Hegde,34,9,1,0,1
101738,101738,Mahesh Desai,48,1,1,0,1
101739,101739,Sowmya Kumar,36,4,1,0,2
101740,101740,Rajesh Reddy,67,9,1,0,1
101741,101741,Deepa Bhat,46,8,1,0,2
101742,101742,Vijay Gowda,45,3,1,0,1
101743,101743,Rajesh Rao,31,1,1,0,1
101744,101744,Joseph Poojary,51,4,2,0,1
101745,101745,Chandru Achar,25,4,4,0,1
101746,101746,Kusuma Naik,37,10,1,0,2
101747,101747,Anthony Bhat,35,5,1,0,1
101748,101748,Kavya Nayak,18,7,1,0,2
101749,101749,Girish D'Souza,28,6,1,0,1
101750,101750,Kavya Hiremath,31,7,1,0,2
101751,101751,Kusuma Gowda,33,7,1,0,2
101752,101752,Deepa Kulkarni,66,3,1,0,2
101753,101753,Vinod D'Souza,51,2,1,0,1
101754,101754,Manjunath Merchant,28,9,1,0,1
101755,101755,Farhan Rao,23,6,2,0,1
101756,101756,Dinesh D'Souza,37,6,2,0,1
101757,101757,Roopa Merchant,45,4,1,0,2
101758,101758,Lakshmi Reddy,25,1,4,0,2
101759,101759,Kiran Kulkarni,36,4,1,0,1
101760,101760,Ashok Patil,38,7,1,0,1
101761,101761,Lakshmi Sait,68,6,1,0,2
101762,101762,Sneha Khan,72,7,2,0,2
101763,101763,Sunita Kulkarni,44,4,1,0,2
101764,101764,Imran Naik,38,7,1,0,1
101765,101765,Rajesh Merchant,57,3,1,0,1
101766,101766,Deepa Merchant,23,4,1,0,2
101767,101767,Radha Khan,52,1,1,0,2
101768,101768,Geeta Poojary,26,9,1,0,2
101769,101769,Mary Desai,60,9,1,0,2
101770,101770,Anthony Shetty,58,4,1,0,1
101771,101771,Anita Pinto,40,7,2,0,2
101772,101772,Shilpa Kumar,39,5,1,0,2
101773,101773,Lakshmi Bhat,38,1,1,0,2
101774,101774,Divya Patil,63,1,1,0,2
101775,101775,Farhan Pinto,19,4,1,0,1
101776,101776,Sowmya Desai,27,10,1,0,2
101777,101777,Manjunath Reddy,25,2,1,0,1
101778,101778,Joseph Poojary,20,7,2,0,1
101779,101779,Basavaraj Achar,37,7,1,0,1
101780,101780,Vinod Bhat,67,9,1,0,1
101781,101781,Iqbal Shetty,67,8,1,0,1
101782,101782,Mary Naik,65,3,1,0,2
101783,101783,Sunita Bhat,69,2,1,0,2
101784,101784,Farhan Kulkarni,44,8,1,0,1
101785,101785,Nandini Reddy,55,2,1,0,2
101786,101786,Ravi Sait,69,1,1,0,1
101787,101787,Anil Reddy,26,9,1,0,1
101788,101788,Prakash Khan,44,6,1,0,1
101789,101789,Farhan Gowda,65,5,1,0,1
101790,101790,Yogesh Patil,44,6,1,0,1
101791,101791,Mary Nayak,65,9,1,0,2
101792,101792,Yogesh Gowda,42,1,1,0,1
101793,101793,Anthony Sait,38,10,2,0,1
101794,101794,Dinesh Rao,23,6,1,0,1
101795,101795,Ganesh Desai,36,1,2,0,1
101796,101796,Suresh Shetty,28,6,1,0,1
101797,101797,Basavaraj Poojary,61,3,1,0,1
101798,101798,Vidya Hegde,30,8,1,0,2
101799,101799,Iqbal Reddy,48,2,2,0,1
101800,101800,Srinivas Reddy,41,5,1,0,1
101801,101801,Arjun Kulkarni,40,4,1,0,1
101802,101802,Imran Hiremath,61,7,1,0,1
101803,101803,Girish Patil,65,7,1,0,1
101804,101804,Harish Gowda,67,2,2,0,1
101805,101805,Sunita Kulkarni,59,9,1,0,2
101806,101806,Swathi Reddy,59,6,1,0,2
101807,101807,Meena Rao,35,3,1,0,2
101808,101808,Priya Poojary,39,5,2,0,2
101809,101809,Girish Rao,72,4,1,0,1
101810,101810,Rekha Shetty,60,6,2,0,2
101811,101811,Ganesh Poojary,61,2,2,0,1
101812,101812,Geeta Kumar,46,9,1,0,2
101813,101813,Salim Patil,28,6,1,0,1
101814,101814,Roopa Khan,39,4,2,0,2
101815,101815,Manjunath Hiremath,39,1,1,0,1
101816,101816,Swathi Pinto,23,4,1,0,2
101817,101817,Zoya Sait,52,2,1,0,2
101818,101818,Radha Shetty,53,7,1,0,2
101819,101819,Shalini Merchant,70,4,1,0,2
101820,101820,Divya Achar,55,7,1,0,2
101821,101821,Vidya Gowda,32,4,1,0,2
101822,101822,Rekha Hiremath,59,4,1,0,2
101823,101823,Dinesh Naik,40,3,1,0,1
101824,101824,Imran Rao,53,4,1,0,1
101825,101825,Ananya Nayak,67,4,1,0,2
101826,101826,Kiran Nayak,20,4,1,0,1
101827,101827,Sunita Rao,63,7,1,0,2
101828,101828,Suresh Merchant,42,9,1,0,1
101829,101829,Deepa Patil,41,5,2,0,2
101830,101830,Ganesh Hiremath,68,7,1,0,1
101831,101831,Girish Patil,59,6,1,0,1
101832,101832,Vijay Kulkarni,44,1,1,0,1
101833,101833,Ramesh Gowda,66,4,1,0,1
101834,101834,Sunita Khan,53,6,4,0,2
101835,101835,Srinivas D'Souza,29,4,2,0,1
101836,101836,Salim Khan,22,2,1,0,1
101837,101837,Kusuma Hiremath,66,3,1,0,2
101838,101838,Ashok Shetty,64,3,2,0,1
101839,101839,Prakash Nayak,39,1,1,0,1
101840,101840,Suresh Gowda,60,4,1,0,1
101841,101841,Nandini Pinto,23,9,1,0,2
101842,101842,Radha Merchant,35,7,1,0,2
101843,101843,Ganesh Hiremath,21,4,1,0,1
101844,101844,Dinesh Reddy,41,4,1,0,1
101845,101845,Vidya D'Souza,61,6,2,0,2
101846,101846,Mahesh D'Souza,46,2,1,0,1
101847,101847,Naveen Kulkarni,65,9,4,0,1
101848,101848,Nagaraj Hiremath,22,6,2,0,1
101849,101849,Radha Bhat,37,7,2,0,2
101850,101850,Shalini Nayak,55,9,1,0,2
101851,101851,Mary D'Souza,20,7,1,0,2
101852,101852,Iqbal Poojary,28,9,1,0,1
101853,101853,Fathima Reddy,22,4,1,0,2
101854,101854,Yogesh Shetty,35,9,1,0,1
101855,101855,Prakash Patil,38,7,2,0,1
101856,101856,Deepa Desai,67,9,1,0,2
101857,101857,Ravi Nayak,41,6,1,0,1
101858,101858,Ashok Achar,32,6,1,0,1
101859,101859,Kiran Desai,62,6,1,0,1
101860,101860,Deepa Hegde,46,4,1,0,2
101861,101861,Swathi Hiremath,37,3,1,0,2
101862,101862,Nagaraj Hegde,29,4,1,0,1
101863,101863,Lakshmi Khan,46,1,3,0,2
101864,101864,Harish Hegde,22,7,1,0,1
101865,101865,Farhan Rao,59,4,1,0,1
101866,101866,Mahesh Reddy,65,6,2,0,1
101867,101867,Swathi Gowda,23,2,1,0,2
101868,101868,Vidya D'Souza,64,6,1,0,2
101869,101869,Manoj Gowda,50,4,1,0,1
101870,101870,Basavaraj Poojary,23,6,1,0,1
101871,101871,Mahesh D'Souza,69,4,1,0,1
101872,101872,Vidya Desai,44,8,1,0,2
101873,101873,Dinesh Kumar,19,1,1,0,1
101874,101874,Farhan Patil,20,6,2,0,1
101875,101875,Vidya Gowda,26,9,1,0,2
101876,101876,Joseph Sait,39,1,1,0,1
101877,101877,Anita Patil,68,4,1,0,2
101878,101878,Dinesh Nayak,31,3,1,0,1
101879,101879,Shilpa Shetty,21,3,1,0,2
101880,101880,Chandru Khan,42,6,1,0,1
101881,101881,Harish Patil,52,3,1,0,1
101882,101882,Prakash Bhat,43,2,1,0,1
101883,101883,Manjunath Shetty,25,5,1,0,1
101884,101884,Nagaraj Rao,58,1,1,0,1
101885,101885,Vijay Kulkarni,67,4,1,0,1
101886,101886,Kavya Poojary,66,4,1,0,2
101887,101887,Ananya Bhat,48,5,1,0,2
101888,101888,Roopa D'Souza,57,6,2,0,2
101889,101889,Srinivas Nayak,21,2,1,0,1
101890,101890,Farhan Naik,48,4,2,0,1
101891,101891,Kusuma Hiremath,38,4,1,0,2
101892,101892,Ravi Khan,66,6,1,0,1
101893,101893,Shilpa Hiremath,52,3,1,0,2
101894,101894,Sunita Gowda,61,8,1,0,2
101895,101895,Vijay Gowda,35,4,1,0,1
101896,101896,Naveen Merchant,32,2,1,0,1
101897,101897,Srinivas Rao,59,9,2,0,1
101898,101898,Imran Sait,49,9,2,0,1
101899,101899,Radha Pinto,45,5,1,0,2
101900,101900,Lakshmi Patil,56,2,1,0,2
101901,101901,Deepa Hegde,59,7,2,0,2
101902,101902,Chandru Naik,69,4,1,0,1
101903,101903,Anthony D'Souza,36,4,1,0,1
101904,101904,Nandini D'Souza,32,10,1,0,2
101905,101905,Shilpa Hiremath,25,6,1,0,2
101906,101906,Anil Pinto,34,5,2,0,1
101907,101907,Vijay Hegde,36,10,1,0,1
101908,101908,Harish Khan,61,1,1,0,1
101909,101909,Kusuma D'Souza,39,7,1,0,2
101910,101910,Meena Nayak,23,3,2,0,2
101911,101911,Shilpa D'Souza,64,4,1,0,2
101912,101912,Shilpa Sait,54,6,1,0,2
101913,101913,Naveen Merchant,18,9,1,0,1
101914,101914,Yogesh Naik,28,5,1,0,1
101915,101915,Meena Nayak,51,9,3,0,2
101916,101916,Salim Shetty,29,1,1,0,1
101917,101917,Suresh Hiremath,41,6,1,0,1
101918,101918,Vinod Gowda,51,2,1,0,1
101919,101919,Ashok Pinto,36,4,2,0,1
101920,101920,Geeta Achar,39,4,1,0,2
101921,101921,Prakash Merchant,45,4,1,0,1
101922,101922,Rekha Sait,59,10,1,0,2
101923,101923,Suresh Bhat,31,8,4,0,1
101924,101924,Nagaraj D'Souza,41,9,1,0,1
101925,101925,Geeta Rao,25,6,1,0,2
101926,101926,Vinod Pinto,55,5,1,0,1
101927,101927,Priya Shetty,67,3,1,0,2
101928,101928,Nagaraj Rao,19,4,4,0,1
101929,101929,Dinesh Patil,46,4,1,0,1
101930,101930,Salim Achar,30,1,1,0,1
101931,101931,Salim Rao,69,4,2,0,1
101932,101932,Vijay Kulkarni,31,9,1,0,1
101933,101933,Imran Hiremath,33,2,1,0,1
101934,101934,Manoj Sait,51,2,1,0,1
101935,101935,Girish Poojary,59,9,1,0,1
101936,101936,Vijay Poojary,24,3,1,0,1
101937,101937,Nandini Rao,28,6,1,0,2
101938,101938,Radha Kulkarni,38,7,1,0,2
101939,101939,Sneha Gowda,34,7,1,0,2
101940,101940,Sneha Reddy,43,1,1,0,2
101941,101941,Geeta Bhat,37,2,1,0,2
101942,101942,Rajesh Gowda,27,9,1,0,1
101943,101943,Kusuma Nayak,40,4,1,0,2
101944,101944,Naveen Hegde,41,7,2,0,1
101945,101945,Pooja Kumar,30,4,1,0,2
101946,101946,Imran Bhat,39,5,1,0,1
101947,101947,Divya Patil,53,6,1,0,2
101948,101948,Mahesh Achar,59,8,1,0,1
101949,101949,Salim Patil,52,3,1,0,1
101950,101950,Shilpa Rao,62,4,1,0,2
101951,101951,Sunita Sait,60,4,1,0,2
101952,101952,Sowmya Hiremath,64,8,1,0,2
101953,101953,Swathi Nayak,56,7,1,0,2
101954,101954,Shalini Achar,40,7,2,0,2
101955,101955,Anita Pinto,21,5,2,0,2
101956,101956,Vidya Rao,29,1,1,0,2
101957,101957,Kusuma Hiremath,42,4,1,0,2
101958,101958,Shilpa Khan,33,4,1,0,2
101959,101959,Vinod Kulkarni,60,6,1,0,1
101960,101960,Vijay Kumar,39,7,1,0,1
101961,101961,Mary D'Souza,53,5,1,0,2
101962,101962,Girish Naik,68,10,1,0,1
101963,101963,Mahesh Hiremath,36,10,2,0,1
101964,101964,Rajesh Hiremath,37,4,1,0,1
101965,101965,Shalini Desai,37,6,1,0,2
101966,101966,Fathima Naik,39,6,2,0,2
101967,101967,Ramesh Pinto,57,5,1,0,1
101968,101968,Priya Desai,65,1,1,0,2
101969,101969,Swathi Reddy,31,8,2,0,2
101970,101970,Anita Achar,20,10,1,0,2
101971,101971,Ananya Achar,47,4,1,0,2
101972,101972,Radha Kumar,45,5,1,0,2
101973,101973,Shalini Poojary,46,4,2,0,2
101974,101974,Deepa Shetty,71,1,1,0,2
101975,101975,Anita Kumar,50,5,1,0,2
101976,101976,Kiran D'Souza,36,5,1,0,1
101977,101977,Ramesh Reddy,43,3,1,0,1
101978,101978,Ashok Reddy,34,4,1,0,1
101979,101979,Srinivas Shetty,22,1,1,0,1
101980,101980,Anil Kumar,48,9,1,0,1
101981,101981,Geeta Bhat,63,3,1,0,2
101982,101982,Rajesh Desai,48,5,1,0,1
101983,101983,Nagaraj Reddy,58,10,2,0,1
101984,101984,Sunita Naik,37,8,1,0,2
101985,101985,Yogesh Khan,56,4,1,0,1
101986,101986,Ramesh Sait,59,4,2,0,1
101987,101987,Divya Bhat,27,3,2,0,2
101988,101988,Harish Merchant,63,1,1,0,1
101989,101989,Mahesh Sait,28,8,1,0,1
101990,101990,Sunita Desai,62,8,1,0,2
101991,101991,Roopa D'Souza,64,6,1,0,2
101992,101992,Divya Naik,59,4,1,0,2
101993,101993,Kavya Bhat,62,9,1,0,2
101994,101994,Roopa Rao,51,4,1,0,2
101995,101995,Radha Shetty,45,1,1,0,2
101996,101996,Kiran Kumar,68,3,1,0,1
101997,101997,Ananya Kumar,57,2,1,0,2
101998,101998,Girish Bhat,54,9,1,0,1
101999,101999,Manoj Bhat,56,2,1,0,1
102000,102000,Manjunath Poojary,39,2,1,0,1
102001,102001,Harish Gowda,51,8,1,0,1
102002,102002,Dinesh Gowda,28,4,2,0,1
102003,102003,Nagaraj Reddy,63,4,1,0,1
102004,102004,Swathi Hegde,36,8,1,0,2
102005,102005,Manoj Naik,49,3,1,0,1
102006,102006,Anil Merchant,42,6,1,0,1
102007,102007,Girish Merchant,50,8,2,0,1
102008,102008,Mahesh Pinto,35,2,1,0,1
102009,102009,Dinesh Desai,20,8,1,0,1
102010,102010,Salim Nayak,26,9,2,0,1
102011,102011,Ravi Sait,56,4,1,0,1
102012,102012,Nandini Patil,24,9,1,0,2
102013,102013,Sunita D'Souza,54,9,3,0,2
102014,102014,Lakshmi D'Souza,54,6,1,0,2
102015,102015,Pooja Poojary,29,4,1,0,2
102016,102016,Farhan D'Souza,64,8,1,0,1
102017,102017,Deepa Reddy,56,6,1,0,2
102018,102018,Vidya Kumar,69,10,1,0,2
102019,102019,Geeta Sait,70,5,1,0,2
102020,102020,Anita Hiremath,20,9,1,0,2
102021,102021,Priya Patil,48,6,1,0,2
102022,102022,Kiran Naik,54,2,4,0,1
102023,102023,Rajesh Poojary,61,4,1,0,1
102024,102024,Radha Gowda,21,8,1,0,2
102025,102025,Ravi Naik,55,2,1,0,1
102026,102026,Deepa Bhat,34,6,1,0,2
102027,102027,Naveen Hegde,19,5,1,0,1
102028,102028,Manoj Kumar,58,3,1,0,1
102029,102029,Priya Khan,49,2,1,0,2
102030,102030,Harish Hegde,23,4,1,0,1
102031,102031,Harish Nayak,24,8,1,0,1
102032,102032,Ananya Rao,28,8,1,0,2
102033,102033,Anil Reddy,24,7,1,0,1
102034,102034,Vijay Achar,57,3,1,0,1
102035,102035,Naveen Nayak,21,2,1,0,1
102036,102036,Vinod Achar,33,10,1,0,1
102037,102037,Prakash Kulkarni,68,4,1,0,1
102038,102038,Prakash Poojary,63,1,1,0,1
102039,102039,Vidya Reddy,33,1,1,0,2
102040,102040,Joseph Patil,24,4,1,0,1
102041,102041,Mary Rao,22,9,3,0,2
102042,102042,Kusuma D'Souza,49,9,1,0,2
102043,102043,Harish Sait,68,4,2,0,1
102044,102044,Geeta Gowda,38,9,1,0,2
102045,102045,Vinod Naik,54,8,1,0,1
102046,102046,Geeta Patil,38,2,1,0,2
102047,102047,Farhan Poojary,36,9,2,0,1
102048,102048,Ganesh Achar,58,3,1,0,1
102049,102049,Sunita Nayak,65,4,1,0,2
102050,102050,Nagaraj Kulkarni,68,1,1,0,1
102051,102051,Ananya Bhat,58,5,1,0,2
102052,102052,Fathima Merchant,69,8,1,0,2
102053,102053,Ramesh Gowda,28,8,1,0,1
102054,102054,Arjun Bhat,34,3,1,0,1
102055,102055,Priya Nayak,25,4,1,0,2
102056,102056,Manjunath Hegde,35,9,2,0,1
102057,102057,Harish Kumar,58,7,1,0,1
102058,102058,Anil Hiremath,58,4,1,0,1
102059,102059,Kavya Merchant,48,5,1,0,2
102060,102060,Roopa Rao,48,3,2,0,2
102061,102061,Dinesh Rao,47,4,2,0,1
102062,102062,Lakshmi Rao,55,7,1,0,2
102063,102063,Roopa Rao,65,4,1,0,2
102064,102064,Deepa Pinto,25,9,1,0,2
102065,102065,Girish Achar,54,4,1,0,1
102066,102066,Srinivas Poojary,43,7,2,0,1
102067,102067,Prakash D'Souza,63,1,1,0,1
102068,102068,Pooja Achar,55,6,1,0,2
102069,102069,Ramesh Hiremath,50,8,1,0,1
102070,102070,Nandini Kumar,66,5,1,0,2
102071,102071,Mary Achar,44,8,1,0,2
102072,102072,Vijay Sait,24,8,1,0,1
102073,102073,Anita Kumar,25,6,1,0,2
102074,102074,Basavaraj Poojary,29,9,1,0,1
102075,102075,Kavya Kumar,46,4,1,0,2
102076,102076,Divya Sait,53,3,4,0,2
102077,102077,Geeta Sait,51,4,1,0,2
102078,102078,Swathi Kumar,56,2,1,0,2
102079,102079,Imran Poojary,71,1,1,0,1
102080,102080,Vijay Kumar,65,3,1,0,1
102081,102081,Nagaraj Hegde,49,7,3,0,1
102082,102082,Manjunath Naik,38,2,1,0,1
102083,102083,Divya Kumar,57,9,1,0,2
102084,102084,Sunita Merchant,18,4,1,0,2
102085,102085,Sneha Nayak,40,6,1,0,2
102086,102086,Radha Kulkarni,48,1,1,0,2
102087,102087,Vidya Gowda,72,1,1,0,2
102088,102088,Ramesh Bhat,64,6,1,0,1
102089,102089,Vijay Kumar,50,1,1,0,1
102090,102090,Naveen Poojary,55,3,1,0,1
102091,102091,Anil Bhat,63,9,1,0,1
102092,102092,Yogesh D'Souza,67,6,1,0,1
102093,102093,Priya D'Souza,44,5,1,0,2
102094,102094,Radha Naik,59,4,1,0,2
102095,102095,Suresh Reddy,34,4,1,0,1
102096,102096,Anil Patil,49,4,2,0,1
102097,102097,Ravi Kumar,34,9,2,0,1
102098,102098,Sneha Kumar,50,4,2,0,2
102099,102099,Ashok Merchant,54,2,1,0,1
102100,102100,Rekha Reddy,40,8,1,0,2
102101,102101,Geeta Kumar,26,5,1,0,2
102102,102102,Shilpa Nayak,27,6,1,0,2
102103,102103,Basavaraj Kumar,42,7,1,0,1
102104,102104,Shilpa Poojary,31,1,1,0,2
102105,102105,Rekha Hiremath,67,7,1,0,2
102106,102106,Vidya Achar,43,3,1,0,2
102107,102107,Farhan Reddy,42,6,1,0,1
102108,102108,Naveen Poojary,32,6,1,0,1
102109,102109,Arjun Kumar,19,6,1,0,1
102110,102110,Sneha Pinto,64,9,1,0,2
102111,102111,Imran Desai,50,9,2,0,1
102112,102112,Sunita Desai,40,6,1,0,2
102113,102113,Deepa Merchant,48,4,1,0,2
102114,102114,Imran Naik,55,6,2,0,1
102115,102115,Suresh Nayak,56,4,1,0,1
102116,102116,Ganesh Bhat,27,4,1,0,1
102117,102117,Imran D'Souza,69,9,1,0,1
102118,102118,Salim Rao,37,4,1,0,1
102119,102119,Anthony Sait,67,7,2,0,1
102120,102120,Kavya Desai,53,2,1,0,2
102121,102121,Divya Rao,71,4,1,0,2
102122,102122,Imran Pinto,69,1,1,0,1
102123,102123,Sunita Naik,34,4,1,0,2
102124,102124,Manjunath Nayak,36,2,1,0,1
102125,102125,Sowmya Hegde,56,1,1,0,2
102126,102126,Ananya Nayak,69,5,1,0,2
102127,102127,Lakshmi Rao,54,6,1,0,2
102128,102128,Shilpa Gowda,27,2,2,0,2
102129,102129,Chandru Achar,33,3,2,0,1
102130,102130,Naveen Gowda,52,9,1,0,1
102131,102131,Kusuma Rao,33,4,1,0,2
102132,102132,Yogesh Naik,58,1,1,0,1
102133,102133,Kusuma Khan,36,1,1,0,2
102134,102134,Vidya Hegde,60,9,1,0,2
102135,102135,Vinod D'Souza,41,5,1,0,1
102136,102136,Sunita Bhat,54,1,1,0,2
102137,102137,Manoj Pinto,32,4,1,0,1
102138,102138,Girish Bhat,18,10,1,0,1
102139,102139,Vijay Shetty,20,8,1,0,1
102140,102140,Girish Bhat,57,5,1,0,1
102141,102141,Kiran D'Souza,55,9,1,0,1
102142,102142,Harish Poojary,65,6,3,0,1
102143,102143,Naveen Achar,47,4,1,0,1
102144,102144,Ravi Achar,34,9,1,0,1
102145,102145,Mary Patil,39,2,1,0,2
102146,102146,Priya Shetty,19,2,1,0,2
102147,102147,Vidya Naik,48,9,1,0,2
102148,102148,Vinod Reddy,36,7,1,0,1
102149,102149,Imran Merchant,56,4,1,0,1
102150,102150,Farhan Khan,52,7,1,0,1
102151,102151,Geeta Naik,32,8,1,0,2
102152,102152,Vidya Naik,24,3,1,0,2
102153,102153,Yogesh Kumar,30,9,4,0,1
102154,102154,Ananya Gowda,69,9,1,0,2
102155,102155,Sneha Desai,51,3,1,0,2
102156,102156,Vidya Hiremath,65,3,1,0,2
102157,102157,Ramesh Reddy,61,7,1,0,1
102158,102158,Vijay Nayak,20,5,1,0,1
102159,102159,Sunita Nayak,59,6,1,0,2
102160,102160,Manoj Kulkarni,31,1,1,0,1
102161,102161,Vinod Shetty,57,2,1,0,1
102162,102162,Mary Hiremath,22,8,1,0,2
102163,102163,Girish Kulkarni,20,7,3,0,1
102164,102164,Anthony Patil,38,6,1,0,1
102165,102165,Priya Gowda,61,10,2,0,2
102166,102166,Anita Rao,23,4,1,0,2
102167,102167,Yogesh Nayak,33,2,1,0,1
102168,102168,Srinivas Nayak,61,5,1,0,1
102169,102169,Naveen Sait,53,1,1,0,1
102170,102170,Vinod D'Souza,19,9,1,0,1
102171,102171,Farhan Khan,27,4,1,0,1
102172,102172,Rajesh Naik,57,6,1,0,1
102173,102173,Nagaraj Khan,57,3,1,0,1
102174,102174,Ramesh Achar,65,6,1,0,1
102175,102175,Deepa Kumar,62,1,1,0,2
102176,102176,Ramesh Achar,33,4,1,0,1
102177,102177,Priya Naik,25,6,1,0,2
102178,102178,Nagaraj Desai,62,4,1,0,1
102179,102179,Ravi Khan,45,9,2,0,1
102180,102180,Dinesh Patil,53,3,1,0,1
102181,102181,Shilpa Hegde,36,6,1,0,2
102182,102182,Sneha Kumar,39,4,1,0,2
102183,102183,Sneha D'Souza,21,6,1,0,2
102184,102184,Kiran Bhat,21,7,1,0,1
102185,102185,Ganesh Kumar,25,6,1,0,1
102186,102186,Girish D'Souza,32,9,1,0,1
102187,102187,Iqbal Desai,27,5,2,0,1
102188,102188,Vijay Desai,42,2,1,0,1
102189,102189,Vijay Reddy,40,9,1,0,1
102190,102190,Joseph Achar,23,1,1,0,1
102191,102191,Swathi Gowda,55,2,1,0,2
102192,102192,Prakash Poojary,42,9,1,0,1
102193,102193,Ashok Shetty,25,4,2,0,1
102194,102194,Sneha Hegde,30,4,1,0,2
102195,102195,Pooja Gowda,62,4,2,0,2
102196,102196,Lakshmi Bhat,63,8,1,0,2
102197,102197,Prakash Pinto,68,2,3,0,1
102198,102198,Priya Naik,35,8,2,0,2
102199,102199,Ravi Nayak,49,2,2,0,1
102200,102200,Rajesh Sait,50,6,2,0,1
102201,102201,Basavaraj Hegde,60,6,1,0,1
102202,102202,Prakash Kulkarni,36,4,1,0,1
102203,102203,Rajesh Merchant,25,8,1,0,1
102204,102204,Ramesh Patil,41,2,1,0,1
102205,102205,Ravi Desai,47,8,1,0,1
102206,102206,Vidya Naik,63,10,1,0,2
102207,102207,Lakshmi Khan,31,3,1,0,2
102208,102208,Sunita Bhat,69,4,1,0,2
102209,102209,Vijay Achar,56,6,1,0,1
102210,102210,Sunita Poojary,67,4,2,0,2
102211,102211,Imran Hiremath,50,4,1,0,1
102212,102212,Divya Gowda,64,4,1,0,2
102213,102213,Radha D'Souza,36,8,1,0,2
102214,102214,Ashok Nayak,25,6,1,0,1
102215,102215,Vinod Pinto,34,5,1,0,1
102216,102216,Ganesh Rao,24,9,1,0,1
102217,102217,Vidya Hiremath,65,10,1,0,2
102218,102218,Mahesh Kulkarni,57,4,2,0,1
102219,102219,Anita Reddy,65,1,2,0,2
102220,102220,Nagaraj Desai,34,4,1,0,1
102221,102221,Manoj Nayak,38,6,1,0,1
102222,102222,Ramesh D'Souza,50,4,1,0,1
102223,102223,Farhan Merchant,37,4,1,0,1
102224,102224,Zoya Kumar,23,4,1,0,2
102225,102225,Anthony Merchant,38,4,1,0,1
102226,102226,Salim Kulkarni,53,4,1,0,1
102227,102227,Nagaraj Merchant,61,4,1,0,1
102228,102228,Zoya Poojary,29,4,1,0,2
102229,102229,Rajesh Hegde,24,1,1,0,1
102230,102230,Chandru Pinto,44,7,1,0,1
102231,102231,Roopa Hiremath,42,6,2,0,2
102232,102232,Basavaraj Pinto,66,1,1,0,1
102233,102233,Shilpa Bhat,57,6,1,0,2
102234,102234,Suresh Merchant,51,4,1,0,1
102235,102235,Anil Reddy,45,2,2,0,1
102236,102236,Vidya Reddy,23,1,1,0,2
102237,102237,Vijay Hegde,49,5,1,0,1
102238,102238,Sunita Hiremath,31,1,1,0,2
102239,102239,Anthony Desai,65,10,1,0,1
102240,102240,Nandini Pinto,70,2,1,0,2
102241,102241,Chandru Hiremath,26,8,1,0,1
102242,102242,Pooja Reddy,42,4,1,0,2
102243,102243,Deepa Hegde,60,5,1,0,2
102244,102244,Fathima Hegde,38,4,1,0,2
102245,102245,Manjunath Merchant,67,8,1,0,1
102246,102246,Mary Gowda,37,5,1,0,2
102247,102247,Suresh Kulkarni,27,1,1,0,1
102248,102248,Ashok Kulkarni,57,2,2,0,1
102249,102249,Vinod Hiremath,53,6,4,0,1
102250,102250,Srinivas Rao,24,3,1,0,1
102251,102251,Vinod Kulkarni,26,8,2,0,1
102252,102252,Ganesh Patil,66,8,1,0,1
102253,102253,Manjunath Pinto,43,9,1,0,1
102254,102254,Kavya Pinto,26,2,1,0,2
102255,102255,Iqbal Merchant,44,9,1,0,1
102256,102256,Kiran Khan,29,2,1,0,1
102257,102257,Dinesh D'Souza,48,3,1,0,1
102258,102258,Joseph Merchant,53,3,1,0,1
102259,102259,Geeta Poojary,56,2,1,0,2
102260,102260,Meena Pinto,40,7,1,0,2
102261,102261,Radha Gowda,65,4,1,0,2
102262,102262,Vinod Desai,38,1,4,0,1
102263,102263,Rajesh Khan,60,9,3,0,1
102264,102264,Basavaraj Kumar,48,10,1,0,1
102265,102265,Nandini Naik,19,4,2,0,2
102266,102266,Suresh Bhat,58,6,1,0,1
102267,102267,Vinod Pinto,54,7,1,0,1
102268,102268,Fathima Sait,31,4,1,0,2
102269,102269,Imran Shetty,27,8,1,0,1
102270,102270,Sowmya Kulkarni,66,8,1,0,2
102271,102271,Kiran Hiremath,61,8,1,0,1
102272,102272,Sneha Hiremath,51,6,1,0,2
102273,102273,Zoya Kulkarni,42,4,2,0,2
102274,102274,Priya Poojary,36,7,2,0,2
102275,102275,Nagaraj Merchant,44,6,1,0,1
102276,102276,Sneha Patil,30,8,2,0,2
102277,102277,Sowmya Kumar,55,4,1,0,2
102278,102278,Anil Bhat,44,1,1,0,1
102279,102279,Salim Rao,72,4,1,0,1
102280,102280,Radha Nayak,64,1,1,0,2
102281,102281,Manoj Sait,19,2,1,0,1
102282,102282,Kusuma Patil,42,4,1,0,2
102283,102283,Geeta Desai,60,9,1,0,2
102284,102284,Sunita Patil,47,3,1,0,2
102285,102285,Meena Khan,67,9,2,0,2
102286,102286,Kusuma Rao,69,4,1,0,2
102287,102287,Ramesh Hegde,62,1,2,0,1
102288,102288,Geeta Hegde,59,4,1,0,2
102289,102289,Lakshmi Bhat,42,4,1,0,2
102290,102290,Nandini Hiremath,28,4,1,0,2
102291,102291,Anil Bhat,53,3,1,0,1
102292,102292,Zoya Merchant,36,9,1,0,2
102293,102293,Imran Kumar,62,9,1,0,1
102294,102294,Ravi Kulkarni,51,7,1,0,1
102295,102295,Basavaraj Gowda,28,3,1,0,1
102296,102296,Srinivas Kulkarni,54,8,2,0,1
102297,102297,Pooja Hiremath,72,1,1,0,2
102298,102298,Srinivas Poojary,32,7,1,0,1
102299,102299,Rekha Sait,42,1,1,0,2
102300,102300,Pooja Kulkarni,67,8,1,0,2
102301,102301,Vinod Kumar,28,1,2,0,1
102302,102302,Anil Sait,38,5,1,0,1
102303,102303,Rekha Merchant,49,1,2,0,2
102304,102304,Vidya Poojary,25,8,1,0,2
102305,102305,Vijay Gowda,28,8,1,0,1
102306,102306,Girish Hiremath,23,2,1,0,1
102307,102307,Mahesh Shetty,51,8,1,0,1
102308,102308,Rekha Achar,47,3,1,0,2
102309,102309,Pooja Bhat,24,4,1,0,2
102310,102310,Fathima Kumar,44,6,1,0,2
102311,102311,Fathima Kulkarni,61,4,1,0,2
102312,102312,Fathima Rao,26,9,1,0,2
102313,102313,Mahesh Hiremath,58,2,1,0,1
102314,102314,Kiran Achar,18,9,1,0,1
102315,102315,Kusuma Gowda,30,9,1,0,2
102316,102316,Pooja Poojary,34,4,1,0,2
102317,102317,Swathi Naik,66,3,1,0,2
102318,102318,Naveen Bhat,62,10,1,0,1
102319,102319,Salim Sait,19,10,1,0,1
102320,102320,Ashok Merchant,51,9,1,0,1
102321,102321,Mary Shetty,69,9,1,0,2
102322,102322,Basavaraj Pinto,20,2,1,0,1
102323,102323,Divya Desai,63,9,1,0,2
102324,102324,Sowmya Hiremath,61,5,2,0,2
102325,102325,Vijay Naik,39,7,1,0,1
102326,102326,Rajesh Merchant,67,9,1,0,1
102327,102327,Harish Achar,61,8,1,0,1
102328,102328,Vijay Poojary,53,10,1,0,1
102329,102329,Joseph Naik,45,5,1,0,1
102330,102330,Ashok Patil,55,1,1,0,1
102331,102331,Arjun Hiremath,66,9,1,0,1
102332,102332,Iqbal Rao,37,9,1,0,1
102333,102333,Dinesh Kumar,22,2,1,0,1
102334,102334,Sunita Desai,62,7,1,0,2
102335,102335,Kavya Hegde,24,5,1,0,2
102336,102336,Yogesh Kulkarni,64,9,1,0,1
102337,102337,Imran Rao,44,4,1,0,1
102338,102338,Kiran Kulkarni,72,9,1,0,1
102339,102339,Naveen Kulkarni,59,7,1,0,1
102340,102340,Anil Kumar,20,6,2,0,1
102341,102341,Yogesh Patil,48,9,2,0,1
102342,102342,Prakash Khan,21,9,1,0,1
102343,102343,Srinivas Merchant,49,5,1,0,1
102344,102344,Srinivas Gowda,60,4,1,0,1
102345,102345,Ashok Bhat,41,9,1,0,1
102346,102346,Iqbal Kulkarni,23,7,1,0,1
102347,102347,Ananya Shetty,24,7,2,0,2
102348,102348,Vidya Kumar,62,6,1,0,2
102349,102349,Meena Rao,21,1,1,0,2
102350,102350,Manoj Nayak,45,5,1,0,1
102351,102351,Suresh Patil,61,8,2,0,1
102352,102352,Anthony Merchant,23,6,1,0,1
102353,102353,Imran Bhat,52,1,1,0,1
102354,102354,Sowmya Hiremath,68,2,1,0,2
102355,102355,Srinivas Pinto,66,4,1,0,1
102356,102356,Radha Naik,42,4,1,0,2
102357,102357,Naveen D'Souza,48,10,1,0,1
102358,102358,Kusuma Gowda,27,6,1,0,2
102359,102359,Nagaraj Gowda,25,4,2,0,1
102360,102360,Nandini Kumar,35,9,1,0,2
102361,102361,Farhan Patil,47,6,1,0,1
102362,102362,Harish Poojary,54,8,1,0,1
102363,102363,Vijay Naik,51,4,1,0,1
102364,102364,Ramesh Desai,23,7,1,0,1
102365,102365,Imran Shetty,64,10,1,0,1
102366,102366,Farhan Patil,28,6,2,0,1
102367,102367,Kavya Kumar,70,9,2,0,2
102368,102368,Nandini Pinto,63,9,1,0,2
102369,102369,Vijay Naik,25,4,4,0,1
102370,102370,Imran D'Souza,18,7,1,0,1
102371,102371,Harish Naik,71,6,1,0,1
102372,102372,Arjun Khan,60,9,1,0,1
102373,102373,Arjun Merchant,67,1,1,0,1
102374,102374,Vinod Kulkarni,70,6,1,0,1
102375,102375,Nagaraj Kulkarni,33,7,1,0,1
102376,102376,Joseph Hegde,70,7,1,0,1
102377,102377,Roopa Rao,34,4,1,0,2
102378,102378,Kusuma Gowda,33,1,2,0,2
102379,102379,Joseph Hiremath,38,8,2,0,1
102380,102380,Anthony Khan,35,9,1,0,1
102381,102381,Meena D'Souza,27,4,2,0,2
102382,102382,Divya Kumar,53,1,1,0,2
102383,102383,Zoya Poojary,33,6,1,0,2
102384,102384,Vinod Khan,63,1,1,0,1
102385,102385,Kavya Achar,35,8,1,0,2
102386,102386,Manoj Kumar,30,4,1,0,1
102387,102387,Joseph Naik,65,8,1,0,1
102388,102388,Prakash Desai,24,9,1,0,1
102389,102389,Kiran D'Souza,40,9,1,0,1
102390,102390,Ganesh Nayak,60,4,1,0,1
102391,102391,Harish Bhat,68,4,1,0,1
102392,102392,Kiran Kulkarni,33,2,1,0,1
102393,102393,Suresh D'Souza,22,5,1,0,1
102394,102394,Yogesh Shetty,49,7,1,0,1
102395,102395,Shilpa Merchant,31,8,2,0,2
102396,102396,Ashok Bhat,69,8,1,0,1
102397,102397,Basavaraj Poojary,36,4,1,0,1
102398,102398,Iqbal Khan,62,10,1,0,1
102399,102399,Ashok Reddy,51,1,1,0,1
102400,102400,Anil Nayak,72,4,1,0,1
102401,102401,Yogesh Reddy,72,8,1,0,1
102402,102402,Manoj Khan,29,4,1,0,1
102403,102403,Anil Rao,46,9,1,0,1
102404,102404,Lakshmi Hiremath,39,1,4,0,2
102405,102405,Rekha Rao,69,1,1,0,2
102406,102406,Anil Naik,39,5,3,0,1
102407,102407,Zoya Khan,67,5,1,0,2
102408,102408,Rajesh Nayak,66,1,1,0,1
102409,102409,Priya Reddy,68,2,1,0,2
102410,102410,Lakshmi Kulkarni,28,6,4,0,2
102411,102411,Radha Hiremath,45,6,1,0,2
102412,102412,Roopa D'Souza,35,4,1,0,2
102413,102413,Swathi Gowda,46,9,1,0,2
102414,102414,Mary Gowda,40,7,1,0,2
102415,102415,Shalini Desai,63,7,1,0,2
102416,102416,Swathi Achar,55,6,1,0,2
102417,102417,Zoya Bhat,52,9,1,0,2
102418,102418,Anil Pinto,64,5,1,0,1
102419,102419,Ravi Hiremath,32,3,1,0,1
102420,102420,Roopa Khan,35,9,1,0,2
102421,102421,Shalini Desai,72,7,1,0,2
102422,102422,Geeta D'Souza,18,6,1,0,2
102423,102423,Kiran Nayak,39,3,1,0,1
102424,102424,Kavya Nayak,56,4,1,0,2
102425,102425,Shalini Nayak,26,3,1,0,2
102426,102426,Meena Shetty,39,9,1,0,2
102427,102427,Nagaraj Reddy,27,4,2,0,1
102428,102428,Mary Merchant,65,8,1,0,2
102429,102429,Yogesh D'Souza,70,5,1,0,1
102430,102430,Lakshmi Nayak,31,2,1,0,2
102431,102431,Mary Bhat,28,4,2,0,2
102432,102432,Deepa D'Souza,54,7,1,0,2
102433,102433,Pooja Khan,42,6,1,0,2
102434,102434,Geeta Bhat,51,9,1,0,2
102435,102435,Pooja Nayak,71,2,1,0,2
102436,102436,Rekha Patil,41,4,2,0,2
102437,102437,Anthony Desai,27,5,1,0,1
102438,102438,Vinod Patil,60,2,1,0,1
102439,102439,Pooja Naik,53,3,1,0,2
102440,102440,Kusuma Bhat,52,1,1,0,2
102441,102441,Harish Nayak,51,5,1,0,1
102442,102442,Sneha Kulkarni,53,6,1,0,2
102443,102443,Manoj Shetty,69,9,1,0,1
102444,102444,Harish Rao,21,2,1,0,1
102445,102445,Ramesh Sait,22,3,1,0,1
102446,102446,Vidya Pinto,64,2,1,0,2
102447,102447,Deepa Reddy,69,4,1,0,2
102448,102448,Mary Naik,30,3,1,0,2
102449,102449,Srinivas Kumar,50,1,2,0,1
102450,102450,Priya Hegde,60,4,1,0,2
102451,102451,Sunita Bhat,51,4,1,0,2
102452,102452,Fathima Reddy,53,6,1,0,2
102453,102453,Zoya Kulkarni,69,6,1,0,2
102454,102454,Sneha Kumar,59,4,1,0,2
102455,102455,Radha Khan,40,6,1,0,2
102456,102456,Rajesh Kulkarni,38,6,1,0,1
102457,102457,Ananya Hegde,48,8,2,0,2
102458,102458,Chandru Desai,42,1,1,0,1
102459,102459,Ananya Kumar,28,9,1,0,2
102460,102460,Salim Hiremath,67,2,1,0,1
102461,102461,Lakshmi Kumar,41,4,1,0,2
102462,102462,Roopa Patil,28,1,1,0,2
102463,102463,Imran Naik,50,3,1,0,1
102464,102464,Imran D'Souza,24,2,1,0,1
102465,102465,Priya Hiremath,45,2,1,0,2
102466,102466,Anthony Gowda,50,1,3,0,1
102467,102467,Swathi Kumar,29,2,2,0,2
102468,102468,Nandini Achar,38,7,1,0,2
102469,102469,Ganesh Achar,62,7,1,0,1
102470,102470,Sowmya Kulkarni,64,9,2,0,2
102471,102471,Dinesh Patil,44,10,1,0,1
102472,102472,Rekha Rao,52,4,1,0,2
102473,102473,Iqbal Achar,31,1,1,0,1
102474,102474,Shalini Merchant,35,4,1,0,2
102475,102475,Mary Achar,53,8,1,0,2
102476,102476,Iqbal Khan,32,9,1,0,1
102477,102477,Shalini Naik,26,5,1,0,2
102478,102478,Mary D'Souza,57,4,1,0,2
102479,102479,Mahesh Nayak,23,9,1,0,1
102480,102480,Suresh Bhat,47,2,1,0,1
102481,102481,Vidya Kulkarni,60,2,2,0,2
102482,102482,Sowmya Desai,66,7,1,0,2
102483,102483,Vijay Desai,57,8,1,0,1
102484,102484,Vijay Nayak,18,3,1,0,1
102485,102485,Srinivas Sait,24,6,2,0,1
102486,102486,Sunita Shetty,30,8,2,0,2
102487,102487,Pooja Achar,26,3,1,0,2
102488,102488,Ravi Hiremath,55,4,1,0,1
102489,102489,Zoya Pinto,55,9,1,0,2
102490,102490,Nagaraj Naik,31,2,1,0,1
102491,102491,Pooja D'Souza,39,10,2,0,2
102492,102492,Deepa Naik,59,9,1,0,2
102493,102493,Geeta Bhat,22,4,3,0,2
102494,102494,Naveen Patil,31,8,1,0,1
102495,102495,Farhan Kulkarni,27,7,1,0,1
102496,102496,Harish Poojary,46,7,1,0,1
102497,102497,Deepa Poojary,30,9,1,0,2
102498,102498,Girish Pinto,22,8,1,0,1
102499,102499,Anthony Patil,57,6,1,0,1
102500,102500,Arjun Pinto,60,4,1,0,1
102501,102501,Chandru Nayak,66,9,1,0,1
102502,102502,Anthony Bhat,52,6,1,0,1
102503,102503,Mahesh Kumar,31,6,1,0,1
102504,102504,Fathima Merchant,53,4,1,0,2
102505,102505,Girish Patil,33,3,1,0,1
102506,102506,Sunita Bhat,54,9,1,0,2
102507,102507,Deepa Shetty,36,2,2,0,2
102508,102508,Kavya Hegde,65,4,1,0,2
102509,102509,Deepa Kumar,63,1,1,0,2
102510,102510,Nagaraj Kumar,26,9,1,0,1
102511,102511,Priya Khan,40,6,1,0,2
102512,102512,Geeta Kulkarni,26,4,1,0,2
102513,102513,Salim Patil,30,1,1,0,1
102514,102514,Farhan Poojary,54,10,1,0,1
102515,102515,Imran D'Souza,28,7,1,0,1
102516,102516,Farhan Bhat,61,7,1,0,1
102517,102517,Yogesh D'Souza,21,6,1,0,1
102518,102518,Vidya D'Souza,50,8,2,0,2
102519,102519,Ganesh Poojary,25,2,1,0,1
102520,102520,Deepa Naik,55,4,1,0,2
102521,102521,Prakash Kumar,43,8,1,0,1
102522,102522,Srinivas Hiremath,54,7,1,0,1
102523,102523,Vidya Reddy,53,1,1,0,2
102524,102524,Lakshmi Kulkarni,25,10,1,0,2
102525,102525,Rekha Khan,49,6,1,0,2
102526,102526,Suresh Reddy,42,3,1,0,1
102527,102527,Srinivas Rao,26,3,1,0,1
102528,102528,Deepa Kulkarni,48,9,4,0,2
102529,102529,Sneha Hegde,37,4,1,0,2
102530,102530,Prakash Nayak,72,4,1,0,1
102531,102531,Kavya Desai,69,8,2,0,2
102532,102532,Girish Naik,43,1,1,0,1
102533,102533,Sowmya Kumar,19,8,1,0,2
102534,102534,Rekha Kulkarni,42,7,1,0,2
102535,102535,Pooja Shetty,30,7,1,0,2
102536,102536,Srinivas Nayak,24,9,1,0,1
102537,102537,Geeta Achar,70,8,1,0,2
102538,102538,Zoya Kumar,56,8,1,0,2
102539,102539,Swathi Kumar,42,4,1,0,2
102540,102540,Yogesh Poojary,42,8,1,0,1
102541,102541,Nandini Hiremath,26,6,2,0,2
102542,102542,Rekha Khan,24,1,1,0,2
102543,102543,Ravi Naik,23,2,1,0,1
102544,102544,Mary Naik,47,9,1,0,2
102545,102545,Suresh Rao,67,4,1,0,1
102546,102546,Iqbal Rao,63,4,1,0,1
102547,102547,Ravi Hiremath,28,1,1,0,1
102548,102548,Basavaraj Naik,45,10,1,0,1
102549,102549,Meena Khan,29,3,1,0,2
102550,102550,Zoya Sait,45,4,1,0,2
102551,102551,Anil Merchant,56,9,1,0,1
102552,102552,Priya Shetty,24,5,1,0,2
102553,102553,Meena Merchant,64,7,1,0,2
102554,102554,Sowmya Poojary,50,7,1,0,2
102555,102555,Farhan Sait,39,6,1,0,1
102556,102556,Lakshmi Desai,36,4,1,0,2
102557,102557,Sneha Hiremath,43,9,1,0,2
102558,102558,Girish Shetty,58,4,1,0,1
102559,102559,Ananya Shetty,31,6,1,0,2
102560,102560,Geeta Patil,55,2,1,0,2
102561,102561,Vinod Hiremath,72,6,1,0,1
102562,102562,Salim Merchant,61,6,1,0,1
102563,102563,Priya Naik,69,7,2,0,2
102564,102564,Lakshmi D'Souza,28,4,1,0,2
102565,102565,Vijay Nayak,57,7,1,0,1
102566,102566,Lakshmi Gowda,20,2,1,0,2
102567,102567,Rajesh Bhat,62,6,1,0,1
102568,102568,Rajesh Bhat,69,2,1,0,1
102569,102569,Naveen Merchant,22,9,1,0,1
102570,102570,Dinesh Sait,42,3,1,0,1
102571,102571,Pooja Nayak,25,4,1,0,2
102572,102572,Priya Reddy,46,2,1,0,2
102573,102573,Kiran Shetty,34,5,1,0,1
102574,102574,Chandru Kulkarni,21,4,1,0,1
102575,102575,Iqbal Nayak,21,1,1,0,1
102576,102576,Shilpa Kumar,66,2,1,0,2
102577,102577,Arjun Merchant,70,9,1,0,1
102578,102578,Salim Khan,28,7,1,0,1
102579,102579,Farhan Hegde,23,9,2,0,1
102580,102580,Nagaraj Desai,44,6,1,0,1
102581,102581,Arjun Shetty,31,9,1,0,1
102582,102582,Radha Kumar,45,4,1,0,2
102583,102583,Kusuma Sait,29,6,1,0,2
102584,102584,Imran Poojary,24,9,1,0,1
102585,102585,Roopa Patil,34,6,1,0,2
102586,102586,Kavya Kumar,48,10,1,0,2
102587,102587,Harish Rao,61,4,1,0,1
102588,102588,Kiran Nayak,54,1,1,0,1
102589,102589,Yogesh Pinto,65,2,1,0,1
102590,102590,Ganesh Shetty,59,4,1,0,1
102591,102591,Pooja Khan,33,6,1,0,2
102592,102592,Geeta Shetty,64,4,1,0,2
102593,102593,Dinesh Achar,71,8,1,0,1
102594,102594,Iqbal Reddy,35,1,1,0,1
102595,102595,Iqbal Reddy,21,4,1,0,1
102596,102596,Divya Poojary,28,4,1,0,2
102597,102597,Shalini Shetty,25,1,1,0,2
102598,102598,Shilpa Pinto,23,3,1,0,2
102599,102599,Farhan Hiremath,34,2,1,0,1
102600,102600,Mary Sait,53,10,1,0,2
102601,102601,Rajesh Hiremath,51,9,1,0,1
102602,102602,Dinesh Pinto,23,6,1,0,1
102603,102603,Ravi Khan,65,4,1,0,1
102604,102604,Priya Rao,46,2,1,0,2
102605,102605,Kiran Hiremath,27,1,1,0,1
102606,102606,Vijay Rao,30,9,2,0,1
102607,102607,Rekha Gowda,45,1,1,0,2
102608,102608,Arjun D'Souza,64,6,1,0,1
102609,102609,Farhan Patil,30,1,1,0,1
102610,102610,Shilpa Nayak,51,5,1,0,2
102611,102611,Harish Pinto,21,6,1,0,1
102612,102612,Rekha Bhat,54,2,1,0,2
102613,102613,Geeta Achar,31,6,1,0,2
102614,102614,Sowmya Nayak,43,9,1,0,2
102615,102615,Sunita Pinto,46,5,2,0,2
102616,102616,Vidya Desai,28,1,1,0,2
102617,102617,Mahesh Pinto,43,1,1,0,1
102618,102618,Mahesh Hiremath,55,1,1,0,1
102619,102619,Divya Desai,60,4,1,0,2
102620,102620,Mary Hegde,32,7,1,0,2
102621,102621,Ravi Pinto,20,9,1,0,1
102622,102622,Naveen Rao,64,4,2,0,1
102623,102623,Sneha Sait,28,4,1,0,2
102624,102624,Yogesh Pinto,63,2,1,0,1
102625,102625,Meena Reddy,60,5,1,0,2
102626,102626,Prakash Naik,59,9,1,0,1
102627,102627,Shilpa Kulkarni,58,7,1,0,2
102628,102628,Anita D'Souza,43,4,1,0,2
102629,102629,Priya Nayak,44,8,1,0,2
102630,102630,Harish Hiremath,34,2,1,0,1
102631,102631,Sneha Patil,55,4,1,0,2
102632,102632,Ananya Kumar,59,6,1,0,2
102633,102633,Zoya Merchant,55,7,1,0,2
102634,102634,Chandru Reddy,32,6,1,0,1
102635,102635,Manoj Shetty,38,9,1,0,1
102636,102636,Lakshmi Nayak,45,9,1,0,2
102637,102637,Yogesh Khan,27,4,2,0,1
102638,102638,Ramesh Kulkarni,68,1,1,0,1
102639,102639,Ashok Kulkarni,35,10,1,0,1
102640,102640,Sunita Kumar,30,4,1,0,2
102641,102641,Ganesh Bhat,35,7,1,0,1
102642,102642,Anil D'Souza,50,6,1,0,1
102643,102643,Shalini Hegde,44,5,1,0,2
102644,102644,Rekha Patil,44,5,1,0,2
102645,102645,Sunita Kumar,19,4,1,0,2
102646,102646,Joseph Hiremath,60,2,1,0,1
102647,102647,Ashok Shetty,32,1,1,0,1
102648,102648,Anthony D'Souza,39,9,1,0,1
102649,102649,Sowmya Sait,72,7,2,0,2
102650,102650,Prakash Pinto,63,4,1,0,1
102651,102651,Vijay Naik,64,3,1,0,1
102652,102652,Ganesh Shetty,21,3,1,0,1
102653,102653,Radha Merchant,71,1,1,0,2
102654,102654,Mary Achar,29,1,1,0,2
102655,102655,Prakash Reddy,61,9,1,0,1
102656,102656,Basavaraj Nayak,67,9,2,0,1
102657,102657,Manoj Hiremath,58,1,1,0,1
102658,102658,Meena Kumar,40,8,1,0,2
102659,102659,Girish Nayak,45,6,3,0,1
102660,102660,Srinivas Hiremath,26,10,2,0,1
102661,102661,Imran Merchant,48,4,1,0,1
102662,102662,Salim Patil,25,6,1,0,1
102663,102663,Divya Kumar,72,4,1,0,2
102664,102664,Harish Sait,70,1,1,0,1
102665,102665,Lakshmi Shetty,50,8,1,0,2
102666,102666,Pooja Achar,26,4,3,0,2
102667,102667,Rekha Bhat,21,1,1,0,2
102668,102668,Salim Bhat,44,5,1,0,1
102669,102669,Swathi Hegde,37,4,3,0,2
102670,102670,Harish Merchant,27,5,1,0,1
102671,102671,Shilpa Naik,46,1,1,0,2
102672,102672,Vidya Shetty,57,2,1,0,2
102673,102673,Divya Merchant,41,7,1,0,2
102674,102674,Geeta Patil,55,6,1,0,2
102675,102675,Harish Khan,22,2,1,0,1
102676,102676,Imran Kulkarni,64,2,2,0,1
102677,102677,Rajesh Desai,18,9,7,0,1
102678,102678,Rajesh Reddy,49,2,2,0,1
102679,102679,Dinesh Khan,44,5,1,0,1
102680,102680,Deepa Pinto,19,4,1,0,2
102681,102681,Girish Hiremath,61,9,1,0,1
102682,102682,Rekha Kulkarni,43,9,1,0,2
102683,102683,Mary Nayak,37,4,1,0,2
102684,102684,Basavaraj Reddy,25,7,4,0,1
102685,102685,Ramesh Khan,33,6,1,0,1
102686,102686,Kiran Hiremath,27,3,1,0,1
102687,102687,Dinesh Desai,67,6,1,0,1
102688,102688,Anthony Kumar,22,2,2,0,1
102689,102689,Nagaraj Shetty,65,6,1,0,1
102690,102690,Shalini Poojary,40,1,1,0,2
102691,102691,Vinod Bhat,52,5,1,0,1
102692,102692,Ganesh Pinto,64,2,1,0,1
102693,102693,Salim Reddy,35,7,1,0,1
102694,102694,Roopa Poojary,59,9,1,0,2
102695,102695,Shalini Khan,26,9,1,0,2
102696,102696,Pooja Poojary,68,7,1,0,2
102697,102697,Roopa Achar,71,2,1,0,2
102698,102698,Anthony Achar,43,4,1,0,1
102699,102699,Ravi Naik,65,4,1,0,1
102700,102700,Shilpa Kulkarni,45,3,1,0,2
102701,102701,Arjun Kulkarni,59,8,2,0,1
102702,102702,Manjunath Poojary,62,4,1,0,1
102703,102703,Deepa Desai,44,2,1,0,2
102704,102704,Vijay Bhat,53,6,4,0,1
102705,102705,Swathi Gowda,52,4,2,0,2
102706,102706,Ravi Desai,21,3,1,0,1
102707,102707,Divya Sait,21,3,1,0,2
102708,102708,Shalini D'Souza,70,7,1,0,2
102709,102709,Sowmya Merchant,61,1,1,0,2
102710,102710,Geeta Patil,25,5,1,0,2
102711,102711,Vidya Gowda,65,10,1,0,2
102712,102712,Naveen Pinto,59,1,2,0,1
102713,102713,Yogesh Nayak,42,3,1,0,1
102714,102714,Rekha Kumar,42,3,1,0,2
102715,102715,Kusuma Shetty,18,9,1,0,2
102716,102716,Meena Kumar,41,2,1,0,2
102717,102717,Nagaraj Hiremath,24,4,1,0,1
102718,102718,Sowmya Hiremath,69,9,1,0,2
102719,102719,Ganesh Shetty,70,1,1,0,1
102720,102720,Arjun Shetty,56,2,1,0,1
102721,102721,Deepa Poojary,18,1,1,0,2
102722,102722,Lakshmi Nayak,31,9,1,0,2
102723,102723,Nagaraj Pinto,25,4,6,0,1
102724,102724,Ashok Rao,25,4,1,0,1
102725,102725,Deepa Sait,39,6,1,0,2
102726,102726,Ramesh Patil,70,4,1,0,1
102727,102727,Mahesh Achar,68,9,1,0,1
102728,102728,Arjun Kulkarni,46,4,1,0,1
102729,102729,Nagaraj D'Souza,33,8,1,0,1
102730,102730,Girish Desai,71,4,1,0,1
102731,102731,Naveen Shetty,48,3,1,0,1
102732,102732,Naveen Poojary,52,4,2,0,1
102733,102733,Deepa Nayak,53,6,1,0,2
102734,102734,Radha Sait,61,9,1,0,2
102735,102735,Priya Gowda,27,6,1,0,2
102736,102736,Rajesh Merchant,55,5,1,0,1
102737,102737,Zoya Naik,28,3,1,0,2
102738,102738,Chandru Khan,30,8,1,0,1
102739,102739,Anthony Achar,61,7,1,0,1
102740,102740,Arjun Patil,37,9,1,0,1
102741,102741,Iqbal Poojary,54,6,2,0,1
102742,102742,Vijay Pinto,47,7,1,0,1
102743,102743,Manjunath Gowda,59,4,1,0,1
102744,102744,Rajesh Patil,60,8,1,0,1
102745,102745,Divya Khan,26,7,1,0,2
102746,102746,Manoj Shetty,50,5,2,0,1
102747,102747,Srinivas Hiremath,68,1,1,0,1
102748,102748,Manjunath Patil,22,2,2,0,1
102749,102749,Suresh Poojary,20,1,1,0,1
102750,102750,Srinivas Reddy,27,8,1,0,1
102751,102751,Sneha Khan,47,5,2,0,2
102752,102752,Lakshmi Desai,31,6,1,0,2
102753,102753,Harish Poojary,29,4,2,0,1
102754,102754,Chandru Khan,65,1,1,0,1
102755,102755,Naveen Reddy,67,4,1,0,1
102756,102756,Farhan Merchant,21,2,1,0,1
102757,102757,Anil Hiremath,49,4,1,0,1
102758,102758,Priya Poojary,40,10,1,0,2
102759,102759,Imran Sait,61,3,1,0,1
102760,102760,Roopa Rao,64,4,1,0,2
102761,102761,Vijay D'Souza,24,6,1,0,1
102762,102762,Nandini Pinto,64,6,1,0,2
102763,102763,Anthony Gowda,68,6,1,0,1
102764,102764,Ganesh Patil,38,4,1,0,1
102765,102765,Basavaraj Sait,63,8,1,0,1
102766,102766,Meena Poojary,50,10,1,0,2
102767,102767,Vijay Kulkarni,22,1,1,0,1
102768,102768,Basavaraj Patil,40,6,1,0,1
102769,102769,Sunita Kulkarni,37,7,2,0,2
102770,102770,Zoya Hegde,39,6,4,0,2
102771,102771,Sowmya Reddy,66,4,1,0,2
102772,102772,Chandru Hegde,70,4,1,0,1
102773,102773,Radha Pinto,44,2,7,0,2
102774,102774,Kusuma Bhat,42,4,1,0,2
102775,102775,Vinod Achar,50,8,1,0,1
102776,102776,Roopa Patil,46,1,1,0,2
102777,102777,Yogesh Sait,47,4,2,0,1
102778,102778,Kiran Khan,50,1,2,0,1
102779,102779,Ashok Bhat,19,2,1,0,1
102780,102780,Ramesh Khan,54,8,2,0,1
102781,102781,Manoj Nayak,42,4,1,0,1
102782,102782,Iqbal Rao,34,6,1,0,1
102783,102783,Sunita Poojary,26,8,1,0,2
102784,102784,Ramesh Kulkarni,32,10,1,0,1
102785,102785,Nagaraj Patil,59,3,1,0,1
102786,102786,Rajesh D'Souza,46,7,2,0,1
102787,102787,Nagaraj Khan,34,5,1,0,1
102788,102788,Vinod Achar,22,2,2,0,1
102789,102789,Vidya Reddy,47,4,1,0,2
102790,102790,Naveen Pinto,40,6,3,0,1
102791,102791,Geeta Sait,62,4,1,0,2
102792,102792,Anita Hiremath,46,3,1,0,2
102793,102793,Meena Patil,54,3,1,0,2
102794,102794,Farhan Gowda,53,7,1,0,1
102795,102795,Geeta Patil,62,2,1,0,2
102796,102796,Kusuma Desai,64,4,1,0,2
102797,102797,Fathima Khan,50,1,1,0,2
102798,102798,Zoya Hegde,22,6,1,0,2
102799,102799,Vinod D'Souza,42,2,1,0,1
102800,102800,Yogesh Merchant,51,7,1,0,1
102801,102801,Farhan Merchant,36,9,1,0,1
102802,102802,Anita Hiremath,22,6,1,0,2
102803,102803,Radha Kulkarni,29,1,3,0,2
102804,102804,Nandini Shetty,70,1,1,0,2
102805,102805,Iqbal Naik,18,4,2,0,1
102806,102806,Manoj Shetty,69,4,1,0,1
102807,102807,Nandini Merchant,59,4,1,0,2
102808,102808,Suresh D'Souza,19,7,1,0,1
102809,102809,Naveen Bhat,34,4,1,0,1
102810,102810,Roopa Nayak,43,4,1,0,2
102811,102811,Sunita Kulkarni,37,3,1,0,2
102812,102812,Mary Shetty,56,3,1,0,2
102813,102813,Zoya Naik,68,10,1,0,2
102814,102814,Rekha Naik,34,4,2,0,2
102815,102815,Vinod Gowda,42,2,1,0,1
102816,102816,Deepa Shetty,27,4,1,0,2
102817,102817,Zoya Hiremath,42,4,1,0,2
102818,102818,Lakshmi Kumar,63,4,1,0,2
102819,102819,Ravi Naik,64,8,1,0,1
102820,102820,Geeta Patil,67,7,1,0,2
102821,102821,Shalini Desai,72,3,1,0,2
102822,102822,Fathima Reddy,49,9,1,0,2
102823,102823,Ashok D'Souza,34,1,1,0,1
102824,102824,Lakshmi Pinto,19,6,2,0,2
102825,102825,Lakshmi D'Souza,42,4,1,0,2
102826,102826,Nandini Poojary,42,4,1,0,2
102827,102827,Sneha Poojary,46,9,1,0,2
102828,102828,Meena Naik,64,9,1,0,2
102829,102829,Yogesh Hegde,51,1,1,0,1
102830,102830,Sunita Hiremath,28,7,1,0,2
102831,102831,Ananya Reddy,47,10,1,0,2
102832,102832,Divya Naik,44,4,1,0,2
102833,102833,Mary Nayak,36,9,2,0,2
102834,102834,Sneha Achar,42,1,1,0,2
102835,102835,Dinesh Nayak,54,7,2,0,1
102836,102836,Vinod Reddy,47,8,1,0,1
102837,102837,Kavya Gowda,70,6,1,0,2
102838,102838,Suresh Sait,21,4,1,0,1
102839,102839,Ramesh Naik,23,7,1,0,1
102840,102840,Ramesh Nayak,39,4,1,0,1
102841,102841,Imran Pinto,24,2,1,0,1
102842,102842,Anthony Khan,54,10,1,0,1
102843,102843,Yogesh Khan,45,3,1,0,1
102844,102844,Swathi Desai,39,1,1,0,2
102845,102845,Yogesh Naik,67,4,1,0,1
102846,102846,Ashok Rao,20,2,1,0,1
102847,102847,Meena Pinto,65,6,1,0,2
102848,102848,Priya Reddy,45,4,1,0,2
102849,102849,Girish Hegde,60,4,1,0,1
102850,102850,Meena Naik,50,2,1,0,2
102851,102851,Sunita Gowda,48,4,1,0,2
102852,102852,Nandini D'Souza,70,1,1,0,2
102853,102853,Geeta Naik,65,6,1,0,2
102854,102854,Manjunath Poojary,24,4,1,0,1
102855,102855,Pooja D'Souza,26,6,1,0,2
102856,102856,Mary Merchant,44,4,1,0,2
102857,102857,Mahesh Naik,38,9,1,0,1
102858,102858,Sunita Sait,61,7,1,0,2
102859,102859,Anthony Sait,60,8,1,0,1
102860,102860,Kavya Hegde,25,7,1,0,2
102861,102861,Fathima Shetty,40,1,1,0,2
102862,102862,Ravi Kumar,30,3,1,0,1
102863,102863,Suresh Kulkarni,67,8,1,0,1
102864,102864,Shalini Hegde,32,7,1,0,2
102865,102865,Manjunath Hiremath,61,6,1,0,1
102866,102866,Rajesh Hiremath,21,10,1,0,1
102867,102867,Deepa Kulkarni,35,4,1,0,2
102868,102868,Geeta Desai,31,5,1,0,2
102869,102869,Srinivas Hegde,59,2,2,0,1
102870,102870,Anil Kumar,52,6,2,0,1
102871,102871,Ashok Kumar,32,9,1,0,1
102872,102872,Joseph Pinto,20,5,1,0,1
102873,102873,Prakash Hiremath,39,8,1,0,1
102874,102874,Chandru Shetty,43,10,1,0,1
102875,102875,Anita Kulkarni,66,9,1,0,2
102876,102876,Manoj Naik,34,6,1,0,1
102877,102877,Rekha Kulkarni,26,1,1,0,2
102878,102878,Roopa Desai,46,4,2,0,2
102879,102879,Roopa D'Souza,72,3,2,0,2
102880,102880,Vidya Bhat,68,9,2,0,2
102881,102881,Dinesh Bhat,47,4,2,0,1
102882,102882,Vinod Desai,41,7,2,0,1
102883,102883,Kiran Hegde,72,9,1,0,1
102884,102884,Sneha Reddy,61,9,1,0,2
102885,102885,Fathima Shetty,20,5,2,0,2
102886,102886,Meena Merchant,30,7,1,0,2
102887,102887,Salim D'Souza,25,6,2,0,1
102888,102888,Mary Bhat,25,1,1,0,2
102889,102889,Ganesh Sait,20,2,1,0,1
102890,102890,Kiran Naik,26,8,1,0,1
102891,102891,Kusuma Shetty,22,6,2,0,2
102892,102892,Vijay Reddy,36,1,1,0,1
102893,102893,Ganesh Hegde,40,5,1,0,1
102894,102894,Swathi Khan,55,8,2,0,2
102895,102895,Geeta Kumar,32,2,2,0,2
102896,102896,Manjunath Merchant,54,9,1,0,1
102897,102897,Rekha Bhat,51,7,1,0,2
102898,102898,Lakshmi Achar,44,8,1,0,2
102899,102899,Sowmya Reddy,63,1,1,0,2
102900,102900,Anthony Naik,62,4,1,0,1
102901,102901,Salim Kulkarni,38,4,1,0,1
102902,102902,Zoya Rao,28,5,1,0,2
102903,102903,Iqbal Khan,19,9,1,0,1
102904,102904,Salim Naik,70,2,1,0,1
102905,102905,Shalini Nayak,72,3,1,0,2
102906,102906,Vinod Hegde,54,9,1,0,1
102907,102907,Manjunath Gowda,30,3,1,0,1
102908,102908,Lakshmi Khan,50,2,2,0,2
102909,102909,Priya Merchant,43,5,2,0,2
102910,102910,Yogesh Achar,60,3,1,0,1
102911,102911,Srinivas Khan,65,4,1,0,1
102912,102912,Zoya Sait,56,8,1,0,2
102913,102913,Vidya Khan,30,3,1,0,2
102914,102914,Divya Reddy,59,6,1,0,2
102915,102915,Divya Reddy,62,6,1,0,2
102916,102916,Suresh Nayak,32,2,1,0,1
102917,102917,Arjun Khan,36,4,1,0,1
102918,102918,Joseph Khan,20,7,2,0,1
102919,102919,Nandini Sait,23,6,1,0,2
102920,102920,Arjun Hiremath,56,1,1,0,1
102921,102921,Pooja Achar,65,6,1,0,2
102922,102922,Kusuma Achar,46,10,1,0,2
102923,102923,Lakshmi Kumar,28,2,1,0,2
102924,102924,Lakshmi Patil,68,1,1,0,2
102925,102925,Anil Naik,19,6,1,0,1
102926,102926,Sneha Kumar,65,6,1,0,2
102927,102927,Anil Khan,65,1,1,0,1
102928,102928,Prakash Kumar,58,4,1,0,1
102929,102929,Nandini Achar,61,2,1,0,2
102930,102930,Shalini Gowda,35,1,1,0,2
102931,102931,Roopa Shetty,37,3,1,0,2
102932,102932,Sunita Hegde,54,10,1,0,2
102933,102933,Anthony Kumar,25,4,1,0,1
102934,102934,Imran Merchant,27,9,7,0,1
102935,102935,Ravi Kulkarni,54,1,1,0,1
102936,102936,Anil Hegde,26,6,1,0,1
102937,102937,Anil Reddy,36,7,1,0,1
102938,102938,Suresh Shetty,23,4,1,0,1
102939,102939,Ashok Rao,24,7,1,0,1
102940,102940,Ashok Reddy,53,4,1,0,1
102941,102941,Zoya Gowda,69,1,1,0,2
102942,102942,Srinivas Reddy,18,3,1,0,1
102943,102943,Joseph Shetty,69,1,1,0,1
102944,102944,Radha Naik,23,9,1,0,2
102945,102945,Sunita Rao,34,2,1,0,2
102946,102946,Ganesh Kumar,63,6,1,0,1
102947,102947,Ashok Hegde,21,6,1,0,1
102948,102948,Divya Patil,50,7,2,0,2
102949,102949,Ravi Achar,56,4,1,0,1
102950,102950,Fathima Desai,42,6,1,0,2
102951,102951,Nandini Merchant,24,1,1,0,2
102952,102952,Pooja Patil,70,3,2,0,2
102953,102953,Ganesh Kumar,47,4,7,0,1
102954,102954,Ganesh Shetty,67,9,1,0,1
102955,102955,Prakash Sait,27,1,2,0,1
102956,102956,Anil Hegde,66,7,1,0,1
102957,102957,Lakshmi Bhat,20,1,1,0,2
102958,102958,Basavaraj Kumar,52,4,2,0,1
102959,102959,Vinod Merchant,62,3,2,0,1
102960,102960,Kavya Poojary,33,4,1,0,2
102961,102961,Meena Pinto,25,8,1,0,2
102962,102962,Nandini Poojary,52,7,4,0,2
102963,102963,Basavaraj Reddy,62,1,1,0,1
102964,102964,Vinod D'Souza,69,4,1,0,1
102965,102965,Nagaraj Hiremath,32,1,1,0,1
102966,102966,Nandini Khan,36,6,1,0,2
102967,102967,Arjun Sait,28,10,1,0,1
102968,102968,Yogesh Pinto,69,2,1,0,1
102969,102969,Yogesh Gowda,49,7,2,0,1
102970,102970,Shilpa Hegde,48,6,1,0,2
102971,102971,Sneha Poojary,71,7,1,0,2
102972,102972,Vidya Shetty,21,6,1,0,2
102973,102973,Sneha Merchant,29,7,1,0,2
102974,102974,Vijay Kulkarni,65,10,1,0,1
102975,102975,Kiran D'Souza,34,6,1,0,1
102976,102976,Suresh D'Souza,46,4,1,0,1
102977,102977,Ganesh Reddy,69,1,1,0,1
102978,102978,Anita D'Souza,65,8,1,0,2
102979,102979,Suresh Pinto,53,1,1,0,1
102980,102980,Mary Nayak,36,8,1,0,2
102981,102981,Salim Khan,57,6,1,0,1
102982,102982,Manjunath Hegde,29,8,2,0,1
102983,102983,Sunita Kulkarni,29,4,1,0,2
102984,102984,Kusuma Kulkarni,65,5,2,0,2
102985,102985,Farhan Gowda,38,6,1,0,1
102986,102986,Vinod Hiremath,64,6,1,0,1
102987,102987,Sneha Reddy,58,4,1,0,2
102988,102988,Radha Desai,20,1,2,0,2
102989,102989,Roopa Hegde,68,2,1,0,2
102990,102990,Pooja Kumar,50,1,1,0,2
102991,102991,Ashok Hegde,52,8,1,0,1
102992,102992,Farhan Kulkarni,42,7,1,0,1
102993,102993,Priya Patil,40,1,1,0,2
102994,102994,Divya Shetty,55,5,1,0,2
102995,102995,Pooja Rao,43,6,1,0,2
102996,102996,Fathima Patil,53,9,1,0,2
102997,102997,Rekha Nayak,48,8,1,0,2
102998,102998,Kiran Achar,35,9,1,0,1
102999,102999,Manjunath Sait,29,9,1,0,1
103000,103000,Shalini Hiremath,69,4,1,0,2
103001,103001,Swathi Sait,51,5,2,0,2
103002,103002,Joseph Patil,39,9,1,0,1
103003,103003,Imran Poojary,58,9,1,0,1
103004,103004,Kusuma Sait,43,3,1,0,2
103005,103005,Zoya Bhat,27,6,1,0,2
103006,103006,Pooja Naik,21,9,2,0,2
103007,103007,Kusuma Desai,22,9,2,0,2
103008,103008,Kavya Achar,35,6,1,0,2
103009,103009,Prakash Achar,30,2,1,0,1
103010,103010,Shilpa Naik,41,4,1,0,2
103011,103011,Pooja Pinto,50,9,2,0,2
103012,103012,Ramesh D'Souza,26,7,1,0,1
103013,103013,Vinod Pinto,41,5,1,0,1
103014,103014,Roopa Patil,31,2,1,0,2
103015,103015,Meena Pinto,39,4,1,0,2
103016,103016,Vinod Shetty,51,6,2,0,1
103017,103017,Vijay Achar,62,4,1,0,1
103018,103018,Joseph Reddy,52,4,1,0,1
103019,103019,Roopa Reddy,41,1,1,0,2
103020,103020,Kiran Reddy,70,6,1,0,1
103021,103021,Suresh Hiremath,45,9,1,0,1
103022,103022,Yogesh Hegde,22,5,1,0,1
103023,103023,Anil Kumar,43,7,1,0,1
103024,103024,Harish Rao,51,9,1,0,1
103025,103025,Vijay Patil,41,1,2,0,1
103026,103026,Nagaraj Kumar,32,9,1,0,1
103027,103027,Ravi Shetty,70,2,3,0,1
103028,103028,Kiran Hiremath,31,4,5,0,1
103029,103029,Meena Sait,49,3,1,0,2
103030,103030,Fathima Hegde,71,9,1,0,2
103031,103031,Mahesh Reddy,42,1,1,0,1
103032,103032,Prakash Pinto,46,2,1,0,1
103033,103033,Mary Merchant,57,4,1,0,2
103034,103034,Yogesh Poojary,29,1,1,0,1
103035,103035,Vijay Merchant,40,8,6,0,1
103036,103036,Sneha Sait,37,8,1,0,2
103037,103037,Rajesh Hegde,62,2,1,0,1
103038,103038,Shilpa Pinto,53,9,1,0,2
103039,103039,Lakshmi Achar,54,3,1,0,2
103040,103040,Nagaraj Naik,42,4,1,0,1
103041,103041,Lakshmi Pinto,40,8,1,0,2
103042,103042,Yogesh Nayak,26,1,1,0,1
103043,103043,Iqbal Hegde,48,1,2,0,1
103044,103044,Zoya Achar,18,4,1,0,2
103045,103045,Naveen Bhat,49,4,1,0,1
103046,103046,Ananya Hiremath,65,7,2,0,2
103047,103047,Geeta Nayak,68,1,1,0,2
103048,103048,Vidya Bhat,69,4,1,0,2
103049,103049,Dinesh Bhat,24,10,1,0,1
103050,103050,Imran Reddy,62,5,1,0,1
103051,103051,Manjunath Desai,25,7,1,0,1
103052,103052,Deepa D'Souza,60,3,2,0,2
103053,103053,Sunita Gowda,48,4,1,0,2
103054,103054,Radha Khan,50,2,1,0,2
103055,103055,Vijay Sait,54,1,1,0,1
103056,103056,Yogesh Sait,32,9,1,0,1
103057,103057,Fathima Naik,47,7,1,0,2
103058,103058,Iqbal Patil,33,2,1,0,1
103059,103059,Arjun Shetty,65,4,1,0,1
103060,103060,Pooja Nayak,64,8,1,0,2
103061,103061,Priya Naik,69,6,1,0,2
103062,103062,Manjunath Kumar,55,3,2,0,1
103063,103063,Manjunath Kulkarni,48,4,1,0,1
103064,103064,Iqbal Rao,27,2,1,0,1
103065,103065,Deepa Patil,55,10,1,0,2
103066,103066,Suresh Bhat,57,4,1,0,1
103067,103067,Ananya Kulkarni,36,7,1,0,2
103068,103068,Iqbal Shetty,31,8,1,0,1
103069,103069,Fathima Merchant,70,8,1,0,2
103070,103070,Kavya Gowda,29,4,4,0,2
103071,103071,Geeta Bhat,54,9,1,0,2
103072,103072,Kusuma Kulkarni,56,2,1,0,2
103073,103073,Srinivas Gowda,24,9,1,0,1
103074,103074,Lakshmi Achar,66,9,1,0,2
103075,103075,Meena Achar,41,4,1,0,2
103076,103076,Vidya Naik,36,7,1,0,2
103077,103077,Shalini Khan,40,1,1,0,2
103078,103078,Yogesh Merchant,34,7,1,0,1
103079,103079,Manjunath Kumar,26,8,1,0,1
103080,103080,Shalini Kumar,66,4,1,0,2
103081,103081,Ashok Hegde,62,7,1,0,1
103082,103082,Mahesh Gowda,25,6,2,0,1
103083,103083,Shilpa Hegde,72,4,2,0,2
103084,103084,Divya Hegde,37,4,1,0,2
103085,103085,Divya Patil,28,5,1,0,2
103086,103086,Anita Pinto,51,8,1,0,2
103087,103087,Geeta Rao,62,9,1,0,2
103088,103088,Girish Desai,52,1,2,0,1
103089,103089,Radha Khan,57,8,1,0,2
103090,103090,Zoya Rao,18,4,1,0,2
103091,103091,Iqbal Kumar,20,6,1,0,1
103092,103092,Fathima Nayak,20,1,1,0,2
103093,103093,Suresh Pinto,19,4,1,0,1
103094,103094,Rajesh Shetty,70,4,1,0,1
103095,103095,Pooja Kulkarni,25,4,1,0,2
103096,103096,Naveen Shetty,22,2,1,0,1
103097,103097,Kavya Naik,48,9,1,0,2
103098,103098,Pooja Achar,49,5,3,0,2
103099,103099,Sowmya Rao,63,6,1,0,2
103100,103100,Girish Gowda,36,6,1,0,1
103101,103101,Kavya Merchant,39,2,1,0,2
103102,103102,Ananya Shetty,55,4,1,0,2
103103,103103,Shilpa Bhat,64,4,1,0,2
103104,103104,Manjunath Pinto,28,4,1,0,1
103105,103105,Fathima Kumar,18,6,1,0,2
103106,103106,Nandini Hiremath,59,1,1,0,2
103107,103107,Srinivas Reddy,28,3,1,0,1
103108,103108,Imran Bhat,32,8,3,0,1
103109,103109,Ganesh Khan,50,6,1,0,1
103110,103110,Kavya Gowda,37,3,1,0,2
103111,103111,Mahesh Desai,40,7,4,0,1
103112,103112,Geeta Patil,28,3,1,0,2
103113,103113,Dinesh Kumar,45,10,1,0,1
103114,103114,Radha Merchant,20,3,1,0,2
103115,103115,Prakash D'Souza,64,4,1,0,1
103116,103116,Naveen Reddy,65,9,1,0,1
103117,103117,Pooja Poojary,21,3,1,0,2
103118,103118,Ganesh Gowda,23,7,1,0,1
103119,103119,Sneha Sait,61,3,1,0,2
103120,103120,Kiran Naik,46,4,1,0,1
103121,103121,Divya Sait,51,7,1,0,2
103122,103122,Vidya Bhat,67,9,1,0,2
103123,103123,Basavaraj Hiremath,57,9,1,0,1
103124,103124,Joseph Hegde,64,9,1,0,1
103125,103125,Ganesh Patil,19,4,1,0,1
103126,103126,Harish Merchant,63,3,1,0,1
103127,103127,Vijay Rao,56,9,1,0,1
103128,103128,Lakshmi Rao,20,1,4,0,2
103129,103129,Kavya Khan,23,9,1,0,2
103130,103130,Iqbal Hiremath,23,6,1,0,1
103131,103131,Zoya Merchant,26,8,1,0,2
103132,103132,Shilpa Bhat,29,1,1,0,2
103133,103133,Ashok Bhat,36,1,1,0,1
103134,103134,Ramesh Hiremath,39,6,1,0,1
103135,103135,Rekha Rao,57,9,1,0,2
103136,103136,Roopa Hiremath,24,8,1,0,2
103137,103137,Divya Kulkarni,35,6,1,0,2
103138,103138,Basavaraj Naik,67,3,2,0,1
103139,103139,Vijay Patil,22,2,1,0,1
103140,103140,Harish Achar,48,1,1,0,1
103141,103141,Naveen Hiremath,65,1,1,0,1
103142,103142,Vinod Achar,34,6,1,0,1
103143,103143,Kusuma Achar,24,7,1,0,2
103144,103144,Zoya Kumar,71,8,1,0,2
103145,103145,Mahesh Hegde,33,1,1,0,1
103146,103146,Sunita Rao,43,4,2,0,2
103147,103147,Prakash D'Souza,72,4,1,0,1
103148,103148,Kavya Naik,37,3,1,0,2
103149,103149,Joseph Rao,34,1,1,0,1
103150,103150,Ramesh Kumar,46,4,1,0,1
103151,103151,Roopa Sait,30,3,1,0,2
103152,103152,Joseph Sait,22,2,2,0,1
103153,103153,Mary Hiremath,38,1,1,0,2
103154,103154,Fathima Hiremath,52,9,1,0,2
103155,103155,Shalini Bhat,57,6,1,0,2
103156,103156,Mahesh Desai,49,4,1,0,1
103157,103157,Shilpa Naik,50,9,1,0,2
103158,103158,Kiran Khan,23,2,1,0,1
103159,103159,Meena Rao,37,2,1,0,2
103160,103160,Mahesh Sait,53,6,1,0,1
103161,103161,Farhan Hegde,63,2,1,0,1
103162,103162,Suresh Shetty,40,7,1,0,1
103163,103163,Rajesh Hegde,63,4,1,0,1
103164,103164,Roopa Achar,51,6,1,0,2
103165,103165,Imran Sait,57,8,3,0,1
103166,103166,Roopa Rao,54,2,1,0,2
103167,103167,Vidya Khan,39,2,2,0,2
103168,103168,Swathi Merchant,48,4,1,0,2
103169,103169,Shilpa Reddy,59,6,1,0,2
103170,103170,Vijay Patil,27,6,1,0,1
103171,103171,Zoya D'Souza,34,7,1,0,2
103172,103172,Priya Achar,57,1,1,0,2
103173,103173,Basavaraj Kumar,38,9,1,0,1
103174,103174,Ananya Gowda,27,2,1,0,2
103175,103175,Vijay Patil,53,6,1,0,1
103176,103176,Yogesh Reddy,62,2,1,0,1
103177,103177,Ramesh Shetty,41,7,1,0,1
103178,103178,Yogesh Patil,67,6,1,0,1
103179,103179,Meena Sait,61,6,1,0,2
103180,103180,Ananya Sait,25,4,1,0,2
103181,103181,Vijay Pinto,72,1,1,0,1
103182,103182,Iqbal Khan,51,2,2,0,1
103183,103183,Vijay Kumar,28,4,1,0,1
103184,103184,Geeta Reddy,30,9,1,0,2
103185,103185,Ganesh Bhat,70,9,1,0,1
103186,103186,Nandini D'Souza,22,8,1,0,2
103187,103187,Dinesh Rao,68,10,1,0,1
103188,103188,Arjun Poojary,56,7,1,0,1
103189,103189,Shilpa Nayak,39,6,1,0,2
103190,103190,Harish Hiremath,26,1,2,0,1
103191,103191,Vinod Khan,18,8,1,0,1
103192,103192,Anil Achar,38,10,4,0,1
103193,103193,Ramesh Nayak,18,9,2,0,1
103194,103194,Salim Bhat,27,7,1,0,1
103195,103195,Nandini Kumar,25,6,2,0,2
103196,103196,Rajesh Hiremath,57,4,1,0,1
103197,103197,Kusuma Patil,34,5,2,0,2
103198,103198,Dinesh Kulkarni,52,2,7,0,1
103199,103199,Mahesh Desai,53,6,1,0,1
103200,103200,Radha Hegde,54,2,2,0,2
103201,103201,Sowmya Rao,20,6,2,0,2
103202,103202,Divya Nayak,20,1,2,0,2
103203,103203,Anil Poojary,44,4,1,0,1
103204,103204,Chandru Hegde,64,1,1,0,1
103205,103205,Naveen Achar,20,3,1,0,1
103206,103206,Iqbal D'Souza,22,3,1,0,1
103207,103207,Kusuma Poojary,32,6,1,0,2
103208,103208,Mary Poojary,24,7,1,0,2
103209,103209,Suresh Merchant,65,4,1,0,1
103210,103210,Salim Patil,26,4,1,0,1
103211,103211,Iqbal Gowda,47,2,1,0,1
103212,103212,Anthony Sait,18,10,1,0,1
103213,103213,Anil Desai,57,10,1,0,1
103214,103214,Ramesh Pinto,58,4,2,0,1
103215,103215,Radha Poojary,43,6,1,0,2
103216,103216,Kusuma Shetty,18,8,1,0,2
103217,103217,Shalini Gowda,63,1,1,0,2
103218,103218,Prakash Pinto,27,1,1,0,1
103219,103219,Divya Khan,70,9,2,0,2
103220,103220,Kiran Kulkarni,31,7,1,0,1
103221,103221,Basavaraj Khan,64,6,1,0,1
103222,103222,Vinod Shetty,45,10,2,0,1
103223,103223,Harish Shetty,41,9,1,0,1
103224,103224,Vijay Khan,57,6,4,0,1
103225,103225,Ravi Nayak,43,2,1,0,1
103226,103226,Kusuma Nayak,58,5,1,0,2
103227,103227,Vijay Shetty,18,4,1,0,1
103228,103228,Lakshmi Reddy,49,10,1,0,2
103229,103229,Farhan Khan,25,1,1,0,1
103230,103230,Farhan Merchant,55,4,2,0,1
103231,103231,Srinivas Patil,28,7,1,0,1
103232,103232,Vidya Shetty,54,5,1,0,2
103233,103233,Joseph Poojary,63,3,1,0,1
103234,103234,Mary Pinto,53,4,1,0,2
103235,103235,Sunita Poojary,62,1,1,0,2
103236,103236,Rajesh Kumar,35,4,1,0,1
103237,103237,Dinesh Rao,21,5,1,0,1
103238,103238,Prakash Gowda,46,1,1,0,1
103239,103239,Meena Rao,33,7,1,0,2
103240,103240,Vinod Sait,54,10,1,0,1
103241,103241,Ashok Reddy,47,5,1,0,1
103242,103242,Ashok Desai,55,3,2,0,1
103243,103243,Sneha Hegde,19,4,1,0,2
103244,103244,Srinivas Hegde,26,6,1,0,1
103245,103245,Shilpa Gowda,23,7,1,0,2
103246,103246,Kiran Rao,50,8,2,0,1
103247,103247,Dinesh Poojary,69,4,1,0,1
103248,103248,Dinesh Nayak,35,4,1,0,1
103249,103249,Girish Bhat,37,9,1,0,1
103250,103250,Sneha Nayak,44,6,1,0,2
103251,103251,Ramesh Achar,63,1,1,0,1
103252,103252,Ravi Poojary,60,4,1,0,1
103253,103253,Basavaraj Hegde,32,2,1,0,1
103254,103254,Arjun Desai,26,10,1,0,1
103255,103255,Anthony Reddy,29,1,1,0,1
103256,103256,Anthony Kumar,46,4,1,0,1
103257,103257,Ashok Shetty,39,1,1,0,1
103258,103258,Ananya Shetty,63,2,1,0,2
103259,103259,Suresh Naik,26,8,1,0,1
103260,103260,Farhan Naik,27,2,1,0,1
103261,103261,Sneha Poojary,23,3,1,0,2
103262,103262,Sunita Desai,57,2,1,0,2
103263,103263,Harish Reddy,57,4,2,0,1
103264,103264,Deepa Sait,37,8,1,0,2
103265,103265,Rajesh Naik,19,4,1,0,1
103266,103266,Vijay Poojary,51,9,2,0,1
103267,103267,Sneha Hiremath,26,1,1,0,2
103268,103268,Ravi Kulkarni,65,4,1,0,1
103269,103269,Priya Shetty,46,2,1,0,2
103270,103270,Nandini Poojary,46,1,1,0,2
103271,103271,Manjunath Patil,62,4,1,0,1
103272,103272,Harish Kulkarni,53,6,1,0,1
103273,103273,Prakash Khan,41,4,1,0,1
103274,103274,Meena Kumar,55,10,1,0,2
103275,103275,Ashok D'Souza,72,4,1,0,1
103276,103276,Swathi Poojary,28,2,1,0,2
103277,103277,Sunita Kumar,38,7,1,0,2
103278,103278,Lakshmi Achar,66,8,1,0,2
103279,103279,Lakshmi Reddy,40,7,1,0,2
103280,103280,Ananya Patil,59,6,1,0,2
103281,103281,Ganesh Kulkarni,43,1,1,0,1
103282,103282,Mary Kumar,21,6,1,0,2
103283,103283,Nandini Kulkarni,43,9,1,0,2
103284,103284,Farhan Reddy,40,2,1,0,1
103285,103285,Vinod Poojary,39,9,1,0,1
103286,103286,Divya Hiremath,53,2,2,0,2
103287,103287,Iqbal Hiremath,40,1,1,0,1
103288,103288,Iqbal Desai,59,7,1,0,1
103289,103289,Priya Sait,23,6,1,0,2
103290,103290,Kiran Desai,41,2,1,0,1
103291,103291,Joseph Kulkarni,26,7,1,0,1
103292,103292,Farhan Gowda,50,7,1,0,1
103293,103293,Ravi Hegde,49,9,1,0,1
103294,103294,Zoya Poojary,38,4,1,0,2
103295,103295,Zoya Hiremath,53,7,1,0,2
103296,103296,Mahesh Reddy,27,5,1,0,1
103297,103297,Zoya Khan,35,3,1,0,2
103298,103298,Girish Pinto,25,6,1,0,1
103299,103299,Fathima Bhat,71,8,1,0,2
103300,103300,Meena Reddy,55,9,1,0,2
103301,103301,Pooja Nayak,42,5,4,0,2
103302,103302,Yogesh Rao,60,3,1,0,1
103303,103303,Nagaraj Gowda,61,9,1,0,1
103304,103304,Sowmya Rao,58,8,3,0,2
103305,103305,Lakshmi Desai,67,7,1,0,2
103306,103306,Chandru Sait,41,2,1,0,1
103307,103307,Joseph Khan,69,5,1,0,1
103308,103308,Ravi Kulkarni,21,8,2,0,1
103309,103309,Anita Bhat,53,4,1,0,2
103310,103310,Prakash Nayak,62,9,1,0,1
103311,103311,Priya Poojary,72,6,1,0,2
103312,103312,Iqbal Desai,23,6,1,0,1
103313,103313,Roopa Hiremath,58,9,1,0,2
103314,103314,Salim Poojary,37,2,1,0,1
103315,103315,Deepa Merchant,32,2,1,0,2
103316,103316,Radha Shetty,58,3,1,0,2
103317,103317,Roopa Sait,33,6,6,0,2
103318,103318,Anthony Kumar,32,4,1,0,1
103319,103319,Nagaraj Naik,25,8,2,0,1
103320,103320,Nandini D'Souza,50,8,1,0,2
103321,103321,Zoya Reddy,27,4,1,0,2
103322,103322,Anil Rao,59,5,1,0,1
103323,103323,Divya D'Souza,33,9,1,0,2
103324,103324,Ravi Merchant,62,9,1,0,1
103325,103325,Roopa Poojary,69,9,1,0,2
103326,103326,Anita Naik,69,7,1,0,2
103327,103327,Shalini Sait,47,4,1,0,2
103328,103328,Pooja D'Souza,28,6,1,0,2
103329,103329,Fathima Shetty,54,1,1,0,2
103330,103330,Harish Nayak,69,2,1,0,1
103331,103331,Rajesh Achar,59,1,1,0,1
103332,103332,Sowmya Rao,70,4,1,0,2
103333,103333,Pooja Kulkarni,18,2,2,0,2
103334,103334,Ashok Khan,46,4,2,0,1
103335,103335,Imran Sait,51,6,1,0,1
103336,103336,Dinesh Hiremath,66,1,1,0,1
103337,103337,Fathima Shetty,34,8,1,0,2
103338,103338,Geeta Naik,34,4,1,0,2
103339,103339,Vinod Kumar,47,1,2,0,1
103340,103340,Vinod Bhat,60,2,1,0,1
103341,103341,Zoya Naik,60,3,1,0,2
103342,103342,Harish Pinto,27,4,1,0,1
103343,103343,Anita Kumar,41,5,1,0,2
103344,103344,Divya Pinto,30,10,1,0,2
103345,103345,Suresh Gowda,22,1,2,0,1
103346,103346,Manjunath D'Souza,31,4,1,0,1
103347,103347,Ramesh Kulkarni,38,7,1,0,1
103348,103348,Anil Achar,60,2,2,0,1
103349,103349,Girish Rao,21,3,1,0,1
103350,103350,Sunita Pinto,67,6,1,0,2
103351,103351,Radha Sait,39,7,1,0,2
103352,103352,Prakash Desai,69,4,1,0,1
103353,103353,Anita Shetty,54,9,1,0,2
103354,103354,Joseph Merchant,28,4,1,0,1
103355,103355,Ashok Merchant,51,6,1,0,1
103356,103356,Nandini Pinto,49,4,2,0,2
103357,103357,Mary Shetty,45,4,1,0,2
103358,103358,Rajesh Bhat,56,6,1,0,1
103359,103359,Kavya Reddy,47,4,1,0,2
103360,103360,Ananya Bhat,26,5,2,0,2
103361,103361,Harish Shetty,21,7,1,0,1
103362,103362,Yogesh Gowda,72,9,2,0,1
103363,103363,Arjun Naik,46,1,1,0,1
103364,103364,Vidya Hegde,56,6,1,0,2
103365,103365,Zoya Merchant,42,3,1,0,2
103366,103366,Manjunath Shetty,62,1,1,0,1
103367,103367,Meena Nayak,65,4,1,0,2
103368,103368,Ravi Naik,31,1,1,0,1
103369,103369,Vijay Naik,68,2,1,0,1
103370,103370,Fathima Pinto,42,1,1,0,2
103371,103371,Anil Gowda,27,3,1,0,1
103372,103372,Pooja Gowda,20,4,2,0,2
103373,103373,Shalini Rao,35,5,1,0,2
103374,103374,Kusuma Pinto,26,4,4,0,2
103375,103375,Pooja Rao,24,2,1,0,2
103376,103376,Kusuma Kumar,37,1,1,0,2
103377,103377,Priya Merchant,58,6,1,0,2
103378,103378,Salim Bhat,56,8,1,0,1
103379,103379,Roopa Khan,38,3,2,0,2
103380,103380,Ramesh Khan,32,8,1,0,1
103381,103381,Yogesh Naik,69,1,1,0,1
103382,103382,Basavaraj Achar,70,7,1,0,1
103383,103383,Geeta Achar,50,5,1,0,2
103384,103384,Vidya Shetty,21,6,1,0,2
103385,103385,Mahesh Hiremath,58,6,1,0,1
103386,103386,Roopa Shetty,32,7,1,0,2
103387,103387,Arjun Kumar,57,6,1,0,1
103388,103388,Sneha Desai,68,2,1,0,2
103389,103389,Iqbal Gowda,32,8,1,0,1
103390,103390,Radha Achar,64,2,1,0,2
103391,103391,Shilpa Reddy,61,1,1,0,2
103392,103392,Yogesh Reddy,28,7,1,0,1
103393,103393,Basavaraj Pinto,29,7,1,0,1
103394,103394,Anthony Shetty,63,9,1,0,1
103395,103395,Naveen Gowda,29,7,1,0,1
103396,103396,Kavya Achar,48,2,1,0,2
103397,103397,Nagaraj Khan,36,6,1,0,1
103398,103398,Ashok D'Souza,72,4,1,0,1
103399,103399,Radha Shetty,53,4,1,0,2
103400,103400,Priya Kulkarni,20,6,1,0,2
103401,103401,Rekha Bhat,38,8,1,0,2
103402,103402,Kiran Gowda,36,4,1,0,1
103403,103403,Ganesh Patil,26,1,5,0,1
103404,103404,Manjunath Khan,44,4,1,0,1
103405,103405,Manoj Hiremath,54,2,1,0,1
103406,103406,Vidya Shetty,23,4,1,0,2
103407,103407,Divya Achar,65,1,2,0,2
103408,103408,Prakash Reddy,20,9,2,0,1
103409,103409,Anil Naik,46,3,1,0,1
103410,103410,Kusuma Kulkarni,67,4,1,0,2
103411,103411,Nandini Achar,44,7,2,0,2
103412,103412,Mahesh Shetty,36,7,2,0,1
103413,103413,Chandru Desai,44,2,1,0,1
103414,103414,Srinivas Desai,56,4,1,0,1
103415,103415,Nandini Nayak,60,4,1,0,2
103416,103416,Manjunath Hiremath,45,4,1,0,1
103417,103417,Farhan Poojary,49,2,1,0,1
103418,103418,Sunita Nayak,21,9,1,0,2
103419,103419,Vinod Nayak,52,5,1,0,1
103420,103420,Manjunath Pinto,25,4,1,0,1
103421,103421,Shilpa Hiremath,59,9,1,0,2
103422,103422,Lakshmi Kulkarni,62,8,1,0,2
103423,103423,Imran Khan,72,4,2,0,1
103424,103424,Shilpa Nayak,51,4,1,0,2
103425,103425,Swathi Hiremath,69,1,1,0,2
103426,103426,Zoya Desai,58,6,1,0,2
103427,103427,Rajesh Nayak,19,4,1,0,1
103428,103428,Prakash Rao,66,6,2,0,1
103429,103429,Anita Poojary,40,7,1,0,2
103430,103430,Farhan Poojary,52,7,1,0,1
103431,103431,Meena D'Souza,19,3,2,0,2
103432,103432,Dinesh Khan,26,7,1,0,1
103433,103433,Swathi Bhat,50,8,1,0,2
103434,103434,Chandru Gowda,43,4,1,0,1
103435,103435,Ananya Nayak,30,6,1,0,2
103436,103436,Mary Desai,60,9,1,0,2
103437,103437,Ramesh Nayak,47,3,2,0,1
103438,103438,Nagaraj Poojary,34,9,1,0,1
103439,103439,Geeta Gowda,41,2,1,0,2
103440,103440,Basavaraj Patil,68,3,1,0,1
103441,103441,Joseph Shetty,72,9,1,0,1
103442,103442,Nagaraj Rao,69,7,1,0,1
103443,103443,Geeta Gowda,59,1,1,0,2
103444,103444,Ramesh Pinto,28,4,1,0,1
103445,103445,Pooja Shetty,61,3,1,0,2
103446,103446,Pooja Hiremath,68,9,1,0,2
103447,103447,Salim Naik,56,6,1,0,1
103448,103448,Prakash Rao,64,7,1,0,1
103449,103449,Manoj Bhat,21,3,1,0,1
103450,103450,Lakshmi Naik,59,3,1,0,2
103451,103451,Pooja Gowda,23,5,1,0,2
103452,103452,Nagaraj Reddy,25,6,2,0,1
103453,103453,Kiran Achar,43,9,1,0,1
103454,103454,Meena Desai,20,2,2,0,2
103455,103455,Suresh Shetty,33,4,1,0,1
103456,103456,Fathima Bhat,65,10,1,0,2
103457,103457,Priya D'Souza,50,8,1,0,2
103458,103458,Ramesh Achar,66,2,1,0,1
103459,103459,Divya Hegde,53,5,2,0,2
103460,103460,Manoj Nayak,59,3,4,0,1
103461,103461,Nagaraj Rao,31,5,1,0,1
103462,103462,Swathi Bhat,21,7,1,0,2
103463,103463,Priya Naik,30,1,1,0,2
103464,103464,Zoya Sait,69,1,2,0,2
103465,103465,Sneha Gowda,53,9,1,0,2
103466,103466,Ramesh Sait,65,8,1,0,1
103467,103467,Shalini Poojary,19,6,1,0,2
103468,103468,Lakshmi D'Souza,37,3,1,0,2
103469,103469,Pooja Khan,48,10,3,0,2
103470,103470,Zoya Nayak,71,9,1,0,2
103471,103471,Suresh Kumar,47,7,1,0,1
103472,103472,Manjunath Pinto,39,9,1,0,1
103473,103473,Harish Pinto,39,6,2,0,1
103474,103474,Nagaraj Sait,60,6,1,0,1
103475,103475,Priya Merchant,33,7,1,0,2
103476,103476,Deepa Achar,53,7,1,0,2
103477,103477,Pooja Rao,35,4,1,0,2
103478,103478,Anthony Achar,22,7,1,0,1
103479,103479,Anil Naik,63,4,1,0,1
103480,103480,Farhan D'Souza,32,6,2,0,1
103481,103481,Rajesh Naik,48,2,1,0,1
103482,103482,Zoya Desai,19,2,1,0,2
103483,103483,Arjun Nayak,67,1,2,0,1
103484,103484,Radha Shetty,68,4,1,0,2
103485,103485,Shilpa Naik,34,4,1,0,2
103486,103486,Roopa Rao,57,1,1,0,2
103487,103487,Dinesh Sait,22,9,1,0,1
103488,103488,Ramesh Pinto,18,6,1,0,1
103489,103489,Lakshmi Sait,21,5,1,0,2
103490,103490,Kavya Gowda,32,6,1,0,2
103491,103491,Arjun D'Souza,31,7,1,0,1
103492,103492,Sunita Kumar,55,9,1,0,2
103493,103493,Ashok Hegde,38,1,1,0,1
103494,103494,Nandini Kumar,66,4,1,0,2
103495,103495,Priya Hiremath,31,4,1,0,2
103496,103496,Anita Achar,27,6,1,0,2
103497,103497,Harish Poojary,66,5,1,0,1
103498,103498,Vidya Desai,71,4,2,0,2
103499,103499,Lakshmi Hiremath,65,10,1,0,2
103500,103500,Divya Kulkarni,20,10,1,0,2
103501,103501,Girish Kumar,40,4,1,0,1
103502,103502,Mahesh Hegde,32,3,1,0,1
103503,103503,Pooja Khan,59,1,1,0,2
103504,103504,Nagaraj Sait,49,7,1,0,1
103505,103505,Radha Sait,18,2,1,0,2
103506,103506,Lakshmi Hiremath,31,5,2,0,2
103507,103507,Chandru Pinto,41,9,1,0,1
103508,103508,Ramesh Rao,37,8,1,0,1
103509,103509,Salim Desai,55,8,1,0,1
103510,103510,Sowmya Poojary,62,7,1,0,2
103511,103511,Manjunath Merchant,54,4,1,0,1
103512,103512,Vijay Achar,41,3,1,0,1
103513,103513,Nandini Khan,55,7,1,0,2
103514,103514,Iqbal Patil,48,5,1,0,1
103515,103515,Yogesh Khan,32,2,1,0,1
103516,103516,Kavya Sait,40,4,1,0,2
103517,103517,Basavaraj Poojary,22,8,1,0,1
103518,103518,Deepa Poojary,59,8,1,0,2
103519,103519,Manoj Achar,60,1,1,0,1
103520,103520,Imran Naik,44,8,1,0,1
103521,103521,Dinesh Hiremath,43,7,1,0,1
103522,103522,Radha Reddy,58,4,2,0,2
103523,103523,Arjun Naik,67,4,1,0,1
103524,103524,Prakash Desai,46,10,1,0,1
103525,103525,Ganesh Merchant,49,10,1,0,1
103526,103526,Anil Bhat,59,4,1,0,1
103527,103527,Anita D'Souza,49,6,1,0,2
103528,103528,Rajesh Khan,29,10,2,0,1
103529,103529,Vinod Pinto,27,1,1,0,1
103530,103530,Srinivas Hegde,50,8,3,0,1
103531,103531,Arjun Merchant,26,4,1,0,1
103532,103532,Salim Reddy,43,2,1,0,1
103533,103533,Radha Hegde,63,7,1,0,2
103534,103534,Rekha Poojary,43,2,1,0,2
103535,103535,Kiran Desai,31,4,1,0,1
103536,103536,Vinod Poojary,31,7,1,0,1
103537,103537,Ashok Nayak,54,9,1,0,1
103538,103538,Naveen Desai,38,1,2,0,1
103539,103539,Mary Nayak,61,6,1,0,2
103540,103540,Kiran Bhat,68,2,1,0,1
103541,103541,Roopa Desai,33,4,1,0,2
103542,103542,Vidya Shetty,38,4,1,0,2
103543,103543,Deepa Poojary,33,6,1,0,2
103544,103544,Anil Nayak,25,7,1,0,1
103545,103545,Rajesh Rao,49,7,1,0,1
103546,103546,Srinivas Reddy,69,2,1,0,1
103547,103547,Mary Bhat,70,6,1,0,2
103548,103548,Lakshmi Kumar,59,3,1,0,2
103549,103549,Sowmya Gowda,44,5,1,0,2
103550,103550,Meena Hegde,32,3,2,0,2
103551,103551,Naveen Merchant,59,1,1,0,1
103552,103552,Imran Hegde,28,9,1,0,1
103553,103553,Suresh Hiremath,53,2,4,0,1
103554,103554,Harish Merchant,69,10,2,0,1
103555,103555,Kiran Desai,65,9,1,0,1
103556,103556,Iqbal Achar,55,1,1,0,1
103557,103557,Vijay Khan,25,4,1,0,1
103558,103558,Basavaraj Khan,27,8,1,0,1
103559,103559,Manjunath Reddy,59,8,2,0,1
103560,103560,Nandini Nayak,59,4,1,0,2
103561,103561,Manjunath Pinto,29,4,1,0,1
103562,103562,Sneha Pinto,50,1,1,0,2
103563,103563,Ananya Achar,41,2,1,0,2
103564,103564,Rajesh Nayak,57,3,1,0,1
103565,103565,Nagaraj D'Souza,72,6,1,0,1
103566,103566,Manoj Poojary,37,9,1,0,1
103567,103567,Imran Hiremath,72,2,1,0,1
103568,103568,Mahesh Khan,39,4,1,0,1
103569,103569,Nagaraj Kumar,56,3,1,0,1
103570,103570,Farhan Kulkarni,40,7,2,0,1
103571,103571,Geeta Hiremath,18,7,3,0,2
103572,103572,Ganesh Hiremath,19,5,2,0,1
103573,103573,Anthony Bhat,54,6,1,0,1
103574,103574,Meena Shetty,45,4,1,0,2
103575,103575,Manjunath Merchant,68,3,1,0,1
103576,103576,Iqbal Patil,47,1,1,0,1
103577,103577,Meena Merchant,23,1,1,0,2
103578,103578,Yogesh D'Souza,45,4,1,0,1
103579,103579,Manjunath Gowda,72,2,3,0,1
103580,103580,Sowmya Gowda,40,3,1,0,2
103581,103581,Joseph Gowda,45,1,1,0,1
103582,103582,Priya Reddy,57,9,3,0,2
103583,103583,Priya Desai,21,6,1,0,2
103584,103584,Fathima Nayak,41,9,1,0,2
103585,103585,Imran Gowda,60,9,1,0,1
103586,103586,Prakash Achar,62,1,1,0,1
103587,103587,Manjunath Shetty,45,7,1,0,1
103588,103588,Anita Gowda,49,1,1,0,2
103589,103589,Joseph Patil,20,10,1,0,1
103590,103590,Anil Gowda,67,3,1,0,1
103591,103591,Vijay D'Souza,23,1,1,0,1
103592,103592,Radha Khan,23,6,1,0,2
103593,103593,Chandru Patil,62,2,1,0,1
103594,103594,Prakash Nayak,54,1,1,0,1
103595,103595,Ashok Hegde,29,6,1,0,1
103596,103596,Geeta Nayak,28,7,1,0,2
103597,103597,Sowmya Reddy,46,3,1,0,2
103598,103598,Ganesh Desai,32,2,1,0,1
103599,103599,Ravi Sait,25,4,1,0,1
103600,103600,Vidya Patil,26,6,1,0,2
103601,103601,Imran Achar,46,2,1,0,1
103602,103602,Vidya Poojary,22,4,1,0,2
103603,103603,Swathi Khan,35,4,2,0,2
103604,103604,Kavya Gowda,21,1,2,0,2
103605,103605,Ananya Patil,33,1,2,0,2
103606,103606,Chandru D'Souza,33,1,2,0,1
103607,103607,Zoya Merchant,40,1,1,0,2
103608,103608,Joseph D'Souza,29,3,1,0,1
103609,103609,Meena Rao,27,2,1,0,2
103610,103610,Yogesh Merchant,69,4,1,0,1
103611,103611,Salim Patil,46,7,1,0,1
103612,103612,Anita Desai,52,4,1,0,2
103613,103613,Anil Sait,32,1,1,0,1
103614,103614,Prakash Kulkarni,65,4,1,0,1
103615,103615,Mahesh Nayak,56,9,1,0,1
103616,103616,Priya Reddy,41,5,1,0,2
103617,103617,Rekha Hegde,51,8,2,0,2
103618,103618,Sowmya Merchant,54,7,1,0,2
103619,103619,Swathi Khan,36,1,1,0,2
103620,103620,Kiran Shetty,28,8,4,0,1
103621,103621,Arjun Gowda,55,4,1,0,1
103622,103622,Roopa Desai,66,6,1,0,2
103623,103623,Divya Sait,54,4,1,0,2
103624,103624,Basavaraj Hiremath,26,9,1,0,1
103625,103625,Geeta Poojary,48,9,1,0,2
103626,103626,Yogesh Nayak,22,2,1,0,1
103627,103627,Prakash Achar,54,2,1,0,1
103628,103628,Swathi D'Souza,47,9,1,0,2
103629,103629,Manoj Desai,70,6,2,0,1
103630,103630,Ashok Bhat,45,7,4,0,1
103631,103631,Naveen Rao,35,2,2,0,1
103632,103632,Deepa Bhat,41,2,1,0,2
103633,103633,Sneha Poojary,38,10,1,0,2
103634,103634,Iqbal Pinto,28,10,1,0,1
103635,103635,Fathima Gowda,68,3,1,0,2
103636,103636,Farhan Hiremath,49,4,1,0,1
103637,103637,Kusuma Poojary,43,3,1,0,2
103638,103638,Arjun Hiremath,26,6,7,0,1
103639,103639,Sowmya Khan,62,8,1,0,2
103640,103640,Ashok Merchant,70,8,1,0,1
103641,103641,Girish Nayak,38,4,1,0,1
103642,103642,Pooja Naik,66,2,1,0,2
103643,103643,Naveen Gowda,18,5,1,0,1
103644,103644,Rekha Patil,51,4,1,0,2
103645,103645,Sowmya Pinto,31,9,1,0,2
103646,103646,Basavaraj Hegde,59,5,1,0,1
103647,103647,Shalini Hiremath,36,1,1,0,2
103648,103648,Manjunath Kumar,51,2,1,0,1
103649,103649,Divya Desai,65,4,1,0,2
103650,103650,Deepa Hiremath,54,2,1,0,2
103651,103651,Radha Merchant,49,8,1,0,2
103652,103652,Manoj Bhat,66,1,1,0,1
103653,103653,Mary Shetty,58,10,1,0,2
103654,103654,Radha Sait,65,4,1,0,2
103655,103655,Harish Pinto,63,4,3,0,1
103656,103656,Mahesh Kulkarni,54,4,1,0,1
103657,103657,Ravi Merchant,61,4,1,0,1
103658,103658,Yogesh D'Souza,34,6,2,0,1
103659,103659,Yogesh Sait,30,4,1,0,1
103660,103660,Naveen Naik,50,7,1,0,1
103661,103661,Fathima Sait,44,2,1,0,2
103662,103662,Farhan Khan,41,7,1,0,1
103663,103663,Ganesh Bhat,36,8,3,0,1
103664,103664,Ananya Shetty,20,7,1,0,2
103665,103665,Roopa Hiremath,21,4,1,0,2
103666,103666,Mary Hiremath,64,6,1,0,2
103667,103667,Salim Pinto,66,9,1,0,1
103668,103668,Zoya Sait,35,6,2,0,2
103669,103669,Arjun Kumar,29,6,1,0,1
103670,103670,Arjun Desai,43,6,1,0,1
103671,103671,Kusuma Hegde,21,5,1,0,2
103672,103672,Kavya Nayak,59,5,1,0,2
103673,103673,Divya D'Souza,40,1,1,0,2
103674,103674,Roopa Desai,66,8,1,0,2
103675,103675,Ananya Achar,72,1,1,0,2
103676,103676,Kiran Pinto,29,8,1,0,1
103677,103677,Anita Poojary,30,4,1,0,2
103678,103678,Priya Reddy,36,8,1,0,2
103679,103679,Manoj Poojary,53,6,1,0,1
103680,103680,Ramesh Sait,40,1,2,0,1
103681,103681,Ganesh Hiremath,28,6,1,0,1
103682,103682,Zoya Poojary,36,8,1,0,2
103683,103683,Radha Kumar,44,1,1,0,2
103684,103684,Nandini Pinto,41,4,1,0,2
103685,103685,Sowmya Bhat,19,3,1,0,2
103686,103686,Ashok Naik,64,4,1,0,1
103687,103687,Farhan Gowda,69,4,1,0,1
103688,103688,Ravi D'Souza,70,9,1,0,1
103689,103689,Fathima Achar,49,3,1,0,2
103690,103690,Vinod Gowda,62,9,1,0,1
103691,103691,Vijay Reddy,20,6,1,0,1
103692,103692,Zoya Reddy,56,6,1,0,2
103693,103693,Kusuma Rao,55,8,1,0,2
103694,103694,Farhan Merchant,33,5,1,0,1
103695,103695,Rekha Patil,66,4,1,0,2
103696,103696,Deepa Reddy,31,2,2,0,2
103697,103697,Manjunath Kulkarni,34,6,1,0,1
103698,103698,Sowmya Desai,31,9,2,0,2
103699,103699,Lakshmi Bhat,68,9,2,0,2
103700,103700,Ganesh Shetty,34,7,1,0,1
103701,103701,Anthony Pinto,37,5,1,0,1
103702,103702,Kusuma Hegde,31,8,2,0,2
103703,103703,Naveen Reddy,58,5,1,0,1
103704,103704,Nandini Kumar,56,4,2,0,2
103705,103705,Ananya Patil,54,4,1,0,2
103706,103706,Roopa Achar,72,6,1,0,2
103707,103707,Mary Sait,51,1,1,0,2
103708,103708,Anil Patil,69,8,1,0,1
103709,103709,Prakash Khan,72,4,1,0,1
103710,103710,Rekha Naik,37,1,1,0,2
103711,103711,Vinod Hegde,21,10,1,0,1
103712,103712,Deepa D'Souza,42,8,1,0,2
103713,103713,Lakshmi Merchant,63,4,3,0,2
103714,103714,Kavya Merchant,21,9,1,0,2
103715,103715,Mary D'Souza,42,1,1,0,2
103716,103716,Anthony Rao,46,4,1,0,1
103717,103717,Radha Pinto,22,8,1,0,2
103718,103718,Priya Shetty,52,3,1,0,2
103719,103719,Anil D'Souza,63,8,1,0,1
103720,103720,Iqbal Bhat,58,3,1,0,1
103721,103721,Imran Hiremath,37,1,1,0,1
103722,103722,Shilpa Hegde,39,6,1,0,2
103723,103723,Joseph Hiremath,22,9,4,0,1
103724,103724,Roopa Pinto,45,3,1,0,2
103725,103725,Kavya Shetty,68,1,1,0,2
103726,103726,Salim Rao,37,4,1,0,1
103727,103727,Rekha Desai,46,2,1,0,2
103728,103728,Salim Kumar,29,10,1,0,1
103729,103729,Manoj Nayak,50,2,1,0,1
103730,103730,Sowmya Nayak,21,2,1,0,2
103731,103731,Yogesh Gowda,23,4,1,0,1
103732,103732,Imran Sait,55,10,1,0,1
103733,103733,Girish Pinto,27,7,1,0,1
103734,103734,Zoya Merchant,57,5,1,0,2
103735,103735,Radha Merchant,20,4,1,0,2
103736,103736,Zoya Pinto,31,4,1,0,2
103737,103737,Anita Reddy,58,1,2,0,2
103738,103738,Ravi Sait,38,4,2,0,1
103739,103739,Roopa Sait,31,3,2,0,2
103740,103740,Suresh Khan,58,6,6,0,1
103741,103741,Meena Sait,54,2,1,0,2
103742,103742,Vinod Reddy,29,3,1,0,1
103743,103743,Anita Patil,48,10,1,0,2
103744,103744,Shilpa Shetty,68,3,1,0,2
103745,103745,Ramesh Hegde,48,9,1,0,1
103746,103746,Sowmya Patil,72,3,1,0,2
103747,103747,Divya Hegde,61,2,1,0,2
103748,103748,Zoya Merchant,52,1,2,0,2
103749,103749,Vijay Hiremath,44,9,1,0,1
103750,103750,Harish D'Souza,51,3,1,0,1
103751,103751,Anil Bhat,57,4,1,0,1
103752,103752,Shilpa Desai,69,3,1,0,2
103753,103753,Imran Pinto,28,1,1,0,1
103754,103754,Ananya Reddy,63,2,1,0,2
103755,103755,Yogesh Hegde,65,5,1,0,1
103756,103756,Manoj Pinto,67,7,2,0,1
103757,103757,Radha Naik,39,1,1,0,2
103758,103758,Shalini Patil,28,5,1,0,2
103759,103759,Manoj Kumar,20,9,1,0,1
103760,103760,Divya Patil,67,5,1,0,2
103761,103761,Anthony Achar,30,5,3,0,1
103762,103762,Deepa Shetty,46,9,1,0,2
103763,103763,Rajesh Patil,39,3,1,0,1
103764,103764,Dinesh Rao,60,2,1,0,1
103765,103765,Nagaraj Bhat,37,2,1,0,1
103766,103766,Joseph Shetty,36,4,1,0,1
103767,103767,Yogesh Kumar,31,9,1,0,1
103768,103768,Ashok Bhat,59,7,1,0,1
103769,103769,Yogesh Bhat,57,9,1,0,1
103770,103770,Geeta Bhat,27,2,1,0,2
103771,103771,Nagaraj Kulkarni,34,9,1,0,1
103772,103772,Ravi Khan,66,6,2,0,1
103773,103773,Lakshmi Gowda,19,1,1,0,2
103774,103774,Ramesh Hegde,49,1,7,0,1
103775,103775,Swathi Gowda,69,4,1,0,2
103776,103776,Joseph D'Souza,61,2,1,0,1
103777,103777,Pooja Rao,21,6,1,0,2
103778,103778,Manoj Shetty,47,1,1,0,1
103779,103779,Naveen Rao,30,1,1,0,1
103780,103780,Vidya Gowda,60,1,1,0,2
103781,103781,Prakash Bhat,67,4,2,0,1
103782,103782,Roopa Shetty,20,4,1,0,2
103783,103783,Imran Sait,29,10,1,0,1
103784,103784,Ganesh D'Souza,52,2,1,0,1
103785,103785,Ramesh Reddy,66,2,1,0,1
103786,103786,Anita Patil,51,7,1,0,2
103787,103787,Zoya Merchant,21,1,1,0,2
103788,103788,Iqbal Achar,48,4,1,0,1
103789,103789,Shilpa Pinto,48,9,2,0,2
103790,103790,Ashok Pinto,31,4,2,0,1
103791,103791,Rajesh Shetty,57,2,2,0,1
103792,103792,Imran Desai,24,4,1,0,1
103793,103793,Lakshmi Nayak,32,1,1,0,2
103794,103794,Rajesh Nayak,49,5,4,0,1
103795,103795,Dinesh D'Souza,64,6,2,0,1
103796,103796,Sneha D'Souza,52,8,1,0,2
103797,103797,Manoj Khan,52,9,2,0,1
103798,103798,Rekha Merchant,21,8,1,0,2
103799,103799,Rekha Kumar,71,7,1,0,2
103800,103800,Iqbal Sait,40,4,1,0,1
103801,103801,Girish Desai,46,8,3,0,1
103802,103802,Ramesh Kulkarni,59,2,1,0,1
103803,103803,Salim Merchant,27,7,2,0,1
103804,103804,Nandini Sait,48,4,1,0,2
103805,103805,Prakash D'Souza,62,9,1,0,1
103806,103806,Sneha D'Souza,54,4,1,0,2
103807,103807,Sowmya Merchant,67,2,1,0,2
103808,103808,Manjunath Patil,51,4,1,0,1
103809,103809,Kusuma Khan,38,5,1,0,2
103810,103810,Dinesh Nayak,30,7,1,0,1
103811,103811,Vinod Bhat,59,4,2,0,1
103812,103812,Yogesh Nayak,22,2,1,0,1
103813,103813,Kusuma Khan,56,7,1,0,2
103814,103814,Kiran D'Souza,66,4,1,0,1
103815,103815,Ramesh Kumar,48,5,2,0,1
103816,103816,Rajesh Shetty,55,5,2,0,1
103817,103817,Srinivas Desai,44,2,2,0,1
103818,103818,Ramesh D'Souza,48,4,1,0,1
103819,103819,Lakshmi Kumar,61,6,1,0,2
103820,103820,Radha Patil,37,1,2,0,2
103821,103821,Sowmya Hiremath,50,1,1,0,2
103822,103822,Joseph Shetty,42,4,1,0,1
103823,103823,Basavaraj Patil,33,9,1,0,1
103824,103824,Shalini Desai,58,4,1,0,2
103825,103825,Ananya Nayak,36,6,1,0,2
103826,103826,Roopa Sait,28,1,7,0,2
103827,103827,Vijay Patil,64,4,2,0,1
103828,103828,Srinivas Naik,57,3,1,0,1
103829,103829,Iqbal Desai,33,9,2,0,1
103830,103830,Sunita Hiremath,49,6,1,0,2
103831,103831,Srinivas Sait,67,4,2,0,1
103832,103832,Basavaraj Poojary,63,9,1,0,1
103833,103833,Ramesh Khan,45,3,2,0,1
103834,103834,Ananya Bhat,32,8,1,0,2
103835,103835,Anil Achar,31,2,2,0,1
103836,103836,Harish Poojary,26,4,2,0,1
103837,103837,Suresh Kulkarni,32,9,1,0,1
103838,103838,Sneha Khan,54,4,1,0,2
103839,103839,Anil Reddy,21,2,1,0,1
103840,103840,Ramesh Kumar,61,6,6,0,1
103841,103841,Joseph Kulkarni,32,6,1,0,1
103842,103842,Ashok Bhat,29,2,1,0,1
103843,103843,Joseph Kulkarni,55,2,1,0,1
103844,103844,Roopa Shetty,52,3,1,0,2
103845,103845,Dinesh Naik,47,9,2,0,1
103846,103846,Nagaraj Kumar,37,8,2,0,1
103847,103847,Deepa Merchant,27,5,1,0,2
103848,103848,Prakash Sait,44,4,1,0,1
103849,103849,Zoya Bhat,57,4,1,0,2
103850,103850,Sunita Kulkarni,46,6,1,0,2
103851,103851,Kiran Patil,50,5,1,0,1
103852,103852,Iqbal Patil,33,1,1,0,1
103853,103853,Yogesh Reddy,43,8,1,0,1
103854,103854,Rajesh D'Souza,46,5,1,0,1
103855,103855,Yogesh Khan,39,1,1,0,1
103856,103856,Meena Poojary,65,4,2,0,2
103857,103857,Nandini Rao,40,6,1,0,2
103858,103858,Lakshmi Bhat,24,8,1,0,2
103859,103859,Rekha Poojary,70,10,1,0,2
103860,103860,Fathima Pinto,45,8,1,0,2
103861,103861,Imran Poojary,47,5,1,0,1
103862,103862,Nagaraj Shetty,63,3,1,0,1
103863,103863,Arjun Khan,71,5,1,0,1
103864,103864,Joseph Pinto,47,7,1,0,1
103865,103865,Yogesh Bhat,34,7,2,0,1
103866,103866,Kiran Sait,71,10,1,0,1
103867,103867,Arjun Kumar,49,4,1,0,1
103868,103868,Joseph Rao,59,2,1,0,1
103869,103869,Vijay Merchant,24,9,1,0,1
103870,103870,Mary Gowda,57,4,1,0,2
103871,103871,Joseph Patil,21,6,1,0,1
103872,103872,Iqbal Sait,71,7,1,0,1
103873,103873,Shalini Patil,41,5,1,0,2
103874,103874,Geeta Kulkarni,45,4,1,0,2
103875,103875,Manoj Khan,69,3,1,0,1
103876,103876,Geeta Achar,25,8,1,0,2
103877,103877,Ramesh Nayak,47,6,1,0,1
103878,103878,Salim Achar,35,9,2,0,1
103879,103879,Dinesh Pinto,48,9,1,0,1
103880,103880,Mahesh D'Souza,68,2,1,0,1
103881,103881,Joseph Hiremath,66,5,1,0,1
103882,103882,Zoya Pinto,50,6,1,0,2
103883,103883,Vijay Rao,35,9,1,0,1
103884,103884,Ravi D'Souza,25,7,1,0,1
103885,103885,Rekha D'Souza,21,4,2,0,2
103886,103886,Kusuma Shetty,57,6,1,0,2
103887,103887,Manoj Pinto,56,6,1,0,1
103888,103888,Srinivas Hiremath,23,2,1,0,1
103889,103889,Roopa Pinto,36,4,1,0,2
103890,103890,Zoya Merchant,39,9,1,0,2
103891,103891,Divya Bhat,22,5,1,0,2
103892,103892,Divya Hiremath,46,4,1,0,2
103893,103893,Dinesh Nayak,57,9,1,0,1
103894,103894,Deepa Rao,70,7,1,0,2
103895,103895,Mahesh Achar,35,6,2,0,1
103896,103896,Kiran Pinto,53,4,1,0,1
103897,103897,Rekha Poojary,53,4,1,0,2
103898,103898,Basavaraj D'Souza,24,4,1,0,1
103899,103899,Kusuma Hegde,30,4,2,0,2
103900,103900,Zoya Sait,51,4,1,0,2
103901,103901,Naveen Rao,72,6,1,0,1
103902,103902,Mary Kulkarni,24,4,1,0,2
103903,103903,Harish Shetty,52,9,1,0,1
103904,103904,Joseph Sait,24,2,1,0,1
103905,103905,Ravi Kulkarni,52,6,1,0,1
103906,103906,Kavya Pinto,52,2,1,0,2
103907,103907,Imran Hegde,41,7,1,0,1
103908,103908,Chandru Achar,38,4,1,0,1
103909,103909,Kiran Reddy,62,5,1,0,1
103910,103910,Naveen Naik,60,8,1,0,1
103911,103911,Divya Reddy,24,5,1,0,2
103912,103912,Prakash Pinto,62,8,1,0,1
103913,103913,Imran Achar,22,4,1,0,1
103914,103914,Anthony Kumar,44,8,1,0,1
103915,103915,Priya Poojary,59,6,2,0,2
103916,103916,Anil Achar,58,2,1,0,1
103917,103917,Vinod Gowda,53,1,2,0,1
103918,103918,Anita Desai,52,1,1,0,2
103919,103919,Geeta Achar,37,4,1,0,2
103920,103920,Rajesh Patil,32,4,1,0,1
103921,103921,Girish Kumar,28,4,1,0,1
103922,103922,Kusuma Patil,70,1,1,0,2
103923,103923,Zoya Reddy,29,2,1,0,2
103924,103924,Joseph Khan,46,4,2,0,1
103925,103925,Salim Hegde,45,4,2,0,1
103926,103926,Kusuma Merchant,35,1,1,0,2
103927,103927,Kiran Khan,57,1,1,0,1
103928,103928,Yogesh Kulkarni,30,4,1,0,1
103929,103929,Ravi Khan,62,10,1,0,1
103930,103930,Anil Rao,29,3,1,0,1
103931,103931,Srinivas Pinto,20,7,1,0,1
103932,103932,Ashok Rao,26,9,1,0,1
103933,103933,Fathima Hiremath,35,1,1,0,2
103934,103934,Fathima Patil,28,2,1,0,2
103935,103935,Ashok Hegde,61,4,1,0,1
103936,103936,Ramesh Naik,19,2,1,0,1
103937,103937,Ramesh Bhat,51,9,1,0,1
103938,103938,Manjunath Gowda,25,9,2,0,1
103939,103939,Mahesh Naik,72,4,1,0,1
103940,103940,Prakash Kumar,70,1,2,0,1
103941,103941,Basavaraj Kumar,54,4,1,0,1
103942,103942,Dinesh Kumar,47,7,1,0,1
103943,103943,Iqbal Achar,52,9,1,0,1
103944,103944,Girish Merchant,68,6,1,0,1
103945,103945,Deepa Shetty,72,3,1,0,2
103946,103946,Pooja Pinto,54,9,1,0,2
103947,103947,Vidya Desai,37,3,1,0,2
103948,103948,Iqbal Kulkarni,29,2,1,0,1
103949,103949,Pooja Khan,38,3,1,0,2
103950,103950,Kusuma Pinto,57,3,1,0,2
103951,103951,Sowmya Nayak,52,2,1,0,2
103952,103952,Sneha Rao,21,7,1,0,2
103953,103953,Manoj Merchant,41,6,1,0,1
103954,103954,Mahesh Gowda,32,5,1,0,1
103955,103955,Swathi Sait,49,6,1,0,2
103956,103956,Ravi Patil,60,5,1,0,1
103957,103957,Fathima Patil,39,4,1,0,2
103958,103958,Shalini Hegde,61,10,1,0,2
103959,103959,Farhan Merchant,36,9,2,0,1
103960,103960,Pooja Sait,61,6,3,0,2
103961,103961,Nagaraj Hiremath,24,5,1,0,1
103962,103962,Suresh Kulkarni,59,4,1,0,1
103963,103963,Pooja Khan,26,7,2,0,2
103964,103964,Shalini Desai,39,1,1,0,2
103965,103965,Sunita Gowda,27,4,1,0,2
103966,103966,Mahesh Pinto,44,5,3,0,1
103967,103967,Mary Shetty,63,3,1,0,2
103968,103968,Kusuma Patil,21,9,1,0,2
103969,103969,Deepa Sait,66,6,1,0,2
103970,103970,Iqbal Shetty,58,1,1,0,1
103971,103971,Manjunath Hiremath,66,6,1,0,1
103972,103972,Nandini Patil,45,2,1,0,2
103973,103973,Lakshmi Poojary,44,7,1,0,2
103974,103974,Rekha Reddy,46,4,1,0,2
103975,103975,Shilpa Gowda,32,4,2,0,2
103976,103976,Priya Shetty,19,1,1,0,2
103977,103977,Kavya Nayak,67,1,1,0,2
103978,103978,Pooja Poojary,51,9,1,0,2
103979,103979,Salim Hegde,68,7,4,0,1
103980,103980,Mahesh Rao,67,8,1,0,1
103981,103981,Joseph Rao,38,4,1,0,1
103982,103982,Sneha Poojary,51,8,1,0,2
103983,103983,Nagaraj Nayak,18,4,1,0,1
103984,103984,Pooja Hegde,31,9,2,0,2
103985,103985,Prakash Khan,63,9,1,0,1
103986,103986,Manoj Kumar,27,7,1,0,1
103987,103987,Iqbal D'Souza,66,10,1,0,1
103988,103988,Ganesh Gowda,65,1,1,0,1
103989,103989,Kusuma Kulkarni,29,1,3,0,2
103990,103990,Sneha Hegde,57,5,1,0,2
103991,103991,Girish Naik,38,2,1,0,1
103992,103992,Divya D'Souza,68,6,1,0,2
103993,103993,Swathi Bhat,32,3,1,0,2
103994,103994,Yogesh Nayak,39,4,1,0,1
103995,103995,Chandru Kulkarni,30,7,1,0,1
103996,103996,Manoj Shetty,53,5,1,0,1
103997,103997,Sneha Poojary,30,6,1,0,2
103998,103998,Manoj Naik,40,6,1,0,1
103999,103999,Kavya D'Souza,45,1,2,0,2
104000,104000,Vinod D'Souza,48,7,7,0,1
104001,104001,Sowmya Hiremath,44,3,1,0,2
104002,104002,Deepa Hiremath,49,1,1,0,2
104003,104003,Rekha Bhat,33,4,2,0,2
104004,104004,Sneha Reddy,31,5,1,0,2
104005,104005,Vinod Shetty,49,6,1,0,1
104006,104006,Kavya Nayak,22,5,1,0,2
104007,104007,Girish Kulkarni,72,10,1,0,1
104008,104008,Girish Kulkarni,63,4,2,0,1
104009,104009,Fathima Pinto,70,7,2,0,2
104010,104010,Anita Reddy,64,1,1,0,2
104011,104011,Kiran Nayak,32,1,1,0,1
104012,104012,Vijay Pinto,20,10,1,0,1
104013,104013,Sunita Patil,71,9,1,0,2
104014,104014,Rekha Reddy,51,9,1,0,2
104015,104015,Shilpa Achar,28,5,1,0,2
104016,104016,Ananya Poojary,57,4,1,0,2
104017,104017,Manoj Shetty,65,10,1,0,1
104018,104018,Manjunath Pinto,21,3,2,0,1
104019,104019,Radha Pinto,23,3,1,0,2
104020,104020,Srinivas Merchant,72,8,1,0,1
104021,104021,Sneha Desai,33,1,1,0,2
104022,104022,Salim Reddy,57,6,1,0,1
104023,104023,Shalini Reddy,45,9,1,0,2
104024,104024,Girish Desai,54,1,1,0,1
104025,104025,Nandini Kulkarni,20,6,1,0,2
104026,104026,Vidya Poojary,58,6,1,0,2
104027,104027,Prakash Gowda,66,4,1,0,1
104028,104028,Imran Kulkarni,48,6,1,0,1
104029,104029,Roopa Desai,63,1,1,0,2
104030,104030,Ananya Merchant,34,9,1,0,2
104031,104031,Rajesh Desai,39,7,1,0,1
104032,104032,Anil D'Souza,32,2,1,0,1
104033,104033,Arjun Pinto,54,6,2,0,1
104034,104034,Swathi D'Souza,52,4,1,0,2
104035,104035,Girish Poojary,35,7,1,0,1
104036,104036,Kiran Pinto,59,4,1,0,1
104037,104037,Manoj Achar,48,4,1,0,1
104038,104038,Kavya Khan,66,9,1,0,2
104039,104039,Vinod D'Souza,64,4,2,0,1
104040,104040,Naveen Desai,30,1,1,0,1
104041,104041,Sowmya D'Souza,28,4,1,0,2
104042,104042,Zoya Sait,27,4,1,0,2
104043,104043,Anthony Naik,64,3,1,0,1
104044,104044,Ravi Bhat,30,1,1,0,1
104045,104045,Suresh D'Souza,58,9,1,0,1
104046,104046,Ananya Naik,66,1,1,0,2
104047,104047,Sneha Nayak,50,1,1,0,2
104048,104048,Vidya Poojary,53,6,1,0,2
104049,104049,Ravi Sait,67,3,1,0,1
104050,104050,Suresh Rao,40,2,1,0,1
104051,104051,Manjunath Reddy,53,2,1,0,1
104052,104052,Arjun Desai,67,7,1,0,1
104053,104053,Srinivas Shetty,40,7,1,0,1
104054,104054,Ramesh Reddy,48,1,1,0,1
104055,104055,Ashok Sait,30,8,1,0,1
104056,104056,Mahesh Shetty,49,9,1,0,1
104057,104057,Ananya Bhat,52,9,1,0,2
104058,104058,Ravi Khan,36,5,1,0,1
104059,104059,Ganesh D'Souza,44,8,1,0,1
104060,104060,Shalini Hiremath,61,1,1,0,2
104061,104061,Geeta Hegde,48,1,1,0,2
104062,104062,Pooja Rao,43,1,1,0,2
104063,104063,Girish D'Souza,52,8,1,0,1
104064,104064,Radha Naik,41,7,1,0,2
104065,104065,Chandru Naik,45,2,4,0,1
104066,104066,Rekha Hegde,24,6,1,0,2
104067,104067,Priya Shetty,55,4,1,0,2
104068,104068,Meena Hiremath,65,4,1,0,2
104069,104069,Anil Pinto,33,4,1,0,1
104070,104070,Anthony Desai,57,8,2,0,1
104071,104071,Imran Reddy,50,4,1,0,1
104072,104072,Kusuma Kulkarni,46,1,2,0,2
104073,104073,Iqbal Naik,63,3,1,0,1
104074,104074,Naveen Desai,42,3,1,0,1
104075,104075,Ananya Rao,41,6,2,0,2
104076,104076,Priya Sait,69,4,1,0,2
104077,104077,Roopa D'Souza,68,3,1,0,2
104078,104078,Imran Hegde,65,6,1,0,1
104079,104079,Girish Kulkarni,67,1,1,0,1
104080,104080,Priya Kumar,20,4,2,0,2
104081,104081,Ananya Kulkarni,43,6,1,0,2
104082,104082,Joseph Khan,52,7,1,0,1
104083,104083,Yogesh Shetty,32,5,2,0,1
104084,104084,Kiran Merchant,35,6,1,0,1
104085,104085,Sowmya Naik,25,5,1,0,2
104086,104086,Vijay Hiremath,60,1,1,0,1
104087,104087,Shilpa Reddy,25,2,2,0,2
104088,104088,Joseph Sait,60,3,1,0,1
104089,104089,Manjunath Pinto,41,9,1,0,1
104090,104090,Naveen Patil,46,1,1,0,1
104091,104091,Fathima Bhat,28,4,1,0,2
104092,104092,Manoj Achar,58,8,1,0,1
104093,104093,Priya Patil,59,1,1,0,2
104094,104094,Priya D'Souza,48,4,1,0,2
104095,104095,Arjun Khan,32,7,1,0,1
104096,104096,Rekha Reddy,35,7,1,0,2
104097,104097,Ananya Kumar,18,8,1,0,2
104098,104098,Dinesh Kumar,45,9,1,0,1
104099,104099,Sowmya Shetty,26,7,1,0,2
104100,104100,Zoya Hiremath,26,3,1,0,2
104101,104101,Manoj Naik,32,5,1,0,1
104102,104102,Radha Gowda,24,7,2,0,2
104103,104103,Shalini Bhat,24,1,1,0,2
104104,104104,Sneha Naik,61,2,1,0,2
104105,104105,Roopa Desai,66,4,1,0,2
104106,104106,Sunita Sait,30,9,1,0,2
104107,104107,Meena Poojary,36,10,1,0,2
104108,104108,Ashok Naik,53,6,1,0,1
104109,104109,Girish Khan,36,2,1,0,1
104110,104110,Anita Bhat,33,1,1,0,2
104111,104111,Kavya Hegde,67,4,2,0,2
104112,104112,Ananya Khan,31,7,1,0,2
104113,104113,Ananya Sait,44,6,1,0,2
104114,104114,Vidya Kulkarni,38,9,1,0,2
104115,104115,Salim Gowda,45,6,1,0,1
104116,104116,Srinivas Merchant,22,4,1,0,1
104117,104117,Manoj Poojary,31,3,1,0,1
104118,104118,Nandini Nayak,19,3,1,0,2
104119,104119,Kavya Reddy,53,7,1,0,2
104120,104120,Anita D'Souza,62,4,2,0,2
104121,104121,Vinod D'Souza,25,9,1,0,1
104122,104122,Dinesh Hegde,59,1,1,0,1
104123,104123,Deepa Hegde,38,5,1,0,2
104124,104124,Iqbal Reddy,38,9,1,0,1
104125,104125,Kiran Desai,64,7,1,0,1
104126,104126,Ananya Kumar,21,8,1,0,2
104127,104127,Joseph Shetty,22,4,1,0,1
104128,104128,Ananya Kulkarni,19,2,1,0,2
104129,104129,Ganesh Hiremath,28,5,3,0,1
104130,104130,Salim Hegde,53,1,1,0,1
104131,104131,Basavaraj Poojary,50,8,1,0,1
104132,104132,Mary Desai,32,3,1,0,2
104133,104133,Rekha Patil,65,1,1,0,2
104134,104134,Ananya Nayak,40,7,2,0,2
104135,104135,Rajesh Poojary,55,9,1,0,1
104136,104136,Manoj Merchant,29,4,1,0,1
104137,104137,Mahesh Desai,50,8,2,0,1
104138,104138,Manoj Sait,41,9,1,0,1
104139,104139,Ravi Merchant,24,4,4,0,1
104140,104140,Nagaraj Reddy,44,1,1,0,1
104141,104141,Shilpa Shetty,53,1,1,0,2
104142,104142,Kusuma Merchant,56,3,1,0,2
104143,104143,Nandini Kulkarni,66,6,1,0,2
104144,104144,Sowmya Patil,52,6,1,0,2
104145,104145,Dinesh Poojary,64,7,1,0,1
104146,104146,Ganesh Bhat,60,8,1,0,1
104147,104147,Anil Gowda,61,4,1,0,1
104148,104148,Ramesh Reddy,28,3,2,0,1
104149,104149,Anita Sait,55,7,1,0,2
104150,104150,Joseph Pinto,53,4,1,0,1
104151,104151,Anthony Kulkarni,69,5,1,0,1
104152,104152,Arjun Rao,65,4,1,0,1
104153,104153,Ananya Achar,39,4,1,0,2
104154,104154,Swathi Bhat,49,6,1,0,2
104155,104155,Kusuma Patil,54,9,1,0,2
104156,104156,Basavaraj Bhat,57,9,1,0,1
104157,104157,Shilpa Kumar,21,4,1,0,2
104158,104158,Kusuma Merchant,69,1,1,0,2
104159,104159,Shalini Bhat,62,10,1,0,2
104160,104160,Sowmya Poojary,59,2,1,0,2
104161,104161,Prakash Achar,57,8,1,0,1
104162,104162,Vidya Poojary,61,4,1,0,2
104163,104163,Iqbal Rao,57,3,2,0,1
104164,104164,Mahesh Merchant,68,5,2,0,1
104165,104165,Ramesh Bhat,43,9,1,0,1
104166,104166,Manjunath Poojary,56,7,1,0,1
104167,104167,Sunita Shetty,34,6,1,0,2
104168,104168,Salim Pinto,61,1,1,0,1
104169,104169,Prakash Pinto,34,7,1,0,1
104170,104170,Srinivas Khan,30,8,1,0,1
104171,104171,Mary Khan,38,8,1,0,2
104172,104172,Iqbal Naik,67,4,1,0,1
104173,104173,Farhan Nayak,72,5,1,0,1
104174,104174,Dinesh Rao,68,8,2,0,1
104175,104175,Arjun Merchant,37,8,1,0,1
104176,104176,Sunita Shetty,21,4,1,0,2
104177,104177,Arjun Poojary,58,6,1,0,1
104178,104178,Divya Merchant,66,4,1,0,2
104179,104179,Mary Patil,49,3,1,0,2
104180,104180,Shalini Patil,48,9,1,0,2
104181,104181,Meena Nayak,34,4,1,0,2
104182,104182,Lakshmi Merchant,20,1,1,0,2
104183,104183,Geeta Bhat,48,1,2,0,2
104184,104184,Ganesh Khan,36,3,1,0,1
104185,104185,Roopa Sait,52,8,1,0,2
104186,104186,Yogesh Desai,26,4,2,0,1
104187,104187,Kusuma Hiremath,51,4,1,0,2
104188,104188,Geeta Naik,52,4,1,0,2
104189,104189,Kavya Bhat,23,3,1,0,2
104190,104190,Meena Hiremath,61,6,1,0,2
104191,104191,Harish Kumar,68,10,1,0,1
104192,104192,Prakash D'Souza,34,7,2,0,1
104193,104193,Vinod Merchant,47,3,1,0,1
104194,104194,Nagaraj Kulkarni,28,3,1,0,1
104195,104195,Anita Desai,23,9,1,0,2
104196,104196,Rekha Hiremath,21,6,1,0,2
104197,104197,Shilpa Nayak,65,8,3,0,2
104198,104198,Suresh Patil,71,3,2,0,1
104199,104199,Basavaraj Pinto,70,3,2,0,1
104200,104200,Ramesh Hiremath,48,6,1,0,1
104201,104201,Shilpa Reddy,26,9,1,0,2
104202,104202,Sunita Nayak,64,9,1,0,2
104203,104203,Priya Pinto,67,9,1,0,2
104204,104204,Shalini Naik,61,7,1,0,2
104205,104205,Pooja Rao,64,2,1,0,2
104206,104206,Fathima Khan,50,1,1,0,2
104207,104207,Pooja Rao,54,5,2,0,2
104208,104208,Nagaraj Sait,69,10,1,0,1
104209,104209,Vidya Kumar,55,1,1,0,2
104210,104210,Lakshmi Poojary,34,3,1,0,2
104211,104211,Pooja Patil,42,6,1,0,2
104212,104212,Joseph Khan,49,2,1,0,1
104213,104213,Meena Pinto,29,7,1,0,2
104214,104214,Ananya Kulkarni,67,8,1,0,2
104215,104215,Yogesh Khan,59,4,1,0,1
104216,104216,Imran Kumar,45,4,1,0,1
104217,104217,Anita Kulkarni,62,4,1,0,2
104218,104218,Joseph Gowda,52,3,1,0,1
104219,104219,Joseph Khan,32,4,1,0,1
104220,104220,Priya Pinto,60,4,2,0,2
104221,104221,Kavya Kumar,37,4,1,0,2
104222,104222,Sunita Hegde,65,2,1,0,2
104223,104223,Kavya Rao,55,6,1,0,2
104224,104224,Sunita D'Souza,35,3,3,0,2
104225,104225,Vinod Nayak,21,5,1,0,1
104226,104226,Suresh D'Souza,52,3,2,0,1
104227,104227,Ashok Hiremath,36,9,1,0,1
104228,104228,Fathima Patil,20,2,2,0,2
104229,104229,Anita Desai,29,7,1,0,2
104230,104230,Rajesh Khan,47,3,1,0,1
104231,104231,Mahesh Bhat,35,4,1,0,1
104232,104232,Vinod Pinto,46,3,1,0,1
104233,104233,Vijay Kulkarni,27,9,1,0,1
104234,104234,Sowmya Khan,64,4,1,0,2
104235,104235,Divya Hiremath,44,9,1,0,2
104236,104236,Priya Poojary,40,9,1,0,2
104237,104237,Yogesh Rao,53,8,1,0,1
104238,104238,Shalini Merchant,40,5,1,0,2
104239,104239,Manoj Kumar,49,4,1,0,1
104240,104240,Dinesh Rao,43,7,1,0,1
104241,104241,Shalini Kulkarni,43,4,1,0,2
104242,104242,Deepa Khan,47,6,1,0,2
104243,104243,Priya Naik,61,4,1,0,2
104244,104244,Shalini Reddy,49,4,1,0,2
104245,104245,Divya Merchant,24,2,4,0,2
104246,104246,Anthony Rao,45,1,1,0,1
104247,104247,Manoj Achar,61,1,1,0,1
104248,104248,Ramesh Hiremath,41,2,1,0,1
104249,104249,Vijay Shetty,44,10,1,0,1
104250,104250,Anthony Bhat,27,8,1,0,1
104251,104251,Vijay Pinto,43,3,1,0,1
104252,104252,Iqbal Achar,47,2,1,0,1
104253,104253,Nandini Achar,47,9,1,0,2
104254,104254,Fathima Achar,43,6,1,0,2
104255,104255,Anil Shetty,61,7,1,0,1
104256,104256,Manjunath Bhat,69,2,1,0,1
104257,104257,Sunita Khan,47,2,1,0,2
104258,104258,Rekha Gowda,42,9,1,0,2
104259,104259,Kiran Gowda,20,1,1,0,1
104260,104260,Roopa Sait,31,1,1,0,2
104261,104261,Ananya Gowda,58,4,1,0,2
104262,104262,Anthony Kulkarni,30,1,1,0,1
104263,104263,Arjun Gowda,50,6,1,0,1
104264,104264,Nandini Reddy,48,1,2,0,2
104265,104265,Ganesh Kulkarni,66,9,1,0,1
104266,104266,Manjunath Merchant,39,6,1,0,1
104267,104267,Salim Khan,66,2,1,0,1
104268,104268,Geeta Bhat,26,4,2,0,2
104269,104269,Ravi Shetty,22,2,1,0,1
104270,104270,Roopa Hegde,66,4,1,0,2
104271,104271,Nagaraj Patil,30,6,1,0,1
104272,104272,Radha Naik,22,7,1,0,2
104273,104273,Pooja Patil,24,8,1,0,2
104274,104274,Fathima Sait,40,5,1,0,2
104275,104275,Arjun Desai,72,1,1,0,1
104276,104276,Manjunath Hegde,60,10,1,0,1
104277,104277,Anita Nayak,27,4,1,0,2
104278,104278,Arjun Reddy,23,1,1,0,1
104279,104279,Chandru D'Souza,70,7,4,0,1
104280,104280,Ramesh Naik,29,3,1,0,1
104281,104281,Prakash Shetty,26,10,1,0,1
104282,104282,Girish Poojary,51,3,1,0,1
104283,104283,Joseph Reddy,51,9,1,0,1
104284,104284,Kavya Desai,30,7,1,0,2
104285,104285,Girish Nayak,66,8,1,0,1
104286,104286,Deepa Achar,21,3,1,0,2
104287,104287,Nandini Merchant,29,1,5,0,2
104288,104288,Rekha D'Souza,22,4,2,0,2
104289,104289,Yogesh Reddy,45,4,1,0,1
104290,104290,Lakshmi Hegde,65,1,1,0,2
104291,104291,Salim Kulkarni,66,1,1,0,1
104292,104292,Roopa Hegde,61,4,2,0,2
104293,104293,Yogesh Gowda,39,2,1,0,1
104294,104294,Deepa Kumar,42,1,1,0,2
104295,104295,Kiran Hiremath,45,2,4,0,1
104296,104296,Nagaraj Hiremath,48,4,1,0,1
104297,104297,Ravi Nayak,56,8,1,0,1
104298,104298,Sunita Gowda,62,7,1,0,2
104299,104299,Divya Naik,40,7,1,0,2
104300,104300,Naveen Shetty,24,8,1,0,1
104301,104301,Deepa Kumar,69,1,1,0,2
104302,104302,Ravi Sait,60,2,1,0,1
104303,104303,Kusuma Khan,43,4,1,0,2
104304,104304,Pooja Hegde,72,2,1,0,2
104305,104305,Joseph Rao,34,8,1,0,1
104306,104306,Ganesh Desai,43,10,1,0,1
104307,104307,Roopa Achar,29,5,1,0,2
104308,104308,Vidya Hegde,61,5,1,0,2
104309,104309,Vinod Rao,30,5,1,0,1
104310,104310,Ashok Achar,32,3,1,0,1
104311,104311,Manjunath Reddy,59,5,1,0,1
104312,104312,Ganesh Sait,35,2,1,0,1
104313,104313,Radha Kumar,39,4,1,0,2
104314,104314,Suresh Gowda,41,2,1,0,1
104315,104315,Meena Bhat,51,3,1,0,2
104316,104316,Manjunath Gowda,50,4,1,0,1
104317,104317,Yogesh Rao,38,9,1,0,1
104318,104318,Ashok Naik,47,3,1,0,1
104319,104319,Divya Hegde,64,2,1,0,2
104320,104320,Girish Hegde,31,8,1,0,1
104321,104321,Salim Poojary,63,7,1,0,1
104322,104322,Harish Naik,72,3,2,0,1
104323,104323,Ashok Shetty,31,6,2,0,1
104324,104324,Yogesh Naik,48,1,2,0,1
104325,104325,Shilpa Kumar,61,6,2,0,2
104326,104326,Manjunath Hegde,67,4,1,0,1
104327,104327,Lakshmi Shetty,53,6,1,0,2
104328,104328,Ashok Rao,44,8,1,0,1
104329,104329,Zoya Kumar,66,1,1,0,2
104330,104330,Kavya Pinto,32,4,2,0,2
104331,104331,Lakshmi Sait,20,2,1,0,2
104332,104332,Kiran Desai,40,9,1,0,1
104333,104333,Ashok Reddy,68,2,2,0,1
104334,104334,Anthony Achar,25,9,1,0,1
104335,104335,Nagaraj Hiremath,51,1,1,0,1
104336,104336,Vijay Desai,46,1,5,0,1
104337,104337,Geeta Rao,54,6,1,0,2
104338,104338,Ganesh Kulkarni,57,1,1,0,1
104339,104339,Anita Khan,33,1,1,0,2
104340,104340,Kusuma Achar,53,10,1,0,2
104341,104341,Vinod Poojary,21,5,1,0,1
104342,104342,Farhan Kumar,25,6,1,0,1
104343,104343,Anthony Nayak,51,3,2,0,1
104344,104344,Ganesh Reddy,38,2,1,0,1
104345,104345,Sunita Nayak,68,7,1,0,2
104346,104346,Suresh Shetty,27,7,2,0,1
104347,104347,Vinod Kulkarni,49,3,2,0,1
104348,104348,Ganesh Reddy,57,10,1,0,1
104349,104349,Arjun Rao,68,7,1,0,1
104350,104350,Roopa Gowda,69,5,2,0,2
104351,104351,Anita Sait,37,6,1,0,2
104352,104352,Ravi Gowda,34,10,1,0,1
104353,104353,Rekha Bhat,21,7,2,0,2
104354,104354,Geeta Pinto,70,1,1,0,2
104355,104355,Vijay Nayak,54,2,1,0,1
104356,104356,Vijay D'Souza,26,6,1,0,1
104357,104357,Radha Bhat,68,9,1,0,2
104358,104358,Anthony Kumar,66,10,1,0,1
104359,104359,Shilpa Kumar,23,3,1,0,2
104360,104360,Vinod Bhat,68,7,1,0,1
104361,104361,Farhan Khan,69,7,2,0,1
104362,104362,Girish Patil,59,4,2,0,1
104363,104363,Vidya Reddy,69,6,1,0,2
104364,104364,Nagaraj Kumar,25,1,2,0,1
104365,104365,Kiran Nayak,61,6,2,0,1
104366,104366,Dinesh Hiremath,61,6,1,0,1
104367,104367,Priya Reddy,71,3,1,0,2
104368,104368,Harish Bhat,52,9,1,0,1
104369,104369,Kavya Kulkarni,28,1,2,0,2
104370,104370,Zoya Khan,63,1,1,0,2
104371,104371,Chandru Patil,31,4,1,0,1
104372,104372,Kiran Hiremath,52,6,1,0,1
104373,104373,Kusuma Rao,31,1,1,0,2
104374,104374,Kiran Sait,21,10,1,0,1
104375,104375,Sunita Achar,31,8,2,0,2
104376,104376,Sneha Hegde,56,2,2,0,2
104377,104377,Mahesh Patil,36,1,1,0,1
104378,104378,Salim Bhat,30,3,1,0,1
104379,104379,Iqbal Achar,47,4,1,0,1
104380,104380,Iqbal Shetty,28,2,1,0,1
104381,104381,Mary Patil,72,1,1,0,2
104382,104382,Dinesh Bhat,49,2,2,0,1
104383,104383,Rekha Pinto,38,1,1,0,2
104384,104384,Ananya Bhat,23,6,4,0,2
104385,104385,Mary Kumar,44,1,2,0,2
104386,104386,Harish Hegde,58,2,1,0,1
104387,104387,Radha Naik,21,2,1,0,2
104388,104388,Salim Kumar,40,5,1,0,1
104389,104389,Anil Bhat,21,4,2,0,1
104390,104390,Kusuma Hegde,69,9,1,0,2
104391,104391,Ashok Kumar,71,5,1,0,1
104392,104392,Radha Kulkarni,61,2,1,0,2
104393,104393,Iqbal Hegde,35,3,1,0,1
104394,104394,Girish Nayak,60,6,1,0,1
104395,104395,Yogesh Kulkarni,56,8,1,0,1
104396,104396,Ananya Merchant,21,2,1,0,2
104397,104397,Lakshmi Sait,62,6,1,0,2
104398,104398,Mahesh Reddy,31,4,1,0,1
104399,104399,Dinesh Hiremath,55,5,2,0,1
104400,104400,Nagaraj Achar,53,4,1,0,1
104401,104401,Manoj Rao,63,8,5,0,1
104402,104402,Sowmya Shetty,40,7,1,0,2
104403,104403,Harish Shetty,55,2,1,0,1
104404,104404,Ganesh Achar,68,5,1,0,1
104405,104405,Yogesh Nayak,31,4,1,0,1
104406,104406,Sowmya Kumar,31,2,1,0,2
104407,104407,Lakshmi Bhat,19,4,2,0,2
104408,104408,Imran Gowda,25,1,1,0,1
104409,104409,Salim Kumar,46,1,1,0,1
104410,104410,Fathima Naik,54,7,1,0,2
104411,104411,Manjunath Rao,50,1,1,0,1
104412,104412,Naveen Hegde,46,9,1,0,1
104413,104413,Kiran Poojary,62,1,2,0,1
104414,104414,Priya Hegde,24,4,2,0,2
104415,104415,Ashok Desai,21,7,1,0,1
104416,104416,Divya Khan,65,4,2,0,2
104417,104417,Sowmya Hiremath,25,9,1,0,2
104418,104418,Mahesh Desai,63,4,1,0,1
104419,104419,Shalini Kumar,56,8,1,0,2
104420,104420,Anthony Hegde,22,6,1,0,1
104421,104421,Iqbal Desai,54,5,1,0,1
104422,104422,Deepa Rao,49,4,1,0,2
104423,104423,Nagaraj Kulkarni,50,3,1,0,1
104424,104424,Arjun Sait,47,3,1,0,1
104425,104425,Rajesh Kulkarni,66,3,1,0,1
104426,104426,Vijay Poojary,53,3,2,0,1
104427,104427,Roopa Khan,23,10,1,0,2
104428,104428,Joseph Reddy,34,4,1,0,1
104429,104429,Imran Rao,62,4,1,0,1
104430,104430,Swathi Khan,64,6,1,0,2
104431,104431,Ravi Gowda,68,7,1,0,1
104432,104432,Ganesh Shetty,50,7,1,0,1
104433,104433,Sunita Kumar,45,4,1,0,2
104434,104434,Salim Naik,57,4,1,0,1
104435,104435,Joseph Rao,32,2,1,0,1
104436,104436,Deepa Achar,43,6,1,0,2
104437,104437,Deepa Gowda,46,9,1,0,2
104438,104438,Roopa Hegde,36,4,4,0,2
104439,104439,Sowmya Naik,23,4,1,0,2
104440,104440,Girish Desai,26,5,1,0,1
104441,104441,Anita Pinto,29,8,1,0,2
104442,104442,Ganesh Sait,70,4,1,0,1
104443,104443,Zoya Achar,38,8,1,0,2
104444,104444,Arjun Hiremath,67,4,1,0,1
104445,104445,Yogesh Desai,24,9,1,0,1
104446,104446,Manoj Rao,42,1,1,0,1
104447,104447,Anita Kumar,40,4,1,0,2
104448,104448,Vidya Bhat,47,10,1,0,2
104449,104449,Lakshmi Nayak,24,8,1,0,2
104450,104450,Arjun Merchant,57,1,1,0,1
104451,104451,Pooja Hiremath,36,6,1,0,2
104452,104452,Imran Patil,33,4,1,0,1
104453,104453,Fathima Patil,62,6,1,0,2
104454,104454,Radha Hegde,57,10,1,0,2
104455,104455,Ramesh Achar,46,4,1,0,1
104456,104456,Farhan Bhat,25,4,1,0,1
104457,104457,Nagaraj Nayak,69,7,1,0,1
104458,104458,Pooja Hiremath,30,9,1,0,2
104459,104459,Ganesh Khan,41,8,1,0,1
104460,104460,Priya Achar,45,9,1,0,2
104461,104461,Meena Reddy,34,2,1,0,2
104462,104462,Chandru Shetty,43,6,1,0,1
104463,104463,Arjun Nayak,26,1,1,0,1
104464,104464,Anthony Hiremath,42,6,1,0,1
104465,104465,Deepa Shetty,33,4,1,0,2
104466,104466,Ravi Kumar,44,4,1,0,1
104467,104467,Kusuma D'Souza,52,3,1,0,2
104468,104468,Ganesh Khan,23,9,1,0,1
104469,104469,Farhan Gowda,29,5,1,0,1
104470,104470,Imran Desai,58,10,1,0,1
104471,104471,Sunita Sait,27,9,1,0,2
104472,104472,Sneha Nayak,45,8,1,0,2
104473,104473,Imran Rao,44,9,2,0,1
104474,104474,Rajesh Merchant,31,2,1,0,1
104475,104475,Manoj Shetty,19,4,1,0,1
104476,104476,Lakshmi Kulkarni,53,4,1,0,2
104477,104477,Sunita Reddy,59,1,1,0,2
104478,104478,Srinivas Patil,67,4,1,0,1
104479,104479,Mary Rao,45,4,1,0,2
104480,104480,Sneha Poojary,33,9,2,0,2
104481,104481,Ganesh Poojary,57,1,1,0,1
104482,104482,Suresh Khan,32,6,1,0,1
104483,104483,Vijay Desai,24,4,1,0,1
104484,104484,Manjunath Rao,68,4,2,0,1
104485,104485,Anita Desai,66,1,2,0,2
104486,104486,Pooja Gowda,51,9,1,0,2
104487,104487,Vinod Shetty,22,9,1,0,1
104488,104488,Suresh Kumar,61,9,4,0,1
104489,104489,Sunita Khan,27,6,1,0,2
104490,104490,Manjunath Nayak,31,2,1,0,1
104491,104491,Imran Patil,29,6,1,0,1
104492,104492,Pooja Kumar,23,1,1,0,2
104493,104493,Rekha Kumar,71,7,1,0,2
104494,104494,Shalini Shetty,22,8,1,0,2
104495,104495,Rajesh Hiremath,63,5,1,0,1
104496,104496,Anita Kumar,26,9,1,0,2
104497,104497,Zoya Rao,50,6,1,0,2
104498,104498,Anita Hegde,47,9,1,0,2
104499,104499,Shilpa Nayak,71,7,1,0,2
104500,104500,Swathi Hiremath,18,10,1,0,2
104501,104501,Nandini D'Souza,67,7,1,0,2
104502,104502,Girish Merchant,56,5,1,0,1
104503,104503,Deepa Hegde,57,8,1,0,2
104504,104504,Ananya Pinto,64,3,1,0,2
104505,104505,Anthony Naik,40,3,1,0,1
104506,104506,Vijay Kulkarni,51,7,4,0,1
104507,104507,Lakshmi Khan,56,4,2,0,2
104508,104508,Shalini Patil,20,9,1,0,2
104509,104509,Fathima Hegde,64,5,1,0,2
104510,104510,Iqbal Reddy,50,4,1,0,1
104511,104511,Anita Poojary,65,2,1,0,2
104512,104512,Sneha Bhat,61,1,1,0,2
104513,104513,Mahesh Patil,21,4,1,0,1
104514,104514,Divya Khan,19,2,2,0,2
104515,104515,Lakshmi Patil,55,3,1,0,2
104516,104516,Arjun Shetty,52,6,1,0,1
104517,104517,Pooja D'Souza,43,9,1,0,2
104518,104518,Girish Reddy,69,4,1,0,1
104519,104519,Kusuma Merchant,66,6,6,0,2
104520,104520,Harish Gowda,39,1,1,0,1
104521,104521,Ravi Merchant,54,3,2,0,1
104522,104522,Sowmya Kulkarni,24,1,1,0,2
104523,104523,Ramesh Nayak,38,6,1,0,1
104524,104524,Manoj Nayak,29,1,1,0,1
104525,104525,Manjunath Gowda,26,4,2,0,1
104526,104526,Anita Bhat,49,4,1,0,2
104527,104527,Pooja Sait,41,4,2,0,2
104528,104528,Shilpa D'Souza,23,6,1,0,2
104529,104529,Ashok Hiremath,27,8,1,0,1
104530,104530,Kusuma Poojary,67,7,1,0,2
104531,104531,Roopa Hiremath,20,6,1,0,2
104532,104532,Iqbal Khan,23,6,1,0,1
104533,104533,Divya Bhat,46,8,1,0,2
104534,104534,Nagaraj Merchant,27,4,1,0,1
104535,104535,Chandru Achar,43,8,1,0,1
104536,104536,Priya Reddy,45,6,1,0,2
104537,104537,Roopa Gowda,18,4,1,0,2
104538,104538,Ananya Shetty,34,2,1,0,2
104539,104539,Dinesh Hiremath,18,5,2,0,1
104540,104540,Vijay Shetty,26,8,1,0,1
104541,104541,Meena Hegde,40,4,1,0,2
104542,104542,Kusuma Patil,47,7,1,0,2
104543,104543,Vijay Shetty,25,4,1,0,1
104544,104544,Anita Desai,21,4,2,0,2
104545,104545,Priya Bhat,40,1,1,0,2
104546,104546,Basavaraj Merchant,31,10,1,0,1
104547,104547,Anthony Achar,65,6,1,0,1
104548,104548,Dinesh Naik,48,1,1,0,1
104549,104549,Vinod Shetty,40,4,1,0,1
104550,104550,Dinesh Desai,64,4,1,0,1
104551,104551,Basavaraj Nayak,48,4,1,0,1
104552,104552,Dinesh Poojary,36,1,1,0,1
104553,104553,Radha Achar,54,5,1,0,2
104554,104554,Pooja Shetty,70,3,1,0,2
104555,104555,Manjunath Nayak,65,3,1,0,1
104556,104556,Priya Reddy,58,3,1,0,2
104557,104557,Rajesh Shetty,30,5,1,0,1
104558,104558,Naveen Hiremath,38,10,1,0,1
104559,104559,Anil Nayak,40,4,1,0,1
104560,104560,Anita Khan,43,6,1,0,2
104561,104561,Suresh Rao,33,4,1,0,1
104562,104562,Farhan Pinto,44,10,1,0,1
104563,104563,Lakshmi Merchant,56,1,1,0,2
104564,104564,Pooja Shetty,50,7,1,0,2
104565,104565,Joseph Merchant,67,5,1,0,1
104566,104566,Naveen Shetty,55,6,1,0,1
104567,104567,Ashok Shetty,27,4,1,0,1
104568,104568,Pooja Reddy,33,3,1,0,2
104569,104569,Priya Bhat,66,5,1,0,2
104570,104570,Rajesh Bhat,41,2,1,0,1
104571,104571,Kiran Hiremath,66,1,1,0,1
104572,104572,Roopa Hegde,25,2,1,0,2
104573,104573,Iqbal Merchant,18,7,2,0,1
104574,104574,Arjun Khan,31,5,1,0,1
104575,104575,Shilpa Sait,48,6,1,0,2
104576,104576,Sowmya Khan,47,8,3,0,2
104577,104577,Priya Shetty,60,1,1,0,2
104578,104578,Rajesh Desai,26,7,1,0,1
104579,104579,Rekha Poojary,52,9,3,0,2
104580,104580,Kusuma Shetty,25,8,1,0,2
104581,104581,Iqbal Gowda,53,1,1,0,1
104582,104582,Farhan Bhat,33,3,2,0,1
104583,104583,Salim Bhat,54,9,1,0,1
104584,104584,Farhan Hegde,62,3,1,0,1
104585,104585,Anil Hiremath,43,4,2,0,1
104586,104586,Shalini Kumar,45,9,1,0,2
104587,104587,Kiran Kulkarni,50,1,1,0,1
104588,104588,Zoya Gowda,71,8,1,0,2
104589,104589,Vijay Desai,22,9,1,0,1
104590,104590,Geeta Hiremath,30,7,1,0,2
104591,104591,Nagaraj Pinto,61,6,2,0,1
104592,104592,Anthony Merchant,69,1,1,0,1
104593,104593,Manoj Desai,34,4,1,0,1
104594,104594,Fathima Hiremath,45,1,1,0,2
104595,104595,Sowmya Reddy,24,2,1,0,2
104596,104596,Ganesh Achar,43,2,1,0,1
104597,104597,Rekha Poojary,31,3,1,0,2
104598,104598,Basavaraj Kumar,26,5,1,0,1
104599,104599,Shilpa Bhat,58,4,1,0,2
104600,104600,Kusuma Khan,54,4,1,0,2
104601,104601,Harish Sait,32,4,3,0,1
104602,104602,Vinod Reddy,53,9,1,0,1
104603,104603,Swathi Pinto,71,9,1,0,2
104604,104604,Mahesh Khan,31,4,2,0,1
104605,104605,Joseph Bhat,65,10,1,0,1
104606,104606,Fathima Sait,54,7,1,0,2
104607,104607,Chandru Hegde,28,8,2,0,1
104608,104608,Fathima Pinto,63,5,1,0,2
104609,104609,Nandini Kulkarni,23,7,1,0,2
104610,104610,Lakshmi Hegde,41,4,1,0,2
104611,104611,Anita Merchant,71,1,2,0,2
104612,104612,Ananya Sait,28,4,1,0,2
104613,104613,Prakash Gowda,41,5,1,0,1
104614,104614,Harish Rao,45,7,1,0,1
104615,104615,Anthony Naik,55,5,1,0,1
104616,104616,Lakshmi Shetty,56,4,1,0,2
104617,104617,Mary D'Souza,34,7,1,0,2
104618,104618,Ashok Hegde,49,9,2,0,1
104619,104619,Mary Poojary,27,1,1,0,2
104620,104620,Arjun Sait,20,4,1,0,1
104621,104621,Geeta Kulkarni,62,6,4,0,2
104622,104622,Shilpa Khan,57,6,1,0,2
104623,104623,Imran D'Souza,29,1,1,0,1
104624,104624,Ramesh Shetty,46,6,1,0,1
104625,104625,Iqbal Reddy,31,4,1,0,1
104626,104626,Chandru Merchant,41,9,1,0,1
104627,104627,Nandini Naik,52,1,1,0,2
104628,104628,Girish Naik,59,2,7,0,1
104629,104629,Kavya Poojary,64,8,1,0,2
104630,104630,Manoj Achar,37,2,2,0,1
104631,104631,Manoj Bhat,44,5,1,0,1
104632,104632,Priya Kulkarni,38,6,1,0,2
104633,104633,Srinivas Achar,41,6,2,0,1
104634,104634,Ganesh Kumar,62,10,1,0,1
104635,104635,Fathima Pinto,32,3,1,0,2
104636,104636,Geeta Hegde,38,5,1,0,2
104637,104637,Vinod Achar,54,6,1,0,1
104638,104638,Vijay Bhat,20,9,1,0,1
104639,104639,Naveen Kulkarni,41,4,1,0,1
104640,104640,Kiran Patil,67,5,1,0,1
104641,104641,Geeta Desai,49,9,1,0,2
104642,104642,Divya Achar,59,9,2,0,2
104643,104643,Prakash Rao,56,9,1,0,1
104644,104644,Anthony Bhat,37,7,2,0,1
104645,104645,Rajesh Naik,27,1,1,0,1
104646,104646,Kusuma Reddy,25,9,2,0,2
104647,104647,Nandini Merchant,36,3,1,0,2
104648,104648,Naveen Hegde,72,5,1,0,1
104649,104649,Iqbal Pinto,47,8,1,0,1
104650,104650,Ashok Achar,50,8,1,0,1
104651,104651,Vidya Gowda,54,10,1,0,2
104652,104652,Sunita Nayak,35,3,1,0,2
104653,104653,Pooja Reddy,34,4,1,0,2
104654,104654,Ananya Nayak,41,8,1,0,2
104655,104655,Arjun Pinto,53,1,1,0,1
104656,104656,Vinod Khan,26,1,1,0,1
104657,104657,Kavya Khan,29,1,1,0,2
104658,104658,Shilpa Kulkarni,40,1,1,0,2
104659,104659,Salim Kumar,64,6,1,0,1
104660,104660,Shilpa Reddy,57,2,1,0,2
104661,104661,Swathi Achar,71,6,1,0,2
104662,104662,Joseph Reddy,68,7,1,0,1
104663,104663,Vinod Gowda,33,2,1,0,1
104664,104664,Anita Poojary,59,3,3,0,2
104665,104665,Rajesh Kulkarni,45,1,1,0,1
104666,104666,Sunita Achar,70,9,1,0,2
104667,104667,Anthony Kumar,42,4,1,0,1
104668,104668,Priya Hegde,25,8,1,0,2
104669,104669,Imran D'Souza,51,6,1,0,1
104670,104670,Harish Bhat,68,5,4,0,1
104671,104671,Ganesh Khan,47,1,1,0,1
104672,104672,Divya Achar,50,7,3,0,2
104673,104673,Meena Reddy,30,5,1,0,2
104674,104674,Srinivas Naik,69,1,1,0,1
104675,104675,Ramesh Kulkarni,48,4,1,0,1
104676,104676,Sunita Poojary,38,5,1,0,2
104677,104677,Geeta Reddy,69,9,1,0,2
104678,104678,Anil Hegde,46,2,1,0,1
104679,104679,Suresh Reddy,32,8,3,0,1
104680,104680,Rajesh Shetty,58,1,1,0,1
104681,104681,Nandini Achar,42,10,1,0,2
104682,104682,Fathima Naik,54,1,1,0,2
104683,104683,Girish Merchant,63,8,1,0,1
104684,104684,Rajesh Hegde,60,5,1,0,1
104685,104685,Roopa Rao,19,10,1,0,2
104686,104686,Sowmya Poojary,59,2,1,0,2
104687,104687,Manjunath Rao,63,4,1,0,1
104688,104688,Kavya D'Souza,19,6,1,0,2
104689,104689,Anita Merchant,29,1,1,0,2
104690,104690,Suresh Poojary,59,9,1,0,1
104691,104691,Rekha Hegde,23,1,1,0,2
104692,104692,Sowmya Rao,21,5,1,0,2
104693,104693,Suresh Patil,69,4,1,0,1
104694,104694,Ravi Desai,59,1,1,0,1
104695,104695,Sunita Hiremath,19,9,1,0,2
104696,104696,Manoj Hiremath,20,7,1,0,1
104697,104697,Priya Hiremath,53,8,1,0,2
104698,104698,Nagaraj Kulkarni,68,1,1,0,1
104699,104699,Swathi Rao,64,7,1,0,2
104700,104700,Swathi Desai,55,6,1,0,2
104701,104701,Radha Gowda,33,7,1,0,2
104702,104702,Girish Achar,42,9,1,0,1
104703,104703,Nagaraj Sait,19,1,1,0,1
104704,104704,Ganesh Pinto,19,1,1,0,1
104705,104705,Manjunath Rao,46,9,1,0,1
104706,104706,Iqbal Khan,48,4,2,0,1
104707,104707,Nagaraj Kumar,57,1,1,0,1
104708,104708,Vijay D'Souza,39,2,3,0,1
104709,104709,Sowmya Patil,58,2,7,0,2
104710,104710,Mahesh D'Souza,37,1,1,0,1
104711,104711,Ramesh Khan,68,5,1,0,1
104712,104712,Vijay Nayak,21,4,1,0,1
104713,104713,Ashok Poojary,19,1,1,0,1
104714,104714,Sowmya Merchant,47,4,1,0,2
104715,104715,Girish Reddy,20,5,1,0,1
104716,104716,Geeta Naik,33,6,1,0,2
104717,104717,Lakshmi Patil,28,4,1,0,2
104718,104718,Dinesh Rao,41,1,1,0,1
104719,104719,Suresh Nayak,70,2,2,0,1
104720,104720,Kusuma Kulkarni,27,2,2,0,2
104721,104721,Anil Bhat,49,10,1,0,1
104722,104722,Shilpa Pinto,25,10,1,0,2
104723,104723,Anita Poojary,68,5,1,0,2
104724,104724,Manjunath Kumar,67,5,1,0,1
104725,104725,Divya Gowda,66,6,1,0,2
104726,104726,Girish Reddy,72,7,1,0,1
104727,104727,Manjunath Kulkarni,62,1,1,0,1
104728,104728,Sowmya Gowda,42,5,1,0,2
104729,104729,Suresh Patil,58,3,2,0,1
104730,104730,Rajesh Rao,38,3,1,0,1
104731,104731,Dinesh Kumar,31,7,1,0,1
104732,104732,Fathima Kumar,31,3,1,0,2
104733,104733,Sunita Poojary,34,10,1,0,2
104734,104734,Deepa Hegde,22,3,1,0,2
104735,104735,Deepa Achar,65,7,1,0,2
104736,104736,Vijay Nayak,22,1,1,0,1
104737,104737,Girish Merchant,31,3,1,0,1
104738,104738,Mahesh Kumar,62,4,1,0,1
104739,104739,Vinod Rao,35,10,1,0,1
104740,104740,Divya Patil,31,7,1,0,2
104741,104741,Manjunath Merchant,53,5,1,0,1
104742,104742,Farhan Achar,56,7,1,0,1
104743,104743,Joseph Achar,63,2,1,0,1
104744,104744,Ashok Gowda,19,4,1,0,1
104745,104745,Ravi Poojary,37,2,1,0,1
104746,104746,Anita Hegde,67,4,1,0,2
104747,104747,Manjunath Rao,29,8,1,0,1
104748,104748,Ramesh Rao,65,2,1,0,1
104749,104749,Vinod Hiremath,18,1,1,0,1
104750,104750,Swathi Nayak,31,10,1,0,2
104751,104751,Zoya Desai,42,1,1,0,2
104752,104752,Basavaraj Bhat,60,2,1,0,1
104753,104753,Anil Khan,19,9,1,0,1
104754,104754,Radha Patil,69,7,4,0,2
104755,104755,Ramesh Hiremath,39,6,2,0,1
104756,104756,Anita Rao,71,4,1,0,2
104757,104757,Swathi Hiremath,30,10,1,0,2
104758,104758,Rekha Patil,23,4,1,0,2
104759,104759,Rajesh Merchant,32,4,1,0,1
104760,104760,Salim Sait,43,3,1,0,1
104761,104761,Shalini Naik,47,9,1,0,2
104762,104762,Iqbal Rao,27,6,2,0,1
104763,104763,Suresh Patil,44,4,1,0,1
104764,104764,Manoj Hiremath,57,9,1,0,1
104765,104765,Zoya Kumar,27,4,1,0,2
104766,104766,Manjunath Gowda,27,1,1,0,1
104767,104767,Sunita D'Souza,59,5,1,0,2
104768,104768,Anita Poojary,48,2,2,0,2
104769,104769,Rekha D'Souza,62,4,1,0,2
104770,104770,Lakshmi Bhat,59,2,1,0,2
104771,104771,Imran Kumar,46,1,1,0,1
104772,104772,Fathima Merchant,32,9,1,0,2
104773,104773,Meena Hiremath,20,3,1,0,2
104774,104774,Ananya Poojary,28,9,1,0,2
104775,104775,Kavya Gowda,37,8,1,0,2
104776,104776,Sowmya Naik,31,4,1,0,2
104777,104777,Rajesh Pinto,47,7,2,0,1
104778,104778,Manjunath Pinto,34,4,1,0,1
104779,104779,Manjunath Pinto,32,4,1,0,1
104780,104780,Ananya Pinto,60,9,1,0,2
104781,104781,Ananya Merchant,38,8,1,0,2
104782,104782,Roopa Poojary,43,6,2,0,2
104783,104783,Priya Merchant,26,5,2,0,2
104784,104784,Iqbal Pinto,53,5,1,0,1
104785,104785,Nandini Rao,29,8,1,0,2
104786,104786,Meena Khan,28,1,1,0,2
104787,104787,Ganesh Kulkarni,29,6,1,0,1
104788,104788,Nandini Nayak,45,1,1,0,2
104789,104789,Radha Kumar,33,1,1,0,2
104790,104790,Arjun Hegde,32,9,2,0,1
104791,104791,Zoya Kumar,44,4,1,0,2
104792,104792,Mahesh Desai,61,7,1,0,1
104793,104793,Nandini Achar,32,6,1,0,2
104794,104794,Yogesh Hiremath,32,3,1,0,1
104795,104795,Lakshmi Naik,46,9,3,0,2
104796,104796,Kavya Kulkarni,40,7,1,0,2
104797,104797,Mary Hegde,39,9,1,0,2
104798,104798,Anil Bhat,27,4,1,0,1
104799,104799,Prakash D'Souza,34,8,1,0,1
104800,104800,Kusuma Patil,40,5,2,0,2
104801,104801,Zoya Kumar,71,8,4,0,2
104802,104802,Basavaraj Hegde,48,4,1,0,1
104803,104803,Shilpa Hegde,32,2,2,0,2
104804,104804,Ganesh Naik,66,5,1,0,1
104805,104805,Yogesh Desai,33,2,2,0,1
104806,104806,Naveen Khan,23,6,1,0,1
104807,104807,Dinesh Kumar,66,6,1,0,1
104808,104808,Rajesh Bhat,24,9,1,0,1
104809,104809,Rekha Reddy,34,2,1,0,2
104810,104810,Shalini Reddy,42,4,2,0,2
104811,104811,Kusuma Gowda,24,4,2,0,2
104812,104812,Rekha Pinto,37,4,1,0,2
104813,104813,Yogesh Hiremath,66,9,1,0,1
104814,104814,Divya Merchant,33,9,1,0,2
104815,104815,Priya Khan,48,7,1,0,2
104816,104816,Ramesh Merchant,61,6,1,0,1
104817,104817,Iqbal Gowda,37,6,1,0,1
104818,104818,Harish Poojary,19,3,1,0,1
104819,104819,Manjunath Khan,34,6,1,0,1
104820,104820,Nagaraj Poojary,20,3,1,0,1
104821,104821,Rekha Shetty,71,6,1,0,2
104822,104822,Anthony Shetty,47,7,1,0,1
104823,104823,Radha Gowda,26,6,1,0,2
104824,104824,Girish D'Souza,69,5,1,0,1
104825,104825,Rajesh Hiremath,66,2,1,0,1
104826,104826,Vidya Merchant,47,6,1,0,2
104827,104827,Mahesh Khan,70,7,1,0,1
104828,104828,Pooja Poojary,34,4,1,0,2
104829,104829,Yogesh Desai,54,2,1,0,1
104830,104830,Geeta Desai,24,4,4,0,2
104831,104831,Shilpa Hegde,61,4,1,0,2
104832,104832,Farhan Patil,50,4,1,0,1
104833,104833,Srinivas Reddy,26,6,1,0,1
104834,104834,Suresh Poojary,63,9,1,0,1
104835,104835,Deepa Shetty,32,6,1,0,2
104836,104836,Mahesh Kumar,40,8,1,0,1
104837,104837,Shalini Patil,26,9,1,0,2
104838,104838,Anil Hegde,21,6,1,0,1
104839,104839,Nandini Hegde,39,4,2,0,2
104840,104840,Priya Poojary,33,1,1,0,2
104841,104841,Ananya Pinto,35,8,1,0,2
104842,104842,Kusuma Sait,54,1,1,0,2
104843,104843,Radha Rao,43,8,1,0,2
104844,104844,Sneha Kulkarni,71,9,1,0,2
104845,104845,Mary Shetty,21,1,1,0,2
104846,104846,Manjunath Hiremath,39,2,1,0,1
104847,104847,Manoj D'Souza,24,2,2,0,1
104848,104848,Ananya Hegde,26,9,1,0,2
104849,104849,Dinesh Pinto,33,4,1,0,1
104850,104850,Basavaraj Achar,46,7,1,0,1
104851,104851,Ramesh D'Souza,48,8,1,0,1
104852,104852,Basavaraj D'Souza,42,1,1,0,1
104853,104853,Vijay Poojary,58,2,1,0,1
104854,104854,Swathi Hegde,32,2,2,0,2
104855,104855,Joseph Reddy,52,4,1,0,1
104856,104856,Naveen Desai,48,10,1,0,1
104857,104857,Ganesh Shetty,37,4,1,0,1
104858,104858,Shilpa Khan,61,4,1,0,2
104859,104859,Srinivas Nayak,28,1,1,0,1
104860,104860,Pooja Patil,45,8,1,0,2
104861,104861,Fathima Desai,68,8,1,0,2
104862,104862,Anthony Kumar,21,5,2,0,1
104863,104863,Sunita Sait,41,1,1,0,2
104864,104864,Swathi Gowda,29,4,1,0,2
104865,104865,Manjunath Gowda,29,7,1,0,1
104866,104866,Iqbal Hiremath,51,2,1,0,1
104867,104867,Shilpa Reddy,22,7,1,0,2
104868,104868,Kavya Hegde,42,4,1,0,2
104869,104869,Priya Kumar,54,8,1,0,2
104870,104870,Prakash Sait,53,1,1,0,1
104871,104871,Joseph Patil,47,1,1,0,1
104872,104872,Anita Merchant,38,1,1,0,2
104873,104873,Zoya Poojary,23,1,2,0,2
104874,104874,Harish Khan,65,6,2,0,1
104875,104875,Anita Achar,63,2,4,0,2
104876,104876,Dinesh Poojary,20,7,1,0,1
104877,104877,Zoya Pinto,48,2,1,0,2
104878,104878,Anthony Poojary,35,1,1,0,1
104879,104879,Anil Nayak,55,4,1,0,1
104880,104880,Girish Kulkarni,54,4,2,0,1
104881,104881,Sunita Naik,18,7,1,0,2
104882,104882,Vijay Khan,69,6,1,0,1
104883,104883,Mary Nayak,27,6,1,0,2
104884,104884,Imran D'Souza,38,6,2,0,1
104885,104885,Kavya Kulkarni,67,1,1,0,2
104886,104886,Ananya Rao,68,2,1,0,2
104887,104887,Iqbal Hiremath,30,2,1,0,1
104888,104888,Joseph Hiremath,37,2,1,0,1
104889,104889,Deepa Pinto,70,9,1,0,2
104890,104890,Harish D'Souza,37,1,3,0,1
104891,104891,Ravi Gowda,26,6,2,0,1
104892,104892,Ananya Shetty,70,2,1,0,2
104893,104893,Suresh Achar,21,5,1,0,1
104894,104894,Radha Merchant,42,5,1,0,2
104895,104895,Anil Hegde,68,8,1,0,1
104896,104896,Nagaraj Pinto,23,2,1,0,1
104897,104897,Ganesh Hiremath,24,8,1,0,1
104898,104898,Girish Khan,44,2,1,0,1
104899,104899,Geeta Desai,38,3,1,0,2
104900,104900,Radha Achar,35,4,1,0,2
104901,104901,Nagaraj Sait,54,5,1,0,1
104902,104902,Rajesh Patil,50,7,1,0,1
104903,104903,Kavya Achar,40,3,1,0,2
104904,104904,Vijay Pinto,44,4,1,0,1
104905,104905,Fathima Khan,21,5,2,0,2
104906,104906,Meena Khan,25,7,1,0,2
104907,104907,Basavaraj Khan,39,4,1,0,1
104908,104908,Dinesh Reddy,24,9,1,0,1
104909,104909,Sunita Merchant,24,7,1,0,2
104910,104910,Swathi Bhat,46,4,1,0,2
104911,104911,Kavya Pinto,35,9,7,0,2
104912,104912,Zoya Pinto,64,7,1,0,2
104913,104913,Shilpa Desai,20,9,1,0,2
104914,104914,Mary Shetty,55,5,1,0,2
104915,104915,Sneha Reddy,25,7,1,0,2
104916,104916,Sunita Kumar,66,4,1,0,2
104917,104917,Manoj Bhat,35,6,1,0,1
104918,104918,Anthony Desai,50,1,1,0,1
104919,104919,Sunita Merchant,66,7,3,0,2
104920,104920,Ashok Hegde,44,3,2,0,1
104921,104921,Geeta Naik,49,4,1,0,2
104922,104922,Sneha Hegde,35,5,1,0,2
104923,104923,Sowmya Merchant,71,4,2,0,2
104924,104924,Nagaraj Kumar,23,9,1,0,1
104925,104925,Vinod Pinto,34,9,2,0,1
104926,104926,Ashok Khan,23,8,1,0,1
104927,104927,Prakash Patil,33,5,1,0,1
104928,104928,Vijay Naik,35,5,1,0,1
104929,104929,Harish Naik,42,4,1,0,1
104930,104930,Dinesh Gowda,59,3,1,0,1
104931,104931,Pooja Poojary,21,3,1,0,2
104932,104932,Zoya Kumar,64,5,1,0,2
104933,104933,Zoya Poojary,67,5,1,0,2
104934,104934,Girish Hiremath,60,7,2,0,1
104935,104935,Mahesh Kumar,50,5,1,0,1
104936,104936,Shalini Kumar,35,3,1,0,2
104937,104937,Iqbal Rao,57,3,1,0,1
104938,104938,Imran Bhat,27,1,1,0,1
104939,104939,Sneha Pinto,65,1,1,0,2
104940,104940,Anthony Poojary,29,3,1,0,1
104941,104941,Imran Poojary,43,2,1,0,1
104942,104942,Swathi Poojary,41,6,1,0,2
104943,104943,Dinesh Gowda,58,9,1,0,1
104944,104944,Dinesh Achar,24,7,1,0,1
104945,104945,Iqbal Desai,26,2,1,0,1
104946,104946,Roopa Hegde,51,3,1,0,2
104947,104947,Chandru Shetty,38,4,1,0,1
104948,104948,Ganesh Hegde,52,7,1,0,1
104949,104949,Arjun Kumar,36,8,1,0,1
104950,104950,Ashok Merchant,55,4,1,0,1
104951,104951,Rekha Sait,47,3,2,0,2
104952,104952,Ramesh Hegde,38,6,1,0,1
104953,104953,Shilpa Patil,67,5,1,0,2
104954,104954,Kusuma Naik,23,4,1,0,2
104955,104955,Radha Hiremath,52,9,1,0,2
104956,104956,Prakash Merchant,29,7,1,0,1
104957,104957,Shilpa Hegde,29,1,1,0,2
104958,104958,Vinod Bhat,44,3,1,0,1
104959,104959,Nandini Nayak,20,4,1,0,2
104960,104960,Deepa Khan,42,4,1,0,2
104961,104961,Harish Reddy,51,3,1,0,1
104962,104962,Manoj Kumar,18,1,2,0,1
104963,104963,Rekha Sait,65,4,1,0,2
104964,104964,Arjun Hiremath,46,8,1,0,1
104965,104965,Girish Patil,27,2,1,0,1
104966,104966,Sunita Achar,28,4,1,0,2
104967,104967,Manjunath Patil,19,3,1,0,1
104968,104968,Lakshmi Rao,22,7,1,0,2
104969,104969,Ganesh Bhat,52,8,1,0,1
104970,104970,Mary Khan,55,2,1,0,2
104971,104971,Salim Desai,42,4,1,0,1
104972,104972,Mary Kulkarni,28,5,1,0,2
104973,104973,Shilpa Hegde,57,1,1,0,2
104974,104974,Mahesh Hegde,24,5,1,0,1
104975,104975,Ramesh Poojary,26,1,2,0,1
104976,104976,Manjunath Kulkarni,35,8,1,0,1
104977,104977,Mahesh Achar,19,5,1,0,1
104978,104978,Imran Desai,69,10,1,0,1
104979,104979,Yogesh Khan,53,4,1,0,1
104980,104980,Arjun Poojary,30,9,2,0,1
104981,104981,Ramesh D'Souza,27,9,1,0,1
104982,104982,Nagaraj Kumar,26,7,1,0,1
104983,104983,Nandini Kulkarni,29,2,1,0,2
104984,104984,Deepa Desai,50,6,1,0,2
104985,104985,Harish Khan,38,6,1,0,1
104986,104986,Vijay D'Souza,67,7,1,0,1
104987,104987,Ramesh Merchant,37,9,1,0,1
104988,104988,Dinesh Hegde,41,8,2,0,1
104989,104989,Zoya Bhat,63,2,1,0,2
104990,104990,Farhan Kumar,54,4,1,0,1
104991,104991,Priya Hegde,53,1,1,0,2
104992,104992,Naveen Shetty,58,10,1,0,1
104993,104993,Shalini Shetty,44,4,2,0,2
104994,104994,Srinivas Desai,22,6,1,0,1
104995,104995,Deepa Pinto,58,5,1,0,2
104996,104996,Kusuma Kumar,70,8,1,0,2
104997,104997,Roopa Merchant,62,4,1,0,2
104998,104998,Ananya Naik,26,9,2,0,2
104999,104999,Fathima Khan,46,9,1,0,2
105000,105000,Prakash Naik,48,5,1,0,1
105001,105001,Iqbal Achar,47,6,1,0,1
105002,105002,Sneha D'Souza,62,8,1,0,2
105003,105003,Anthony Bhat,23,4,1,0,1
105004,105004,Swathi Gowda,24,7,1,0,2
105005,105005,Chandru Gowda,49,6,2,0,1
105006,105006,Kavya Sait,61,5,1,0,2
105007,105007,Sneha Hiremath,58,5,1,0,2
105008,105008,Vijay Desai,19,3,1,0,1
105009,105009,Kavya Bhat,26,2,1,0,2
105010,105010,Basavaraj Khan,70,6,1,0,1
105011,105011,Srinivas Pinto,46,4,1,0,1
105012,105012,Radha Desai,69,9,1,0,2
105013,105013,Arjun Desai,65,5,1,0,1
105014,105014,Nagaraj D'Souza,59,6,1,0,1
105015,105015,Ganesh Shetty,64,1,1,0,1
105016,105016,Deepa Rao,53,4,1,0,2
105017,105017,Naveen Nayak,42,7,1,0,1
105018,105018,Kiran Poojary,26,4,1,0,1
105019,105019,Lakshmi Hegde,43,1,1,0,2
105020,105020,Kavya Sait,44,2,1,0,2
105021,105021,Kiran D'Souza,58,2,2,0,1
105022,105022,Zoya Reddy,40,4,1,0,2
105023,105023,Vidya Merchant,45,6,1,0,2
105024,105024,Suresh Patil,64,2,1,0,1
105025,105025,Anthony Poojary,42,4,1,0,1
105026,105026,Kiran Poojary,52,2,1,0,1
105027,105027,Iqbal Sait,72,1,2,0,1
105028,105028,Iqbal D'Souza,38,10,1,0,1
105029,105029,Suresh Rao,42,4,1,0,1
105030,105030,Rajesh Desai,39,2,1,0,1
105031,105031,Manoj D'Souza,60,4,2,0,1
105032,105032,Roopa Reddy,51,10,1,0,2
105033,105033,Vijay Merchant,66,2,2,0,1
105034,105034,Radha D'Souza,42,8,1,0,2
105035,105035,Shilpa Desai,46,2,1,0,2
105036,105036,Kavya Rao,51,5,1,0,2
105037,105037,Suresh Rao,34,1,1,0,1
105038,105038,Nagaraj Hiremath,65,6,1,0,1
105039,105039,Ramesh Kulkarni,72,10,1,0,1
105040,105040,Harish Shetty,55,4,1,0,1
105041,105041,Kusuma Rao,46,4,1,0,2
105042,105042,Swathi Poojary,46,5,1,0,2
105043,105043,Manjunath Hegde,63,5,1,0,1
105044,105044,Prakash Hegde,23,1,1,0,1
105045,105045,Vijay Rao,63,3,1,0,1
105046,105046,Chandru Khan,53,4,1,0,1
105047,105047,Harish Kumar,18,6,1,0,1
105048,105048,Swathi Khan,29,4,2,0,2
105049,105049,Divya Nayak,65,7,2,0,2
105050,105050,Sunita Hegde,25,6,2,0,2
105051,105051,Ashok D'Souza,39,4,1,0,1
105052,105052,Vijay Shetty,30,8,2,0,1
105053,105053,Prakash Merchant,40,4,2,0,1
105054,105054,Radha Bhat,35,9,1,0,2
105055,105055,Girish Merchant,25,8,1,0,1
105056,105056,Anthony Patil,65,6,2,0,1
105057,105057,Geeta Naik,32,8,1,0,2
105058,105058,Kavya Bhat,57,9,1,0,2
105059,105059,Basavaraj Bhat,60,1,1,0,1
105060,105060,Yogesh Bhat,48,2,2,0,1
105061,105061,Shilpa Naik,64,4,1,0,2
105062,105062,Ashok Pinto,24,2,1,0,1
105063,105063,Vijay Rao,36,3,1,0,1
105064,105064,Joseph Achar,37,2,1,0,1
105065,105065,Salim Hegde,26,1,1,0,1
105066,105066,Nandini Patil,70,4,1,0,2
105067,105067,Vidya Nayak,66,1,1,0,2
105068,105068,Yogesh Khan,33,6,1,0,1
105069,105069,Nagaraj Kulkarni,33,1,1,0,1
105070,105070,Manoj Khan,20,2,1,0,1
105071,105071,Dinesh Kulkarni,20,5,1,0,1
105072,105072,Ravi Desai,46,8,1,0,1
105073,105073,Meena Bhat,20,4,1,0,2
105074,105074,Swathi Naik,59,8,1,0,2
105075,105075,Salim Kumar,42,1,2,0,1
105076,105076,Sowmya Khan,69,8,1,0,2
105077,105077,Imran Kulkarni,41,4,1,0,1
105078,105078,Nandini Bhat,57,2,1,0,2
105079,105079,Meena Merchant,33,7,2,0,2
105080,105080,Vinod Kulkarni,41,1,1,0,1
105081,105081,Lakshmi Patil,59,4,1,0,2
105082,105082,Ananya Kulkarni,37,6,2,0,2
105083,105083,Mahesh Nayak,52,9,1,0,1
105084,105084,Sneha Desai,29,6,2,0,2
105085,105085,Girish Shetty,61,1,2,0,1
105086,105086,Arjun Pinto,25,4,1,0,1
105087,105087,Yogesh Rao,62,6,1,0,1
105088,105088,Roopa Kulkarni,50,3,1,0,2
105089,105089,Ganesh Hiremath,55,1,1,0,1
105090,105090,Imran Hiremath,64,4,2,0,1
105091,105091,Pooja D'Souza,55,3,1,0,2
105092,105092,Ananya Patil,42,1,1,0,2
105093,105093,Prakash Patil,21,8,1,0,1
105094,105094,Manjunath Bhat,70,5,1,0,1
105095,105095,Roopa Naik,37,7,1,0,2
105096,105096,Sneha Hiremath,20,4,1,0,2
105097,105097,Anthony Khan,66,9,1,0,1
105098,105098,Roopa Poojary,35,8,1,0,2
105099,105099,Basavaraj Kumar,46,2,3,0,1
105100,105100,Vinod Merchant,58,10,1,0,1
105101,105101,Farhan Kumar,56,8,1,0,1
105102,105102,Zoya Poojary,64,1,1,0,2
105103,105103,Mary Gowda,62,9,1,0,2
105104,105104,Lakshmi Shetty,46,3,1,0,2
105105,105105,Shalini Naik,24,6,1,0,2
105106,105106,Iqbal Kulkarni,63,8,1,0,1
105107,105107,Ramesh Nayak,27,4,1,0,1
105108,105108,Fathima Shetty,46,4,1,0,2
105109,105109,Roopa Sait,55,1,1,0,2
105110,105110,Sneha Merchant,34,6,2,0,2
105111,105111,Suresh Bhat,48,8,2,0,1
105112,105112,Manoj Gowda,48,4,1,0,1
105113,105113,Shilpa Pinto,38,6,1,0,2
105114,105114,Mahesh Kumar,43,4,1,0,1
105115,105115,Mahesh Poojary,40,4,1,0,1
105116,105116,Priya Patil,63,2,1,0,2
105117,105117,Rekha Hiremath,56,4,1,0,2
105118,105118,Sneha D'Souza,34,1,1,0,2
105119,105119,Kavya D'Souza,31,4,1,0,2
105120,105120,Shalini Kulkarni,63,2,1,0,2
105121,105121,Girish Nayak,62,1,1,0,1
105122,105122,Basavaraj Patil,43,4,1,0,1
105123,105123,Harish Nayak,42,4,1,0,1
105124,105124,Sneha Bhat,24,1,1,0,2
105125,105125,Zoya Bhat,42,6,1,0,2
105126,105126,Vijay Naik,60,1,1,0,1
105127,105127,Sunita Sait,39,6,2,0,2
105128,105128,Prakash Rao,52,4,1,0,1
105129,105129,Sneha Shetty,45,5,1,0,2
105130,105130,Rajesh Patil,72,5,1,0,1
105131,105131,Ravi Achar,52,6,1,0,1
105132,105132,Zoya Achar,64,7,1,0,2
105133,105133,Yogesh Khan,31,4,1,0,1
105134,105134,Ananya Pinto,65,4,1,0,2
105135,105135,Girish Kulkarni,42,3,1,0,1
105136,105136,Rajesh Pinto,36,3,1,0,1
105137,105137,Ananya Bhat,37,6,1,0,2
105138,105138,Radha Hegde,46,2,1,0,2
105139,105139,Divya Merchant,69,9,1,0,2
105140,105140,Naveen Desai,58,4,1,0,1
105141,105141,Iqbal Bhat,53,8,1,0,1
105142,105142,Mary Nayak,43,7,1,0,2
105143,105143,Arjun Reddy,36,8,1,0,1
105144,105144,Mahesh Sait,47,9,1,0,1
105145,105145,Shilpa Desai,53,4,1,0,2
105146,105146,Priya Merchant,36,5,1,0,2
105147,105147,Mahesh Merchant,30,6,3,0,1
105148,105148,Ramesh Desai,44,4,1,0,1
105149,105149,Basavaraj Khan,27,7,1,0,1
105150,105150,Girish Kulkarni,29,1,1,0,1
105151,105151,Sowmya D'Souza,49,5,1,0,2
105152,105152,Sneha Pinto,29,4,2,0,2
105153,105153,Srinivas Merchant,68,8,1,0,1
105154,105154,Meena Merchant,69,3,1,0,2
105155,105155,Vinod Kulkarni,48,5,1,0,1
105156,105156,Ganesh Hiremath,22,2,1,0,1
105157,105157,Prakash Patil,43,3,1,0,1
105158,105158,Iqbal Hiremath,63,7,4,0,1
105159,105159,Anita Khan,28,7,1,0,2
105160,105160,Ananya Poojary,64,1,1,0,2
105161,105161,Basavaraj Naik,40,6,2,0,1
105162,105162,Kiran Shetty,66,5,4,0,1
105163,105163,Ganesh Poojary,68,7,2,0,1
105164,105164,Sunita Nayak,23,7,1,0,2
105165,105165,Meena Desai,44,4,1,0,2
105166,105166,Mary Khan,45,1,1,0,2
105167,105167,Rajesh Shetty,29,4,1,0,1
105168,105168,Priya Poojary,72,7,1,0,2
105169,105169,Joseph Merchant,67,9,1,0,1
105170,105170,Girish Achar,38,4,3,0,1
105171,105171,Arjun Desai,41,5,1,0,1
105172,105172,Ganesh Poojary,49,7,2,0,1
105173,105173,Priya Kumar,44,4,1,0,2
105174,105174,Suresh Rao,39,10,1,0,1
105175,105175,Harish Hegde,70,7,1,0,1
105176,105176,Kavya Kumar,30,6,1,0,2
105177,105177,Manoj Kulkarni,67,1,1,0,1
105178,105178,Mary Bhat,49,6,1,0,2
105179,105179,Ananya Merchant,42,6,1,0,2
105180,105180,Deepa Gowda,53,1,1,0,2
105181,105181,Sneha Bhat,30,3,1,0,2
105182,105182,Harish Sait,42,9,2,0,1
105183,105183,Swathi Kulkarni,68,8,2,0,2
105184,105184,Sunita Naik,44,7,2,0,2
105185,105185,Imran Khan,37,4,1,0,1
105186,105186,Joseph Khan,28,8,1,0,1
105187,105187,Anil Nayak,56,4,1,0,1
105188,105188,Mahesh Reddy,19,8,1,0,1
105189,105189,Ravi Kulkarni,23,10,1,0,1
105190,105190,Vidya Kulkarni,49,5,1,0,2
105191,105191,Dinesh Merchant,52,9,1,0,1
105192,105192,Sowmya D'Souza,19,9,2,0,2
105193,105193,Ravi Poojary,55,2,1,0,1
105194,105194,Shilpa Achar,67,3,1,0,2
105195,105195,Sunita Reddy,24,7,1,0,2
105196,105196,Radha D'Souza,31,2,1,0,2
105197,105197,Kavya Pinto,50,6,1,0,2
105198,105198,Fathima Rao,31,4,1,0,2
105199,105199,Nagaraj Nayak,54,6,2,0,1
105200,105200,Priya Bhat,48,7,1,0,2
105201,105201,Srinivas Reddy,21,2,1,0,1
105202,105202,Suresh Rao,34,4,4,0,1
105203,105203,Yogesh Reddy,33,2,1,0,1
105204,105204,Pooja Hegde,48,9,1,0,2
105205,105205,Kiran Rao,45,2,1,0,1
105206,105206,Manoj D'Souza,60,6,1,0,1
105207,105207,Rajesh Pinto,24,1,1,0,1
105208,105208,Kiran Kulkarni,69,1,1,0,1
105209,105209,Suresh Poojary,49,6,1,0,1
105210,105210,Nandini Khan,41,2,1,0,2
105211,105211,Iqbal Sait,52,1,1,0,1
105212,105212,Anil Nayak,33,5,1,0,1
105213,105213,Srinivas Shetty,61,6,1,0,1
105214,105214,Farhan Khan,49,6,1,0,1
105215,105215,Vijay Kumar,20,6,1,0,1
105216,105216,Rekha Desai,60,3,1,0,2
105217,105217,Zoya Pinto,43,3,1,0,2
105218,105218,Sowmya Khan,23,4,1,0,2
105219,105219,Chandru D'Souza,40,2,2,0,1
105220,105220,Pooja D'Souza,46,10,2,0,2
105221,105221,Dinesh Desai,24,2,1,0,1
105222,105222,Kiran Naik,56,4,1,0,1
105223,105223,Imran Merchant,61,3,1,0,1
105224,105224,Farhan Khan,60,4,1,0,1
105225,105225,Joseph Hegde,61,7,1,0,1
105226,105226,Nandini Shetty,52,2,1,0,2
105227,105227,Ananya Patil,23,8,1,0,2
105228,105228,Imran Patil,23,4,1,0,1
105229,105229,Geeta Bhat,63,2,1,0,2
105230,105230,Geeta Kulkarni,65,4,1,0,2
105231,105231,Farhan Nayak,62,8,2,0,1
105232,105232,Pooja Desai,59,4,1,0,2
105233,105233,Mahesh Hiremath,18,4,1,0,1
105234,105234,Chandru Shetty,49,6,1,0,1
105235,105235,Rekha Poojary,42,1,2,0,2
105236,105236,Ramesh Kumar,52,7,1,0,1
105237,105237,Ganesh Merchant,59,6,2,0,1
105238,105238,Girish Poojary,52,4,1,0,1
105239,105239,Meena Gowda,48,9,1,0,2
105240,105240,Ashok Kumar,27,2,1,0,1
105241,105241,Geeta Rao,34,3,1,0,2
105242,105242,Salim Naik,54,6,1,0,1
105243,105243,Mary Nayak,30,6,1,0,2
105244,105244,Ravi Poojary,37,4,1,0,1
105245,105245,Ashok Nayak,55,3,1,0,1
105246,105246,Divya Patil,58,9,1,0,2
105247,105247,Sunita Naik,50,4,1,0,2
105248,105248,Divya Khan,26,2,1,0,2
105249,105249,Chandru Pinto,20,2,1,0,1
105250,105250,Swathi Shetty,62,2,2,0,2
105251,105251,Manoj Kulkarni,43,1,1,0,1
105252,105252,Anil Shetty,56,8,1,0,1
105253,105253,Prakash Rao,54,6,1,0,1
105254,105254,Arjun Poojary,35,10,1,0,1
105255,105255,Manjunath Reddy,62,8,1,0,1
105256,105256,Fathima Pinto,57,4,1,0,2
105257,105257,Shalini Hiremath,63,2,1,0,2
105258,105258,Ganesh Bhat,64,9,1,0,1
105259,105259,Girish Kulkarni,64,1,1,0,1
105260,105260,Sowmya Achar,57,9,1,0,2
105261,105261,Suresh Rao,26,4,1,0,1
105262,105262,Manoj Shetty,66,9,1,0,1
105263,105263,Fathima Desai,36,1,1,0,2
105264,105264,Nagaraj Shetty,46,1,1,0,1
105265,105265,Salim Desai,56,4,1,0,1
105266,105266,Lakshmi Naik,21,7,1,0,2
105267,105267,Anil Desai,33,1,2,0,1
105268,105268,Deepa Bhat,54,3,1,0,2
105269,105269,Mahesh Poojary,43,9,1,0,1
105270,105270,Chandru Hegde,66,9,3,0,1
105271,105271,Ashok Desai,35,7,1,0,1
105272,105272,Sneha Merchant,22,7,1,0,2
105273,105273,Ashok Pinto,25,4,1,0,1
105274,105274,Farhan Bhat,66,4,2,0,1
105275,105275,Ashok Sait,69,7,1,0,1
105276,105276,Yogesh Khan,27,9,3,0,1
105277,105277,Pooja Poojary,42,2,1,0,2
105278,105278,Vijay Hegde,42,7,1,0,1
105279,105279,Geeta Bhat,72,6,1,0,2
105280,105280,Manjunath Gowda,26,4,1,0,1
105281,105281,Arjun Merchant,60,1,1,0,1
105282,105282,Farhan Kulkarni,38,9,1,0,1
105283,105283,Ganesh Achar,50,5,1,0,1
105284,105284,Ashok Merchant,46,6,1,0,1
105285,105285,Ravi D'Souza,47,6,1,0,1
105286,105286,Fathima Bhat,43,3,1,0,2
105287,105287,Shilpa Poojary,29,7,2,0,2
105288,105288,Harish Patil,35,5,1,0,1
105289,105289,Deepa Sait,50,1,1,0,2
105290,105290,Kusuma Khan,23,6,1,0,2
105291,105291,Srinivas Patil,61,6,1,0,1
105292,105292,Girish Sait,48,4,1,0,1
105293,105293,Suresh Reddy,54,3,1,0,1
105294,105294,Anita Hiremath,70,4,2,0,2
105295,105295,Mary Rao,54,9,1,0,2
105296,105296,Arjun Nayak,70,1,1,0,1
105297,105297,Manjunath Nayak,66,1,1,0,1
105298,105298,Fathima Shetty,32,8,1,0,2
105299,105299,Mary D'Souza,71,3,1,0,2
105300,105300,Chandru Pinto,65,6,1,0,1
105301,105301,Salim Khan,71,6,1,0,1
105302,105302,Pooja Gowda,37,8,1,0,2
105303,105303,Anita Patil,32,3,1,0,2
105304,105304,Anil Poojary,61,4,1,0,1
105305,105305,Pooja Achar,24,6,1,0,2
105306,105306,Ravi Hiremath,58,8,1,0,1
105307,105307,Sneha D'Souza,58,5,1,0,2
105308,105308,Lakshmi Desai,49,9,1,0,2
105309,105309,Shilpa Kulkarni,34,1,7,0,2
105310,105310,Anita Bhat,36,5,1,0,2
105311,105311,Shalini Poojary,34,5,1,0,2
105312,105312,Ashok Kulkarni,26,7,1,0,1
105313,105313,Ravi Bhat,27,2,1,0,1
105314,105314,Prakash Kumar,32,5,1,0,1
105315,105315,Rajesh Desai,54,8,2,0,1
105316,105316,Deepa Patil,70,5,2,0,2
105317,105317,Naveen Rao,56,4,7,0,1
105318,105318,Yogesh Khan,18,4,2,0,1
105319,105319,Deepa Shetty,32,8,1,0,2
105320,105320,Lakshmi Hegde,44,4,1,0,2
105321,105321,Arjun Kulkarni,42,3,1,0,1
105322,105322,Dinesh Kumar,57,4,1,0,1
105323,105323,Nandini Bhat,65,2,1,0,2
105324,105324,Vijay Kulkarni,42,3,2,0,1
105325,105325,Pooja Naik,47,4,1,0,2
105326,105326,Chandru Merchant,53,2,1,0,1
105327,105327,Imran Pinto,33,1,1,0,1
105328,105328,Dinesh Rao,43,1,1,0,1
105329,105329,Priya Kulkarni,42,5,2,0,2
105330,105330,Girish Bhat,59,6,1,0,1
105331,105331,Vinod Poojary,36,6,1,0,1
105332,105332,Salim Kumar,72,4,1,0,1
105333,105333,Kusuma Naik,30,7,2,0,2
105334,105334,Ashok Bhat,68,3,1,0,1
105335,105335,Kiran Patil,41,1,1,0,1
105336,105336,Imran Naik,55,5,1,0,1
105337,105337,Swathi D'Souza,45,1,1,0,2
105338,105338,Salim Bhat,50,8,1,0,1
105339,105339,Mahesh Poojary,50,8,1,0,1
105340,105340,Kusuma Sait,23,6,1,0,2
105341,105341,Arjun Kulkarni,30,4,3,0,1
105342,105342,Srinivas Patil,61,8,1,0,1
105343,105343,Imran Gowda,39,3,1,0,1
105344,105344,Anthony Pinto,55,2,1,0,1
105345,105345,Yogesh Reddy,48,6,1,0,1
105346,105346,Sunita Patil,62,8,3,0,2
105347,105347,Basavaraj Nayak,42,6,1,0,1
105348,105348,Salim Merchant,46,2,1,0,1
105349,105349,Vidya D'Souza,46,3,1,0,2
105350,105350,Sunita Shetty,52,9,1,0,2
105351,105351,Divya Hiremath,54,3,1,0,2
105352,105352,Kusuma Poojary,34,9,1,0,2
105353,105353,Roopa D'Souza,54,1,1,0,2
105354,105354,Rajesh Khan,38,7,1,0,1
105355,105355,Ashok D'Souza,56,4,1,0,1
105356,105356,Girish Rao,22,6,1,0,1
105357,105357,Ramesh Patil,30,2,1,0,1
105358,105358,Pooja Nayak,56,1,1,0,2
105359,105359,Ganesh Kulkarni,42,9,1,0,1
105360,105360,Nandini Merchant,53,4,2,0,2
105361,105361,Shilpa Kumar,35,9,1,0,2
105362,105362,Ramesh Desai,30,4,1,0,1
105363,105363,Rajesh Achar,29,7,1,0,1
105364,105364,Girish Merchant,54,6,1,0,1
105365,105365,Ravi Kulkarni,26,1,1,0,1
105366,105366,Yogesh Shetty,44,3,1,0,1
105367,105367,Swathi Shetty,24,2,2,0,2
105368,105368,Iqbal Merchant,44,6,1,0,1
105369,105369,Rekha Pinto,35,4,1,0,2
105370,105370,Sunita Rao,36,4,2,0,2
105371,105371,Girish Reddy,45,6,1,0,1
105372,105372,Arjun Kumar,49,6,1,0,1
105373,105373,Suresh Poojary,64,9,2,0,1
105374,105374,Prakash Khan,60,9,1,0,1
105375,105375,Mahesh Khan,54,4,1,0,1
105376,105376,Mary Pinto,61,10,1,0,2
105377,105377,Vidya Hiremath,58,2,2,0,2
105378,105378,Ashok Shetty,65,5,1,0,1
105379,105379,Kiran Pinto,42,4,1,0,1
105380,105380,Joseph Merchant,47,5,1,0,1
105381,105381,Ramesh Poojary,25,9,1,0,1
105382,105382,Imran Hegde,57,9,1,0,1
105383,105383,Mary Patil,66,9,1,0,2
105384,105384,Kiran Sait,43,9,2,0,1
105385,105385,Priya Khan,22,2,1,0,2
105386,105386,Girish D'Souza,29,1,1,0,1
105387,105387,Iqbal Shetty,29,9,1,0,1
105388,105388,Naveen Merchant,69,6,2,0,1
105389,105389,Vidya Rao,65,3,1,0,2
105390,105390,Sneha Kumar,38,9,1,0,2
105391,105391,Ganesh Pinto,58,1,1,0,1
105392,105392,Naveen Poojary,68,4,1,0,1
105393,105393,Nagaraj Shetty,60,9,2,0,1
105394,105394,Deepa Gowda,26,7,1,0,2
105395,105395,Nandini Naik,37,5,1,0,2
105396,105396,Anil Shetty,21,5,1,0,1
105397,105397,Vidya Bhat,28,6,2,0,2
105398,105398,Rekha Gowda,23,3,1,0,2
105399,105399,Harish Hiremath,55,5,1,0,1
105400,105400,Manjunath Kumar,46,9,1,0,1
105401,105401,Manjunath Kumar,35,4,1,0,1
105402,105402,Ramesh Kulkarni,58,8,1,0,1
105403,105403,Joseph Bhat,36,3,3,0,1
105404,105404,Iqbal Merchant,39,7,1,0,1
105405,105405,Manjunath D'Souza,42,10,1,0,1
105406,105406,Kavya Kumar,64,5,1,0,2
105407,105407,Kiran Hiremath,52,10,1,0,1
105408,105408,Anil Khan,37,9,2,0,1
105409,105409,Shilpa Achar,30,2,1,0,2
105410,105410,Vinod Desai,29,3,1,0,1
105411,105411,Ashok Reddy,53,8,1,0,1
105412,105412,Anita Patil,49,6,1,0,2
105413,105413,Sneha Desai,40,6,1,0,2
105414,105414,Srinivas Nayak,25,1,1,0,1
105415,105415,Girish Patil,42,4,1,0,1
105416,105416,Salim Pinto,21,6,1,0,1
105417,105417,Mahesh Rao,42,5,2,0,1
105418,105418,Shalini Desai,29,9,1,0,2
105419,105419,Naveen Shetty,44,2,1,0,1
105420,105420,Ramesh Naik,18,10,1,0,1
105421,105421,Fathima Reddy,22,8,1,0,2
105422,105422,Swathi Reddy,68,5,1,0,2
105423,105423,Nagaraj Merchant,23,4,1,0,1
105424,105424,Ananya Desai,51,2,1,0,2
105425,105425,Lakshmi Pinto,56,4,1,0,2
105426,105426,Naveen Kulkarni,35,5,1,0,1
105427,105427,Sneha Sait,26,4,1,0,2
105428,105428,Mary Kulkarni,31,6,1,0,2
105429,105429,Salim Gowda,28,1,2,0,1
105430,105430,Anita Sait,63,1,1,0,2
105431,105431,Ananya Rao,46,6,1,0,2
105432,105432,Srinivas Kulkarni,57,2,1,0,1
105433,105433,Ramesh D'Souza,45,9,1,0,1
105434,105434,Anthony Pinto,24,4,1,0,1
105435,105435,Nandini Achar,48,1,1,0,2
105436,105436,Kusuma Sait,29,2,1,0,2
105437,105437,Shalini Sait,47,6,2,0,2
105438,105438,Deepa Pinto,39,2,1,0,2
105439,105439,Chandru Desai,48,6,1,0,1
105440,105440,Anthony Desai,32,8,1,0,1
105441,105441,Yogesh Patil,59,5,2,0,1
105442,105442,Swathi Rao,69,7,2,0,2
105443,105443,Rekha Desai,71,5,1,0,2
105444,105444,Nagaraj Hiremath,52,4,1,0,1
105445,105445,Vijay Khan,26,1,1,0,1
105446,105446,Arjun Pinto,23,2,1,0,1
105447,105447,Lakshmi Rao,58,2,1,0,2
105448,105448,Ashok Hegde,69,4,1,0,1
105449,105449,Kavya Khan,61,9,1,0,2
105450,105450,Kavya Desai,36,7,1,0,2
105451,105451,Mahesh Bhat,31,4,1,0,1
105452,105452,Farhan Patil,30,4,1,0,1
105453,105453,Suresh Patil,22,3,6,0,1
105454,105454,Geeta Kumar,36,10,1,0,2
105455,105455,Manoj Sait,45,7,1,0,1
105456,105456,Shilpa Hegde,63,4,2,0,2
105457,105457,Mahesh Naik,67,6,2,0,1
105458,105458,Kiran Pinto,18,8,1,0,1
105459,105459,Geeta Merchant,28,10,1,0,2
105460,105460,Sneha Patil,40,2,2,0,2
105461,105461,Radha Patil,19,6,2,0,2
105462,105462,Dinesh Merchant,44,9,1,0,1
105463,105463,Sunita Kulkarni,19,2,3,0,2
105464,105464,Farhan Gowda,21,8,1,0,1
105465,105465,Anil Achar,44,3,2,0,1
105466,105466,Nagaraj D'Souza,34,10,1,0,1
105467,105467,Vijay Naik,48,5,1,0,1
105468,105468,Roopa Sait,40,8,2,0,2
105469,105469,Pooja Hegde,48,4,1,0,2
105470,105470,Joseph Gowda,38,3,1,0,1
105471,105471,Naveen D'Souza,53,10,1,0,1
105472,105472,Nagaraj Shetty,38,4,1,0,1
105473,105473,Lakshmi Pinto,43,4,2,0,2
105474,105474,Nandini Pinto,63,3,1,0,2
105475,105475,Ravi Sait,31,4,1,0,1
105476,105476,Zoya Reddy,44,6,1,0,2
105477,105477,Pooja Kulkarni,29,9,1,0,2
105478,105478,Meena Achar,61,4,1,0,2
105479,105479,Kavya Desai,72,8,1,0,2
105480,105480,Lakshmi Pinto,46,6,1,0,2
105481,105481,Ramesh Patil,65,5,2,0,1
105482,105482,Meena D'Souza,72,9,1,0,2
105483,105483,Mary D'Souza,42,4,1,0,2
105484,105484,Manoj Khan,48,3,1,0,1
105485,105485,Kiran Merchant,60,6,1,0,1
105486,105486,Geeta Desai,25,4,1,0,2
105487,105487,Geeta Sait,37,4,1,0,2
105488,105488,Rajesh Kumar,61,8,1,0,1
105489,105489,Prakash Khan,49,2,1,0,1
105490,105490,Iqbal Gowda,45,7,1,0,1
105491,105491,Vidya Sait,26,8,1,0,2
105492,105492,Shalini Rao,71,6,1,0,2
105493,105493,Divya Kulkarni,35,5,1,0,2
105494,105494,Swathi Nayak,43,4,1,0,2
105495,105495,Joseph Merchant,24,4,1,0,1
105496,105496,Vinod Pinto,19,8,1,0,1
105497,105497,Iqbal Achar,21,3,1,0,1
105498,105498,Joseph Hegde,42,2,1,0,1
105499,105499,Lakshmi Desai,50,6,2,0,2
105500,105500,Zoya Khan,65,5,1,0,2
105501,105501,Arjun Rao,61,9,1,0,1
105502,105502,Rekha Desai,59,9,1,0,2
105503,105503,Ganesh Achar,51,2,1,0,1
105504,105504,Anthony Naik,56,8,1,0,1
105505,105505,Vidya Naik,28,1,1,0,2
105506,105506,Harish Sait,40,2,1,0,1
105507,105507,Deepa Khan,46,7,1,0,2
105508,105508,Kusuma Merchant,40,9,1,0,2
105509,105509,Shilpa Naik,54,2,1,0,2
105510,105510,Rajesh Khan,47,2,1,0,1
105511,105511,Dinesh Poojary,51,2,1,0,1
105512,105512,Naveen Bhat,52,8,1,0,1
105513,105513,Zoya Gowda,42,2,1,0,2
105514,105514,Suresh Nayak,62,6,2,0,1
105515,105515,Kusuma Gowda,24,9,1,0,2
105516,105516,Ganesh Naik,49,9,1,0,1
105517,105517,Ananya Kumar,58,9,3,0,2
105518,105518,Naveen Kulkarni,70,1,1,0,1
105519,105519,Iqbal Naik,55,5,1,0,1
105520,105520,Basavaraj Kulkarni,60,1,1,0,1
105521,105521,Shalini Hegde,37,4,1,0,2
105522,105522,Vidya Shetty,56,7,1,0,2
105523,105523,Pooja Desai,34,5,1,0,2
105524,105524,Roopa Bhat,46,1,1,0,2
105525,105525,Rajesh Achar,38,4,2,0,1
105526,105526,Girish Merchant,29,4,1,0,1
105527,105527,Kusuma Merchant,57,1,2,0,2
105528,105528,Pooja Hegde,52,4,1,0,2
105529,105529,Iqbal Kulkarni,40,2,1,0,1
105530,105530,Roopa Achar,55,2,1,0,2
105531,105531,Arjun Gowda,20,4,1,0,1
105532,105532,Manoj Gowda,30,7,1,0,1
105533,105533,Kiran Sait,41,9,1,0,1
105534,105534,Basavaraj Hiremath,26,8,1,0,1
105535,105535,Pooja Shetty,72,1,1,0,2
105536,105536,Anthony Shetty,53,4,1,0,1
105537,105537,Swathi Kulkarni,20,6,1,0,2
105538,105538,Mahesh Gowda,37,4,1,0,1
105539,105539,Chandru Nayak,30,1,1,0,1
105540,105540,Roopa Achar,37,5,1,0,2
105541,105541,Mahesh Desai,52,7,1,0,1
105542,105542,Harish Hiremath,63,9,1,0,1
105543,105543,Suresh Naik,58,2,1,0,1
105544,105544,Salim Kumar,45,8,1,0,1
105545,105545,Ramesh Achar,40,4,1,0,1
105546,105546,Meena Patil,44,1,1,0,2
105547,105547,Rajesh Poojary,67,3,1,0,1
105548,105548,Prakash Merchant,39,9,2,0,1
105549,105549,Basavaraj Patil,55,4,2,0,1
105550,105550,Manoj Gowda,35,2,2,0,1
105551,105551,Naveen Shetty,49,7,2,0,1
105552,105552,Shilpa Khan,21,1,1,0,2
105553,105553,Lakshmi Rao,41,8,1,0,2
105554,105554,Mahesh Poojary,70,2,1,0,1
105555,105555,Meena Pinto,44,9,1,0,2
105556,105556,Yogesh Patil,45,9,1,0,1
105557,105557,Swathi Hegde,25,8,5,0,2
105558,105558,Fathima Desai,49,2,1,0,2
105559,105559,Sneha Gowda,27,3,1,0,2
105560,105560,Rekha Shetty,38,2,1,0,2
105561,105561,Rajesh Sait,48,6,1,0,1
105562,105562,Iqbal Khan,19,8,1,0,1
105563,105563,Suresh Rao,28,7,1,0,1
105564,105564,Manjunath Hegde,40,7,1,0,1
105565,105565,Kavya Shetty,22,4,2,0,2
105566,105566,Kavya Kulkarni,25,10,1,0,2
105567,105567,Dinesh Bhat,59,10,1,0,1
105568,105568,Pooja Bhat,57,8,1,0,2
105569,105569,Divya Hegde,38,5,1,0,2
105570,105570,Harish Kumar,30,5,1,0,1
105571,105571,Yogesh Rao,45,1,1,0,1
105572,105572,Arjun Merchant,38,2,1,0,1
105573,105573,Ramesh Reddy,24,1,2,0,1
105574,105574,Arjun Shetty,31,7,1,0,1
105575,105575,Vijay Nayak,25,8,1,0,1
105576,105576,Ravi Desai,52,3,1,0,1
105577,105577,Ramesh Desai,35,8,1,0,1
105578,105578,Ananya Kulkarni,23,9,2,0,2
105579,105579,Ashok Khan,34,4,1,0,1
105580,105580,Kiran Shetty,25,10,1,0,1
105581,105581,Nagaraj Achar,35,2,1,0,1
105582,105582,Suresh Desai,41,1,1,0,1
105583,105583,Farhan D'Souza,64,5,1,0,1
105584,105584,Srinivas Khan,19,1,1,0,1
105585,105585,Nandini Reddy,59,8,1,0,2
105586,105586,Lakshmi Achar,48,7,1,0,2
105587,105587,Deepa Bhat,18,6,1,0,2
105588,105588,Vijay Hiremath,26,5,1,0,1
105589,105589,Chandru Rao,49,4,1,0,1
105590,105590,Manoj Bhat,52,1,1,0,1
105591,105591,Salim Patil,27,1,1,0,1
105592,105592,Iqbal Hegde,23,8,1,0,1
105593,105593,Kavya Sait,49,4,1,0,2
105594,105594,Sneha Rao,52,5,1,0,2
105595,105595,Joseph Sait,51,8,2,0,1
105596,105596,Sowmya Rao,64,4,1,0,2
105597,105597,Mary Naik,54,5,1,0,2
105598,105598,Swathi Kulkarni,62,6,1,0,2
105599,105599,Arjun Khan,36,2,2,0,1
105600,105600,Harish Patil,27,4,1,0,1
105601,105601,Fathima Patil,64,7,1,0,2
105602,105602,Ganesh Kumar,61,9,1,0,1
105603,105603,Shalini Gowda,25,9,1,0,2
105604,105604,Ravi Kumar,57,6,1,0,1
105605,105605,Mary Desai,60,7,1,0,2
105606,105606,Chandru Shetty,57,4,1,0,1
105607,105607,Radha Pinto,61,4,1,0,2
105608,105608,Salim Pinto,51,1,1,0,1
105609,105609,Srinivas Poojary,36,10,1,0,1
105610,105610,Ashok Pinto,31,4,1,0,1
105611,105611,Prakash Reddy,35,10,2,0,1
105612,105612,Anita Shetty,50,8,1,0,2
105613,105613,Geeta Reddy,25,8,1,0,2
105614,105614,Mahesh Nayak,34,9,2,0,1
105615,105615,Ganesh Naik,33,1,2,0,1
105616,105616,Basavaraj Desai,64,8,1,0,1
105617,105617,Iqbal Bhat,69,3,1,0,1
105618,105618,Shilpa Reddy,28,9,1,0,2
105619,105619,Ramesh Hiremath,19,8,1,0,1
105620,105620,Fathima Achar,55,4,1,0,2
105621,105621,Naveen Bhat,54,5,1,0,1
105622,105622,Vidya D'Souza,47,7,1,0,2
105623,105623,Imran Rao,57,1,1,0,1
105624,105624,Arjun Khan,26,7,1,0,1
105625,105625,Zoya Achar,53,6,1,0,2
105626,105626,Anita Pinto,35,7,2,0,2
105627,105627,Sowmya Merchant,48,9,1,0,2
105628,105628,Ravi Nayak,31,7,1,0,1
105629,105629,Joseph Nayak,35,8,1,0,1
105630,105630,Divya Nayak,68,9,2,0,2
105631,105631,Naveen Reddy,20,1,1,0,1
105632,105632,Imran Shetty,31,5,1,0,1
105633,105633,Mary Desai,19,4,1,0,2
105634,105634,Radha Shetty,28,3,2,0,2
105635,105635,Dinesh Kumar,70,4,1,0,1
105636,105636,Radha Poojary,25,7,1,0,2
105637,105637,Nagaraj Merchant,22,6,1,0,1
105638,105638,Lakshmi D'Souza,38,2,1,0,2
105639,105639,Ananya Gowda,69,7,1,0,2
105640,105640,Rekha Desai,68,4,4,0,2
105641,105641,Lakshmi Patil,45,1,1,0,2
105642,105642,Joseph Patil,25,7,1,0,1
105643,105643,Prakash Patil,48,4,1,0,1
105644,105644,Fathima Reddy,65,8,1,0,2
105645,105645,Prakash Nayak,38,6,2,0,1
105646,105646,Iqbal Pinto,69,4,1,0,1
105647,105647,Shalini Nayak,22,10,1,0,2
105648,105648,Farhan Patil,29,8,1,0,1
105649,105649,Chandru Achar,52,3,1,0,1
105650,105650,Kavya Naik,23,5,2,0,2
105651,105651,Dinesh Merchant,33,1,1,0,1
105652,105652,Suresh Kulkarni,51,9,1,0,1
105653,105653,Imran Nayak,58,6,2,0,1
105654,105654,Rajesh Reddy,20,6,1,0,1
105655,105655,Meena Achar,32,8,1,0,2
105656,105656,Ramesh Bhat,28,8,1,0,1
105657,105657,Lakshmi Kulkarni,62,6,1,0,2
105658,105658,Manoj Achar,50,8,1,0,1
105659,105659,Basavaraj Hiremath,63,10,1,0,1
105660,105660,Dinesh Pinto,30,8,1,0,1
105661,105661,Sunita Patil,38,5,1,0,2
105662,105662,Kavya Rao,32,6,1,0,2
105663,105663,Vinod Kumar,60,4,1,0,1
105664,105664,Sowmya Patil,51,1,1,0,2
105665,105665,Kavya Poojary,45,8,1,0,2
105666,105666,Vidya Patil,22,8,1,0,2
105667,105667,Fathima Pinto,43,1,1,0,2
105668,105668,Manoj Kulkarni,28,10,2,0,1
105669,105669,Vidya Desai,56,9,1,0,2
105670,105670,Sneha Kumar,43,4,1,0,2
105671,105671,Geeta Rao,33,4,1,0,2
105672,105672,Fathima Bhat,55,4,1,0,2
105673,105673,Anthony Pinto,34,4,1,0,1
105674,105674,Ramesh D'Souza,43,4,1,0,1
105675,105675,Pooja D'Souza,51,7,1,0,2
105676,105676,Yogesh Kulkarni,32,7,1,0,1
105677,105677,Kavya Gowda,61,7,1,0,2
105678,105678,Meena Shetty,51,4,1,0,2
105679,105679,Kavya Poojary,21,4,1,0,2
105680,105680,Shilpa Bhat,28,9,1,0,2
105681,105681,Ravi Achar,25,2,1,0,1
105682,105682,Anita Desai,43,9,1,0,2
105683,105683,Anil Desai,58,9,1,0,1
105684,105684,Basavaraj Merchant,56,4,1,0,1
105685,105685,Harish Kumar,46,4,2,0,1
105686,105686,Anita Hegde,58,8,1,0,2
105687,105687,Dinesh Gowda,39,4,1,0,1
105688,105688,Fathima Sait,38,8,2,0,2
105689,105689,Ananya Pinto,19,4,1,0,2
105690,105690,Chandru Sait,25,1,2,0,1
105691,105691,Roopa Shetty,58,10,1,0,2
105692,105692,Ramesh Nayak,56,1,1,0,1
105693,105693,Nandini Patil,29,3,3,0,2
105694,105694,Arjun D'Souza,25,4,2,0,1
105695,105695,Basavaraj Reddy,61,9,1,0,1
105696,105696,Lakshmi Poojary,52,3,4,0,2
105697,105697,Sneha D'Souza,51,6,1,0,2
105698,105698,Divya Khan,26,1,3,0,2
105699,105699,Ananya Naik,45,9,1,0,2
105700,105700,Nandini Pinto,45,1,1,0,2
105701,105701,Priya Poojary,41,1,1,0,2
105702,105702,Rajesh Kulkarni,66,4,1,0,1
105703,105703,Srinivas Pinto,20,7,1,0,1
105704,105704,Vidya Shetty,19,2,1,0,2
105705,105705,Kavya Poojary,71,4,1,0,2
105706,105706,Sneha Hiremath,60,4,1,0,2
105707,105707,Vidya Naik,61,2,1,0,2
105708,105708,Ramesh Bhat,50,6,1,0,1
105709,105709,Rajesh Reddy,49,6,2,0,1
105710,105710,Arjun Hegde,40,1,2,0,1
105711,105711,Nagaraj Kumar,27,6,1,0,1
105712,105712,Shalini Naik,46,6,1,0,2
105713,105713,Sneha Hiremath,49,4,1,0,2
105714,105714,Ganesh Pinto,24,8,1,0,1
105715,105715,Ramesh Pinto,22,4,1,0,1
105716,105716,Ananya Bhat,44,9,2,0,2
105717,105717,Nagaraj Pinto,36,9,1,0,1
105718,105718,Dinesh Gowda,27,9,1,0,1
105719,105719,Harish D'Souza,64,2,4,0,1
105720,105720,Kusuma Reddy,30,9,1,0,2
105721,105721,Joseph Gowda,61,7,1,0,1
105722,105722,Manjunath Gowda,46,7,1,0,1
105723,105723,Shalini Desai,38,4,1,0,2
105724,105724,Zoya Hiremath,66,7,1,0,2
105725,105725,Harish Pinto,25,6,1,0,1
105726,105726,Fathima Shetty,47,6,2,0,2
105727,105727,Anita Rao,47,9,1,0,2
105728,105728,Srinivas Sait,45,1,1,0,1
105729,105729,Geeta Gowda,29,4,1,0,2
105730,105730,Vinod Merchant,67,6,1,0,1
105731,105731,Vidya Naik,70,2,1,0,2
105732,105732,Nagaraj Reddy,65,6,1,0,1
105733,105733,Naveen Naik,34,4,2,0,1
105734,105734,Joseph Sait,67,4,1,0,1
105735,105735,Shilpa Poojary,69,9,1,0,2
105736,105736,Mahesh Hiremath,65,6,1,0,1
105737,105737,Naveen Sait,41,9,2,0,1
105738,105738,Nandini Shetty,18,7,2,0,2
105739,105739,Iqbal Hegde,35,5,2,0,1
105740,105740,Ramesh Reddy,64,7,1,0,1
105741,105741,Radha Merchant,57,8,1,0,2
105742,105742,Geeta Kulkarni,44,9,1,0,2
105743,105743,Nandini Patil,31,1,1,0,2
105744,105744,Ganesh Nayak,23,4,1,0,1
105745,105745,Sneha Rao,69,6,1,0,2
105746,105746,Meena Patil,61,9,1,0,2
105747,105747,Rekha Sait,51,5,1,0,2
105748,105748,Imran Gowda,29,7,2,0,1
105749,105749,Basavaraj Patil,68,4,1,0,1
105750,105750,Sunita Merchant,63,10,1,0,2
105751,105751,Rajesh Poojary,48,7,2,0,1
105752,105752,Swathi Rao,61,6,1,0,2
105753,105753,Geeta Poojary,64,4,1,0,2
105754,105754,Srinivas Hiremath,35,4,1,0,1
105755,105755,Nandini Pinto,72,4,1,0,2
105756,105756,Fathima Nayak,53,2,1,0,2
105757,105757,Harish Merchant,23,2,1,0,1
105758,105758,Shalini Gowda,66,4,1,0,2
105759,105759,Ananya Reddy,63,1,1,0,2
105760,105760,Basavaraj Shetty,42,4,1,0,1
105761,105761,Sowmya Kumar,71,7,1,0,2
105762,105762,Anthony Khan,38,4,1,0,1
105763,105763,Kavya Naik,51,8,1,0,2
105764,105764,Nagaraj Desai,55,1,1,0,1
105765,105765,Manjunath Khan,45,4,1,0,1
105766,105766,Shalini Patil,35,3,1,0,2
105767,105767,Manoj Patil,26,9,2,0,1
105768,105768,Kiran D'Souza,49,6,7,0,1
105769,105769,Shalini Patil,40,4,1,0,2
105770,105770,Meena Naik,40,1,1,0,2
105771,105771,Mary Merchant,71,2,1,0,2
105772,105772,Mary Shetty,32,2,1,0,2
105773,105773,Sunita Bhat,70,7,1,0,2
105774,105774,Radha Merchant,44,2,1,0,2
105775,105775,Ananya Hiremath,31,4,1,0,2
105776,105776,Arjun Rao,47,6,1,0,1
105777,105777,Sowmya Nayak,61,1,1,0,2
105778,105778,Mahesh Rao,32,4,1,0,1
105779,105779,Geeta Bhat,39,8,1,0,2
105780,105780,Mary D'Souza,65,1,2,0,2
105781,105781,Pooja Achar,21,9,1,0,2
105782,105782,Prakash Bhat,61,9,1,0,1
105783,105783,Shalini Reddy,47,1,1,0,2
105784,105784,Swathi D'Souza,51,9,2,0,2
105785,105785,Zoya D'Souza,40,4,1,0,2
105786,105786,Kavya Reddy,62,4,1,0,2
105787,105787,Vijay Kumar,28,7,1,0,1
105788,105788,Divya Rao,44,7,1,0,2
105789,105789,Shalini Naik,57,7,1,0,2
105790,105790,Kusuma Achar,36,4,1,0,2
105791,105791,Suresh Bhat,41,9,1,0,1
105792,105792,Ravi Achar,42,6,2,0,1
105793,105793,Shalini Nayak,34,4,1,0,2
105794,105794,Deepa Bhat,26,1,3,0,2
105795,105795,Arjun Desai,72,6,1,0,1
105796,105796,Basavaraj Gowda,43,4,2,0,1
105797,105797,Roopa Poojary,49,9,1,0,2
105798,105798,Farhan Naik,72,7,1,0,1
105799,105799,Priya Patil,63,4,2,0,2
105800,105800,Lakshmi Sait,23,4,1,0,2
105801,105801,Girish Patil,49,10,1,0,1
105802,105802,Vijay Reddy,66,1,1,0,1
105803,105803,Imran Achar,20,3,1,0,1
105804,105804,Lakshmi Poojary,66,4,4,0,2
105805,105805,Joseph Merchant,60,9,1,0,1
105806,105806,Kavya Achar,54,9,1,0,2
105807,105807,Srinivas Kulkarni,56,1,1,0,1
105808,105808,Anil Naik,41,7,1,0,1
105809,105809,Priya Poojary,52,1,1,0,2
105810,105810,Kiran Desai,65,9,2,0,1
105811,105811,Dinesh Shetty,18,5,1,0,1
105812,105812,Dinesh Pinto,48,9,1,0,1
105813,105813,Girish Bhat,66,7,1,0,1
105814,105814,Kiran Gowda,61,5,1,0,1
105815,105815,Vijay Patil,39,4,1,0,1
105816,105816,Kusuma Shetty,67,6,2,0,2
105817,105817,Shilpa Shetty,34,3,2,0,2
105818,105818,Manoj Sait,60,9,1,0,1
105819,105819,Yogesh Hegde,31,4,2,0,1
105820,105820,Girish Hegde,62,2,1,0,1
105821,105821,Imran Kumar,60,7,2,0,1
105822,105822,Ramesh Bhat,30,9,1,0,1
105823,105823,Mahesh Kulkarni,54,3,1,0,1
105824,105824,Meena Hegde,45,5,1,0,2
105825,105825,Lakshmi Kumar,56,5,1,0,2
105826,105826,Mary Desai,27,1,1,0,2
105827,105827,Anita Naik,57,4,1,0,2
105828,105828,Priya Achar,23,9,1,0,2
105829,105829,Fathima Hiremath,27,6,1,0,2
105830,105830,Mahesh Achar,55,2,1,0,1
105831,105831,Meena Patil,18,1,6,0,2
105832,105832,Dinesh Hiremath,23,4,1,0,1
105833,105833,Divya Rao,43,8,1,0,2
105834,105834,Rajesh Naik,35,2,1,0,1
105835,105835,Basavaraj Desai,71,6,2,0,1
105836,105836,Kusuma Sait,58,2,1,0,2
105837,105837,Arjun Reddy,50,4,1,0,1
105838,105838,Nagaraj Kulkarni,21,4,1,0,1
105839,105839,Pooja Pinto,43,6,2,0,2
105840,105840,Priya Patil,64,6,1,0,2
105841,105841,Dinesh Naik,44,9,1,0,1
105842,105842,Sneha Rao,39,7,1,0,2
105843,105843,Kavya D'Souza,40,8,1,0,2
105844,105844,Lakshmi Hiremath,63,4,1,0,2
105845,105845,Farhan D'Souza,68,7,2,0,1
105846,105846,Divya Kumar,28,4,1,0,2
105847,105847,Farhan Merchant,40,8,1,0,1
105848,105848,Harish Shetty,50,6,1,0,1
105849,105849,Ramesh Patil,62,4,1,0,1
105850,105850,Zoya Naik,54,6,1,0,2
105851,105851,Farhan Desai,46,9,1,0,1
105852,105852,Mary Bhat,53,8,1,0,2
105853,105853,Sowmya Patil,23,1,1,0,2
105854,105854,Manoj Patil,71,8,1,0,1
105855,105855,Suresh Pinto,26,5,1,0,1
105856,105856,Srinivas Naik,38,8,2,0,1
105857,105857,Priya Desai,52,8,3,0,2
105858,105858,Kavya Rao,51,1,1,0,2
105859,105859,Prakash Khan,51,6,1,0,1
105860,105860,Vinod Merchant,37,7,1,0,1
105861,105861,Joseph Pinto,67,7,1,0,1
105862,105862,Shilpa Patil,46,10,2,0,2
105863,105863,Ravi Rao,18,4,1,0,1
105864,105864,Manjunath Naik,43,6,1,0,1
105865,105865,Srinivas Kumar,55,4,1,0,1
105866,105866,Sunita Hegde,57,8,1,0,2
105867,105867,Srinivas Patil,57,7,1,0,1
105868,105868,Meena D'Souza,32,8,1,0,2
105869,105869,Swathi Sait,46,4,2,0,2
105870,105870,Rekha Kulkarni,27,1,1,0,2
105871,105871,Farhan Kulkarni,25,5,1,0,1
105872,105872,Harish Reddy,39,1,1,0,1
105873,105873,Shalini Hegde,20,2,1,0,2
105874,105874,Nagaraj Pinto,46,4,1,0,1
105875,105875,Mahesh Merchant,38,2,1,0,1
105876,105876,Kavya Sait,67,4,1,0,2
105877,105877,Swathi Hegde,23,5,2,0,2
105878,105878,Shilpa Pinto,58,10,1,0,2
105879,105879,Basavaraj Patil,40,7,1,0,1
105880,105880,Girish Merchant,48,2,1,0,1
105881,105881,Salim Patil,20,8,1,0,1
105882,105882,Roopa D'Souza,20,4,3,0,2
105883,105883,Kiran Pinto,26,6,1,0,1
105884,105884,Divya Merchant,58,5,1,0,2
105885,105885,Farhan Naik,28,1,1,0,1
105886,105886,Divya Shetty,66,9,1,0,2
105887,105887,Kusuma Achar,21,1,1,0,2
105888,105888,Arjun Shetty,42,2,1,0,1
105889,105889,Srinivas Gowda,66,10,1,0,1
105890,105890,Anita Poojary,62,8,1,0,2
105891,105891,Mary Gowda,49,5,1,0,2
105892,105892,Anthony Poojary,31,4,1,0,1
105893,105893,Yogesh D'Souza,41,2,2,0,1
105894,105894,Roopa Gowda,46,4,2,0,2
105895,105895,Ganesh Rao,45,2,1,0,1
105896,105896,Ashok Merchant,68,1,2,0,1
105897,105897,Priya Poojary,59,5,1,0,2
105898,105898,Kiran Reddy,36,4,1,0,1
105899,105899,Fathima Desai,68,4,1,0,2
105900,105900,Srinivas Kumar,44,9,2,0,1
105901,105901,Shilpa Poojary,53,1,1,0,2
105902,105902,Ananya Gowda,57,2,1,0,2
105903,105903,Geeta Poojary,54,4,1,0,2
105904,105904,Sowmya Poojary,19,2,3,0,2
105905,105905,Shilpa Kumar,28,4,1,0,2
105906,105906,Girish Hegde,23,9,1,0,1
105907,105907,Priya Reddy,43,4,1,0,2
105908,105908,Sunita Hiremath,45,1,1,0,2
105909,105909,Anil Khan,36,7,1,0,1
105910,105910,Manjunath Merchant,28,4,1,0,1
105911,105911,Rekha Pinto,67,6,1,0,2
105912,105912,Kusuma Rao,28,3,1,0,2
105913,105913,Manoj Hegde,31,1,1,0,1
105914,105914,Anthony Kulkarni,41,3,6,0,1
105915,105915,Nandini Kumar,26,4,1,0,2
105916,105916,Girish Rao,60,1,1,0,1
105917,105917,Shalini Khan,37,2,1,0,2
105918,105918,Ashok Pinto,19,3,1,0,1
105919,105919,Naveen Rao,20,9,1,0,1
105920,105920,Yogesh Bhat,50,8,1,0,1
105921,105921,Ananya Hiremath,47,5,1,0,2
105922,105922,Girish Nayak,36,9,1,0,1
105923,105923,Nandini Poojary,46,7,1,0,2
105924,105924,Sowmya Rao,52,2,1,0,2
105925,105925,Manjunath Reddy,41,5,1,0,1
105926,105926,Joseph D'Souza,44,9,1,0,1
105927,105927,Meena Pinto,67,4,1,0,2
105928,105928,Meena Gowda,65,8,1,0,2
105929,105929,Meena D'Souza,59,4,1,0,2
105930,105930,Rekha Hegde,32,9,1,0,2
105931,105931,Mary Reddy,62,4,1,0,2
105932,105932,Kusuma Rao,53,2,1,0,2
105933,105933,Rajesh Achar,27,8,2,0,1
105934,105934,Pooja Bhat,56,3,1,0,2
105935,105935,Fathima Poojary,22,1,1,0,2
105936,105936,Rajesh Patil,63,3,1,0,1
105937,105937,Vidya Patil,69,8,1,0,2
105938,105938,Mahesh Rao,31,4,1,0,1
105939,105939,Harish Hegde,23,10,1,0,1
105940,105940,Radha Kumar,68,7,1,0,2
105941,105941,Nandini Nayak,25,4,1,0,2
105942,105942,Salim Bhat,34,9,1,0,1
105943,105943,Prakash Hiremath,31,6,1,0,1
105944,105944,Suresh Hegde,68,8,1,0,1
105945,105945,Zoya Pinto,65,4,1,0,2
105946,105946,Rajesh Shetty,67,4,1,0,1
105947,105947,Nandini Desai,29,8,2,0,2
105948,105948,Ganesh Pinto,33,4,2,0,1
105949,105949,Nandini Reddy,36,4,1,0,2
105950,105950,Farhan Poojary,21,3,4,0,1
105951,105951,Vidya Rao,65,9,1,0,2
105952,105952,Pooja Patil,47,10,1,0,2
105953,105953,Priya Kumar,25,4,1,0,2
105954,105954,Mary Pinto,27,2,1,0,2
105955,105955,Deepa Desai,33,4,1,0,2
105956,105956,Mahesh Sait,26,4,4,0,1
105957,105957,Kavya Nayak,22,9,1,0,2
105958,105958,Sunita Kumar,57,5,1,0,2
105959,105959,Nagaraj Desai,25,4,1,0,1
105960,105960,Divya Rao,27,8,1,0,2
105961,105961,Harish Merchant,36,8,1,0,1
105962,105962,Rajesh Desai,28,3,1,0,1
105963,105963,Salim Reddy,41,7,1,0,1
105964,105964,Vidya Pinto,52,8,1,0,2
105965,105965,Sneha Patil,72,6,1,0,2
105966,105966,Ramesh Nayak,39,4,1,0,1
105967,105967,Harish Desai,24,1,2,0,1
105968,105968,Manjunath Pinto,31,8,1,0,1
105969,105969,Suresh Nayak,33,4,1,0,1
105970,105970,Swathi Khan,56,4,1,0,2
105971,105971,Sowmya Desai,48,9,1,0,2
105972,105972,Swathi Hegde,64,1,1,0,2
105973,105973,Divya Desai,57,1,1,0,2
105974,105974,Mary Poojary,48,5,1,0,2
105975,105975,Swathi Rao,48,9,1,0,2
105976,105976,Prakash Naik,37,4,1,0,1
105977,105977,Ganesh Hiremath,40,2,1,0,1
105978,105978,Anthony Hiremath,56,3,1,0,1
105979,105979,Joseph Poojary,49,6,1,0,1
105980,105980,Girish Bhat,68,8,1,0,1
105981,105981,Manjunath Sait,45,6,1,0,1
105982,105982,Anita Kulkarni,42,6,1,0,2
105983,105983,Vidya Khan,50,3,1,0,2
105984,105984,Ashok Poojary,66,8,1,0,1
105985,105985,Priya Achar,24,9,1,0,2
105986,105986,Kiran Patil,50,2,1,0,1
105987,105987,Geeta Shetty,51,1,2,0,2
105988,105988,Lakshmi Naik,25,9,1,0,2
105989,105989,Iqbal Kulkarni,71,4,1,0,1
105990,105990,Lakshmi Hegde,42,4,1,0,2
105991,105991,Prakash Bhat,55,1,1,0,1
105992,105992,Shilpa Hiremath,47,6,1,0,2
105993,105993,Roopa Merchant,21,9,2,0,2
105994,105994,Geeta Gowda,45,1,1,0,2
105995,105995,Nandini Gowda,66,7,1,0,2
105996,105996,Yogesh Naik,54,5,3,0,1
105997,105997,Salim Bhat,53,9,1,0,1
105998,105998,Harish Bhat,30,9,1,0,1
105999,105999,Ananya Merchant,24,3,1,0,2
106000,106000,Basavaraj Patil,63,2,1,0,1
106001,106001,Ananya Kulkarni,52,8,1,0,2
106002,106002,Ananya Reddy,34,7,1,0,2
106003,106003,Ravi Hegde,46,5,2,0,1
106004,106004,Ananya Reddy,21,5,1,0,2
106005,106005,Vijay Naik,53,2,1,0,1
106006,106006,Divya Gowda,32,1,1,0,2
106007,106007,Priya Khan,53,1,2,0,2
106008,106008,Kavya Reddy,64,4,1,0,2
106009,106009,Arjun Kulkarni,35,3,1,0,1
106010,106010,Chandru Poojary,45,7,1,0,1
106011,106011,Ganesh Achar,52,9,1,0,1
106012,106012,Nandini Patil,20,1,1,0,2
106013,106013,Ganesh Sait,35,9,2,0,1
106014,106014,Yogesh Naik,22,6,1,0,1
106015,106015,Dinesh Pinto,36,7,1,0,1
106016,106016,Chandru Rao,61,9,1,0,1
106017,106017,Yogesh Sait,64,4,1,0,1
106018,106018,Girish Gowda,69,1,1,0,1
106019,106019,Harish Kulkarni,37,1,1,0,1
106020,106020,Roopa Achar,24,1,1,0,2
106021,106021,Salim Hegde,49,10,1,0,1
106022,106022,Ramesh Hegde,46,8,1,0,1
106023,106023,Sneha Khan,38,3,1,0,2
106024,106024,Rekha Shetty,27,1,1,0,2
106025,106025,Ananya D'Souza,66,2,2,0,2
106026,106026,Prakash Desai,46,6,1,0,1
106027,106027,Chandru Rao,66,9,1,0,1
106028,106028,Manjunath Reddy,56,5,1,0,1
106029,106029,Priya Pinto,68,1,1,0,2
106030,106030,Ravi Sait,60,7,1,0,1
106031,106031,Anil D'Souza,57,3,1,0,1
106032,106032,Pooja Hiremath,54,7,1,0,2
106033,106033,Vinod Patil,37,3,2,0,1
106034,106034,Kusuma Nayak,18,10,1,0,2
106035,106035,Suresh Hegde,61,3,1,0,1
106036,106036,Manoj Reddy,20,3,1,0,1
106037,106037,Mary Pinto,47,4,3,0,2
106038,106038,Salim Bhat,42,1,1,0,1
106039,106039,Suresh Naik,36,7,1,0,1
106040,106040,Sowmya Naik,69,2,1,0,2
106041,106041,Ananya Hegde,31,5,1,0,2
106042,106042,Manjunath Merchant,22,1,1,0,1
106043,106043,Sowmya Achar,38,4,1,0,2
106044,106044,Harish Sait,65,4,1,0,1
106045,106045,Zoya Sait,60,6,1,0,2
106046,106046,Anil Merchant,30,4,1,0,1
106047,106047,Rajesh Sait,52,6,2,0,1
106048,106048,Arjun Desai,34,5,1,0,1
106049,106049,Vinod Rao,53,4,1,0,1
106050,106050,Vinod Poojary,64,8,1,0,1
106051,106051,Ravi D'Souza,20,7,1,0,1
106052,106052,Divya Reddy,24,2,2,0,2
106053,106053,Anthony Hiremath,20,9,1,0,1
106054,106054,Sneha Desai,23,1,2,0,2
106055,106055,Deepa Kulkarni,31,6,1,0,2
106056,106056,Ashok Shetty,47,4,2,0,1
106057,106057,Rajesh Gowda,49,4,1,0,1
106058,106058,Kavya Merchant,66,4,1,0,2
106059,106059,Anil Reddy,53,5,1,0,1
106060,106060,Nandini Merchant,58,5,1,0,2
106061,106061,Dinesh Reddy,25,3,1,0,1
106062,106062,Harish Shetty,21,7,1,0,1
106063,106063,Mahesh Naik,20,5,2,0,1
106064,106064,Zoya Pinto,42,5,1,0,2
106065,106065,Dinesh Hegde,46,2,1,0,1
106066,106066,Basavaraj Rao,26,4,1,0,1
106067,106067,Shilpa Pinto,57,6,1,0,2
106068,106068,Sunita Bhat,40,2,1,0,2
106069,106069,Priya Rao,47,2,1,0,2
106070,106070,Vinod Patil,64,8,1,0,1
106071,106071,Zoya Shetty,56,8,1,0,2
106072,106072,Kavya Achar,27,6,1,0,2
106073,106073,Fathima Achar,52,8,1,0,2
106074,106074,Dinesh Desai,71,1,1,0,1
106075,106075,Vinod Poojary,50,8,1,0,1
106076,106076,Fathima Gowda,39,6,1,0,2
106077,106077,Sneha Achar,56,8,1,0,2
106078,106078,Radha Rao,22,7,1,0,2
106079,106079,Dinesh Kulkarni,53,9,1,0,1
106080,106080,Priya Pinto,66,9,2,0,2
106081,106081,Basavaraj Khan,72,1,1,0,1
106082,106082,Joseph Pinto,29,4,2,0,1
106083,106083,Rajesh Patil,55,9,1,0,1
106084,106084,Sunita Kulkarni,37,6,1,0,2
106085,106085,Deepa Hegde,53,7,2,0,2
106086,106086,Basavaraj Pinto,19,4,1,0,1
106087,106087,Lakshmi Achar,45,3,1,0,2
106088,106088,Arjun Khan,28,1,1,0,1
106089,106089,Nagaraj D'Souza,55,2,1,0,1
106090,106090,Vijay Gowda,42,1,1,0,1
106091,106091,Rekha Merchant,67,3,1,0,2
106092,106092,Meena Naik,51,6,1,0,2
106093,106093,Arjun Gowda,20,10,1,0,1
106094,106094,Meena Rao,25,6,1,0,2
106095,106095,Farhan Desai,62,3,2,0,1
106096,106096,Anil Kumar,36,4,2,0,1
106097,106097,Srinivas Reddy,55,4,2,0,1
106098,106098,Ravi Rao,43,6,1,0,1
106099,106099,Manoj Reddy,71,1,1,0,1
106100,106100,Naveen Kumar,41,4,2,0,1
106101,106101,Shilpa Patil,44,2,1,0,2
106102,106102,Yogesh D'Souza,23,10,1,0,1
106103,106103,Vidya Hiremath,22,8,1,0,2
106104,106104,Salim Achar,47,2,1,0,1
106105,106105,Sowmya Gowda,38,4,1,0,2
106106,106106,Mahesh Shetty,27,7,7,0,1
106107,106107,Ramesh Bhat,43,9,2,0,1
106108,106108,Rajesh Merchant,42,2,1,0,1
106109,106109,Ravi Rao,19,8,2,0,1
106110,106110,Girish Hiremath,65,9,1,0,1
106111,106111,Kiran Kulkarni,43,8,1,0,1
106112,106112,Rajesh Khan,55,4,1,0,1
106113,106113,Anthony Reddy,46,5,1,0,1
106114,106114,Manjunath Gowda,54,3,1,0,1
106115,106115,Fathima Achar,27,2,1,0,2
106116,106116,Joseph D'Souza,59,4,1,0,1
106117,106117,Fathima D'Souza,70,10,1,0,2
106118,106118,Prakash Desai,56,3,1,0,1
106119,106119,Ramesh Rao,55,9,1,0,1
106120,106120,Naveen Khan,51,8,2,0,1
106121,106121,Lakshmi Merchant,26,2,2,0,2
106122,106122,Mahesh Patil,25,1,2,0,1
106123,106123,Suresh Khan,59,8,1,0,1
106124,106124,Prakash Naik,30,7,1,0,1
106125,106125,Manjunath Bhat,32,1,1,0,1
106126,106126,Swathi Gowda,25,6,1,0,2
106127,106127,Sneha D'Souza,47,9,1,0,2
106128,106128,Roopa Sait,67,9,1,0,2
106129,106129,Kusuma Hiremath,49,4,1,0,2
106130,106130,Fathima Achar,41,4,1,0,2
106131,106131,Mary Sait,31,4,2,0,2
106132,106132,Mary Kumar,55,4,2,0,2
106133,106133,Shilpa Bhat,64,1,1,0,2
106134,106134,Rekha Desai,63,4,1,0,2
106135,106135,Zoya Pinto,71,4,1,0,2
106136,106136,Vidya Poojary,20,9,1,0,2
106137,106137,Basavaraj Hiremath,66,4,1,0,1
106138,106138,Deepa Desai,63,6,1,0,2
106139,106139,Rajesh D'Souza,21,8,1,0,1
106140,106140,Dinesh Shetty,46,9,1,0,1
106141,106141,Sowmya Achar,22,6,1,0,2
106142,106142,Yogesh Kumar,22,4,2,0,1
106143,106143,Sowmya Sait,57,8,1,0,2
106144,106144,Shalini D'Souza,41,9,1,0,2
106145,106145,Vinod Achar,63,1,1,0,1
106146,106146,Vidya D'Souza,21,5,1,0,2
106147,106147,Pooja Sait,48,9,2,0,2
106148,106148,Ananya Nayak,20,8,1,0,2
106149,106149,Naveen Merchant,61,1,1,0,1
106150,106150,Fathima Shetty,40,7,1,0,2
106151,106151,Srinivas Desai,49,5,1,0,1
106152,106152,Nandini Pinto,71,3,1,0,2
106153,106153,Sowmya Desai,32,10,1,0,2
106154,106154,Anil Merchant,50,9,1,0,1
106155,106155,Anthony Kumar,52,2,1,0,1
106156,106156,Anil Naik,40,3,1,0,1
106157,106157,Pooja Reddy,69,4,1,0,2
106158,106158,Salim Poojary,46,1,1,0,1
106159,106159,Sunita Khan,31,2,1,0,2
106160,106160,Iqbal Merchant,68,8,1,0,1
106161,106161,Zoya Achar,33,9,1,0,2
106162,106162,Anil Gowda,59,8,1,0,1
106163,106163,Deepa Patil,22,4,1,0,2
106164,106164,Manjunath Rao,62,1,1,0,1
106165,106165,Salim Desai,31,2,1,0,1
106166,106166,Radha Sait,30,4,1,0,2
106167,106167,Shalini Reddy,47,1,1,0,2
106168,106168,Deepa Bhat,22,3,2,0,2
106169,106169,Sowmya Hiremath,53,4,1,0,2
106170,106170,Chandru Pinto,46,1,1,0,1
106171,106171,Joseph Reddy,47,1,1,0,1
106172,106172,Ananya Achar,38,7,1,0,2
106173,106173,Yogesh Desai,44,1,1,0,1
106174,106174,Vijay Kumar,64,1,1,0,1
106175,106175,Chandru Sait,54,9,1,0,1
106176,106176,Ashok Patil,30,4,1,0,1
106177,106177,Girish Patil,22,8,2,0,1
106178,106178,Ashok D'Souza,30,3,3,0,1
106179,106179,Vijay Pinto,45,1,1,0,1
106180,106180,Rekha Reddy,21,7,1,0,2
106181,106181,Nandini Bhat,24,6,1,0,2
106182,106182,Vinod Bhat,24,4,1,0,1
106183,106183,Kusuma Patil,21,1,1,0,2
106184,106184,Nandini Nayak,61,7,1,0,2
106185,106185,Roopa Sait,40,5,1,0,2
106186,106186,Manjunath Pinto,52,6,1,0,1
106187,106187,Nandini Naik,27,4,1,0,2
106188,106188,Ananya Pinto,65,3,1,0,2
106189,106189,Chandru Hiremath,59,2,1,0,1
106190,106190,Mahesh Kulkarni,63,5,1,0,1
106191,106191,Yogesh Merchant,42,1,1,0,1
106192,106192,Anthony Achar,33,4,1,0,1
106193,106193,Vinod Gowda,37,1,1,0,1
106194,106194,Vijay Naik,62,4,1,0,1
106195,106195,Kusuma Kumar,21,3,1,0,2
106196,106196,Anthony Gowda,41,3,1,0,1
106197,106197,Deepa Nayak,30,2,1,0,2
106198,106198,Radha Naik,32,4,2,0,2
106199,106199,Salim Naik,18,2,1,0,1
106200,106200,Manjunath Reddy,52,4,1,0,1
106201,106201,Manoj Patil,53,6,2,0,1
106202,106202,Sunita Merchant,60,6,1,0,2
106203,106203,Rajesh D'Souza,28,3,1,0,1
106204,106204,Kusuma Naik,18,1,1,0,2
106205,106205,Fathima Shetty,31,6,1,0,2
106206,106206,Meena Kumar,27,7,1,0,2
106207,106207,Anil Hiremath,53,3,1,0,1
106208,106208,Imran Poojary,49,6,1,0,1
106209,106209,Rekha Kumar,59,6,1,0,2
106210,106210,Kusuma Nayak,65,4,1,0,2
106211,106211,Farhan Poojary,35,3,1,0,1
106212,106212,Vinod Sait,60,8,2,0,1
106213,106213,Fathima Hegde,31,7,1,0,2
106214,106214,Mary Achar,47,5,1,0,2
106215,106215,Mahesh Kumar,42,4,1,0,1
106216,106216,Manjunath Desai,57,2,1,0,1
106217,106217,Shalini Desai,19,5,4,0,2
106218,106218,Prakash Hiremath,36,4,1,0,1
106219,106219,Kiran Sait,67,10,1,0,1
106220,106220,Salim Kumar,57,10,1,0,1
106221,106221,Roopa Khan,42,2,1,0,2
106222,106222,Joseph Naik,20,5,1,0,1
106223,106223,Harish Nayak,46,4,1,0,1
106224,106224,Geeta Shetty,63,5,1,0,2
106225,106225,Anthony Sait,38,4,1,0,1
106226,106226,Nandini Kulkarni,57,1,1,0,2
106227,106227,Fathima Poojary,23,4,1,0,2
106228,106228,Zoya D'Souza,50,8,2,0,2
106229,106229,Vijay Merchant,20,6,1,0,1
106230,106230,Shilpa Sait,40,4,1,0,2
106231,106231,Shilpa Patil,40,4,1,0,2
106232,106232,Prakash Reddy,50,9,1,0,1
106233,106233,Rekha Merchant,33,3,2,0,2
106234,106234,Yogesh Khan,33,4,1,0,1
106235,106235,Swathi Bhat,27,2,2,0,2
106236,106236,Divya Reddy,49,2,1,0,2
106237,106237,Swathi Desai,39,1,1,0,2
106238,106238,Manjunath Desai,21,1,1,0,1
106239,106239,Sneha Rao,46,5,1,0,2
106240,106240,Vidya Kulkarni,58,1,1,0,2
106241,106241,Lakshmi Pinto,70,1,2,0,2
106242,106242,Anita Khan,39,5,1,0,2
106243,106243,Suresh Reddy,56,6,2,0,1
106244,106244,Salim Merchant,39,6,1,0,1
106245,106245,Lakshmi Nayak,25,9,1,0,2
106246,106246,Imran Rao,54,1,1,0,1
106247,106247,Geeta Reddy,39,1,1,0,2
106248,106248,Zoya Pinto,45,6,1,0,2
106249,106249,Mahesh Merchant,40,2,1,0,1
106250,106250,Rekha Pinto,31,8,1,0,2
106251,106251,Mahesh Shetty,34,5,1,0,1
106252,106252,Sneha Poojary,30,4,2,0,2
106253,106253,Shilpa Hegde,30,1,1,0,2
106254,106254,Lakshmi D'Souza,70,9,1,0,2
106255,106255,Fathima Rao,53,6,2,0,2
106256,106256,Anita Shetty,62,8,1,0,2
106257,106257,Pooja Hiremath,24,8,1,0,2
106258,106258,Shilpa Achar,64,9,1,0,2
106259,106259,Lakshmi Sait,26,3,1,0,2
106260,106260,Radha Rao,31,4,1,0,2
106261,106261,Ananya Desai,19,8,1,0,2
106262,106262,Anthony Kulkarni,27,4,1,0,1
106263,106263,Pooja Hegde,63,7,1,0,2
106264,106264,Ananya Hegde,46,6,4,0,2
106265,106265,Deepa Kumar,24,2,2,0,2
106266,106266,Divya Achar,20,1,1,0,2
106267,106267,Suresh Patil,23,4,1,0,1
106268,106268,Mary Rao,71,9,1,0,2
106269,106269,Yogesh Desai,40,1,1,0,1
106270,106270,Prakash Kulkarni,59,2,1,0,1
106271,106271,Priya Naik,54,2,1,0,2
106272,106272,Imran Desai,40,1,1,0,1
106273,106273,Sneha Hiremath,26,9,1,0,2
106274,106274,Mahesh Rao,49,4,1,0,1
106275,106275,Srinivas Desai,20,3,1,0,1
106276,106276,Joseph Poojary,19,7,1,0,1
106277,106277,Meena Bhat,31,4,1,0,2
106278,106278,Roopa Achar,32,6,1,0,2
106279,106279,Shilpa Shetty,37,1,1,0,2
106280,106280,Mary Hiremath,46,9,1,0,2
106281,106281,Sowmya Shetty,28,3,3,0,2
106282,106282,Anil Kumar,61,8,1,0,1
106283,106283,Imran Shetty,19,5,2,0,1
106284,106284,Dinesh Sait,19,4,1,0,1
106285,106285,Shalini D'Souza,62,1,1,0,2
106286,106286,Priya Khan,41,6,1,0,2
106287,106287,Mary Merchant,34,4,1,0,2
106288,106288,Sunita Poojary,19,4,1,0,2
106289,106289,Girish D'Souza,28,10,1,0,1
106290,106290,Prakash Kumar,68,8,3,0,1
106291,106291,Pooja D'Souza,27,1,1,0,2
106292,106292,Yogesh D'Souza,25,3,1,0,1
106293,106293,Vijay Hegde,43,8,1,0,1
106294,106294,Vijay Rao,20,10,1,0,1
106295,106295,Mahesh Gowda,71,4,1,0,1
106296,106296,Harish Hiremath,54,8,2,0,1
106297,106297,Deepa Naik,45,8,1,0,2
106298,106298,Chandru Hegde,55,1,1,0,1
106299,106299,Imran Bhat,22,9,1,0,1
106300,106300,Roopa Hegde,54,10,1,0,2
106301,106301,Anil Hiremath,68,7,1,0,1
106302,106302,Suresh Reddy,36,3,1,0,1
106303,106303,Priya Pinto,65,3,1,0,2
106304,106304,Girish Kulkarni,70,6,1,0,1
106305,106305,Kusuma Kumar,20,3,1,0,2
106306,106306,Rekha Shetty,65,4,1,0,2
106307,106307,Divya D'Souza,32,4,1,0,2
106308,106308,Girish Bhat,27,7,1,0,1
106309,106309,Ravi D'Souza,52,1,2,0,1
106310,106310,Suresh Pinto,33,2,2,0,1
106311,106311,Naveen Poojary,54,1,4,0,1
106312,106312,Vinod Patil,31,6,1,0,1
106313,106313,Rekha D'Souza,48,4,1,0,2
106314,106314,Anil Naik,63,4,1,0,1
106315,106315,Salim Shetty,71,1,1,0,1
106316,106316,Priya Rao,27,3,1,0,2
106317,106317,Joseph Merchant,42,4,1,0,1
106318,106318,Chandru Pinto,66,4,1,0,1
106319,106319,Anthony Kulkarni,20,1,1,0,1
106320,106320,Pooja Patil,55,7,1,0,2
106321,106321,Kavya Desai,40,8,1,0,2
106322,106322,Sunita Nayak,53,9,1,0,2
106323,106323,Girish Poojary,56,6,1,0,1
106324,106324,Suresh Hegde,24,1,2,0,1
106325,106325,Anil Hegde,60,5,1,0,1
106326,106326,Kavya Pinto,72,4,1,0,2
106327,106327,Shilpa Kulkarni,64,7,2,0,2
106328,106328,Nandini Hegde,56,2,1,0,2
106329,106329,Farhan Hegde,24,4,1,0,1
106330,106330,Naveen Achar,67,7,1,0,1
106331,106331,Divya Poojary,51,5,1,0,2
106332,106332,Vinod Kulkarni,60,1,1,0,1
106333,106333,Srinivas Khan,27,3,1,0,1
106334,106334,Kiran Achar,24,9,2,0,1
106335,106335,Chandru Naik,72,9,1,0,1
106336,106336,Rajesh Nayak,32,4,1,0,1
106337,106337,Swathi Hegde,32,4,1,0,2
106338,106338,Salim Kulkarni,44,7,2,0,1
106339,106339,Anita D'Souza,30,8,1,0,2
106340,106340,Mahesh Naik,34,1,1,0,1
106341,106341,Manoj Hegde,25,6,1,0,1
106342,106342,Nagaraj Merchant,47,4,1,0,1
106343,106343,Rekha Gowda,50,7,1,0,2
106344,106344,Suresh Reddy,61,8,1,0,1
106345,106345,Rekha Achar,53,5,1,0,2
106346,106346,Kiran Rao,38,4,1,0,1
106347,106347,Srinivas Patil,36,6,1,0,1
106348,106348,Dinesh Patil,40,6,1,0,1
106349,106349,Anthony Hegde,49,1,1,0,1
106350,106350,Suresh Achar,23,4,1,0,1
106351,106351,Srinivas Kulkarni,59,4,1,0,1
106352,106352,Ravi Bhat,38,5,1,0,1
106353,106353,Rekha Patil,55,4,1,0,2
106354,106354,Iqbal Kumar,25,6,1,0,1
106355,106355,Geeta Hiremath,31,5,1,0,2
106356,106356,Roopa Shetty,51,9,1,0,2
106357,106357,Deepa Patil,69,2,1,0,2
106358,106358,Yogesh Shetty,44,6,1,0,1
106359,106359,Yogesh Reddy,54,1,1,0,1
106360,106360,Yogesh Rao,72,4,1,0,1
106361,106361,Naveen Sait,50,4,1,0,1
106362,106362,Basavaraj Khan,54,4,1,0,1
106363,106363,Manjunath D'Souza,68,9,1,0,1
106364,106364,Ananya Achar,56,8,1,0,2
106365,106365,Sunita Merchant,50,8,1,0,2
106366,106366,Sneha Pinto,55,8,2,0,2
106367,106367,Rajesh D'Souza,50,2,2,0,1
106368,106368,Nandini Rao,47,8,1,0,2
106369,106369,Manoj Achar,53,7,1,0,1
106370,106370,Kusuma Khan,72,3,1,0,2
106371,106371,Nagaraj Bhat,54,1,1,0,1
106372,106372,Kiran Bhat,33,1,1,0,1
106373,106373,Roopa Pinto,18,6,1,0,2
106374,106374,Ananya Sait,44,7,1,0,2
106375,106375,Geeta Shetty,32,10,1,0,2
106376,106376,Girish Gowda,38,3,1,0,1
106377,106377,Joseph Sait,28,6,2,0,1
106378,106378,Rekha Hiremath,32,4,1,0,2
106379,106379,Ganesh Kumar,63,4,1,0,1
106380,106380,Manoj Rao,54,2,1,0,1
106381,106381,Pooja Achar,25,1,1,0,2
106382,106382,Farhan Achar,50,9,2,0,1
106383,106383,Ramesh Khan,44,9,1,0,1
106384,106384,Basavaraj Poojary,55,1,1,0,1
106385,106385,Yogesh D'Souza,49,9,1,0,1
106386,106386,Swathi Achar,44,10,1,0,2
106387,106387,Kiran Pinto,38,5,1,0,1
106388,106388,Suresh Sait,44,3,2,0,1
106389,106389,Nagaraj Khan,66,9,1,0,1
106390,106390,Sneha Sait,30,7,1,0,2
106391,106391,Sowmya Gowda,60,2,1,0,2
106392,106392,Arjun Merchant,19,3,1,0,1
106393,106393,Harish Nayak,46,6,1,0,1
106394,106394,Imran Kumar,65,3,1,0,1
106395,106395,Manoj Pinto,30,4,1,0,1
106396,106396,Zoya Nayak,66,4,1,0,2
106397,106397,Sowmya Kumar,67,6,2,0,2
106398,106398,Vijay Kumar,26,9,1,0,1
106399,106399,Manjunath Poojary,34,7,2,0,1
106400,106400,Sowmya Desai,39,9,1,0,2
106401,106401,Salim Desai,49,3,1,0,1
106402,106402,Chandru Reddy,40,1,1,0,1
106403,106403,Shilpa Naik,56,1,1,0,2
106404,106404,Fathima Pinto,37,4,1,0,2
106405,106405,Harish Kulkarni,46,10,1,0,1
106406,106406,Priya Pinto,40,2,1,0,2
106407,106407,Anita Bhat,61,5,1,0,2
106408,106408,Sowmya Gowda,48,5,1,0,2
106409,106409,Pooja Rao,48,4,2,0,2
106410,106410,Suresh Khan,19,1,1,0,1
106411,106411,Fathima D'Souza,68,1,1,0,2
106412,106412,Arjun Naik,67,4,1,0,1
106413,106413,Ashok Reddy,27,8,1,0,1
106414,106414,Priya Bhat,21,7,1,0,2
106415,106415,Iqbal Pinto,29,4,1,0,1
106416,106416,Yogesh Shetty,37,4,2,0,1
106417,106417,Deepa Pinto,25,6,1,0,2
106418,106418,Mahesh Bhat,68,4,1,0,1
106419,106419,Nandini Khan,25,9,1,0,2
106420,106420,Mary Rao,29,2,1,0,2
106421,106421,Dinesh Hegde,22,4,1,0,1
106422,106422,Ganesh Kumar,27,1,1,0,1
106423,106423,Shalini Reddy,34,9,1,0,2
106424,106424,Anthony Khan,30,5,1,0,1
106425,106425,Shilpa Nayak,43,9,1,0,2
106426,106426,Geeta Achar,46,10,1,0,2
106427,106427,Salim Bhat,53,3,1,0,1
106428,106428,Ganesh Rao,56,3,1,0,1
106429,106429,Mary Kumar,29,7,2,0,2
106430,106430,Divya Khan,44,9,1,0,2
106431,106431,Pooja Poojary,34,4,2,0,2
106432,106432,Pooja Rao,50,7,1,0,2
106433,106433,Chandru Rao,63,6,1,0,1
106434,106434,Sneha Reddy,49,7,1,0,2
106435,106435,Roopa Merchant,62,5,1,0,2
106436,106436,Pooja D'Souza,48,4,1,0,2
106437,106437,Ananya Naik,40,6,1,0,2
106438,106438,Dinesh Poojary,70,7,1,0,1
106439,106439,Anil Kumar,72,6,1,0,1
106440,106440,Deepa Achar,65,4,1,0,2
106441,106441,Nandini Kumar,66,9,1,0,2
106442,106442,Mahesh Shetty,42,8,1,0,1
106443,106443,Anil Hegde,52,3,1,0,1
106444,106444,Imran Poojary,58,7,1,0,1
106445,106445,Mary Hiremath,21,4,1,0,2
106446,106446,Girish Kumar,64,5,2,0,1
106447,106447,Ravi Hegde,50,1,1,0,1
106448,106448,Manoj Merchant,28,4,1,0,1
106449,106449,Yogesh Khan,31,1,1,0,1
106450,106450,Anita Gowda,44,2,1,0,2
106451,106451,Geeta Hegde,57,8,2,0,2
106452,106452,Ravi Nayak,72,9,1,0,1
106453,106453,Dinesh Kulkarni,70,4,1,0,1
106454,106454,Divya Patil,63,7,2,0,2
106455,106455,Pooja Gowda,72,1,1,0,2
106456,106456,Srinivas Pinto,36,1,3,0,1
106457,106457,Meena Desai,72,6,1,0,2
106458,106458,Nandini D'Souza,29,5,1,0,2
106459,106459,Divya Patil,61,10,1,0,2
106460,106460,Rajesh Bhat,57,4,1,0,1
106461,106461,Iqbal Desai,53,1,1,0,1
106462,106462,Sunita Kulkarni,59,7,1,0,2
106463,106463,Arjun Kulkarni,28,9,1,0,1
106464,106464,Sowmya Naik,51,4,1,0,2
106465,106465,Manoj Gowda,65,9,1,0,1
106466,106466,Imran Patil,24,9,1,0,1
106467,106467,Divya Rao,44,6,2,0,2
106468,106468,Suresh Patil,70,7,1,0,1
106469,106469,Imran D'Souza,32,4,2,0,1
106470,106470,Dinesh Achar,71,8,1,0,1
106471,106471,Manoj Shetty,36,4,1,0,1
106472,106472,Joseph Kulkarni,45,1,1,0,1
106473,106473,Chandru Rao,30,2,1,0,1
106474,106474,Sneha Reddy,22,4,1,0,2
106475,106475,Kavya Gowda,51,1,1,0,2
106476,106476,Geeta Merchant,44,6,1,0,2
106477,106477,Harish Gowda,35,4,1,0,1
106478,106478,Manjunath Poojary,40,8,2,0,1
106479,106479,Nandini Khan,25,7,1,0,2
106480,106480,Priya Reddy,24,8,1,0,2
106481,106481,Joseph Khan,44,5,3,0,1
106482,106482,Divya Pinto,56,2,1,0,2
106483,106483,Vinod Bhat,64,1,4,0,1
106484,106484,Anita Poojary,33,2,2,0,2
106485,106485,Vinod Shetty,46,1,1,0,1
106486,106486,Dinesh D'Souza,57,6,1,0,1
106487,106487,Zoya Kumar,71,1,2,0,2
106488,106488,Rekha Rao,59,2,1,0,2
106489,106489,Shalini Rao,18,4,1,0,2
106490,106490,Mahesh Patil,65,4,1,0,1
106491,106491,Pooja Gowda,32,6,1,0,2
106492,106492,Ravi Rao,52,4,1,0,1
106493,106493,Arjun Gowda,60,7,2,0,1
106494,106494,Sunita Hiremath,53,1,1,0,2
106495,106495,Nagaraj Sait,58,4,2,0,1
106496,106496,Ravi Patil,44,8,1,0,1
106497,106497,Iqbal Naik,51,3,1,0,1
106498,106498,Iqbal Merchant,56,7,1,0,1
106499,106499,Girish Hegde,62,4,1,0,1
106500,106500,Ananya Poojary,31,5,1,0,2
106501,106501,Priya D'Souza,70,4,1,0,2
106502,106502,Salim Nayak,49,9,1,0,1
106503,106503,Mary Naik,59,1,1,0,2
106504,106504,Kiran Patil,28,4,1,0,1
106505,106505,Ravi Kumar,22,10,1,0,1
106506,106506,Deepa Gowda,61,5,1,0,2
106507,106507,Manoj Pinto,61,9,1,0,1
106508,106508,Joseph Nayak,43,4,1,0,1
106509,106509,Ganesh Hegde,59,8,1,0,1
106510,106510,Shalini Desai,58,7,1,0,2
106511,106511,Mary Kulkarni,44,1,1,0,2
106512,106512,Manoj Shetty,41,9,1,0,1
106513,106513,Mary Naik,27,4,1,0,2
106514,106514,Sunita Khan,25,1,1,0,2
106515,106515,Ramesh Poojary,34,3,1,0,1
106516,106516,Sneha Hiremath,43,1,1,0,2
106517,106517,Suresh Desai,26,8,2,0,1
106518,106518,Sunita Kumar,37,6,1,0,2
106519,106519,Chandru Poojary,35,1,1,0,1
106520,106520,Joseph Khan,60,3,1,0,1
106521,106521,Ananya Poojary,66,10,1,0,2
106522,106522,Manoj Gowda,49,2,1,0,1
106523,106523,Ganesh Nayak,38,4,1,0,1
106524,106524,Imran Reddy,29,8,1,0,1
106525,106525,Basavaraj Poojary,62,9,3,0,1
106526,106526,Roopa Kumar,66,10,3,0,2
106527,106527,Nandini Bhat,24,8,1,0,2
106528,106528,Srinivas Gowda,37,4,2,0,1
106529,106529,Sunita Merchant,19,1,1,0,2
106530,106530,Swathi Pinto,65,10,1,0,2
106531,106531,Nandini Rao,22,9,4,0,2
106532,106532,Salim Merchant,34,8,1,0,1
106533,106533,Salim Kumar,35,4,1,0,1
106534,106534,Vijay Hegde,28,6,1,0,1
106535,106535,Yogesh Merchant,21,4,1,0,1
106536,106536,Fathima Khan,37,7,1,0,2
106537,106537,Kusuma Bhat,54,8,1,0,2
106538,106538,Vijay Achar,24,1,1,0,1
106539,106539,Rekha Rao,35,5,1,0,2
106540,106540,Shilpa D'Souza,60,2,1,0,2
106541,106541,Imran Pinto,58,7,1,0,1
106542,106542,Manjunath Reddy,53,7,1,0,1
106543,106543,Vidya Poojary,53,9,1,0,2
106544,106544,Pooja Pinto,66,4,1,0,2
106545,106545,Deepa Shetty,60,8,1,0,2
106546,106546,Manoj Merchant,40,8,1,0,1
106547,106547,Salim Merchant,65,3,1,0,1
106548,106548,Zoya Naik,47,6,2,0,2
106549,106549,Fathima Hegde,43,1,1,0,2
106550,106550,Prakash Kulkarni,55,9,1,0,1
106551,106551,Pooja Hegde,58,3,1,0,2
106552,106552,Vidya Sait,69,4,1,0,2
106553,106553,Mahesh Rao,72,1,1,0,1
106554,106554,Dinesh Sait,26,1,2,0,1
106555,106555,Rekha Bhat,22,6,1,0,2
106556,106556,Vidya Kumar,43,1,1,0,2
106557,106557,Mahesh D'Souza,64,6,2,0,1
106558,106558,Roopa Desai,43,9,1,0,2
106559,106559,Shalini Achar,23,3,2,0,2
106560,106560,Deepa Hiremath,66,6,1,0,2
106561,106561,Rekha Nayak,57,9,1,0,2
106562,106562,Prakash Hiremath,20,9,1,0,1
106563,106563,Ananya Hegde,37,1,1,0,2
106564,106564,Dinesh Kulkarni,24,5,1,0,1
106565,106565,Zoya Khan,65,3,1,0,2
106566,106566,Shalini Merchant,57,10,1,0,2
106567,106567,Rekha Khan,35,2,1,0,2
106568,106568,Ravi Shetty,60,2,2,0,1
106569,106569,Dinesh Khan,60,4,1,0,1
106570,106570,Kusuma Desai,55,7,1,0,2
106571,106571,Pooja Merchant,40,1,1,0,2
106572,106572,Arjun Sait,37,1,1,0,1
106573,106573,Suresh Merchant,44,6,1,0,1
106574,106574,Ananya Pinto,28,3,1,0,2
106575,106575,Geeta Naik,61,6,1,0,2
106576,106576,Basavaraj Achar,29,7,1,0,1
106577,106577,Naveen Poojary,66,4,1,0,1
106578,106578,Prakash D'Souza,39,9,1,0,1
106579,106579,Anthony Naik,25,9,1,0,1
106580,106580,Pooja Achar,61,4,1,0,2
106581,106581,Vinod Shetty,58,8,1,0,1
106582,106582,Salim Naik,36,5,1,0,1
106583,106583,Roopa Pinto,42,5,1,0,2
106584,106584,Vinod Gowda,44,4,2,0,1
106585,106585,Dinesh Hiremath,20,8,1,0,1
106586,106586,Ravi Sait,36,4,1,0,1
106587,106587,Geeta Khan,65,9,1,0,2
106588,106588,Farhan Nayak,69,4,2,0,1
106589,106589,Divya Gowda,28,3,1,0,2
106590,106590,Anthony Rao,66,8,1,0,1
106591,106591,Kusuma Sait,31,1,1,0,2
106592,106592,Manoj Gowda,51,1,1,0,1
106593,106593,Nandini Achar,23,8,1,0,2
106594,106594,Manjunath Gowda,44,4,1,0,1
106595,106595,Basavaraj Shetty,30,6,1,0,1
106596,106596,Sunita Khan,71,2,1,0,2
106597,106597,Vinod Merchant,57,1,2,0,1
106598,106598,Radha Gowda,23,4,1,0,2
106599,106599,Chandru Desai,42,6,1,0,1
106600,106600,Ashok Khan,33,9,1,0,1
106601,106601,Manoj Bhat,54,1,1,0,1
106602,106602,Priya Nayak,48,2,1,0,2
106603,106603,Harish Reddy,48,10,1,0,1
106604,106604,Manjunath Reddy,54,6,1,0,1
106605,106605,Ashok Khan,28,2,1,0,1
106606,106606,Swathi Naik,30,6,1,0,2
106607,106607,Manoj Nayak,33,2,1,0,1
106608,106608,Vidya Achar,38,6,1,0,2
106609,106609,Pooja Khan,30,2,1,0,2
106610,106610,Dinesh Poojary,71,9,1,0,1
106611,106611,Geeta Naik,28,3,1,0,2
106612,106612,Meena Reddy,62,6,1,0,2
106613,106613,Sneha Naik,44,2,1,0,2
106614,106614,Priya Kumar,67,6,2,0,2
106615,106615,Swathi Nayak,59,7,1,0,2
106616,106616,Ramesh Hiremath,47,7,4,0,1
106617,106617,Suresh Shetty,49,6,1,0,1
106618,106618,Harish Rao,21,9,1,0,1
106619,106619,Manoj Shetty,47,4,1,0,1
106620,106620,Pooja Shetty,45,7,1,0,2
106621,106621,Vijay Poojary,34,10,2,0,1
106622,106622,Harish Shetty,30,3,1,0,1
106623,106623,Roopa Kulkarni,59,5,1,0,2
106624,106624,Swathi Patil,57,9,1,0,2
106625,106625,Lakshmi Bhat,62,1,1,0,2
106626,106626,Kavya Khan,42,6,1,0,2
106627,106627,Vinod Khan,69,7,1,0,1
106628,106628,Srinivas Reddy,38,8,1,0,1
106629,106629,Divya Bhat,57,2,1,0,2
106630,106630,Priya Rao,55,1,1,0,2
106631,106631,Divya Pinto,42,8,1,0,2
106632,106632,Harish D'Souza,26,4,1,0,1
106633,106633,Nandini Naik,30,4,1,0,2
106634,106634,Ashok Naik,41,4,1,0,1
106635,106635,Kiran Kulkarni,47,3,5,0,1
106636,106636,Chandru Poojary,54,3,6,0,1
106637,106637,Vidya Sait,41,8,1,0,2
106638,106638,Nagaraj Shetty,49,9,1,0,1
106639,106639,Pooja Achar,53,4,1,0,2
106640,106640,Prakash Sait,57,7,1,0,1
106641,106641,Radha Gowda,25,2,1,0,2
106642,106642,Naveen Kulkarni,40,4,1,0,1
106643,106643,Sneha Pinto,26,2,1,0,2
106644,106644,Kusuma Rao,48,7,1,0,2
106645,106645,Roopa Kulkarni,51,10,1,0,2
106646,106646,Srinivas Desai,67,2,1,0,1
106647,106647,Roopa Khan,49,5,1,0,2
106648,106648,Ashok Pinto,22,2,1,0,1
106649,106649,Ramesh Rao,35,8,5,0,1
106650,106650,Salim Reddy,29,6,1,0,1
106651,106651,Harish Poojary,61,6,1,0,1
106652,106652,Priya Gowda,38,4,1,0,2
106653,106653,Manjunath Patil,63,6,1,0,1
106654,106654,Ananya Shetty,31,5,3,0,2
106655,106655,Nagaraj Reddy,19,1,1,0,1
106656,106656,Nagaraj Patil,56,8,1,0,1
106657,106657,Joseph Naik,28,4,1,0,1
106658,106658,Srinivas Rao,69,9,1,0,1
106659,106659,Ganesh Khan,56,3,1,0,1
106660,106660,Suresh Achar,30,7,2,0,1
106661,106661,Suresh Kumar,52,6,1,0,1
106662,106662,Vinod Reddy,50,1,1,0,1
106663,106663,Swathi Pinto,62,2,1,0,2
106664,106664,Joseph D'Souza,22,8,1,0,1
106665,106665,Salim Patil,24,1,2,0,1
106666,106666,Ashok Sait,27,5,1,0,1
106667,106667,Sowmya Hegde,25,6,1,0,2
106668,106668,Vidya Sait,21,2,1,0,2
106669,106669,Mahesh Sait,40,4,1,0,1
106670,106670,Rajesh Poojary,38,9,1,0,1
106671,106671,Vidya Kulkarni,26,5,1,0,2
106672,106672,Vijay Bhat,60,1,1,0,1
106673,106673,Kusuma Patil,26,2,1,0,2
106674,106674,Dinesh Nayak,44,3,1,0,1
106675,106675,Anthony Rao,27,1,1,0,1
106676,106676,Anil Shetty,42,4,3,0,1
106677,106677,Harish Pinto,51,4,1,0,1
106678,106678,Kiran Reddy,53,8,1,0,1
106679,106679,Ashok Sait,63,4,1,0,1
106680,106680,Srinivas Khan,37,6,1,0,1
106681,106681,Girish Hiremath,65,1,2,0,1
106682,106682,Basavaraj Reddy,21,7,1,0,1
106683,106683,Chandru Naik,64,5,2,0,1
106684,106684,Manoj Khan,44,4,2,0,1
106685,106685,Sneha Bhat,30,2,1,0,2
106686,106686,Nandini Nayak,53,4,1,0,2
106687,106687,Ravi Nayak,21,5,2,0,1
106688,106688,Rajesh Khan,44,9,1,0,1
106689,106689,Dinesh Hegde,52,4,2,0,1
106690,106690,Imran Desai,36,4,2,0,1
106691,106691,Swathi Hegde,41,6,1,0,2
106692,106692,Vidya Hiremath,33,6,1,0,2
106693,106693,Kusuma Bhat,51,1,1,0,2
106694,106694,Joseph Patil,72,6,1,0,1
106695,106695,Nagaraj Patil,69,9,2,0,1
106696,106696,Manjunath Naik,57,5,1,0,1
106697,106697,Chandru Hegde,23,4,1,0,1
106698,106698,Manoj Nayak,30,3,2,0,1
106699,106699,Arjun Bhat,30,5,2,0,1
106700,106700,Salim Gowda,25,5,1,0,1
106701,106701,Manoj Shetty,35,8,3,0,1
106702,106702,Rekha Hiremath,23,4,1,0,2
106703,106703,Anthony Gowda,29,1,1,0,1
106704,106704,Ashok Nayak,36,4,1,0,1
106705,106705,Kusuma Rao,39,8,1,0,2
106706,106706,Imran D'Souza,49,4,2,0,1
106707,106707,Kusuma Bhat,55,8,1,0,2
106708,106708,Nagaraj Khan,50,4,1,0,1
106709,106709,Vijay Poojary,65,9,1,0,1
106710,106710,Sunita Kulkarni,51,4,1,0,2
106711,106711,Anil Hiremath,24,8,1,0,1
106712,106712,Divya Kumar,71,7,3,0,2
106713,106713,Geeta Poojary,29,4,1,0,2
106714,106714,Chandru Kumar,30,4,1,0,1
106715,106715,Ganesh Gowda,67,2,1,0,1
106716,106716,Roopa Poojary,64,7,2,0,2
106717,106717,Vinod Desai,29,9,1,0,1
106718,106718,Rekha Hegde,33,3,1,0,2
106719,106719,Sunita Patil,39,8,2,0,2
106720,106720,Meena Patil,21,3,2,0,2
106721,106721,Anil Reddy,49,4,1,0,1
106722,106722,Nandini Merchant,31,9,1,0,2
106723,106723,Ganesh Kumar,65,1,1,0,1
106724,106724,Prakash Khan,43,4,1,0,1
106725,106725,Kiran Hegde,68,4,1,0,1
106726,106726,Suresh Rao,23,4,1,0,1
106727,106727,Kavya Hiremath,28,8,1,0,2
106728,106728,Iqbal Gowda,56,2,1,0,1
106729,106729,Meena Patil,24,6,1,0,2
106730,106730,Kavya Poojary,36,1,1,0,2
106731,106731,Ashok Kulkarni,44,1,1,0,1
106732,106732,Anthony Shetty,40,4,1,0,1
106733,106733,Joseph Patil,23,6,1,0,1
106734,106734,Anthony Kumar,25,2,2,0,1
106735,106735,Imran Naik,61,7,1,0,1
106736,106736,Harish Hiremath,61,9,5,0,1
106737,106737,Arjun Sait,38,7,1,0,1
106738,106738,Lakshmi Sait,26,9,1,0,2
106739,106739,Arjun Pinto,40,4,1,0,1
106740,106740,Vijay Poojary,21,4,1,0,1
106741,106741,Mahesh Kumar,38,8,1,0,1
106742,106742,Anthony Achar,41,4,1,0,1
106743,106743,Ravi Shetty,30,1,1,0,1
106744,106744,Manjunath Pinto,42,1,1,0,1
106745,106745,Swathi Shetty,28,1,1,0,2
106746,106746,Ravi Kulkarni,52,1,1,0,1
106747,106747,Basavaraj Hiremath,20,10,1,0,1
106748,106748,Sowmya D'Souza,39,4,1,0,2
106749,106749,Kavya Hiremath,60,1,1,0,2
106750,106750,Sneha Kulkarni,28,6,2,0,2
106751,106751,Radha Kumar,21,1,1,0,2
106752,106752,Deepa Patil,55,3,1,0,2
106753,106753,Vidya Patil,47,4,1,0,2
106754,106754,Manoj Gowda,19,10,1,0,1
106755,106755,Mahesh Shetty,22,9,1,0,1
106756,106756,Anita Reddy,21,8,1,0,2
106757,106757,Ramesh Rao,39,7,1,0,1
106758,106758,Suresh Patil,40,9,1,0,1
106759,106759,Rajesh Poojary,33,7,1,0,1
106760,106760,Basavaraj Reddy,21,2,1,0,1
106761,106761,Nagaraj Kumar,32,6,1,0,1
106762,106762,Rajesh Sait,41,4,2,0,1
106763,106763,Zoya Bhat,59,4,2,0,2
106764,106764,Vijay Patil,27,8,3,0,1
106765,106765,Joseph Hiremath,70,10,1,0,1
106766,106766,Anil Shetty,70,4,1,0,1
106767,106767,Divya Gowda,36,2,1,0,2
106768,106768,Divya Patil,66,4,1,0,2
106769,106769,Sneha Kumar,34,7,1,0,2
106770,106770,Priya Sait,59,4,1,0,2
106771,106771,Basavaraj Kulkarni,37,5,2,0,1
106772,106772,Prakash Poojary,27,6,1,0,1
106773,106773,Ravi Merchant,44,8,1,0,1
106774,106774,Deepa Khan,30,9,2,0,2
106775,106775,Anil Patil,23,5,2,0,1
106776,106776,Girish Kumar,26,8,1,0,1
106777,106777,Naveen Kulkarni,25,3,1,0,1
106778,106778,Imran Patil,50,2,1,0,1
106779,106779,Iqbal Bhat,33,4,1,0,1
106780,106780,Kusuma D'Souza,47,9,2,0,2
106781,106781,Yogesh Merchant,48,5,2,0,1
106782,106782,Kusuma Kumar,69,4,1,0,2
106783,106783,Kavya Kulkarni,38,4,1,0,2
106784,106784,Harish Gowda,24,6,1,0,1
106785,106785,Nandini Khan,54,3,1,0,2
106786,106786,Fathima Shetty,24,8,1,0,2
106787,106787,Nagaraj Hegde,26,9,1,0,1
106788,106788,Kiran D'Souza,48,2,1,0,1
106789,106789,Deepa Gowda,49,8,1,0,2
106790,106790,Arjun Hegde,50,10,1,0,1
106791,106791,Manoj Desai,72,6,1,0,1
106792,106792,Zoya Poojary,20,8,1,0,2
106793,106793,Mary Patil,45,9,2,0,2
106794,106794,Manoj Pinto,62,1,1,0,1
106795,106795,Kusuma Desai,48,7,1,0,2
106796,106796,Anil Naik,68,8,1,0,1
106797,106797,Girish Kulkarni,25,6,2,0,1
106798,106798,Ravi Pinto,61,1,1,0,1
106799,106799,Kiran Pinto,22,9,1,0,1
106800,106800,Arjun Pinto,34,2,1,0,1
106801,106801,Manjunath Hegde,35,4,1,0,1
106802,106802,Kusuma Desai,31,4,2,0,2
106803,106803,Dinesh Naik,24,3,1,0,1
106804,106804,Deepa Patil,72,2,1,0,2
106805,106805,Ravi Naik,57,8,1,0,1
106806,106806,Ravi Poojary,45,4,1,0,1
106807,106807,Sowmya Hiremath,58,8,1,0,2
106808,106808,Mahesh Achar,49,9,1,0,1
106809,106809,Swathi Shetty,65,1,1,0,2
106810,106810,Geeta Rao,51,6,1,0,2
106811,106811,Nandini Reddy,19,2,1,0,2
106812,106812,Chandru Shetty,58,3,1,0,1
106813,106813,Arjun Merchant,55,10,1,0,1
106814,106814,Ramesh Pinto,27,9,1,0,1
106815,106815,Vijay Desai,21,7,1,0,1
106816,106816,Yogesh Shetty,67,7,1,0,1
106817,106817,Anita Patil,40,4,1,0,2
106818,106818,Vijay Rao,24,5,2,0,1
106819,106819,Priya Naik,67,2,1,0,2
106820,106820,Iqbal Merchant,45,6,1,0,1
106821,106821,Arjun Naik,50,3,1,0,1
106822,106822,Ramesh Khan,54,2,1,0,1
106823,106823,Pooja Pinto,31,3,1,0,2
106824,106824,Imran Hiremath,69,6,1,0,1
106825,106825,Chandru D'Souza,26,8,1,0,1
106826,106826,Ashok Gowda,64,8,1,0,1
106827,106827,Srinivas D'Souza,26,2,1,0,1
106828,106828,Vijay Hiremath,71,9,1,0,1
106829,106829,Swathi Gowda,23,1,3,0,2
106830,106830,Pooja Bhat,27,4,1,0,2
106831,106831,Anthony Hegde,69,1,1,0,1
106832,106832,Joseph Hiremath,59,4,1,0,1
106833,106833,Girish Hegde,44,6,1,0,1
106834,106834,Meena Gowda,56,5,1,0,2
106835,106835,Manjunath Patil,27,2,1,0,1
106836,106836,Anita Kulkarni,56,7,1,0,2
106837,106837,Dinesh Patil,51,9,1,0,1
106838,106838,Pooja Sait,43,1,1,0,2
106839,106839,Shalini Bhat,60,2,1,0,2
106840,106840,Kusuma Hiremath,28,7,1,0,2
106841,106841,Vijay Patil,63,7,1,0,1
106842,106842,Ananya Naik,22,4,2,0,2
106843,106843,Ramesh D'Souza,24,8,2,0,1
106844,106844,Ashok Shetty,25,5,1,0,1
106845,106845,Geeta Nayak,36,8,4,0,2
106846,106846,Basavaraj Patil,60,1,2,0,1
106847,106847,Manjunath Hiremath,63,1,1,0,1
106848,106848,Harish Shetty,58,10,2,0,1
106849,106849,Rekha Poojary,33,9,1,0,2
106850,106850,Mahesh Kulkarni,54,1,1,0,1
106851,106851,Rajesh Khan,56,7,2,0,1
106852,106852,Naveen Nayak,25,7,1,0,1
106853,106853,Meena Sait,68,1,1,0,2
106854,106854,Kavya Achar,43,5,1,0,2
106855,106855,Yogesh Kumar,60,9,1,0,1
106856,106856,Iqbal Rao,72,1,2,0,1
106857,106857,Vijay Khan,30,9,2,0,1
106858,106858,Vijay Bhat,45,3,1,0,1
106859,106859,Yogesh Merchant,48,6,1,0,1
106860,106860,Salim Achar,54,8,1,0,1
106861,106861,Anil Achar,56,4,1,0,1
106862,106862,Divya Kumar,30,9,1,0,2
106863,106863,Basavaraj Khan,63,7,1,0,1
106864,106864,Radha Merchant,23,4,1,0,2
106865,106865,Girish Pinto,23,10,1,0,1
106866,106866,Chandru Bhat,20,9,1,0,1
106867,106867,Geeta Nayak,71,3,1,0,2
106868,106868,Lakshmi Hegde,48,10,1,0,2
106869,106869,Shilpa Reddy,39,5,1,0,2
106870,106870,Nagaraj Poojary,48,4,2,0,1
106871,106871,Anita Rao,52,8,1,0,2
106872,106872,Harish Khan,60,6,1,0,1
106873,106873,Sunita Sait,35,3,1,0,2
106874,106874,Naveen Patil,34,10,1,0,1
106875,106875,Zoya Reddy,45,4,1,0,2
106876,106876,Swathi Patil,23,7,1,0,2
106877,106877,Farhan Poojary,68,1,1,0,1
106878,106878,Mahesh Desai,24,5,1,0,1
106879,106879,Mary Gowda,55,8,1,0,2
106880,106880,Ashok Merchant,32,6,1,0,1
106881,106881,Ananya Reddy,26,7,1,0,2
106882,106882,Vidya Hiremath,23,5,1,0,2
106883,106883,Kiran Hegde,64,6,1,0,1
106884,106884,Imran Gowda,48,9,1,0,1
106885,106885,Ashok Reddy,57,3,1,0,1
106886,106886,Dinesh Sait,64,4,1,0,1
106887,106887,Chandru Poojary,38,7,1,0,1
106888,106888,Kusuma Patil,66,8,1,0,2
106889,106889,Shalini Gowda,30,1,1,0,2
106890,106890,Vinod Naik,18,8,1,0,1
106891,106891,Sowmya Khan,21,3,1,0,2
106892,106892,Nagaraj Kulkarni,58,3,1,0,1
106893,106893,Kiran Nayak,55,3,1,0,1
106894,106894,Ananya Kulkarni,49,10,1,0,2
106895,106895,Vidya Pinto,25,4,2,0,2
106896,106896,Anita Achar,55,4,1,0,2
106897,106897,Ramesh Gowda,36,4,1,0,1
106898,106898,Shalini Hiremath,26,4,1,0,2
106899,106899,Geeta Pinto,67,9,1,0,2
106900,106900,Ananya D'Souza,35,6,1,0,2
106901,106901,Dinesh Rao,64,5,1,0,1
106902,106902,Manjunath Gowda,62,1,1,0,1
106903,106903,Pooja Desai,49,2,1,0,2
106904,106904,Ganesh Kulkarni,55,9,1,0,1
106905,106905,Meena Kumar,21,6,1,0,2
106906,106906,Farhan Reddy,20,6,1,0,1
106907,106907,Kavya Patil,41,5,1,0,2
106908,106908,Sunita Merchant,66,5,2,0,2
106909,106909,Anil Desai,33,1,1,0,1
106910,106910,Arjun Kumar,24,9,1,0,1
106911,106911,Arjun Hiremath,22,1,1,0,1
106912,106912,Sowmya Poojary,38,4,1,0,2
106913,106913,Basavaraj Khan,70,4,1,0,1
106914,106914,Manoj Patil,29,8,1,0,1
106915,106915,Girish Nayak,71,3,2,0,1
106916,106916,Vijay Pinto,54,2,1,0,1
106917,106917,Sowmya Rao,72,10,1,0,2
106918,106918,Kiran Kumar,23,8,1,0,1
106919,106919,Roopa Rao,57,7,1,0,2
106920,106920,Ganesh Hegde,55,9,2,0,1
106921,106921,Mahesh D'Souza,69,9,1,0,1
106922,106922,Ravi D'Souza,57,5,3,0,1
106923,106923,Meena Hegde,29,1,1,0,2
106924,106924,Pooja Reddy,33,3,1,0,2
106925,106925,Zoya Patil,39,4,1,0,2
106926,106926,Anthony Poojary,18,3,1,0,1
106927,106927,Anil Poojary,38,7,2,0,1
106928,106928,Divya Kulkarni,64,6,1,0,2
106929,106929,Naveen Nayak,28,4,1,0,1
106930,106930,Manjunath Hegde,19,2,1,0,1
106931,106931,Anil Khan,69,6,1,0,1
106932,106932,Imran Hiremath,43,4,1,0,1
106933,106933,Prakash Kumar,20,5,1,0,1
106934,106934,Chandru Rao,54,7,1,0,1
106935,106935,Sneha Merchant,54,3,1,0,2
106936,106936,Nagaraj Hegde,55,3,1,0,1
106937,106937,Ravi Sait,36,6,1,0,1
106938,106938,Deepa Hegde,69,4,1,0,2
106939,106939,Ananya Merchant,48,9,1,0,2
106940,106940,Fathima Merchant,21,2,1,0,2
106941,106941,Srinivas Poojary,25,5,3,0,1
106942,106942,Zoya Shetty,43,1,3,0,2
106943,106943,Arjun Sait,31,5,1,0,1
106944,106944,Arjun Bhat,35,2,1,0,1
106945,106945,Ashok Kumar,47,4,1,0,1
106946,106946,Manoj Desai,60,7,1,0,1
106947,106947,Shalini Sait,27,4,1,0,2
106948,106948,Suresh Sait,36,1,1,0,1
106949,106949,Farhan Naik,66,9,1,0,1
106950,106950,Chandru Bhat,31,1,1,0,1
106951,106951,Pooja Poojary,45,6,1,0,2
106952,106952,Swathi Naik,33,4,1,0,2
106953,106953,Pooja Bhat,38,5,1,0,2
106954,106954,Ashok Kulkarni,24,6,1,0,1
106955,106955,Kiran Kumar,63,6,1,0,1
106956,106956,Rajesh Hegde,26,6,1,0,1
106957,106957,Manjunath Patil,64,7,1,0,1
106958,106958,Divya Reddy,52,5,1,0,2
106959,106959,Suresh Sait,58,4,1,0,1
106960,106960,Yogesh Pinto,21,4,1,0,1
106961,106961,Vinod Poojary,42,4,1,0,1
106962,106962,Deepa Nayak,36,5,1,0,2
106963,106963,Mary Achar,34,9,7,0,2
106964,106964,Basavaraj Rao,21,9,1,0,1
106965,106965,Yogesh Hegde,67,2,1,0,1
106966,106966,Girish Kumar,54,4,1,0,1
106967,106967,Vidya Kumar,43,2,1,0,2
106968,106968,Yogesh Merchant,40,2,1,0,1
106969,106969,Naveen Naik,41,2,1,0,1
106970,106970,Geeta Kumar,65,5,2,0,2
106971,106971,Chandru Sait,18,1,1,0,1
106972,106972,Meena Sait,36,4,1,0,2
106973,106973,Kusuma Rao,45,4,1,0,2
106974,106974,Vidya Patil,69,8,2,0,2
106975,106975,Nagaraj Rao,23,3,1,0,1
106976,106976,Sneha Poojary,22,1,1,0,2
106977,106977,Basavaraj Kumar,59,2,1,0,1
106978,106978,Radha Reddy,24,7,1,0,2
106979,106979,Harish D'Souza,47,7,1,0,1
106980,106980,Ramesh Bhat,46,4,1,0,1
106981,106981,Sneha Pinto,59,8,2,0,2
106982,106982,Iqbal Patil,42,7,1,0,1
106983,106983,Sowmya Achar,34,5,2,0,2
106984,106984,Vijay Pinto,66,5,2,0,1
106985,106985,Manoj Reddy,34,4,1,0,1
106986,106986,Chandru Nayak,56,3,1,0,1
106987,106987,Priya Shetty,31,6,1,0,2
106988,106988,Basavaraj Reddy,36,6,1,0,1
106989,106989,Basavaraj Achar,26,2,1,0,1
106990,106990,Kiran Patil,57,9,1,0,1
106991,106991,Meena Desai,59,4,1,0,2
106992,106992,Nagaraj Reddy,72,4,1,0,1
106993,106993,Manoj Khan,56,2,1,0,1
106994,106994,Harish Achar,67,7,1,0,1
106995,106995,Mahesh Kulkarni,61,1,1,0,1
106996,106996,Meena Kumar,64,9,1,0,2
106997,106997,Suresh Khan,72,6,1,0,1
106998,106998,Ashok Khan,58,1,1,0,1
106999,106999,Nagaraj Gowda,62,7,2,0,1
107000,107000,Sunita Pinto,64,4,2,0,2
107001,107001,Pooja Poojary,28,2,1,0,2
107002,107002,Naveen Desai,30,4,1,0,1
107003,107003,Chandru Kulkarni,62,4,1,0,1
107004,107004,Rekha Kulkarni,57,6,1,0,2
107005,107005,Anil Pinto,27,6,1,0,1
107006,107006,Swathi Shetty,62,4,1,0,2
107007,107007,Chandru Pinto,30,8,2,0,1
107008,107008,Nandini D'Souza,41,3,1,0,2
107009,107009,Radha Naik,32,4,2,0,2
107010,107010,Salim Rao,50,8,1,0,1
107011,107011,Zoya Bhat,22,9,1,0,2
107012,107012,Kusuma Kulkarni,32,4,2,0,2
107013,107013,Nagaraj Kumar,53,3,1,0,1
107014,107014,Geeta Rao,39,4,2,0,2
107015,107015,Zoya Pinto,31,3,3,0,2
107016,107016,Nandini Poojary,49,6,1,0,2
107017,107017,Anthony Merchant,36,1,1,0,1
107018,107018,Iqbal Sait,36,8,1,0,1
107019,107019,Roopa Hiremath,29,6,1,0,2
107020,107020,Ravi Kumar,51,2,1,0,1
107021,107021,Srinivas Bhat,37,9,1,0,1
107022,107022,Anthony Kumar,32,2,1,0,1
107023,107023,Girish Rao,23,7,1,0,1
107024,107024,Nagaraj Kulkarni,57,2,1,0,1
107025,107025,Shilpa Khan,53,7,2,0,2
107026,107026,Deepa D'Souza,20,4,1,0,2
107027,107027,Anita Desai,29,7,1,0,2
107028,107028,Divya Gowda,33,3,2,0,2
107029,107029,Rajesh Kumar,67,4,2,0,1
107030,107030,Ravi Sait,59,1,1,0,1
107031,107031,Prakash Kumar,23,2,1,0,1
107032,107032,Meena Pinto,65,1,1,0,2
107033,107033,Anil Desai,19,5,4,0,1
107034,107034,Ganesh Patil,72,1,1,0,1
107035,107035,Ashok Poojary,43,3,1,0,1
107036,107036,Joseph Rao,35,6,1,0,1
107037,107037,Chandru Patil,51,10,7,0,1
107038,107038,Girish Khan,37,4,1,0,1
107039,107039,Divya Hegde,46,4,1,0,2
107040,107040,Mary Sait,57,1,2,0,2
107041,107041,Rajesh Pinto,53,10,1,0,1
107042,107042,Divya Gowda,20,3,1,0,2
107043,107043,Ravi Bhat,61,8,1,0,1
107044,107044,Anita Gowda,72,7,1,0,2
107045,107045,Ramesh Desai,59,6,2,0,1
107046,107046,Ravi Kulkarni,26,7,1,0,1
107047,107047,Manjunath Reddy,27,7,1,0,1
107048,107048,Ganesh Pinto,63,6,1,0,1
107049,107049,Girish Patil,58,4,1,0,1
107050,107050,Srinivas Reddy,68,5,2,0,1
107051,107051,Ganesh Khan,31,4,2,0,1
107052,107052,Ganesh Patil,59,4,1,0,1
107053,107053,Mary Reddy,20,4,1,0,2
107054,107054,Deepa Kumar,29,7,2,0,2
107055,107055,Deepa Hegde,60,9,1,0,2
107056,107056,Zoya Rao,68,2,1,0,2
107057,107057,Divya Shetty,48,5,1,0,2
107058,107058,Vinod Merchant,27,9,1,0,1
107059,107059,Shalini Shetty,49,4,1,0,2
107060,107060,Divya Khan,65,6,1,0,2
107061,107061,Farhan Kumar,50,3,1,0,1
107062,107062,Basavaraj Merchant,27,6,1,0,1
107063,107063,Basavaraj Naik,21,4,1,0,1
107064,107064,Ashok Pinto,41,2,1,0,1
107065,107065,Fathima Pinto,42,1,1,0,2
107066,107066,Ramesh Rao,45,2,1,0,1
107067,107067,Anil Desai,33,4,1,0,1
107068,107068,Basavaraj Achar,58,9,1,0,1
107069,107069,Priya Shetty,51,4,2,0,2
107070,107070,Girish Rao,72,1,1,0,1
107071,107071,Lakshmi Kumar,45,3,1,0,2
107072,107072,Vijay Bhat,24,9,2,0,1
107073,107073,Rekha Nayak,62,4,1,0,2
107074,107074,Ravi Sait,24,6,1,0,1
107075,107075,Priya Desai,70,4,1,0,2
107076,107076,Fathima Shetty,66,5,2,0,2
107077,107077,Anita Achar,38,9,2,0,2
107078,107078,Suresh Nayak,34,5,1,0,1
107079,107079,Shilpa D'Souza,58,8,1,0,2
107080,107080,Nagaraj Bhat,52,7,1,0,1
107081,107081,Mahesh Bhat,40,4,1,0,1
107082,107082,Sunita Desai,29,10,1,0,2
107083,107083,Dinesh Poojary,50,4,1,0,1
107084,107084,Sneha Kulkarni,56,4,1,0,2
107085,107085,Ramesh Achar,60,4,2,0,1
107086,107086,Ananya Achar,21,5,1,0,2
107087,107087,Girish Rao,61,6,1,0,1
107088,107088,Ananya Rao,68,10,3,0,2
107089,107089,Farhan Hegde,49,4,1,0,1
107090,107090,Anthony Reddy,53,1,1,0,1
107091,107091,Chandru Hegde,41,10,1,0,1
107092,107092,Arjun Naik,65,3,1,0,1
107093,107093,Meena Hegde,66,4,1,0,2
107094,107094,Manoj Patil,42,3,1,0,1
107095,107095,Rajesh Nayak,43,7,1,0,1
107096,107096,Sowmya Kumar,51,7,2,0,2
107097,107097,Shilpa Rao,51,3,1,0,2
107098,107098,Iqbal Achar,48,3,1,0,1
107099,107099,Imran Rao,66,2,2,0,1
107100,107100,Fathima Hegde,32,10,1,0,2
107101,107101,Sunita Achar,38,8,1,0,2
107102,107102,Imran Kulkarni,54,7,1,0,1
107103,107103,Meena Rao,35,4,1,0,2
107104,107104,Sneha D'Souza,57,2,2,0,2
107105,107105,Basavaraj Naik,63,3,1,0,1
107106,107106,Kiran Merchant,54,4,2,0,1
107107,107107,Rekha Sait,34,2,1,0,2
107108,107108,Shilpa Desai,49,6,1,0,2
107109,107109,Ashok Achar,27,9,1,0,1
107110,107110,Priya Merchant,43,2,1,0,2
107111,107111,Srinivas D'Souza,23,7,2,0,1
107112,107112,Girish Desai,65,1,1,0,1
107113,107113,Priya Achar,62,9,2,0,2
107114,107114,Swathi Pinto,33,9,1,0,2
107115,107115,Nandini Rao,56,5,1,0,2
107116,107116,Kusuma Patil,63,1,2,0,2
107117,107117,Dinesh Desai,50,1,2,0,1
107118,107118,Harish Nayak,66,7,1,0,1
107119,107119,Yogesh D'Souza,18,9,1,0,1
107120,107120,Anil Rao,22,8,1,0,1
107121,107121,Manoj Reddy,44,9,1,0,1
107122,107122,Anil Patil,43,9,1,0,1
107123,107123,Prakash Pinto,62,2,1,0,1
107124,107124,Ravi Shetty,38,8,1,0,1
107125,107125,Suresh Hegde,42,1,1,0,1
107126,107126,Shalini Gowda,29,5,1,0,2
107127,107127,Fathima Gowda,40,7,1,0,2
107128,107128,Nagaraj D'Souza,34,4,1,0,1
107129,107129,Ashok Hiremath,40,3,1,0,1
107130,107130,Shilpa Patil,61,8,1,0,2
107131,107131,Anthony Nayak,58,1,2,0,1
107132,107132,Joseph D'Souza,35,2,1,0,1
107133,107133,Kiran Bhat,63,1,1,0,1
107134,107134,Rekha Sait,63,4,1,0,2
107135,107135,Ashok Patil,61,10,1,0,1
107136,107136,Pooja Kumar,60,3,1,0,2
107137,107137,Sowmya Rao,65,9,2,0,2
107138,107138,Geeta Hiremath,49,3,1,0,2
107139,107139,Manjunath Desai,38,5,1,0,1
107140,107140,Divya D'Souza,57,2,1,0,2
107141,107141,Rekha Pinto,23,1,1,0,2
107142,107142,Ashok Patil,45,7,1,0,1
107143,107143,Prakash Sait,42,4,1,0,1
107144,107144,Sunita Achar,23,8,1,0,2
107145,107145,Swathi Pinto,69,1,1,0,2
107146,107146,Rekha Nayak,47,10,1,0,2
107147,107147,Girish Rao,40,6,1,0,1
107148,107148,Anil Gowda,37,7,3,0,1
107149,107149,Nandini Reddy,46,9,1,0,2
107150,107150,Vidya Bhat,19,3,2,0,2
107151,107151,Anil Nayak,62,7,1,0,1
107152,107152,Anil Desai,29,8,1,0,1
107153,107153,Ashok Gowda,43,3,1,0,1
107154,107154,Arjun Poojary,69,9,1,0,1
107155,107155,Roopa Gowda,71,2,1,0,2
107156,107156,Naveen Patil,30,7,1,0,1
107157,107157,Rajesh Naik,26,6,1,0,1
107158,107158,Zoya Rao,31,3,1,0,2
107159,107159,Harish Kulkarni,55,6,1,0,1
107160,107160,Anthony Poojary,68,4,2,0,1
107161,107161,Basavaraj Khan,72,4,1,0,1
107162,107162,Rajesh Sait,68,4,1,0,1
107163,107163,Nandini Poojary,29,4,1,0,2
107164,107164,Kiran D'Souza,38,7,1,0,1
107165,107165,Kiran Gowda,39,4,1,0,1
107166,107166,Rekha Hegde,51,7,1,0,2
107167,107167,Kiran Kumar,27,5,1,0,1
107168,107168,Geeta Achar,52,4,1,0,2
107169,107169,Anil Rao,66,3,1,0,1
107170,107170,Manjunath Poojary,22,6,1,0,1
107171,107171,Girish Sait,34,8,1,0,1
107172,107172,Nandini Naik,42,4,2,0,2
107173,107173,Nagaraj Bhat,69,6,3,0,1
107174,107174,Radha Hegde,61,6,1,0,2
107175,107175,Ganesh Desai,44,2,2,0,1
107176,107176,Vinod Khan,29,7,1,0,1
107177,107177,Ashok Poojary,49,3,1,0,1
107178,107178,Mary Poojary,25,4,1,0,2
107179,107179,Kavya Kulkarni,30,7,1,0,2
107180,107180,Sunita Merchant,43,2,1,0,2
107181,107181,Divya Nayak,39,4,1,0,2
107182,107182,Mary Nayak,38,4,2,0,2
107183,107183,Vidya Nayak,24,2,1,0,2
107184,107184,Shalini Poojary,41,2,1,0,2
107185,107185,Ashok Rao,69,4,1,0,1
107186,107186,Sunita Naik,35,4,2,0,2
107187,107187,Arjun Hiremath,59,6,1,0,1
107188,107188,Yogesh Merchant,38,5,1,0,1
107189,107189,Chandru Pinto,62,3,1,0,1
107190,107190,Iqbal Kumar,65,4,1,0,1
107191,107191,Ashok Bhat,47,10,2,0,1
107192,107192,Nandini Merchant,24,2,1,0,2
107193,107193,Kavya Patil,68,7,1,0,2
107194,107194,Shilpa Shetty,23,4,1,0,2
107195,107195,Geeta D'Souza,37,1,2,0,2
107196,107196,Chandru Poojary,69,1,1,0,1
107197,107197,Deepa Poojary,50,9,1,0,2
107198,107198,Kiran Khan,57,2,1,0,1
107199,107199,Harish D'Souza,61,9,1,0,1
107200,107200,Iqbal Shetty,70,5,1,0,1
107201,107201,Zoya Desai,19,1,1,0,2
107202,107202,Yogesh Achar,54,6,1,0,1
107203,107203,Geeta Sait,55,5,1,0,2
107204,107204,Anil Kumar,39,3,1,0,1
107205,107205,Sneha Merchant,51,1,1,0,2
107206,107206,Suresh Bhat,47,2,1,0,1
107207,107207,Ganesh Hiremath,60,3,2,0,1
107208,107208,Arjun Patil,20,1,1,0,1
107209,107209,Mary Pinto,18,4,1,0,2
107210,107210,Divya Naik,53,4,1,0,2
107211,107211,Zoya Pinto,39,1,1,0,2
107212,107212,Dinesh Achar,51,6,1,0,1
107213,107213,Mahesh D'Souza,30,2,1,0,1
107214,107214,Deepa Pinto,19,10,2,0,2
107215,107215,Basavaraj Naik,26,2,1,0,1
107216,107216,Vinod Kumar,34,2,1,0,1
107217,107217,Vijay Gowda,46,9,1,0,1
107218,107218,Lakshmi Merchant,31,1,1,0,2
107219,107219,Kusuma Khan,57,5,1,0,2
107220,107220,Kusuma Poojary,39,2,1,0,2
107221,107221,Arjun Gowda,43,6,1,0,1
107222,107222,Imran Reddy,64,9,1,0,1
107223,107223,Kusuma Gowda,42,4,1,0,2
107224,107224,Lakshmi Hiremath,46,5,2,0,2
107225,107225,Deepa Hiremath,60,1,1,0,2
107226,107226,Anil D'Souza,27,7,1,0,1
107227,107227,Yogesh Hiremath,66,9,1,0,1
107228,107228,Shilpa Bhat,53,6,1,0,2
107229,107229,Deepa Shetty,24,7,1,0,2
107230,107230,Joseph Kumar,66,4,1,0,1
107231,107231,Yogesh Merchant,31,4,1,0,1
107232,107232,Pooja Rao,68,8,1,0,2
107233,107233,Anthony Kumar,65,5,1,0,1
107234,107234,Nandini Shetty,47,3,2,0,2
107235,107235,Divya Pinto,58,2,1,0,2
107236,107236,Ravi Nayak,38,9,1,0,1
107237,107237,Shilpa Naik,28,4,1,0,2
107238,107238,Anil Sait,59,6,1,0,1
107239,107239,Harish Khan,28,4,3,0,1
107240,107240,Imran Reddy,27,7,1,0,1
107241,107241,Deepa Reddy,44,6,1,0,2
107242,107242,Anita Nayak,67,8,1,0,2
107243,107243,Pooja Hiremath,41,6,1,0,2
107244,107244,Kiran D'Souza,44,7,1,0,1
107245,107245,Harish Bhat,53,3,1,0,1
107246,107246,Nandini Khan,32,8,1,0,2
107247,107247,Kiran Achar,34,6,1,0,1
107248,107248,Anil Shetty,51,4,1,0,1
107249,107249,Ravi D'Souza,23,9,2,0,1
107250,107250,Dinesh Bhat,57,3,1,0,1
107251,107251,Shilpa Kulkarni,55,3,1,0,2
107252,107252,Chandru D'Souza,43,4,1,0,1
107253,107253,Naveen Reddy,37,3,1,0,1
107254,107254,Pooja Patil,25,2,1,0,2
107255,107255,Vidya Khan,46,3,1,0,2
107256,107256,Meena Merchant,30,7,1,0,2
107257,107257,Mahesh Sait,67,9,1,0,1
107258,107258,Nandini Kumar,18,2,1,0,2
107259,107259,Nandini Sait,51,4,1,0,2
107260,107260,Pooja D'Souza,32,4,2,0,2
107261,107261,Nagaraj Rao,29,4,1,0,1
107262,107262,Yogesh Rao,67,6,1,0,1
107263,107263,Nagaraj Hiremath,36,4,1,0,1
107264,107264,Ananya Poojary,49,8,1,0,2
107265,107265,Geeta Kulkarni,63,8,3,0,2
107266,107266,Arjun Nayak,43,4,1,0,1
107267,107267,Imran Reddy,41,4,1,0,1
107268,107268,Mary D'Souza,28,10,1,0,2
107269,107269,Sowmya Reddy,44,4,2,0,2
107270,107270,Chandru Reddy,61,6,1,0,1
107271,107271,Ananya Shetty,64,5,2,0,2
107272,107272,Mahesh Achar,26,8,1,0,1
107273,107273,Swathi Hiremath,26,7,1,0,2
107274,107274,Mahesh Shetty,26,1,1,0,1
107275,107275,Farhan Poojary,40,2,1,0,1
107276,107276,Anil Reddy,40,8,1,0,1
107277,107277,Ananya Kulkarni,64,5,1,0,2
107278,107278,Srinivas Reddy,69,8,1,0,1
107279,107279,Sowmya Bhat,70,4,1,0,2
107280,107280,Kiran Naik,21,2,1,0,1
107281,107281,Geeta Gowda,68,10,1,0,2
107282,107282,Kiran Pinto,49,6,1,0,1
107283,107283,Ravi Merchant,24,6,1,0,1
107284,107284,Rekha Sait,54,8,1,0,2
107285,107285,Salim Gowda,56,9,1,0,1
107286,107286,Vidya Merchant,70,7,1,0,2
107287,107287,Vinod Naik,70,9,1,0,1
107288,107288,Mahesh Merchant,61,4,1,0,1
107289,107289,Fathima Desai,58,6,1,0,2
107290,107290,Swathi Kumar,36,5,1,0,2
107291,107291,Anil Gowda,65,8,1,0,1
107292,107292,Joseph Khan,36,4,1,0,1
107293,107293,Divya Hegde,45,4,1,0,2
107294,107294,Farhan Patil,24,4,1,0,1
107295,107295,Farhan Reddy,22,1,1,0,1
107296,107296,Roopa Naik,40,9,1,0,2
107297,107297,Vinod Merchant,39,7,1,0,1
107298,107298,Pooja Rao,57,5,2,0,2
107299,107299,Meena D'Souza,65,4,1,0,2
107300,107300,Ramesh Pinto,67,4,1,0,1
107301,107301,Roopa Patil,58,1,1,0,2
107302,107302,Mary Khan,42,4,1,0,2
107303,107303,Anil Hiremath,66,5,1,0,1
107304,107304,Ashok Khan,47,9,3,0,1
107305,107305,Shalini Achar,48,4,4,0,2
107306,107306,Sneha Patil,64,3,1,0,2
107307,107307,Chandru Rao,52,9,1,0,1
107308,107308,Basavaraj Desai,45,8,1,0,1
107309,107309,Salim Desai,28,10,1,0,1
107310,107310,Roopa Sait,37,5,1,0,2
107311,107311,Nagaraj Poojary,70,8,1,0,1
107312,107312,Srinivas Nayak,70,3,2,0,1
107313,107313,Shilpa Pinto,56,5,1,0,2
107314,107314,Srinivas Bhat,23,6,1,0,1
107315,107315,Salim Patil,43,4,1,0,1
107316,107316,Imran Reddy,53,1,1,0,1
107317,107317,Mahesh D'Souza,37,9,1,0,1
107318,107318,Ashok Khan,26,4,1,0,1
107319,107319,Lakshmi Kumar,22,2,1,0,2
107320,107320,Dinesh Khan,44,7,3,0,1
107321,107321,Basavaraj Pinto,20,9,1,0,1
107322,107322,Dinesh Bhat,71,4,1,0,1
107323,107323,Joseph D'Souza,20,1,1,0,1
107324,107324,Yogesh Reddy,34,4,2,0,1
107325,107325,Kusuma Kumar,36,9,1,0,2
107326,107326,Lakshmi Reddy,23,1,2,0,2
107327,107327,Shilpa Patil,30,7,2,0,2
107328,107328,Chandru Reddy,25,1,1,0,1
107329,107329,Fathima Gowda,51,7,1,0,2
107330,107330,Anthony Reddy,37,8,1,0,1
107331,107331,Fathima Patil,22,3,1,0,2
107332,107332,Rajesh Gowda,19,9,1,0,1
107333,107333,Mahesh Khan,71,7,1,0,1
107334,107334,Ramesh Gowda,65,7,1,0,1
107335,107335,Priya Naik,65,4,1,0,2
107336,107336,Nandini Hegde,66,1,1,0,2
107337,107337,Girish Sait,57,4,2,0,1
107338,107338,Chandru Hegde,70,9,1,0,1
107339,107339,Imran Poojary,22,8,1,0,1
107340,107340,Deepa Rao,70,3,2,0,2
107341,107341,Iqbal Hegde,55,7,1,0,1
107342,107342,Ravi Khan,58,7,4,0,1
107343,107343,Kiran Poojary,31,9,1,0,1
107344,107344,Rekha Patil,25,4,1,0,2
107345,107345,Imran Desai,39,6,1,0,1
107346,107346,Ananya Gowda,22,3,1,0,2
107347,107347,Ravi Khan,64,8,1,0,1
107348,107348,Kavya Merchant,31,6,1,0,2
107349,107349,Imran D'Souza,59,8,1,0,1
107350,107350,Radha Nayak,44,9,1,0,2
107351,107351,Girish Hegde,64,4,1,0,1
107352,107352,Kavya Gowda,55,5,1,0,2
107353,107353,Kusuma Reddy,61,4,1,0,2
107354,107354,Arjun Pinto,43,4,2,0,1
107355,107355,Manoj Khan,36,3,1,0,1
107356,107356,Mary Hiremath,68,8,1,0,2
107357,107357,Manoj Pinto,56,2,1,0,1
107358,107358,Vinod Khan,24,2,1,0,1
107359,107359,Srinivas Patil,34,5,1,0,1
107360,107360,Zoya Kulkarni,26,1,1,0,2
107361,107361,Shilpa Kulkarni,28,3,2,0,2
107362,107362,Manoj Sait,22,4,1,0,1
107363,107363,Rajesh Desai,71,9,1,0,1
107364,107364,Divya Nayak,66,4,1,0,2
107365,107365,Geeta Achar,22,4,1,0,2
107366,107366,Chandru Hiremath,57,4,1,0,1
107367,107367,Anil Kulkarni,42,8,1,0,1
107368,107368,Yogesh D'Souza,50,8,1,0,1
107369,107369,Girish Reddy,42,4,1,0,1
107370,107370,Roopa Sait,40,4,1,0,2
107371,107371,Meena Rao,68,9,1,0,2
107372,107372,Sowmya Achar,29,1,1,0,2
107373,107373,Lakshmi Merchant,28,9,1,0,2
107374,107374,Suresh Merchant,35,4,2,0,1
107375,107375,Ganesh Sait,65,4,1,0,1
107376,107376,Rajesh Kulkarni,24,10,1,0,1
107377,107377,Shilpa Khan,19,6,1,0,2
107378,107378,Meena Gowda,48,10,1,0,2
107379,107379,Manjunath Desai,18,9,1,0,1
107380,107380,Mahesh Gowda,59,10,6,0,1
107381,107381,Sneha Shetty,29,1,1,0,2
107382,107382,Shilpa Naik,48,7,1,0,2
107383,107383,Nandini Khan,64,3,1,0,2
107384,107384,Ramesh Gowda,31,2,2,0,1
107385,107385,Nandini Pinto,23,1,1,0,2
107386,107386,Rajesh Desai,38,9,2,0,1
107387,107387,Iqbal Kulkarni,67,8,1,0,1
107388,107388,Lakshmi Shetty,38,9,1,0,2
107389,107389,Anita Gowda,18,9,1,0,2
107390,107390,Suresh Bhat,24,4,7,0,1
107391,107391,Zoya Rao,54,2,2,0,2
107392,107392,Basavaraj Rao,34,5,1,0,1
107393,107393,Mary Nayak,23,4,2,0,2
107394,107394,Priya Hiremath,27,1,2,0,2
107395,107395,Vijay Hiremath,26,4,1,0,1
107396,107396,Shilpa Nayak,57,9,1,0,2
107397,107397,Roopa D'Souza,46,2,1,0,2
107398,107398,Suresh Sait,55,2,1,0,1
107399,107399,Chandru Pinto,23,9,1,0,1
107400,107400,Zoya Bhat,38,7,1,0,2
107401,107401,Mary Shetty,41,4,1,0,2
107402,107402,Meena Pinto,25,5,1,0,2
107403,107403,Chandru Shetty,49,4,1,0,1
107404,107404,Anthony Nayak,42,4,1,0,1
107405,107405,Vijay Sait,54,7,1,0,1
107406,107406,Geeta Nayak,36,5,1,0,2
107407,107407,Anil Rao,39,3,1,0,1
107408,107408,Shalini Gowda,63,7,1,0,2
107409,107409,Mahesh Achar,52,4,1,0,1
107410,107410,Rekha Bhat,43,1,1,0,2
107411,107411,Radha Rao,48,2,2,0,2
107412,107412,Vidya Reddy,64,2,1,0,2
107413,107413,Divya Merchant,37,1,3,0,2
107414,107414,Srinivas Hiremath,46,8,6,0,1
107415,107415,Vijay Naik,56,1,1,0,1
107416,107416,Fathima Bhat,61,9,1,0,2
107417,107417,Anthony Kumar,39,8,1,0,1
107418,107418,Zoya Kulkarni,63,2,1,0,2
107419,107419,Dinesh Sait,55,9,2,0,1
107420,107420,Kusuma D'Souza,24,2,2,0,2
107421,107421,Anil Desai,44,10,1,0,1
107422,107422,Ravi D'Souza,44,1,1,0,1
107423,107423,Ramesh Naik,44,6,1,0,1
107424,107424,Manjunath Kulkarni,38,10,7,0,1
107425,107425,Manjunath Patil,54,4,1,0,1
107426,107426,Sneha Poojary,25,7,1,0,2
107427,107427,Roopa Pinto,66,1,1,0,2
107428,107428,Nandini Kumar,31,8,1,0,2
107429,107429,Ashok Sait,43,4,2,0,1
107430,107430,Rajesh Kulkarni,26,7,1,0,1
107431,107431,Sneha Sait,71,8,1,0,2
107432,107432,Rajesh Kulkarni,57,2,1,0,1
107433,107433,Mary Kulkarni,29,1,1,0,2
107434,107434,Salim Kulkarni,63,5,1,0,1
107435,107435,Pooja Kulkarni,50,8,1,0,2
107436,107436,Sunita Poojary,36,10,2,0,2
107437,107437,Ananya Bhat,48,4,1,0,2
107438,107438,Ramesh D'Souza,38,8,1,0,1
107439,107439,Srinivas Desai,37,4,2,0,1
107440,107440,Shilpa Nayak,18,9,1,0,2
107441,107441,Basavaraj Hiremath,52,4,1,0,1
107442,107442,Srinivas Sait,31,5,1,0,1
107443,107443,Salim Bhat,54,4,2,0,1
107444,107444,Sowmya Nayak,33,9,2,0,2
107445,107445,Kavya Kulkarni,70,4,2,0,2
107446,107446,Manoj Naik,20,9,1,0,1
107447,107447,Roopa Poojary,21,3,1,0,2
107448,107448,Ganesh Khan,69,3,1,0,1
107449,107449,Ravi Desai,67,7,1,0,1
107450,107450,Anil Gowda,27,7,1,0,1
107451,107451,Harish Sait,45,2,2,0,1
107452,107452,Deepa Nayak,38,6,1,0,2
107453,107453,Vinod Kumar,54,5,2,0,1
107454,107454,Imran Hiremath,38,3,1,0,1
107455,107455,Vijay Pinto,60,3,1,0,1
107456,107456,Iqbal Shetty,62,3,1,0,1
107457,107457,Roopa Shetty,25,1,1,0,2
107458,107458,Swathi Pinto,61,10,1,0,2
107459,107459,Arjun Shetty,54,1,1,0,1
107460,107460,Deepa Merchant,61,4,1,0,2
107461,107461,Nandini Desai,66,5,1,0,2
107462,107462,Nagaraj Pinto,52,9,1,0,1
107463,107463,Sunita Kumar,37,6,1,0,2
107464,107464,Mary Khan,68,3,3,0,2
107465,107465,Mahesh Reddy,60,2,1,0,1
107466,107466,Priya Hiremath,59,2,1,0,2
107467,107467,Rekha Poojary,28,4,1,0,2
107468,107468,Naveen Shetty,43,4,1,0,1
107469,107469,Roopa Achar,63,4,3,0,2
107470,107470,Iqbal Patil,46,5,2,0,1
107471,107471,Priya Sait,29,2,1,0,2
107472,107472,Shalini Hegde,42,1,1,0,2
107473,107473,Swathi Shetty,42,3,1,0,2
107474,107474,Mahesh Sait,56,4,1,0,1
107475,107475,Vinod Patil,66,3,1,0,1
107476,107476,Basavaraj Achar,66,2,1,0,1
107477,107477,Sneha Hiremath,60,1,1,0,2
107478,107478,Mary Nayak,61,7,1,0,2
107479,107479,Anthony D'Souza,43,9,1,0,1
107480,107480,Suresh Poojary,19,3,1,0,1
107481,107481,Anil Hiremath,50,2,1,0,1
107482,107482,Iqbal Poojary,62,4,1,0,1
107483,107483,Manoj Reddy,46,2,1,0,1
107484,107484,Fathima Gowda,47,9,1,0,2
107485,107485,Shalini Achar,43,9,1,0,2
107486,107486,Ashok Reddy,28,6,1,0,1
107487,107487,Basavaraj Khan,54,1,1,0,1
107488,107488,Fathima D'Souza,30,2,2,0,2
107489,107489,Kiran Gowda,45,2,1,0,1
107490,107490,Ashok Nayak,37,5,3,0,1
107491,107491,Zoya D'Souza,50,8,1,0,2
107492,107492,Pooja Patil,21,1,1,0,2
107493,107493,Suresh Naik,61,9,2,0,1
107494,107494,Sowmya Desai,22,4,1,0,2
107495,107495,Kusuma Nayak,22,9,1,0,2
107496,107496,Ananya Gowda,54,2,1,0,2
107497,107497,Priya Reddy,46,1,1,0,2
107498,107498,Meena Khan,49,6,1,0,2
107499,107499,Kusuma D'Souza,60,1,1,0,2
107500,107500,Vinod Achar,68,8,1,0,1
107501,107501,Mary Shetty,50,1,1,0,2
107502,107502,Salim Hiremath,40,6,1,0,1
107503,107503,Vidya Poojary,28,10,1,0,2
107504,107504,Suresh Sait,22,6,1,0,1
107505,107505,Nagaraj Pinto,69,2,1,0,1
107506,107506,Vidya Nayak,72,10,1,0,2
107507,107507,Sunita Sait,29,4,1,0,2
107508,107508,Salim Khan,62,4,1,0,1
107509,107509,Zoya Poojary,21,4,2,0,2
107510,107510,Anita Desai,56,9,1,0,2
107511,107511,Geeta Pinto,35,8,1,0,2
107512,107512,Srinivas Nayak,33,1,1,0,1
107513,107513,Mary Sait,63,3,1,0,2
107514,107514,Rekha Gowda,63,1,1,0,2
107515,107515,Geeta Merchant,50,4,1,0,2
107516,107516,Radha Gowda,60,5,2,0,2
107517,107517,Vinod Hegde,66,4,2,0,1
107518,107518,Swathi Reddy,48,1,1,0,2
107519,107519,Arjun D'Souza,61,8,3,0,1
107520,107520,Mary Shetty,23,2,2,0,2
107521,107521,Ganesh Gowda,37,8,1,0,1
107522,107522,Dinesh Hegde,62,2,1,0,1
107523,107523,Kavya Desai,33,9,1,0,2
107524,107524,Chandru Shetty,68,7,1,0,1
107525,107525,Pooja Achar,36,9,2,0,2
107526,107526,Rekha Poojary,24,4,1,0,2
107527,107527,Divya Reddy,58,9,1,0,2
107528,107528,Kiran Shetty,54,6,1,0,1
107529,107529,Sneha Sait,67,10,1,0,2
107530,107530,Divya Khan,55,4,1,0,2
107531,107531,Meena Bhat,60,9,1,0,2
107532,107532,Kusuma Hiremath,46,7,1,0,2
107533,107533,Pooja Patil,21,5,2,0,2
107534,107534,Sowmya Nayak,70,1,1,0,2
107535,107535,Vijay Reddy,64,5,1,0,1
107536,107536,Arjun Naik,37,3,1,0,1
107537,107537,Dinesh Bhat,39,7,1,0,1
107538,107538,Vinod Khan,23,9,1,0,1
107539,107539,Yogesh Reddy,58,4,1,0,1
107540,107540,Basavaraj Rao,63,4,1,0,1
107541,107541,Roopa Kumar,39,6,2,0,2
107542,107542,Radha Pinto,37,7,1,0,2
107543,107543,Geeta Achar,31,10,1,0,2
107544,107544,Kiran Desai,57,8,1,0,1
107545,107545,Divya Hiremath,68,6,1,0,2
107546,107546,Ravi Achar,57,1,1,0,1
107547,107547,Yogesh Sait,68,8,1,0,1
107548,107548,Lakshmi Bhat,38,10,1,0,2
107549,107549,Kiran Patil,39,8,1,0,1
107550,107550,Suresh Achar,22,9,1,0,1
107551,107551,Ganesh Hegde,44,7,7,0,1
107552,107552,Pooja Naik,37,5,1,0,2
107553,107553,Pooja Kulkarni,35,9,1,0,2
107554,107554,Ravi Hegde,33,9,1,0,1
107555,107555,Naveen Reddy,51,1,1,0,1
107556,107556,Sunita Hiremath,45,6,1,0,2
107557,107557,Dinesh Khan,24,1,1,0,1
107558,107558,Mary Rao,21,9,1,0,2
107559,107559,Naveen Nayak,51,7,1,0,1
107560,107560,Nagaraj Kumar,65,7,1,0,1
107561,107561,Nandini Nayak,62,6,1,0,2
107562,107562,Rajesh Merchant,37,3,1,0,1
107563,107563,Joseph Kulkarni,20,5,1,0,1
107564,107564,Mahesh Achar,37,7,1,0,1
107565,107565,Pooja Shetty,24,9,1,0,2
107566,107566,Ananya Kulkarni,43,2,1,0,2
107567,107567,Sunita Desai,60,9,1,0,2
107568,107568,Swathi Sait,72,3,1,0,2
107569,107569,Rekha Sait,19,6,2,0,2
107570,107570,Pooja Hegde,63,1,1,0,2
107571,107571,Rajesh Poojary,69,4,1,0,1
107572,107572,Swathi D'Souza,58,2,3,0,2
107573,107573,Roopa Nayak,60,4,1,0,2
107574,107574,Vinod Bhat,62,2,1,0,1
107575,107575,Ashok Pinto,31,4,1,0,1
107576,107576,Nagaraj Hiremath,40,6,1,0,1
107577,107577,Vijay Hegde,49,7,3,0,1
107578,107578,Geeta Khan,18,1,1,0,2
107579,107579,Nagaraj Nayak,66,1,1,0,1
107580,107580,Anil Hegde,21,9,1,0,1
107581,107581,Nandini Naik,32,1,1,0,2
107582,107582,Geeta Shetty,48,3,2,0,2
107583,107583,Geeta Khan,29,5,1,0,2
107584,107584,Nandini Gowda,61,3,1,0,2
107585,107585,Prakash Gowda,32,1,1,0,1
107586,107586,Meena Kulkarni,21,4,1,0,2
107587,107587,Girish Khan,56,8,1,0,1
107588,107588,Basavaraj Patil,62,2,2,0,1
107589,107589,Joseph Bhat,26,8,1,0,1
107590,107590,Joseph Pinto,63,8,1,0,1
107591,107591,Manoj Reddy,20,9,1,0,1
107592,107592,Ashok Kulkarni,31,6,1,0,1
107593,107593,Kusuma Kulkarni,50,6,1,0,2
107594,107594,Mahesh Merchant,38,6,1,0,1
107595,107595,Ravi Reddy,45,4,1,0,1
107596,107596,Swathi Bhat,34,3,1,0,2
107597,107597,Vidya Kulkarni,39,5,1,0,2
107598,107598,Prakash Merchant,49,3,1,0,1
107599,107599,Farhan Bhat,40,4,1,0,1
107600,107600,Salim Pinto,40,1,1,0,1
107601,107601,Arjun Hegde,71,4,1,0,1
107602,107602,Prakash Shetty,22,8,2,0,1
107603,107603,Dinesh Kumar,57,7,1,0,1
107604,107604,Prakash Hiremath,30,4,1,0,1
107605,107605,Roopa Khan,40,6,1,0,2
107606,107606,Swathi Reddy,69,8,1,0,2
107607,107607,Radha Bhat,60,4,1,0,2
107608,107608,Naveen Naik,55,4,1,0,1
107609,107609,Deepa Reddy,72,1,2,0,2
107610,107610,Manjunath Nayak,41,7,1,0,1
107611,107611,Ramesh Kulkarni,64,7,1,0,1
107612,107612,Anthony Merchant,23,5,2,0,1
107613,107613,Vijay Hegde,45,9,1,0,1
107614,107614,Anil Desai,52,1,1,0,1
107615,107615,Shilpa Sait,49,7,1,0,2
107616,107616,Pooja Bhat,58,5,1,0,2
107617,107617,Dinesh Hiremath,38,5,1,0,1
107618,107618,Zoya Pinto,46,1,1,0,2
107619,107619,Ramesh Poojary,43,7,1,0,1
107620,107620,Vidya Rao,23,1,2,0,2
107621,107621,Priya Poojary,52,9,2,0,2
107622,107622,Rajesh Poojary,66,10,1,0,1
107623,107623,Pooja Kulkarni,20,3,1,0,2
107624,107624,Farhan Gowda,32,3,1,0,1
107625,107625,Salim D'Souza,30,6,1,0,1
107626,107626,Salim Kumar,22,4,1,0,1
107627,107627,Kiran Sait,42,4,2,0,1
107628,107628,Iqbal Pinto,21,6,1,0,1
107629,107629,Lakshmi Gowda,43,4,1,0,2
107630,107630,Suresh Achar,51,4,2,0,1
107631,107631,Priya Naik,51,4,2,0,2
107632,107632,Nagaraj Poojary,39,10,1,0,1
107633,107633,Joseph Gowda,71,4,2,0,1
107634,107634,Pooja Hiremath,59,3,1,0,2
107635,107635,Radha Merchant,31,7,1,0,2
107636,107636,Vidya Khan,68,9,1,0,2
107637,107637,Srinivas Kulkarni,27,1,1,0,1
107638,107638,Roopa Pinto,43,4,1,0,2
107639,107639,Anthony Merchant,29,8,1,0,1
107640,107640,Mary Rao,53,7,1,0,2
107641,107641,Roopa Khan,29,5,1,0,2
107642,107642,Anthony Reddy,60,7,1,0,1
107643,107643,Swathi D'Souza,66,4,1,0,2
107644,107644,Mary Pinto,62,1,3,0,2
107645,107645,Pooja Merchant,31,4,1,0,2
107646,107646,Ananya Naik,21,4,1,0,2
107647,107647,Geeta Poojary,46,7,1,0,2
107648,107648,Ananya Patil,28,4,1,0,2
107649,107649,Dinesh Sait,64,4,1,0,1
107650,107650,Kiran Desai,44,4,1,0,1
107651,107651,Anil Merchant,40,9,1,0,1
107652,107652,Shilpa Kumar,33,4,1,0,2
107653,107653,Basavaraj Kulkarni,70,2,1,0,1
107654,107654,Lakshmi Bhat,65,7,1,0,2
107655,107655,Prakash Bhat,19,2,1,0,1
107656,107656,Geeta Shetty,62,2,1,0,2
107657,107657,Divya Nayak,67,4,1,0,2
107658,107658,Sowmya Merchant,25,9,1,0,2
107659,107659,Girish D'Souza,65,2,2,0,1
107660,107660,Chandru Bhat,29,4,1,0,1
107661,107661,Chandru Rao,50,2,2,0,1
107662,107662,Imran Shetty,62,4,2,0,1
107663,107663,Deepa Shetty,22,5,2,0,2
107664,107664,Nagaraj D'Souza,64,7,4,0,1
107665,107665,Anita Poojary,44,5,1,0,2
107666,107666,Iqbal Bhat,58,7,1,0,1
107667,107667,Dinesh Sait,28,9,1,0,1
107668,107668,Yogesh Gowda,51,4,1,0,1
107669,107669,Girish Achar,48,9,1,0,1
107670,107670,Yogesh Naik,31,1,1,0,1
107671,107671,Vidya Shetty,27,8,1,0,2
107672,107672,Kiran Khan,66,2,1,0,1
107673,107673,Mahesh D'Souza,66,1,1,0,1
107674,107674,Basavaraj Rao,57,6,1,0,1
107675,107675,Basavaraj D'Souza,59,5,1,0,1
107676,107676,Srinivas Sait,64,7,1,0,1
107677,107677,Harish Kumar,66,8,1,0,1
107678,107678,Swathi Nayak,48,6,1,0,2
107679,107679,Ramesh Reddy,64,7,1,0,1
107680,107680,Geeta Sait,67,2,1,0,2
107681,107681,Mahesh Poojary,22,9,2,0,1
107682,107682,Suresh Poojary,38,8,2,0,1
107683,107683,Vijay Sait,67,9,1,0,1
107684,107684,Mary Shetty,52,8,1,0,2
107685,107685,Yogesh Naik,72,8,1,0,1
107686,107686,Nandini Shetty,46,10,2,0,2
107687,107687,Kusuma Pinto,33,8,1,0,2
107688,107688,Deepa Merchant,52,7,1,0,2
107689,107689,Divya Hiremath,68,9,2,0,2
107690,107690,Imran Poojary,43,10,2,0,1
107691,107691,Ramesh Naik,26,6,2,0,1
107692,107692,Radha Poojary,63,4,1,0,2
107693,107693,Ganesh Pinto,57,3,1,0,1
107694,107694,Yogesh Desai,53,8,1,0,1
107695,107695,Pooja Desai,56,5,1,0,2
107696,107696,Srinivas Naik,65,4,1,0,1
107697,107697,Iqbal D'Souza,27,7,1,0,1
107698,107698,Swathi Reddy,71,6,1,0,2
107699,107699,Zoya Kulkarni,50,2,1,0,2
107700,107700,Dinesh Poojary,36,6,1,0,1
107701,107701,Deepa Gowda,27,1,1,0,2
107702,107702,Sneha Desai,61,3,1,0,2
107703,107703,Kiran Pinto,53,3,1,0,1
107704,107704,Rekha Kumar,47,4,1,0,2
107705,107705,Anil Naik,28,5,1,0,1
107706,107706,Arjun Rao,20,6,1,0,1
107707,107707,Manoj Achar,51,2,1,0,1
107708,107708,Salim Bhat,41,4,1,0,1
107709,107709,Suresh Khan,69,4,1,0,1
107710,107710,Rekha Naik,37,6,1,0,2
107711,107711,Iqbal Kumar,33,2,1,0,1
107712,107712,Sneha Desai,39,4,2,0,2
107713,107713,Manoj Hegde,48,3,1,0,1
107714,107714,Yogesh Kumar,50,5,1,0,1
107715,107715,Joseph Nayak,49,6,1,0,1
107716,107716,Nagaraj Pinto,52,3,2,0,1
107717,107717,Chandru Kulkarni,40,7,1,0,1
107718,107718,Mary Sait,33,1,1,0,2
107719,107719,Swathi Kulkarni,40,8,2,0,2
107720,107720,Rajesh D'Souza,35,5,1,0,1
107721,107721,Rajesh D'Souza,61,8,1,0,1
107722,107722,Girish Desai,53,10,1,0,1
107723,107723,Deepa Kulkarni,42,3,1,0,2
107724,107724,Chandru Naik,20,6,2,0,1
107725,107725,Ashok D'Souza,29,5,1,0,1
107726,107726,Mahesh Shetty,47,6,1,0,1
107727,107727,Mahesh Reddy,22,10,1,0,1
107728,107728,Lakshmi D'Souza,30,10,1,0,2
107729,107729,Roopa Bhat,34,7,1,0,2
107730,107730,Kusuma Hegde,70,6,1,0,2
107731,107731,Vinod Shetty,25,4,1,0,1
107732,107732,Ananya Nayak,41,2,1,0,2
107733,107733,Chandru Kumar,24,4,1,0,1
107734,107734,Harish Desai,31,9,1,0,1
107735,107735,Vidya Kumar,32,6,2,0,2
107736,107736,Divya Khan,48,2,1,0,2
107737,107737,Girish Khan,27,6,1,0,1
107738,107738,Shalini Sait,39,5,3,0,2
107739,107739,Girish Sait,71,2,1,0,1
107740,107740,Vinod Achar,32,2,1,0,1
107741,107741,Shalini Khan,72,9,1,0,2
107742,107742,Imran Poojary,58,5,1,0,1
107743,107743,Vidya Kulkarni,71,2,1,0,2
107744,107744,Kavya Bhat,19,4,4,0,2
107745,107745,Nandini Shetty,47,7,1,0,2
107746,107746,Manjunath Bhat,52,5,1,0,1
107747,107747,Divya Poojary,21,9,1,0,2
107748,107748,Shalini Merchant,28,1,1,0,2
107749,107749,Chandru Achar,25,1,1,0,1
107750,107750,Rekha Rao,43,2,1,0,2
107751,107751,Prakash Naik,58,7,1,0,1
107752,107752,Salim Khan,66,7,1,0,1
107753,107753,Ganesh Naik,28,9,1,0,1
107754,107754,Basavaraj D'Souza,57,8,1,0,1
107755,107755,Vinod Patil,37,10,1,0,1
107756,107756,Ananya Naik,43,6,1,0,2
107757,107757,Nagaraj Bhat,66,1,1,0,1
107758,107758,Yogesh Kumar,24,4,1,0,1
107759,107759,Rekha Pinto,33,9,1,0,2
107760,107760,Zoya Hiremath,32,9,1,0,2
107761,107761,Priya Patil,49,5,1,0,2
107762,107762,Radha Patil,33,4,1,0,2
107763,107763,Farhan Achar,29,8,1,0,1
107764,107764,Harish Hiremath,41,2,1,0,1
107765,107765,Suresh Gowda,45,6,1,0,1
107766,107766,Ramesh Hiremath,63,1,1,0,1
107767,107767,Harish Naik,23,7,1,0,1
107768,107768,Zoya Merchant,52,1,1,0,2
107769,107769,Mary Gowda,34,9,1,0,2
107770,107770,Suresh Hegde,53,6,1,0,1
107771,107771,Kiran Nayak,23,3,1,0,1
107772,107772,Meena Naik,33,4,1,0,2
107773,107773,Yogesh Desai,47,4,1,0,1
107774,107774,Swathi Khan,65,3,1,0,2
107775,107775,Rajesh Merchant,35,4,1,0,1
107776,107776,Iqbal Merchant,33,5,2,0,1
107777,107777,Chandru Patil,54,5,2,0,1
107778,107778,Anita Desai,69,6,1,0,2
107779,107779,Deepa Patil,28,6,1,0,2
107780,107780,Zoya Khan,29,4,1,0,2
107781,107781,Nagaraj Pinto,43,6,1,0,1
107782,107782,Sowmya Rao,60,4,1,0,2
107783,107783,Naveen Sait,56,3,1,0,1
107784,107784,Anil Bhat,27,9,1,0,1
107785,107785,Yogesh Achar,32,6,1,0,1
107786,107786,Mahesh Naik,65,4,1,0,1
107787,107787,Basavaraj D'Souza,68,1,1,0,1
107788,107788,Mahesh Sait,71,5,1,0,1
107789,107789,Farhan Reddy,51,4,1,0,1
107790,107790,Prakash Bhat,20,7,1,0,1
107791,107791,Kusuma Hiremath,49,9,2,0,2
107792,107792,Kavya D'Souza,21,5,1,0,2
107793,107793,Radha Shetty,46,4,1,0,2
107794,107794,Kiran Hegde,65,5,2,0,1
107795,107795,Vijay Khan,31,2,1,0,1
107796,107796,Imran Desai,19,7,1,0,1
107797,107797,Manjunath Bhat,50,8,2,0,1
107798,107798,Chandru Sait,29,9,1,0,1
107799,107799,Sneha Khan,53,9,4,0,2
107800,107800,Manjunath Bhat,18,6,1,0,1
107801,107801,Anthony Merchant,47,2,1,0,1
107802,107802,Vidya Patil,40,5,1,0,2
107803,107803,Farhan Desai,22,4,1,0,1
107804,107804,Swathi Rao,66,7,5,0,2
107805,107805,Ramesh Kulkarni,38,8,1,0,1
107806,107806,Manoj Sait,63,7,1,0,1
107807,107807,Deepa Gowda,57,1,2,0,2
107808,107808,Prakash Sait,46,7,3,0,1
107809,107809,Vijay Naik,71,1,1,0,1
107810,107810,Joseph Achar,59,4,1,0,1
107811,107811,Ravi Gowda,32,1,1,0,1
107812,107812,Vinod Shetty,42,9,1,0,1
107813,107813,Anita Hegde,45,3,1,0,2
107814,107814,Kiran Naik,68,9,1,0,1
107815,107815,Kavya Shetty,42,1,2,0,2
107816,107816,Vinod Sait,35,1,1,0,1
107817,107817,Shalini Hegde,32,4,1,0,2
107818,107818,Sneha Nayak,60,7,2,0,2
107819,107819,Joseph Nayak,53,8,1,0,1
107820,107820,Ravi Achar,72,1,1,0,1
107821,107821,Kiran Nayak,20,7,1,0,1
107822,107822,Dinesh Sait,44,9,1,0,1
107823,107823,Fathima Khan,22,8,1,0,2
107824,107824,Arjun Hiremath,32,6,1,0,1
107825,107825,Rekha Poojary,34,1,1,0,2
107826,107826,Mary Hiremath,26,4,1,0,2
107827,107827,Ananya Nayak,36,7,1,0,2
107828,107828,Nagaraj Reddy,57,4,1,0,1
107829,107829,Nagaraj Kumar,56,1,1,0,1
107830,107830,Ramesh Pinto,30,3,4,0,1
107831,107831,Meena Desai,46,10,4,0,2
107832,107832,Mahesh Nayak,57,4,1,0,1
107833,107833,Farhan Khan,66,9,1,0,1
107834,107834,Shilpa Kulkarni,59,10,1,0,2
107835,107835,Zoya Rao,56,4,1,0,2
107836,107836,Srinivas Achar,20,6,1,0,1
107837,107837,Nandini Patil,38,4,1,0,2
107838,107838,Srinivas Reddy,32,7,2,0,1
107839,107839,Chandru Bhat,55,9,1,0,1
107840,107840,Shalini Naik,42,7,1,0,2
107841,107841,Pooja Poojary,37,3,1,0,2
107842,107842,Deepa Hiremath,65,6,1,0,2
107843,107843,Girish Naik,49,8,1,0,1
107844,107844,Rajesh Poojary,23,6,1,0,1
107845,107845,Anil Achar,29,5,1,0,1
107846,107846,Nagaraj Naik,63,8,1,0,1
107847,107847,Mary Sait,46,4,2,0,2
107848,107848,Kusuma Sait,57,4,1,0,2
107849,107849,Dinesh Rao,27,8,1,0,1
107850,107850,Vijay Bhat,60,4,2,0,1
107851,107851,Fathima Desai,46,2,1,0,2
107852,107852,Sowmya Khan,22,7,2,0,2
107853,107853,Mahesh Khan,30,8,1,0,1
107854,107854,Prakash Kumar,22,1,2,0,1
107855,107855,Mahesh Desai,62,9,1,0,1
107856,107856,Radha Patil,42,10,1,0,2
107857,107857,Girish Sait,52,9,2,0,1
107858,107858,Vidya Shetty,67,4,2,0,2
107859,107859,Farhan Khan,40,9,1,0,1
107860,107860,Anita Desai,27,1,1,0,2
107861,107861,Harish Nayak,68,4,1,0,1
107862,107862,Chandru Reddy,24,5,1,0,1
107863,107863,Suresh Patil,58,4,1,0,1
107864,107864,Shilpa Gowda,31,7,1,0,2
107865,107865,Imran Reddy,58,1,2,0,1
107866,107866,Priya Merchant,44,4,1,0,2
107867,107867,Yogesh Achar,20,4,1,0,1
107868,107868,Srinivas Kumar,55,6,1,0,1
107869,107869,Naveen Desai,19,7,1,0,1
107870,107870,Nagaraj Achar,58,3,1,0,1
107871,107871,Anthony Desai,53,1,1,0,1
107872,107872,Shilpa Poojary,28,3,1,0,2
107873,107873,Pooja Kumar,71,2,1,0,2
107874,107874,Prakash Naik,18,5,1,0,1
107875,107875,Manoj Khan,66,9,1,0,1
107876,107876,Farhan Shetty,58,9,1,0,1
107877,107877,Manjunath Hiremath,51,4,1,0,1
107878,107878,Iqbal Rao,66,3,1,0,1
107879,107879,Srinivas Achar,25,6,1,0,1
107880,107880,Lakshmi Kumar,68,2,1,0,2
107881,107881,Ramesh Hiremath,37,2,1,0,1
107882,107882,Yogesh Reddy,55,4,1,0,1
107883,107883,Salim Reddy,64,4,1,0,1
107884,107884,Deepa Achar,32,6,2,0,2
107885,107885,Vijay Sait,42,5,1,0,1
107886,107886,Harish Sait,48,1,1,0,1
107887,107887,Ananya Reddy,42,4,1,0,2
107888,107888,Dinesh Hegde,58,4,1,0,1
107889,107889,Anita Hiremath,42,1,1,0,2
107890,107890,Imran Shetty,49,9,2,0,1
107891,107891,Radha Naik,51,2,1,0,2
107892,107892,Ravi Kulkarni,36,8,2,0,1
107893,107893,Mahesh Kumar,69,7,6,0,1
107894,107894,Anil Patil,56,3,1,0,1
107895,107895,Manoj Kulkarni,62,5,1,0,1
107896,107896,Imran Hiremath,47,10,1,0,1
107897,107897,Vidya Reddy,49,7,1,0,2
107898,107898,Suresh Kulkarni,68,3,1,0,1
107899,107899,Harish Merchant,50,3,1,0,1
107900,107900,Manjunath Sait,69,6,1,0,1
107901,107901,Basavaraj D'Souza,29,9,1,0,1
107902,107902,Pooja Sait,31,10,1,0,2
107903,107903,Arjun Naik,62,4,1,0,1
107904,107904,Meena Kumar,60,1,1,0,2
107905,107905,Joseph Pinto,30,6,1,0,1
107906,107906,Vinod Nayak,30,3,1,0,1
107907,107907,Naveen Hiremath,59,7,1,0,1
107908,107908,Kavya Pinto,46,5,1,0,2
107909,107909,Ramesh Hegde,32,4,1,0,1
107910,107910,Yogesh Nayak,25,4,1,0,1
107911,107911,Arjun Rao,18,4,1,0,1
107912,107912,Nandini Nayak,40,7,1,0,2
107913,107913,Yogesh Bhat,51,5,1,0,1
107914,107914,Anil D'Souza,52,4,1,0,1
107915,107915,Nandini Khan,19,4,1,0,2
107916,107916,Anthony Achar,63,3,1,0,1
107917,107917,Anil Nayak,65,5,1,0,1
107918,107918,Deepa Nayak,19,9,1,0,2
107919,107919,Sneha Sait,64,10,1,0,2
107920,107920,Pooja Desai,35,1,1,0,2
107921,107921,Iqbal Hiremath,43,2,2,0,1
107922,107922,Naveen Gowda,37,9,3,0,1
107923,107923,Arjun Merchant,56,1,1,0,1
107924,107924,Ananya Achar,41,7,2,0,2
107925,107925,Divya D'Souza,32,4,1,0,2
107926,107926,Girish Desai,23,2,2,0,1
107927,107927,Ravi Bhat,47,3,2,0,1
107928,107928,Kiran Kulkarni,62,6,1,0,1
107929,107929,Deepa Nayak,22,8,1,0,2
107930,107930,Dinesh Kumar,35,4,3,0,1
107931,107931,Mahesh Hegde,36,4,1,0,1
107932,107932,Vidya Kumar,30,3,1,0,2
107933,107933,Priya Hiremath,53,4,1,0,2
107934,107934,Fathima Rao,47,3,1,0,2
107935,107935,Sowmya D'Souza,57,2,1,0,2
107936,107936,Yogesh Bhat,26,5,2,0,1
107937,107937,Ravi Poojary,61,2,1,0,1
107938,107938,Harish Rao,55,9,1,0,1
107939,107939,Kusuma Naik,56,5,1,0,2
107940,107940,Dinesh Rao,21,6,1,0,1
107941,107941,Naveen Gowda,51,3,1,0,1
107942,107942,Anita Kumar,57,6,1,0,2
107943,107943,Suresh Gowda,58,9,1,0,1
107944,107944,Shalini Desai,27,6,1,0,2
107945,107945,Zoya Merchant,34,4,1,0,2
107946,107946,Priya Rao,35,9,1,0,2
107947,107947,Salim D'Souza,47,5,1,0,1
107948,107948,Nagaraj Bhat,66,5,1,0,1
107949,107949,Ramesh Merchant,47,10,1,0,1
107950,107950,Mary Nayak,42,1,1,0,2
107951,107951,Fathima Pinto,63,8,2,0,2
107952,107952,Divya Khan,54,4,3,0,2
107953,107953,Shalini Bhat,63,2,1,0,2
107954,107954,Zoya Gowda,62,3,1,0,2
107955,107955,Dinesh Patil,44,5,1,0,1
107956,107956,Naveen Poojary,50,4,2,0,1
107957,107957,Vidya Nayak,33,4,1,0,2
107958,107958,Lakshmi Hiremath,21,2,2,0,2
107959,107959,Meena Poojary,25,10,1,0,2
107960,107960,Sowmya Pinto,44,6,1,0,2
107961,107961,Geeta Poojary,22,1,1,0,2
107962,107962,Priya Kulkarni,26,5,1,0,2
107963,107963,Geeta Gowda,40,8,2,0,2
107964,107964,Vijay D'Souza,71,8,1,0,1
107965,107965,Basavaraj Kumar,35,9,1,0,1
107966,107966,Nandini Gowda,72,4,1,0,2
107967,107967,Lakshmi Sait,33,4,1,0,2
107968,107968,Pooja Hegde,40,9,1,0,2
107969,107969,Radha Merchant,41,4,1,0,2
107970,107970,Mahesh Shetty,38,9,1,0,1
107971,107971,Radha Gowda,52,1,1,0,2
107972,107972,Nagaraj Merchant,54,8,1,0,1
107973,107973,Chandru Khan,45,3,1,0,1
107974,107974,Geeta Desai,43,7,2,0,2
107975,107975,Nagaraj D'Souza,49,7,1,0,1
107976,107976,Lakshmi Khan,20,5,1,0,2
107977,107977,Meena Gowda,65,6,1,0,2
107978,107978,Roopa Nayak,37,2,1,0,2
107979,107979,Suresh Poojary,45,2,2,0,1
107980,107980,Sunita Hiremath,22,4,1,0,2
107981,107981,Imran Khan,58,7,1,0,1
107982,107982,Lakshmi Kumar,41,2,1,0,2
107983,107983,Sneha D'Souza,64,7,1,0,2
107984,107984,Divya Hegde,37,6,1,0,2
107985,107985,Sneha Patil,45,7,1,0,2
107986,107986,Shalini Naik,49,4,2,0,2
107987,107987,Radha Achar,19,7,1,0,2
107988,107988,Geeta Bhat,61,6,1,0,2
107989,107989,Mary Bhat,44,6,1,0,2
107990,107990,Arjun Achar,70,1,1,0,1
107991,107991,Lakshmi Hiremath,35,2,1,0,2
107992,107992,Salim Sait,55,6,1,0,1
107993,107993,Swathi Shetty,51,5,1,0,2
107994,107994,Harish Merchant,58,8,1,0,1
107995,107995,Sowmya Kulkarni,43,6,1,0,2
107996,107996,Naveen Kulkarni,33,1,1,0,1
107997,107997,Harish Kulkarni,56,6,1,0,1
107998,107998,Deepa Hegde,68,3,1,0,2
107999,107999,Ananya Bhat,49,9,1,0,2
108000,108000,Anthony Poojary,51,2,2,0,1
108001,108001,Naveen Khan,60,1,1,0,1
108002,108002,Deepa Kumar,50,3,1,0,2
108003,108003,Basavaraj Rao,50,2,1,0,1
108004,108004,Shalini Pinto,22,4,1,0,2
108005,108005,Manoj Naik,30,10,1,0,1
108006,108006,Yogesh Nayak,50,8,1,0,1
108007,108007,Pooja Khan,31,7,1,0,2
108008,108008,Vijay Hiremath,69,2,1,0,1
108009,108009,Sowmya Hegde,52,4,1,0,2
108010,108010,Iqbal Poojary,42,10,1,0,1
108011,108011,Pooja Rao,50,3,1,0,2
108012,108012,Kiran Gowda,18,9,7,0,1
108013,108013,Arjun Achar,71,10,2,0,1
108014,108014,Dinesh Hiremath,32,1,2,0,1
108015,108015,Sowmya D'Souza,20,6,1,0,2
108016,108016,Mahesh Nayak,46,1,2,0,1
108017,108017,Joseph Bhat,41,1,1,0,1
108018,108018,Rekha Rao,31,3,1,0,2
108019,108019,Rajesh Rao,68,4,1,0,1
108020,108020,Nandini Shetty,19,10,1,0,2
108021,108021,Anil D'Souza,27,3,4,0,1
108022,108022,Joseph Achar,44,9,1,0,1
108023,108023,Joseph Bhat,63,3,1,0,1
108024,108024,Roopa Patil,64,7,1,0,2
108025,108025,Srinivas Sait,28,4,1,0,1
108026,108026,Anil Shetty,67,5,1,0,1
108027,108027,Sunita Pinto,62,9,2,0,2
108028,108028,Suresh Shetty,37,1,1,0,1
108029,108029,Imran Desai,56,1,1,0,1
108030,108030,Anita D'Souza,69,4,1,0,2
108031,108031,Shilpa D'Souza,69,1,1,0,2
108032,108032,Lakshmi Hegde,39,3,1,0,2
108033,108033,Vinod Hegde,23,9,1,0,1
108034,108034,Kavya Gowda,62,8,3,0,2
108035,108035,Shilpa Desai,52,4,1,0,2
108036,108036,Srinivas Shetty,39,10,1,0,1
108037,108037,Ananya Bhat,61,3,1,0,2
108038,108038,Salim Pinto,70,1,1,0,1
108039,108039,Prakash Shetty,44,8,1,0,1
108040,108040,Vinod D'Souza,50,2,1,0,1
108041,108041,Geeta Shetty,46,3,2,0,2
108042,108042,Radha Pinto,55,6,3,0,2
108043,108043,Rajesh D'Souza,50,4,1,0,1
108044,108044,Chandru Sait,45,1,1,0,1
108045,108045,Farhan Achar,37,2,1,0,1
108046,108046,Chandru Sait,72,10,1,0,1
108047,108047,Shalini Patil,24,8,2,0,2
108048,108048,Rajesh Khan,49,7,3,0,1
108049,108049,Swathi Kumar,55,4,1,0,2
108050,108050,Ganesh Merchant,57,5,1,0,1
108051,108051,Arjun Kulkarni,39,4,2,0,1
108052,108052,Shilpa Pinto,22,1,1,0,2
108053,108053,Rekha Sait,35,9,1,0,2
108054,108054,Naveen Gowda,38,4,2,0,1
108055,108055,Roopa Khan,22,2,2,0,2
108056,108056,Lakshmi D'Souza,45,6,1,0,2
108057,108057,Geeta Sait,41,5,2,0,2
108058,108058,Dinesh Rao,43,7,1,0,1
108059,108059,Joseph Hegde,58,1,1,0,1
108060,108060,Rekha Poojary,67,3,1,0,2
108061,108061,Vinod D'Souza,38,6,1,0,1
108062,108062,Vidya Sait,67,9,1,0,2
108063,108063,Geeta Merchant,54,9,1,0,2
108064,108064,Zoya Patil,29,4,1,0,2
108065,108065,Vijay Sait,29,4,1,0,1
108066,108066,Radha Hiremath,36,4,1,0,2
108067,108067,Vijay Achar,68,4,2,0,1
108068,108068,Kusuma Reddy,45,6,1,0,2
108069,108069,Anil Kumar,35,9,1,0,1
108070,108070,Fathima Desai,36,6,1,0,2
108071,108071,Ganesh Sait,58,4,1,0,1
108072,108072,Manjunath Desai,43,9,1,0,1
108073,108073,Deepa Kumar,54,8,1,0,2
108074,108074,Manjunath Sait,18,6,1,0,1
108075,108075,Roopa Achar,27,1,1,0,2
108076,108076,Geeta Bhat,53,4,1,0,2
108077,108077,Prakash Shetty,62,4,2,0,1
108078,108078,Basavaraj Rao,41,6,1,0,1
108079,108079,Shalini Patil,19,1,1,0,2
108080,108080,Shalini Hiremath,45,4,2,0,2
108081,108081,Iqbal Reddy,36,1,1,0,1
108082,108082,Geeta Poojary,68,1,1,0,2
108083,108083,Girish Sait,42,4,1,0,1
108084,108084,Divya Poojary,22,3,2,0,2
108085,108085,Nandini Poojary,23,6,1,0,2
108086,108086,Ganesh Khan,25,4,1,0,1
108087,108087,Chandru Hiremath,55,5,1,0,1
108088,108088,Kavya D'Souza,67,4,1,0,2
108089,108089,Vijay Patil,40,10,1,0,1
108090,108090,Swathi Sait,37,6,2,0,2
108091,108091,Rajesh Achar,43,8,7,0,1
108092,108092,Joseph Patil,27,3,1,0,1
108093,108093,Manoj Achar,31,6,2,0,1
108094,108094,Iqbal Reddy,45,7,1,0,1
108095,108095,Rekha Shetty,52,5,3,0,2
108096,108096,Vidya Khan,18,1,1,0,2
108097,108097,Srinivas Khan,24,9,1,0,1
108098,108098,Priya Merchant,30,2,1,0,2
108099,108099,Kusuma D'Souza,49,6,1,0,2
108100,108100,Kiran Kulkarni,54,6,2,0,1
108101,108101,Geeta Bhat,65,4,1,0,2
108102,108102,Farhan Nayak,60,4,1,0,1
108103,108103,Meena Patil,26,7,2,0,2
108104,108104,Anita Kumar,71,7,1,0,2
108105,108105,Deepa Achar,60,5,1,0,2
108106,108106,Nagaraj Sait,38,9,1,0,1
108107,108107,Dinesh Hegde,28,4,1,0,1
108108,108108,Deepa Shetty,57,8,1,0,2
108109,108109,Ananya Achar,31,8,1,0,2
108110,108110,Anita Kulkarni,47,2,1,0,2
108111,108111,Nagaraj Shetty,58,6,2,0,1
108112,108112,Zoya Bhat,40,5,1,0,2
108113,108113,Divya Hiremath,28,3,1,0,2
108114,108114,Lakshmi Gowda,28,9,1,0,2
108115,108115,Nagaraj Patil,28,6,2,0,1
108116,108116,Ashok D'Souza,44,4,1,0,1
108117,108117,Rekha Nayak,20,8,1,0,2
108118,108118,Manjunath D'Souza,41,4,1,0,1
108119,108119,Anthony Rao,47,1,3,0,1
108120,108120,Anil Reddy,41,10,1,0,1
108121,108121,Nagaraj Hiremath,61,6,1,0,1
108122,108122,Kiran Kumar,65,4,1,0,1
108123,108123,Srinivas Nayak,26,6,1,0,1
108124,108124,Vinod Nayak,24,8,1,0,1
108125,108125,Meena D'Souza,39,4,1,0,2
108126,108126,Anil Nayak,61,3,1,0,1
108127,108127,Sneha Achar,64,2,1,0,2
108128,108128,Manjunath Kumar,66,2,1,0,1
108129,108129,Priya Nayak,37,4,1,0,2
108130,108130,Girish Shetty,70,3,1,0,1
108131,108131,Zoya Hegde,26,4,1,0,2
108132,108132,Shalini Hegde,44,2,1,0,2
108133,108133,Rekha Reddy,60,9,2,0,2
108134,108134,Imran Merchant,63,8,1,0,1
108135,108135,Ramesh Hegde,27,6,1,0,1
108136,108136,Basavaraj Kumar,36,3,1,0,1
108137,108137,Manoj Reddy,43,8,3,0,1
108138,108138,Geeta Hiremath,54,6,2,0,2
108139,108139,Shilpa Sait,56,4,1,0,2
108140,108140,Kavya Gowda,35,6,1,0,2
108141,108141,Sunita Nayak,63,5,1,0,2
108142,108142,Chandru Desai,41,8,1,0,1
108143,108143,Vinod Pinto,60,10,1,0,1
108144,108144,Ganesh Poojary,57,8,1,0,1
108145,108145,Ananya Naik,41,1,1,0,2
108146,108146,Ganesh Shetty,60,8,1,0,1
108147,108147,Ganesh Merchant,56,4,1,0,1
108148,108148,Anita Kumar,24,4,1,0,2
108149,108149,Nagaraj Reddy,71,6,2,0,1
108150,108150,Arjun Achar,19,6,1,0,1
108151,108151,Salim Hegde,64,6,1,0,1
108152,108152,Lakshmi Patil,31,9,1,0,2
108153,108153,Swathi Rao,34,4,1,0,2
108154,108154,Joseph Reddy,60,2,1,0,1
108155,108155,Ganesh Patil,50,8,1,0,1
108156,108156,Imran Sait,60,9,1,0,1
108157,108157,Kiran Achar,26,1,1,0,1
108158,108158,Anita Kulkarni,34,1,1,0,2
108159,108159,Priya Poojary,47,4,7,0,2
108160,108160,Shalini Hegde,50,4,1,0,2
108161,108161,Vidya Gowda,40,9,1,0,2
108162,108162,Iqbal Achar,72,4,1,0,1
108163,108163,Priya Sait,48,2,2,0,2
108164,108164,Vidya Naik,53,4,1,0,2
108165,108165,Harish Khan,27,1,1,0,1
108166,108166,Sunita Hiremath,47,1,1,0,2
108167,108167,Radha D'Souza,27,9,1,0,2
108168,108168,Shilpa Nayak,35,4,2,0,2
108169,108169,Iqbal Gowda,30,6,1,0,1
108170,108170,Ganesh Bhat,66,9,1,0,1
108171,108171,Ravi Desai,64,6,1,0,1
108172,108172,Roopa Nayak,57,2,1,0,2
108173,108173,Kavya Kumar,28,2,2,0,2
108174,108174,Dinesh Hegde,52,8,1,0,1
108175,108175,Anil Kumar,50,1,1,0,1
108176,108176,Nandini Desai,70,9,1,0,2
108177,108177,Rekha Bhat,63,4,2,0,2
108178,108178,Anil Hiremath,68,6,1,0,1
108179,108179,Kusuma Pinto,60,3,1,0,2
108180,108180,Iqbal Desai,57,1,1,0,1
108181,108181,Naveen Gowda,45,7,1,0,1
108182,108182,Kiran Nayak,24,9,1,0,1
108183,108183,Ashok Gowda,63,5,1,0,1
108184,108184,Nandini Gowda,32,1,1,0,2
108185,108185,Prakash Nayak,53,9,1,0,1
108186,108186,Salim Desai,32,4,1,0,1
108187,108187,Swathi Hegde,68,1,1,0,2
108188,108188,Chandru Hiremath,43,9,1,0,1
108189,108189,Manjunath Poojary,24,9,1,0,1
108190,108190,Radha Hiremath,43,8,2,0,2
108191,108191,Dinesh Kumar,21,4,1,0,1
108192,108192,Yogesh Sait,42,6,1,0,1
108193,108193,Geeta Kumar,20,4,1,0,2
108194,108194,Dinesh Desai,54,9,1,0,1
108195,108195,Ganesh Merchant,57,10,1,0,1
108196,108196,Vidya Naik,71,3,1,0,2
108197,108197,Swathi Desai,68,9,1,0,2
108198,108198,Prakash Bhat,58,6,1,0,1
108199,108199,Rekha Shetty,46,5,1,0,2
108200,108200,Iqbal Naik,57,1,1,0,1
108201,108201,Shalini Shetty,63,4,1,0,2
108202,108202,Ananya Hegde,71,4,1,0,2
108203,108203,Ganesh Desai,47,4,1,0,1
108204,108204,Meena Pinto,22,1,1,0,2
108205,108205,Basavaraj Nayak,43,1,1,0,1
108206,108206,Manoj Hegde,43,9,1,0,1
108207,108207,Sowmya D'Souza,54,4,1,0,2
108208,108208,Iqbal Desai,30,2,1,0,1
108209,108209,Anil Naik,41,1,1,0,1
108210,108210,Sunita Rao,46,4,1,0,2
108211,108211,Salim Hiremath,36,8,2,0,1
108212,108212,Swathi Hegde,22,3,1,0,2
108213,108213,Manoj Bhat,72,8,2,0,1
108214,108214,Divya Sait,34,2,2,0,2
108215,108215,Pooja Poojary,62,3,1,0,2
108216,108216,Deepa Pinto,31,8,1,0,2
108217,108217,Sunita Sait,54,8,1,0,2
108218,108218,Ananya Desai,62,2,1,0,2
108219,108219,Ramesh Reddy,56,1,1,0,1
108220,108220,Ashok Kulkarni,42,4,2,0,1
108221,108221,Imran Pinto,32,9,2,0,1
108222,108222,Mary Rao,62,6,1,0,2
108223,108223,Ganesh Achar,42,3,1,0,1
108224,108224,Nagaraj Kulkarni,26,8,1,0,1
108225,108225,Ananya Achar,26,6,2,0,2
108226,108226,Roopa Nayak,45,6,2,0,2
108227,108227,Manoj Poojary,64,2,1,0,1
108228,108228,Manjunath D'Souza,43,6,2,0,1
108229,108229,Joseph Poojary,50,4,1,0,1
108230,108230,Imran Kumar,42,9,1,0,1
108231,108231,Lakshmi Poojary,30,5,1,0,2
108232,108232,Nagaraj Pinto,62,4,1,0,1
108233,108233,Joseph Patil,48,7,1,0,1
108234,108234,Zoya Naik,60,9,1,0,2
108235,108235,Kavya Kulkarni,33,3,1,0,2
108236,108236,Rajesh D'Souza,69,2,1,0,1
108237,108237,Arjun Nayak,69,4,1,0,1
108238,108238,Shalini Bhat,42,4,1,0,2
108239,108239,Vijay D'Souza,18,1,1,0,1
108240,108240,Sowmya D'Souza,72,1,1,0,2
108241,108241,Meena Kulkarni,41,7,1,0,2
108242,108242,Girish Nayak,61,3,1,0,1
108243,108243,Joseph Gowda,36,4,1,0,1
108244,108244,Deepa Khan,26,1,1,0,2
108245,108245,Imran Reddy,58,3,1,0,1
108246,108246,Divya Poojary,66,8,1,0,2
108247,108247,Vinod Shetty,21,3,1,0,1
108248,108248,Girish Hegde,55,6,1,0,1
108249,108249,Ganesh Kumar,42,3,3,0,1
108250,108250,Harish Bhat,31,4,1,0,1
108251,108251,Nagaraj Poojary,53,1,1,0,1
108252,108252,Rekha Kumar,36,3,1,0,2
108253,108253,Ashok Bhat,48,1,1,0,1
108254,108254,Fathima Poojary,36,6,1,0,2
108255,108255,Anthony Pinto,67,4,4,0,1
108256,108256,Vijay Rao,53,6,1,0,1
108257,108257,Kusuma Sait,70,7,1,0,2
108258,108258,Imran Patil,56,9,1,0,1
108259,108259,Joseph D'Souza,51,2,2,0,1
108260,108260,Dinesh Merchant,43,5,1,0,1
108261,108261,Shalini Kulkarni,51,4,1,0,2
108262,108262,Joseph Desai,25,4,1,0,1
108263,108263,Radha Pinto,52,9,1,0,2
108264,108264,Farhan Bhat,67,8,1,0,1
108265,108265,Roopa Desai,57,4,1,0,2
108266,108266,Chandru D'Souza,56,4,1,0,1
108267,108267,Suresh Achar,31,3,1,0,1
108268,108268,Sowmya Kulkarni,42,4,1,0,2
108269,108269,Anil Kulkarni,30,7,1,0,1
108270,108270,Farhan Patil,48,4,1,0,1
108271,108271,Anthony Kulkarni,59,9,2,0,1
108272,108272,Anthony Rao,57,6,1,0,1
108273,108273,Shilpa Bhat,65,4,1,0,2
108274,108274,Basavaraj Naik,61,6,1,0,1
108275,108275,Nandini Nayak,19,2,2,0,2
108276,108276,Sunita Merchant,33,4,1,0,2
108277,108277,Kavya Kulkarni,65,6,1,0,2
108278,108278,Sowmya Reddy,23,8,1,0,2
108279,108279,Shalini Poojary,53,7,1,0,2
108280,108280,Chandru Bhat,19,9,2,0,1
108281,108281,Suresh Patil,69,4,1,0,1
108282,108282,Iqbal Poojary,31,6,1,0,1
108283,108283,Vinod Hiremath,31,1,1,0,1
108284,108284,Srinivas Pinto,30,1,1,0,1
108285,108285,Manoj D'Souza,53,5,2,0,1
108286,108286,Arjun Merchant,36,4,1,0,1
108287,108287,Srinivas Khan,19,4,1,0,1
108288,108288,Sunita Hiremath,66,6,1,0,2
108289,108289,Kiran Hiremath,72,9,1,0,1
108290,108290,Arjun Naik,23,3,1,0,1
108291,108291,Ramesh Hegde,47,4,1,0,1
108292,108292,Vidya Nayak,66,6,1,0,2
108293,108293,Ganesh Khan,39,5,1,0,1
108294,108294,Iqbal Patil,36,2,1,0,1
108295,108295,Dinesh Hegde,26,3,1,0,1
108296,108296,Mary Shetty,60,7,2,0,2
108297,108297,Kiran Rao,26,6,1,0,1
108298,108298,Geeta Desai,22,1,1,0,2
108299,108299,Shalini D'Souza,41,1,1,0,2
108300,108300,Lakshmi Patil,35,6,2,0,2
108301,108301,Yogesh Bhat,50,1,2,0,1
108302,108302,Lakshmi Kumar,18,6,1,0,2
108303,108303,Naveen Nayak,49,1,1,0,1
108304,108304,Vijay Bhat,48,7,1,0,1
108305,108305,Shalini Hegde,43,8,1,0,2
108306,108306,Mary Gowda,62,2,1,0,2
108307,108307,Nandini Hiremath,24,4,2,0,2
108308,108308,Yogesh Hegde,49,8,1,0,1
108309,108309,Roopa Gowda,57,6,1,0,2
108310,108310,Vidya Merchant,60,9,1,0,2
108311,108311,Manoj Pinto,67,3,1,0,1
108312,108312,Srinivas Merchant,68,4,1,0,1
108313,108313,Sunita D'Souza,34,6,1,0,2
108314,108314,Naveen Nayak,52,1,1,0,1
108315,108315,Kavya Sait,35,5,1,0,2
108316,108316,Anthony Hegde,31,3,1,0,1
108317,108317,Imran Khan,48,4,1,0,1
108318,108318,Naveen Desai,64,7,2,0,1
108319,108319,Imran Pinto,44,4,1,0,1
108320,108320,Suresh Khan,66,4,2,0,1
108321,108321,Harish Poojary,29,4,1,0,1
108322,108322,Farhan Patil,62,1,2,0,1
108323,108323,Prakash Kumar,64,3,2,0,1
108324,108324,Pooja Poojary,41,8,2,0,2
108325,108325,Naveen Pinto,38,1,1,0,1
108326,108326,Ashok Merchant,21,4,3,0,1
108327,108327,Kiran Merchant,67,1,1,0,1
108328,108328,Dinesh Achar,58,7,1,0,1
108329,108329,Harish Hiremath,49,8,1,0,1
108330,108330,Dinesh Bhat,60,7,1,0,1
108331,108331,Farhan Gowda,38,8,1,0,1
108332,108332,Rekha Reddy,48,4,1,0,2
108333,108333,Anthony Pinto,67,9,2,0,1
108334,108334,Anita Sait,21,5,1,0,2
108335,108335,Rekha Merchant,46,4,1,0,2
108336,108336,Girish D'Souza,67,1,1,0,1
108337,108337,Mahesh Naik,63,1,1,0,1
108338,108338,Naveen Hegde,63,4,1,0,1
108339,108339,Prakash Gowda,40,2,1,0,1
108340,108340,Anita Sait,46,1,1,0,2
108341,108341,Pooja Kumar,31,7,1,0,2
108342,108342,Ramesh Gowda,52,6,1,0,1
108343,108343,Mahesh Pinto,20,4,1,0,1
108344,108344,Harish Merchant,30,3,1,0,1
108345,108345,Shilpa Reddy,31,7,1,0,2
108346,108346,Kavya Hegde,49,4,1,0,2
108347,108347,Ramesh Sait,27,1,1,0,1
108348,108348,Nandini Shetty,48,10,1,0,2
108349,108349,Prakash Hiremath,60,4,1,0,1
108350,108350,Mahesh Nayak,34,1,1,0,1
108351,108351,Meena Kumar,42,1,1,0,2
108352,108352,Naveen Nayak,69,4,1,0,1
108353,108353,Divya Achar,30,5,2,0,2
108354,108354,Kusuma Merchant,36,9,1,0,2
108355,108355,Priya Merchant,48,1,4,0,2
108356,108356,Kiran Rao,59,8,2,0,1
108357,108357,Girish Desai,42,9,1,0,1
108358,108358,Iqbal Poojary,24,3,2,0,1
108359,108359,Joseph Hegde,42,2,1,0,1
108360,108360,Joseph Merchant,23,6,3,0,1
108361,108361,Swathi Gowda,52,5,2,0,2
108362,108362,Vinod Kumar,21,3,1,0,1
108363,108363,Meena Kulkarni,56,4,1,0,2
108364,108364,Anthony Hegde,21,10,1,0,1
108365,108365,Prakash Patil,30,4,1,0,1
108366,108366,Salim Nayak,49,7,1,0,1
108367,108367,Shilpa Naik,19,5,1,0,2
108368,108368,Manoj Nayak,63,4,1,0,1
108369,108369,Mary Rao,67,8,1,0,2
108370,108370,Naveen Reddy,67,6,1,0,1
108371,108371,Swathi Kumar,34,1,1,0,2
108372,108372,Ravi Kumar,49,6,1,0,1
108373,108373,Divya Bhat,51,2,3,0,2
108374,108374,Girish Rao,56,3,1,0,1
108375,108375,Manoj Hiremath,45,6,1,0,1
108376,108376,Ganesh Patil,39,1,1,0,1
108377,108377,Deepa Kulkarni,61,8,1,0,2
108378,108378,Farhan Desai,59,8,1,0,1
108379,108379,Swathi Gowda,54,4,1,0,2
108380,108380,Nandini Hegde,32,2,1,0,2
108381,108381,Mary Pinto,61,2,3,0,2
108382,108382,Girish Khan,48,6,1,0,1
108383,108383,Farhan Reddy,65,7,1,0,1
108384,108384,Nandini Patil,32,7,1,0,2
108385,108385,Vijay Hiremath,38,9,2,0,1
108386,108386,Divya Sait,42,4,6,0,2
108387,108387,Kusuma Achar,22,8,3,0,2
108388,108388,Ashok Sait,67,1,1,0,1
108389,108389,Arjun Bhat,37,5,1,0,1
108390,108390,Dinesh Poojary,35,4,1,0,1
108391,108391,Radha Nayak,72,9,1,0,2
108392,108392,Sowmya Sait,62,9,4,0,2
108393,108393,Manjunath Poojary,46,5,1,0,1
108394,108394,Prakash Kulkarni,55,8,1,0,1
108395,108395,Nandini Naik,55,6,1,0,2
108396,108396,Kavya Gowda,51,5,1,0,2
108397,108397,Manjunath Rao,30,6,1,0,1
108398,108398,Girish Hegde,52,4,1,0,1
108399,108399,Chandru Merchant,49,4,1,0,1
108400,108400,Rajesh Shetty,31,4,1,0,1
108401,108401,Girish Achar,25,9,1,0,1
108402,108402,Joseph Achar,50,9,1,0,1
108403,108403,Ananya Sait,23,8,1,0,2
108404,108404,Ananya Bhat,62,8,1,0,2
108405,108405,Shilpa Rao,72,4,1,0,2
108406,108406,Vinod Rao,65,7,1,0,1
108407,108407,Ananya Rao,57,1,1,0,2
108408,108408,Arjun Merchant,20,10,1,0,1
108409,108409,Sowmya Rao,43,2,1,0,2
108410,108410,Sneha Patil,44,9,1,0,2
108411,108411,Anita Khan,47,7,2,0,2
108412,108412,Swathi Reddy,67,9,1,0,2
108413,108413,Girish Desai,65,1,1,0,1
108414,108414,Nagaraj Pinto,38,3,1,0,1
108415,108415,Meena Poojary,42,9,1,0,2
108416,108416,Kavya Merchant,46,7,1,0,2
108417,108417,Manjunath Merchant,63,3,2,0,1
108418,108418,Ravi Pinto,54,7,1,0,1
108419,108419,Vinod Poojary,42,3,1,0,1
108420,108420,Farhan Bhat,32,8,1,0,1
108421,108421,Naveen Bhat,24,4,2,0,1
108422,108422,Anita Patil,58,4,1,0,2
108423,108423,Geeta Khan,66,2,1,0,2
108424,108424,Deepa D'Souza,70,3,1,0,2
108425,108425,Anthony Reddy,37,2,1,0,1
108426,108426,Ramesh Bhat,65,1,2,0,1
108427,108427,Ganesh Sait,35,2,1,0,1
108428,108428,Lakshmi Kulkarni,65,4,1,0,2
108429,108429,Arjun Achar,42,10,1,0,1
108430,108430,Anthony Naik,57,6,1,0,1
108431,108431,Rajesh Pinto,46,4,1,0,1
108432,108432,Suresh Sait,59,7,1,0,1
108433,108433,Suresh Bhat,30,3,1,0,1
108434,108434,Arjun Nayak,52,3,1,0,1
108435,108435,Anil Sait,61,7,2,0,1
108436,108436,Anthony Naik,51,1,2,0,1
108437,108437,Mary Naik,47,9,1,0,2
108438,108438,Vidya Pinto,65,4,1,0,2
108439,108439,Anil Kulkarni,56,3,1,0,1
108440,108440,Shilpa Hiremath,54,9,1,0,2
108441,108441,Sowmya Pinto,22,4,1,0,2
108442,108442,Vijay Naik,23,7,1,0,1
108443,108443,Prakash Naik,40,2,1,0,1
108444,108444,Srinivas D'Souza,43,2,1,0,1
108445,108445,Iqbal Kumar,19,5,1,0,1
108446,108446,Swathi Hegde,32,2,1,0,2
108447,108447,Sneha Pinto,35,2,2,0,2
108448,108448,Harish Kumar,24,4,2,0,1
108449,108449,Vijay Bhat,67,9,1,0,1
108450,108450,Srinivas Kulkarni,28,8,1,0,1
108451,108451,Farhan Hiremath,20,9,2,0,1
108452,108452,Dinesh Bhat,25,4,1,0,1
108453,108453,Joseph Sait,66,4,1,0,1
108454,108454,Sunita Naik,51,4,1,0,2
108455,108455,Naveen Pinto,47,4,2,0,1
108456,108456,Dinesh Shetty,46,4,1,0,1
108457,108457,Priya Achar,40,5,1,0,2
108458,108458,Vidya Pinto,44,1,1,0,2
108459,108459,Anthony Kulkarni,28,5,1,0,1
108460,108460,Sneha Shetty,53,4,1,0,2
108461,108461,Suresh Merchant,21,4,1,0,1
108462,108462,Roopa Bhat,32,2,1,0,2
108463,108463,Shalini Achar,55,1,1,0,2
108464,108464,Manjunath Nayak,33,3,1,0,1
108465,108465,Vijay Gowda,65,4,2,0,1
108466,108466,Chandru Pinto,22,10,1,0,1
108467,108467,Pooja Bhat,69,4,1,0,2
108468,108468,Divya Rao,54,6,1,0,2
108469,108469,Joseph Sait,67,3,1,0,1
108470,108470,Nagaraj Rao,56,3,1,0,1
108471,108471,Anita Patil,55,1,1,0,2
108472,108472,Mary Nayak,65,2,1,0,2
108473,108473,Meena Reddy,60,4,1,0,2
108474,108474,Joseph Gowda,34,4,2,0,1
108475,108475,Farhan Hiremath,68,8,1,0,1
108476,108476,Dinesh Hegde,29,3,1,0,1
108477,108477,Swathi Kulkarni,70,4,1,0,2
108478,108478,Geeta Reddy,23,10,1,0,2
108479,108479,Fathima Hegde,30,4,1,0,2
108480,108480,Divya Sait,33,1,1,0,2
108481,108481,Radha D'Souza,19,7,1,0,2
108482,108482,Ramesh D'Souza,62,7,1,0,1
108483,108483,Manoj Shetty,43,3,1,0,1
108484,108484,Meena Sait,61,4,2,0,2
108485,108485,Girish Gowda,53,1,4,0,1
108486,108486,Arjun Patil,50,2,1,0,1
108487,108487,Basavaraj Pinto,49,2,1,0,1
108488,108488,Kavya Reddy,27,2,2,0,2
108489,108489,Roopa Sait,32,8,1,0,2
108490,108490,Salim Kumar,66,7,1,0,1
108491,108491,Roopa Hegde,42,6,1,0,2
108492,108492,Kavya Kumar,42,7,1,0,2
108493,108493,Sowmya Pinto,60,4,1,0,2
108494,108494,Geeta Sait,63,8,1,0,2
108495,108495,Arjun Bhat,71,10,1,0,1
108496,108496,Ramesh Reddy,49,1,1,0,1
108497,108497,Anita Hiremath,45,3,1,0,2
108498,108498,Suresh Achar,37,9,1,0,1
108499,108499,Roopa Hegde,33,6,2,0,2
108500,108500,Meena Shetty,60,8,1,0,2
108501,108501,Anthony Shetty,63,1,3,0,1
108502,108502,Shalini Hegde,54,4,1,0,2
108503,108503,Meena Khan,52,6,1,0,2
108504,108504,Kiran Poojary,27,2,1,0,1
108505,108505,Basavaraj Shetty,52,3,1,0,1
108506,108506,Zoya Bhat,60,8,1,0,2
108507,108507,Manoj Bhat,58,4,1,0,1
108508,108508,Sneha Hegde,52,3,1,0,2
108509,108509,Girish Poojary,53,6,1,0,1
108510,108510,Suresh Kumar,60,8,1,0,1
108511,108511,Priya Hiremath,22,10,1,0,2
108512,108512,Vinod Desai,55,4,1,0,1
108513,108513,Divya Reddy,24,1,3,0,2
108514,108514,Nagaraj Reddy,18,6,2,0,1
108515,108515,Srinivas Sait,27,9,1,0,1
108516,108516,Ashok Rao,40,10,1,0,1
108517,108517,Imran Merchant,63,9,1,0,1
108518,108518,Swathi Nayak,42,1,1,0,2
108519,108519,Vidya Achar,72,3,1,0,2
108520,108520,Kusuma Kumar,19,9,1,0,2
108521,108521,Nagaraj Poojary,35,1,1,0,1
108522,108522,Pooja Desai,36,6,1,0,2
108523,108523,Mary Kulkarni,70,2,1,0,2
108524,108524,Geeta Pinto,20,4,1,0,2
108525,108525,Pooja Reddy,48,9,1,0,2
108526,108526,Arjun Pinto,68,4,1,0,1
108527,108527,Ashok Shetty,37,2,1,0,1
108528,108528,Imran Poojary,55,5,1,0,1
108529,108529,Anthony Shetty,47,3,1,0,1
108530,108530,Roopa Achar,20,4,1,0,2
108531,108531,Lakshmi D'Souza,63,3,2,0,2
108532,108532,Ashok Patil,52,6,1,0,1
108533,108533,Fathima D'Souza,59,3,1,0,2
108534,108534,Sunita Bhat,62,1,1,0,2
108535,108535,Anil Khan,42,4,2,0,1
108536,108536,Pooja Kulkarni,67,3,1,0,2
108537,108537,Ravi Shetty,47,4,1,0,1
108538,108538,Sowmya Naik,71,4,1,0,2
108539,108539,Salim Khan,65,9,1,0,1
108540,108540,Prakash Naik,59,7,1,0,1
108541,108541,Joseph Poojary,19,7,1,0,1
108542,108542,Ravi Shetty,27,3,1,0,1
108543,108543,Prakash Nayak,23,1,1,0,1
108544,108544,Swathi Achar,61,9,1,0,2
108545,108545,Ganesh Nayak,41,1,1,0,1
108546,108546,Ashok Hiremath,54,2,1,0,1
108547,108547,Imran Achar,65,1,2,0,1
108548,108548,Priya Achar,21,8,1,0,2
108549,108549,Girish Reddy,59,9,1,0,1
108550,108550,Yogesh Pinto,18,2,1,0,1
108551,108551,Vinod Hegde,32,3,2,0,1
108552,108552,Mahesh Merchant,44,6,1,0,1
108553,108553,Yogesh Reddy,66,1,1,0,1
108554,108554,Joseph Hiremath,56,6,1,0,1
108555,108555,Kiran Kulkarni,29,9,1,0,1
108556,108556,Sneha Sait,45,1,2,0,2
108557,108557,Iqbal Khan,66,4,2,0,1
108558,108558,Ashok Reddy,59,4,1,0,1
108559,108559,Zoya D'Souza,31,5,1,0,2
108560,108560,Basavaraj Hiremath,38,1,1,0,1
108561,108561,Ravi Merchant,25,8,1,0,1
108562,108562,Sowmya Rao,61,4,2,0,2
108563,108563,Ramesh Patil,46,8,1,0,1
108564,108564,Nandini Naik,58,2,1,0,2
108565,108565,Radha Desai,19,4,1,0,2
108566,108566,Shilpa Khan,51,10,1,0,2
108567,108567,Ravi Merchant,29,9,1,0,1
108568,108568,Mary Poojary,45,4,1,0,2
108569,108569,Swathi Desai,23,5,2,0,2
108570,108570,Mahesh Kulkarni,69,5,1,0,1
108571,108571,Deepa Kumar,52,1,1,0,2
108572,108572,Swathi Nayak,46,8,1,0,2
108573,108573,Joseph Kulkarni,31,6,1,0,1
108574,108574,Sowmya Patil,39,1,1,0,2
108575,108575,Nagaraj Achar,54,1,1,0,1
108576,108576,Vijay Patil,36,2,1,0,1
108577,108577,Sneha Hegde,64,6,1,0,2
108578,108578,Srinivas Bhat,72,4,1,0,1
108579,108579,Sunita Bhat,40,3,1,0,2
108580,108580,Priya Pinto,22,4,1,0,2
108581,108581,Ramesh Hegde,33,8,1,0,1
108582,108582,Kusuma Sait,38,4,1,0,2
108583,108583,Chandru Naik,48,4,2,0,1
108584,108584,Imran Nayak,43,7,2,0,1
108585,108585,Naveen Hegde,29,2,1,0,1
108586,108586,Manjunath Desai,55,2,1,0,1
108587,108587,Ramesh Nayak,31,1,1,0,1
108588,108588,Naveen Gowda,25,4,1,0,1
108589,108589,Anita Achar,68,4,1,0,2
108590,108590,Vinod Pinto,35,10,1,0,1
108591,108591,Basavaraj Hiremath,58,3,1,0,1
108592,108592,Swathi Desai,23,3,1,0,2
108593,108593,Fathima Merchant,61,4,1,0,2
108594,108594,Farhan Achar,41,7,2,0,1
108595,108595,Divya Gowda,43,1,1,0,2
108596,108596,Naveen Achar,39,4,1,0,1
108597,108597,Fathima Rao,23,1,1,0,2
108598,108598,Anil Merchant,51,3,2,0,1
108599,108599,Ravi Hiremath,37,5,1,0,1
108600,108600,Manjunath Sait,50,8,1,0,1
108601,108601,Shalini Hegde,57,9,1,0,2
108602,108602,Radha Shetty,41,4,1,0,2
108603,108603,Ravi Reddy,40,7,1,0,1
108604,108604,Naveen Rao,58,7,2,0,1
108605,108605,Salim Poojary,22,4,1,0,1
108606,108606,Geeta Patil,61,6,1,0,2
108607,108607,Prakash Kumar,48,9,1,0,1
108608,108608,Manoj Kulkarni,57,5,1,0,1
108609,108609,Mahesh Gowda,61,2,1,0,1
108610,108610,Kiran Sait,47,9,1,0,1
108611,108611,Manoj Hegde,47,7,2,0,1
108612,108612,Chandru Gowda,26,4,1,0,1
108613,108613,Divya Kumar,63,2,1,0,2
108614,108614,Joseph Poojary,69,4,1,0,1
108615,108615,Arjun Kulkarni,64,3,1,0,1
108616,108616,Kusuma Naik,45,9,1,0,2
108617,108617,Joseph Bhat,59,2,1,0,1
108618,108618,Fathima Desai,22,1,2,0,2
108619,108619,Anil Achar,66,6,1,0,1
108620,108620,Meena Khan,52,8,1,0,2
108621,108621,Sneha Merchant,45,7,1,0,2
108622,108622,Deepa Gowda,48,1,3,0,2
108623,108623,Arjun Reddy,44,4,1,0,1
108624,108624,Divya Sait,27,6,1,0,2
108625,108625,Anita Hiremath,23,6,1,0,2
108626,108626,Kiran Merchant,67,4,1,0,1
108627,108627,Radha Kumar,54,8,1,0,2
108628,108628,Manjunath Reddy,28,8,1,0,1
108629,108629,Anita Achar,19,7,2,0,2
108630,108630,Srinivas Desai,29,1,1,0,1
108631,108631,Vijay Hiremath,64,3,1,0,1
108632,108632,Kavya Nayak,47,5,1,0,2
108633,108633,Deepa Kulkarni,28,1,2,0,2
108634,108634,Anil Reddy,48,4,1,0,1
108635,108635,Ashok Gowda,56,5,2,0,1
108636,108636,Swathi Nayak,50,4,1,0,2
108637,108637,Divya Hegde,53,4,2,0,2
108638,108638,Vinod Reddy,44,1,1,0,1
108639,108639,Geeta Khan,51,1,1,0,2
108640,108640,Rajesh Kulkarni,50,8,1,0,1
108641,108641,Girish Reddy,21,6,1,0,1
108642,108642,Pooja D'Souza,27,8,4,0,2
108643,108643,Manoj Hegde,25,1,1,0,1
108644,108644,Chandru Naik,23,10,1,0,1
108645,108645,Mahesh Gowda,63,8,1,0,1
108646,108646,Nagaraj Merchant,51,1,2,0,1
108647,108647,Lakshmi Gowda,55,5,1,0,2
108648,108648,Joseph Desai,48,1,2,0,1
108649,108649,Fathima Desai,46,6,1,0,2
108650,108650,Manoj Achar,18,2,1,0,1
108651,108651,Arjun Merchant,64,5,2,0,1
108652,108652,Joseph Khan,23,8,1,0,1
108653,108653,Radha Shetty,40,4,1,0,2
108654,108654,Pooja Shetty,64,8,1,0,2
108655,108655,Zoya Bhat,68,4,1,0,2
108656,108656,Iqbal Reddy,18,9,1,0,1
108657,108657,Rekha Gowda,25,1,1,0,2
108658,108658,Rekha Hegde,46,9,1,0,2
108659,108659,Lakshmi Naik,20,1,1,0,2
108660,108660,Dinesh Bhat,46,6,2,0,1
108661,108661,Ravi Poojary,42,7,2,0,1
108662,108662,Radha Kulkarni,38,4,1,0,2
108663,108663,Pooja Sait,30,2,1,0,2
108664,108664,Dinesh Hegde,33,5,1,0,1
108665,108665,Shalini Hiremath,53,8,2,0,2
108666,108666,Naveen Desai,53,1,1,0,1
108667,108667,Kavya Merchant,55,4,1,0,2
108668,108668,Farhan Kulkarni,40,1,1,0,1
108669,108669,Roopa Kumar,43,9,1,0,2
108670,108670,Manoj Desai,57,1,1,0,1
108671,108671,Shalini Rao,67,4,1,0,2
108672,108672,Srinivas Pinto,36,8,1,0,1
108673,108673,Joseph Rao,28,9,3,0,1
108674,108674,Naveen D'Souza,65,7,1,0,1
108675,108675,Sneha Achar,35,8,1,0,2
108676,108676,Sowmya Nayak,55,3,1,0,2
108677,108677,Girish Nayak,24,4,1,0,1
108678,108678,Salim Bhat,21,7,1,0,1
108679,108679,Ananya Reddy,57,7,1,0,2
108680,108680,Kusuma Hegde,30,5,2,0,2
108681,108681,Divya Reddy,39,4,1,0,2
108682,108682,Mahesh Poojary,58,7,1,0,1
108683,108683,Vinod Poojary,21,8,1,0,1
108684,108684,Vidya Patil,30,10,1,0,2
108685,108685,Iqbal Merchant,38,10,1,0,1
108686,108686,Pooja Nayak,36,10,1,0,2
108687,108687,Fathima Desai,54,9,2,0,2
108688,108688,Manoj Pinto,72,4,1,0,1
108689,108689,Joseph Poojary,48,9,1,0,1
108690,108690,Joseph Shetty,46,1,1,0,1
108691,108691,Vijay D'Souza,33,7,1,0,1
108692,108692,Farhan Naik,57,6,1,0,1
108693,108693,Iqbal Poojary,54,4,1,0,1
108694,108694,Lakshmi Nayak,46,1,2,0,2
108695,108695,Mahesh Naik,48,1,1,0,1
108696,108696,Salim Gowda,48,4,1,0,1
108697,108697,Ramesh Hiremath,39,4,1,0,1
108698,108698,Swathi Kulkarni,42,1,1,0,2
108699,108699,Arjun Hegde,68,6,1,0,1
108700,108700,Anil Reddy,54,4,1,0,1
108701,108701,Naveen Hegde,45,2,1,0,1
108702,108702,Kiran D'Souza,44,8,1,0,1
108703,108703,Pooja Pinto,43,9,1,0,2
108704,108704,Kiran Khan,45,9,1,0,1
108705,108705,Pooja Shetty,25,6,1,0,2
108706,108706,Imran Shetty,34,7,1,0,1
108707,108707,Sowmya Gowda,26,10,1,0,2
108708,108708,Mary Bhat,59,1,1,0,2
108709,108709,Zoya Pinto,39,7,1,0,2
108710,108710,Vijay Reddy,41,3,2,0,1
108711,108711,Geeta Naik,71,2,1,0,2
108712,108712,Divya D'Souza,20,3,1,0,2
108713,108713,Girish Achar,71,4,2,0,1
108714,108714,Meena Kulkarni,20,2,1,0,2
108715,108715,Manjunath Achar,40,7,1,0,1
108716,108716,Vijay D'Souza,42,1,3,0,1
108717,108717,Anil Naik,24,3,1,0,1
108718,108718,Anthony Kumar,58,10,1,0,1
108719,108719,Ganesh Desai,50,1,1,0,1
108720,108720,Priya Kulkarni,19,9,1,0,2
108721,108721,Shilpa Kumar,64,9,1,0,2
108722,108722,Harish Hiremath,18,4,1,0,1
108723,108723,Arjun Reddy,39,3,1,0,1
108724,108724,Nagaraj Hegde,47,10,1,0,1
108725,108725,Suresh Khan,37,7,1,0,1
108726,108726,Vidya Sait,20,6,1,0,2
108727,108727,Anita Reddy,39,2,1,0,2
108728,108728,Arjun Poojary,36,9,1,0,1
108729,108729,Manoj Kulkarni,62,5,1,0,1
108730,108730,Farhan Reddy,62,6,1,0,1
108731,108731,Sowmya Kumar,33,2,1,0,2
108732,108732,Harish Achar,41,1,7,0,1
108733,108733,Divya D'Souza,57,5,1,0,2
108734,108734,Vinod Bhat,21,9,1,0,1
108735,108735,Arjun Reddy,57,10,1,0,1
108736,108736,Nagaraj Kumar,50,8,1,0,1
108737,108737,Naveen Naik,62,7,1,0,1
108738,108738,Vijay Hiremath,25,7,1,0,1
108739,108739,Anthony Shetty,45,2,1,0,1
108740,108740,Suresh Poojary,47,8,1,0,1
108741,108741,Meena Pinto,47,4,1,0,2
108742,108742,Imran Reddy,43,2,2,0,1
108743,108743,Anthony Merchant,40,3,1,0,1
108744,108744,Ramesh Desai,69,1,1,0,1
108745,108745,Manoj Gowda,51,4,1,0,1
108746,108746,Ananya Achar,39,9,1,0,2
108747,108747,Lakshmi Pinto,38,2,1,0,2
108748,108748,Nagaraj Shetty,63,5,1,0,1
108749,108749,Zoya Hiremath,32,7,1,0,2
108750,108750,Nandini Gowda,48,2,1,0,2
108751,108751,Suresh D'Souza,61,4,1,0,1
108752,108752,Suresh Patil,28,6,1,0,1
108753,108753,Imran Sait,41,1,2,0,1
108754,108754,Imran Rao,63,8,1,0,1
108755,108755,Imran Bhat,72,4,1,0,1
108756,108756,Prakash D'Souza,63,2,1,0,1
108757,108757,Divya Pinto,18,4,1,0,2
108758,108758,Harish Hegde,69,3,1,0,1
108759,108759,Shilpa Naik,52,6,1,0,2
108760,108760,Suresh Reddy,41,4,1,0,1
108761,108761,Pooja Desai,42,6,1,0,2
108762,108762,Sowmya Kulkarni,69,4,1,0,2
108763,108763,Ravi Pinto,70,3,1,0,1
108764,108764,Priya Poojary,53,5,1,0,2
108765,108765,Nagaraj Nayak,21,7,1,0,1
108766,108766,Sowmya Pinto,38,4,1,0,2
108767,108767,Kusuma Kumar,27,6,1,0,2
108768,108768,Shalini Rao,40,1,1,0,2
108769,108769,Farhan Achar,46,9,2,0,1
108770,108770,Vijay Patil,58,6,1,0,1
108771,108771,Deepa Hiremath,37,7,1,0,2
108772,108772,Fathima Patil,22,6,1,0,2
108773,108773,Shilpa Desai,22,5,1,0,2
108774,108774,Kavya Reddy,51,2,1,0,2
108775,108775,Joseph Achar,31,4,1,0,1
108776,108776,Vidya Shetty,44,6,1,0,2
108777,108777,Sowmya D'Souza,43,9,1,0,2
108778,108778,Mahesh Reddy,23,6,1,0,1
108779,108779,Mary Rao,59,4,1,0,2
108780,108780,Ananya Merchant,26,3,1,0,2
108781,108781,Priya Achar,66,7,1,0,2
108782,108782,Vidya Pinto,60,8,1,0,2
108783,108783,Radha Kulkarni,60,10,1,0,2
108784,108784,Chandru Poojary,62,2,1,0,1
108785,108785,Deepa Sait,64,4,1,0,2
108786,108786,Fathima Kumar,31,8,2,0,2
108787,108787,Chandru Desai,38,9,1,0,1
108788,108788,Harish Reddy,18,1,1,0,1
108789,108789,Vidya Bhat,20,8,1,0,2
108790,108790,Anita Gowda,55,4,1,0,2
108791,108791,Srinivas Desai,34,6,1,0,1
108792,108792,Roopa Hegde,24,3,2,0,2
108793,108793,Ananya Poojary,49,1,2,0,2
108794,108794,Manjunath Hegde,61,4,2,0,1
108795,108795,Nandini Gowda,25,9,1,0,2
108796,108796,Vinod Patil,49,5,1,0,1
108797,108797,Zoya Khan,56,9,2,0,2
108798,108798,Girish Merchant,30,4,2,0,1
108799,108799,Chandru Kulkarni,44,7,1,0,1
108800,108800,Salim Nayak,44,2,1,0,1
108801,108801,Swathi Shetty,42,5,1,0,2
108802,108802,Dinesh Pinto,49,3,1,0,1
108803,108803,Ravi Shetty,29,1,1,0,1
108804,108804,Farhan Pinto,29,4,1,0,1
108805,108805,Manoj D'Souza,69,4,1,0,1
108806,108806,Kusuma Achar,53,3,1,0,2
108807,108807,Fathima Poojary,72,3,1,0,2
108808,108808,Anthony Naik,23,7,1,0,1
108809,108809,Arjun Hiremath,49,2,1,0,1
108810,108810,Zoya Nayak,68,9,1,0,2
108811,108811,Kavya Desai,22,2,1,0,2
108812,108812,Divya Nayak,57,6,1,0,2
108813,108813,Manoj Kulkarni,23,3,1,0,1
108814,108814,Zoya Gowda,64,6,1,0,2
108815,108815,Swathi Achar,39,5,1,0,2
108816,108816,Manjunath Reddy,68,9,1,0,1
108817,108817,Vidya Reddy,48,7,1,0,2
108818,108818,Shilpa Nayak,47,8,1,0,2
108819,108819,Farhan Hegde,52,4,2,0,1
108820,108820,Ganesh D'Souza,35,8,1,0,1
108821,108821,Divya D'Souza,64,1,2,0,2
108822,108822,Farhan D'Souza,21,7,1,0,1
108823,108823,Ganesh Reddy,45,1,1,0,1
108824,108824,Manoj Patil,19,8,1,0,1
108825,108825,Deepa Reddy,27,7,1,0,2
108826,108826,Naveen Desai,32,10,1,0,1
108827,108827,Anil Hiremath,35,4,1,0,1
108828,108828,Nandini Rao,32,4,1,0,2
108829,108829,Radha Achar,41,2,1,0,2
108830,108830,Ramesh Desai,49,8,1,0,1
108831,108831,Deepa Poojary,50,7,1,0,2
108832,108832,Geeta Bhat,58,9,3,0,2
108833,108833,Ashok Naik,71,2,1,0,1
108834,108834,Manoj Kulkarni,58,4,1,0,1
108835,108835,Sowmya D'Souza,23,4,2,0,2
108836,108836,Srinivas Hegde,59,4,1,0,1
108837,108837,Sowmya Poojary,35,9,1,0,2
108838,108838,Ravi Hegde,51,1,1,0,1
108839,108839,Manjunath Kumar,46,5,4,0,1
108840,108840,Roopa Sait,40,9,1,0,2
108841,108841,Nandini Shetty,54,9,2,0,2
108842,108842,Radha Desai,48,4,1,0,2
108843,108843,Girish Rao,28,3,1,0,1
108844,108844,Zoya Pinto,41,10,2,0,2
108845,108845,Iqbal Patil,29,1,1,0,1
108846,108846,Manjunath Nayak,18,1,1,0,1
108847,108847,Mary Khan,72,4,1,0,2
108848,108848,Vidya Sait,25,5,1,0,2
108849,108849,Meena Hiremath,63,4,1,0,2
108850,108850,Geeta Merchant,46,3,1,0,2
108851,108851,Imran D'Souza,23,3,1,0,1
108852,108852,Vijay Nayak,64,8,1,0,1
108853,108853,Sunita Achar,63,2,1,0,2
108854,108854,Salim Kulkarni,35,7,1,0,1
108855,108855,Kiran Shetty,20,9,1,0,1
108856,108856,Mary Kumar,44,5,1,0,2
108857,108857,Ravi Hiremath,60,7,1,0,1
108858,108858,Sneha Merchant,33,7,2,0,2
108859,108859,Kavya Naik,35,2,1,0,2
108860,108860,Basavaraj Reddy,41,1,2,0,1
108861,108861,Iqbal Bhat,33,7,1,0,1
108862,108862,Ashok Desai,44,2,1,0,1
108863,108863,Geeta Achar,44,8,1,0,2
108864,108864,Priya Shetty,23,8,1,0,2
108865,108865,Sowmya Achar,62,6,1,0,2
108866,108866,Ashok Reddy,35,2,1,0,1
108867,108867,Roopa Poojary,52,9,1,0,2
108868,108868,Ashok Sait,67,4,1,0,1
108869,108869,Vijay Shetty,66,1,1,0,1
108870,108870,Nagaraj Kumar,68,1,1,0,1
108871,108871,Iqbal Gowda,43,9,2,0,1
108872,108872,Kiran Achar,26,3,1,0,1
108873,108873,Ananya Merchant,69,9,1,0,2
108874,108874,Prakash Gowda,30,2,1,0,1
108875,108875,Roopa D'Souza,68,8,1,0,2
108876,108876,Radha D'Souza,24,1,1,0,2
108877,108877,Prakash Pinto,30,5,1,0,1
108878,108878,Vijay D'Souza,41,5,1,0,1
108879,108879,Sunita Naik,18,4,1,0,2
108880,108880,Mary Hiremath,30,3,2,0,2
108881,108881,Ramesh Rao,28,2,1,0,1
108882,108882,Ananya Sait,26,8,2,0,2
108883,108883,Ravi D'Souza,53,4,7,0,1
108884,108884,Priya Pinto,31,10,1,0,2
108885,108885,Pooja Desai,30,4,1,0,2
108886,108886,Joseph Patil,63,5,1,0,1
108887,108887,Vijay Poojary,22,9,1,0,1
108888,108888,Nandini Desai,54,1,1,0,2
108889,108889,Anita Naik,71,6,1,0,2
108890,108890,Ravi Hegde,25,9,2,0,1
108891,108891,Shilpa Poojary,54,5,1,0,2
108892,108892,Farhan Merchant,34,8,1,0,1
108893,108893,Radha Desai,59,6,1,0,2
108894,108894,Kusuma Hegde,31,6,1,0,2
108895,108895,Shilpa Patil,38,4,1,0,2
108896,108896,Zoya Poojary,61,7,1,0,2
108897,108897,Sunita Bhat,29,2,1,0,2
108898,108898,Sunita Desai,60,6,2,0,2
108899,108899,Yogesh D'Souza,28,4,1,0,1
108900,108900,Nagaraj Shetty,46,3,2,0,1
108901,108901,Iqbal Gowda,36,9,1,0,1
108902,108902,Ganesh Merchant,47,5,1,0,1
108903,108903,Geeta D'Souza,46,6,1,0,2
108904,108904,Salim Gowda,50,4,1,0,1
108905,108905,Lakshmi Kumar,56,10,2,0,2
108906,108906,Nagaraj D'Souza,64,4,1,0,1
108907,108907,Suresh Achar,50,1,1,0,1
108908,108908,Basavaraj Naik,57,4,1,0,1
108909,108909,Srinivas Patil,44,4,2,0,1
108910,108910,Geeta Reddy,27,1,2,0,2
108911,108911,Ravi Sait,66,2,1,0,1
108912,108912,Basavaraj Desai,67,6,1,0,1
108913,108913,Vidya Kumar,47,1,1,0,2
108914,108914,Anthony Patil,23,2,1,0,1
108915,108915,Sowmya Naik,22,1,1,0,2
108916,108916,Kusuma Bhat,21,4,1,0,2
108917,108917,Vidya Rao,40,3,1,0,2
108918,108918,Priya Nayak,22,6,1,0,2
108919,108919,Zoya Hiremath,60,6,1,0,2
108920,108920,Salim Gowda,30,4,1,0,1
108921,108921,Vinod Merchant,20,9,1,0,1
108922,108922,Salim Merchant,19,7,1,0,1
108923,108923,Pooja Nayak,46,9,1,0,2
108924,108924,Anita Nayak,61,2,3,0,2
108925,108925,Manoj Desai,33,1,2,0,1
108926,108926,Ananya Nayak,53,7,3,0,2
108927,108927,Pooja Hegde,69,9,1,0,2
108928,108928,Geeta Hiremath,56,8,1,0,2
108929,108929,Vidya Kulkarni,27,1,2,0,2
108930,108930,Vijay Pinto,36,10,1,0,1
108931,108931,Naveen Desai,38,1,1,0,1
108932,108932,Ganesh D'Souza,33,3,1,0,1
108933,108933,Vidya Nayak,54,4,1,0,2
108934,108934,Fathima Gowda,43,3,1,0,2
108935,108935,Shalini Hegde,30,10,1,0,2
108936,108936,Farhan Naik,46,2,1,0,1
108937,108937,Fathima Reddy,47,7,1,0,2
108938,108938,Radha Poojary,64,9,1,0,2
108939,108939,Harish Patil,68,9,1,0,1
108940,108940,Priya Kumar,37,5,1,0,2
108941,108941,Harish Kumar,54,9,1,0,1
108942,108942,Yogesh Hegde,51,5,1,0,1
108943,108943,Anil Pinto,18,7,1,0,1
108944,108944,Harish Kulkarni,33,1,1,0,1
108945,108945,Naveen Kulkarni,36,6,1,0,1
108946,108946,Nagaraj Sait,46,1,1,0,1
108947,108947,Shalini Patil,39,4,2,0,2
108948,108948,Vidya Kumar,53,9,1,0,2
108949,108949,Ramesh Merchant,56,9,1,0,1
108950,108950,Suresh Bhat,55,1,3,0,1
108951,108951,Farhan Merchant,59,4,1,0,1
108952,108952,Geeta Rao,55,4,1,0,2
108953,108953,Radha Pinto,49,5,1,0,2
108954,108954,Swathi Pinto,66,6,1,0,2
108955,108955,Srinivas Rao,50,1,1,0,1
108956,108956,Naveen Nayak,71,4,1,0,1
108957,108957,Sneha Khan,33,4,2,0,2
108958,108958,Ramesh Kulkarni,59,1,2,0,1
108959,108959,Ashok Bhat,67,4,1,0,1
108960,108960,Vinod Gowda,65,9,1,0,1
108961,108961,Sowmya Merchant,53,9,1,0,2
108962,108962,Geeta Nayak,42,8,1,0,2
108963,108963,Kavya D'Souza,39,4,1,0,2
108964,108964,Zoya Nayak,61,2,6,0,2
108965,108965,Anita Shetty,72,1,1,0,2
108966,108966,Basavaraj Naik,47,3,2,0,1
108967,108967,Geeta Poojary,68,1,1,0,2
108968,108968,Joseph Khan,62,3,1,0,1
108969,108969,Swathi Khan,33,2,2,0,2
108970,108970,Basavaraj Poojary,36,4,1,0,1
108971,108971,Suresh Kulkarni,18,3,1,0,1
108972,108972,Sowmya Desai,68,9,1,0,2
108973,108973,Ananya Achar,26,8,1,0,2
108974,108974,Divya Hiremath,56,3,1,0,2
108975,108975,Swathi Reddy,39,2,1,0,2
108976,108976,Iqbal Achar,58,4,1,0,1
108977,108977,Prakash Rao,57,4,2,0,1
108978,108978,Sowmya Patil,62,5,1,0,2
108979,108979,Fathima Hiremath,29,7,1,0,2
108980,108980,Anil Sait,66,4,1,0,1
108981,108981,Pooja Kulkarni,57,1,1,0,2
108982,108982,Sunita Desai,37,4,1,0,2
108983,108983,Joseph Patil,46,3,1,0,1
108984,108984,Girish Bhat,52,6,1,0,1
108985,108985,Deepa Khan,36,5,1,0,2
108986,108986,Chandru D'Souza,22,1,1,0,1
108987,108987,Ganesh Nayak,22,4,2,0,1
108988,108988,Rekha Rao,60,8,1,0,2
108989,108989,Arjun Patil,28,2,1,0,1
108990,108990,Chandru Poojary,72,1,2,0,1
108991,108991,Anil Poojary,53,6,2,0,1
108992,108992,Sneha Reddy,44,10,1,0,2
108993,108993,Sowmya Sait,72,2,2,0,2
108994,108994,Priya Patil,44,10,2,0,2
108995,108995,Priya Sait,53,1,1,0,2
108996,108996,Manjunath Kumar,41,9,1,0,1
108997,108997,Farhan D'Souza,52,5,1,0,1
108998,108998,Manoj Patil,65,8,2,0,1
108999,108999,Pooja D'Souza,57,3,1,0,2
109000,109000,Vidya Poojary,52,9,1,0,2
109001,109001,Geeta D'Souza,21,2,1,0,2
109002,109002,Chandru Gowda,32,5,1,0,1
109003,109003,Vinod Pinto,38,6,1,0,1
109004,109004,Manoj Achar,40,7,1,0,1
109005,109005,Fathima Hiremath,58,1,1,0,2
109006,109006,Basavaraj Gowda,35,4,1,0,1
109007,109007,Kavya Merchant,46,1,1,0,2
109008,109008,Geeta Khan,18,7,1,0,2
109009,109009,Rekha Hegde,64,6,1,0,2
109010,109010,Ananya Kumar,70,6,1,0,2
109011,109011,Fathima Nayak,52,4,1,0,2
109012,109012,Basavaraj Kumar,39,10,1,0,1
109013,109013,Radha Sait,38,3,2,0,2
109014,109014,Ananya Poojary,49,2,1,0,2
109015,109015,Joseph Patil,54,9,2,0,1
109016,109016,Ravi Merchant,30,4,1,0,1
109017,109017,Mahesh Desai,39,4,1,0,1
109018,109018,Priya Kulkarni,41,6,1,0,2
109019,109019,Anita Nayak,45,8,6,0,2
109020,109020,Anthony Kumar,49,9,1,0,1
109021,109021,Sunita Naik,63,5,1,0,2
109022,109022,Salim D'Souza,31,7,1,0,1
109023,109023,Priya Poojary,46,4,1,0,2
109024,109024,Meena Nayak,46,4,1,0,2
109025,109025,Mahesh D'Souza,42,9,2,0,1
109026,109026,Deepa Reddy,61,2,1,0,2
109027,109027,Deepa Hiremath,57,2,2,0,2
109028,109028,Prakash Reddy,47,1,1,0,1
109029,109029,Vinod Sait,59,6,1,0,1
109030,109030,Manoj Pinto,42,2,1,0,1
109031,109031,Srinivas Shetty,18,3,1,0,1
109032,109032,Farhan D'Souza,49,5,1,0,1
109033,109033,Ramesh Poojary,38,4,1,0,1
109034,109034,Chandru Kulkarni,47,5,2,0,1
109035,109035,Anil Shetty,41,8,1,0,1
109036,109036,Geeta Kumar,23,4,1,0,2
109037,109037,Farhan D'Souza,62,10,1,0,1
109038,109038,Farhan Kumar,66,1,1,0,1
109039,109039,Deepa Kulkarni,62,2,1,0,2
109040,109040,Divya Nayak,63,4,1,0,2
109041,109041,Shalini D'Souza,51,3,1,0,2
109042,109042,Pooja Merchant,44,4,2,0,2
109043,109043,Arjun Sait,19,8,1,0,1
109044,109044,Meena Hegde,34,4,1,0,2
109045,109045,Divya Kulkarni,37,4,2,0,2
109046,109046,Mary Merchant,31,9,1,0,2
109047,109047,Shalini Rao,31,1,2,0,2
109048,109048,Nandini Naik,43,9,2,0,2
109049,109049,Meena Shetty,18,1,1,0,2
109050,109050,Ananya Nayak,29,3,2,0,2
109051,109051,Farhan Bhat,56,1,1,0,1
109052,109052,Naveen Sait,71,4,1,0,1
109053,109053,Pooja Hiremath,18,3,1,0,2
109054,109054,Manoj Patil,23,8,2,0,1
109055,109055,Yogesh Nayak,30,7,1,0,1
109056,109056,Lakshmi Hegde,50,6,2,0,2
109057,109057,Dinesh Sait,52,4,1,0,1
109058,109058,Sowmya Hegde,52,4,1,0,2
109059,109059,Iqbal Kumar,29,9,1,0,1
109060,109060,Shilpa Poojary,29,1,1,0,2
109061,109061,Nagaraj Sait,70,5,1,0,1
109062,109062,Girish D'Souza,64,1,1,0,1
109063,109063,Arjun Desai,52,2,1,0,1
109064,109064,Prakash Kumar,49,1,1,0,1
109065,109065,Srinivas Kulkarni,24,4,2,0,1
109066,109066,Ashok Rao,63,4,1,0,1
109067,109067,Mahesh Shetty,67,2,1,0,1
109068,109068,Ashok Merchant,66,9,1,0,1
109069,109069,Anil Achar,40,6,1,0,1
109070,109070,Meena Merchant,42,2,1,0,2
109071,109071,Ganesh Rao,52,5,1,0,1
109072,109072,Imran Gowda,67,6,1,0,1
109073,109073,Arjun Nayak,18,5,1,0,1
109074,109074,Mary Shetty,65,1,1,0,2
109075,109075,Ramesh Gowda,68,1,1,0,1
109076,109076,Girish Naik,52,9,6,0,1
109077,109077,Vinod Desai,35,3,1,0,1
109078,109078,Imran Hegde,35,5,2,0,1
109079,109079,Roopa Shetty,37,5,3,0,2
109080,109080,Meena Naik,29,3,1,0,2
109081,109081,Iqbal Hiremath,27,7,1,0,1
109082,109082,Radha Shetty,35,5,1,0,2
109083,109083,Pooja Merchant,47,10,1,0,2
109084,109084,Anita Achar,38,9,2,0,2
109085,109085,Iqbal Achar,64,7,1,0,1
109086,109086,Mary Gowda,29,4,2,0,2
109087,109087,Anita Poojary,54,4,7,0,2
109088,109088,Kusuma Desai,39,9,1,0,2
109089,109089,Shalini Achar,67,6,1,0,2
109090,109090,Swathi D'Souza,68,1,1,0,2
109091,109091,Sneha Merchant,26,4,1,0,2
109092,109092,Suresh Hegde,59,6,1,0,1
109093,109093,Farhan Gowda,39,2,1,0,1
109094,109094,Radha Patil,72,10,6,0,2
109095,109095,Deepa Reddy,27,6,1,0,2
109096,109096,Harish Bhat,64,10,1,0,1
109097,109097,Srinivas Poojary,32,3,1,0,1
109098,109098,Anita Poojary,55,9,1,0,2
109099,109099,Anil Pinto,44,1,1,0,1
109100,109100,Shilpa Achar,34,10,1,0,2
109101,109101,Arjun Naik,29,7,1,0,1
109102,109102,Fathima Achar,40,1,1,0,2
109103,109103,Sneha Hegde,32,7,1,0,2
109104,109104,Ananya Nayak,57,8,1,0,2
109105,109105,Ashok Reddy,32,5,1,0,1
109106,109106,Manoj Kumar,51,5,1,0,1
109107,109107,Arjun Achar,23,4,1,0,1
109108,109108,Fathima Patil,31,6,1,0,2
109109,109109,Naveen Merchant,20,7,2,0,1
109110,109110,Divya Achar,22,3,1,0,2
109111,109111,Anthony Hiremath,21,7,2,0,1
109112,109112,Ananya Achar,60,7,1,0,2
109113,109113,Yogesh Pinto,65,2,2,0,1
109114,109114,Girish Poojary,58,1,2,0,1
109115,109115,Anthony Bhat,27,6,1,0,1
109116,109116,Vidya Bhat,35,2,1,0,2
109117,109117,Vijay Reddy,18,4,1,0,1
109118,109118,Prakash Nayak,59,8,1,0,1
109119,109119,Kavya Kumar,44,2,3,0,2
109120,109120,Zoya Kumar,68,5,1,0,2
109121,109121,Sowmya Pinto,50,6,1,0,2
109122,109122,Kavya Hegde,63,6,1,0,2
109123,109123,Ganesh Gowda,42,4,1,0,1
109124,109124,Harish Desai,59,3,1,0,1
109125,109125,Meena Patil,52,6,1,0,2
109126,109126,Divya Desai,26,2,1,0,2
109127,109127,Anthony Achar,66,4,1,0,1
109128,109128,Divya Naik,42,9,1,0,2
109129,109129,Ananya Achar,62,1,1,0,2
109130,109130,Deepa Patil,36,4,1,0,2
109131,109131,Anita Pinto,41,8,1,0,2
109132,109132,Girish Hiremath,51,2,1,0,1
109133,109133,Rekha Desai,22,9,1,0,2
109134,109134,Basavaraj Shetty,34,4,1,0,1
109135,109135,Deepa Hegde,29,9,2,0,2
109136,109136,Sneha Bhat,26,9,1,0,2
109137,109137,Yogesh Nayak,72,2,1,0,1
109138,109138,Nagaraj Pinto,57,1,1,0,1
109139,109139,Chandru Achar,49,6,1,0,1
109140,109140,Arjun Nayak,27,4,1,0,1
109141,109141,Rekha Khan,25,2,1,0,2
109142,109142,Dinesh Gowda,59,2,1,0,1
109143,109143,Chandru Sait,55,6,1,0,1
109144,109144,Ananya Patil,30,8,1,0,2
109145,109145,Ganesh Patil,25,8,1,0,1
109146,109146,Arjun Sait,62,8,1,0,1
109147,109147,Salim Hegde,29,10,1,0,1
109148,109148,Ravi Nayak,45,10,1,0,1
109149,109149,Vidya Poojary,56,3,1,0,2
109150,109150,Shalini Hegde,34,2,2,0,2
109151,109151,Nandini Sait,19,4,3,0,2
109152,109152,Anita Nayak,39,10,2,0,2
109153,109153,Zoya Desai,18,4,2,0,2
109154,109154,Rajesh Patil,35,1,1,0,1
109155,109155,Shalini Kulkarni,66,8,1,0,2
109156,109156,Sowmya Hegde,26,1,1,0,2
109157,109157,Kiran Reddy,32,1,1,0,1
109158,109158,Ganesh Naik,56,6,1,0,1
109159,109159,Rekha Achar,27,3,1,0,2
109160,109160,Ananya Achar,72,3,1,0,2
109161,109161,Salim Sait,33,4,1,0,1
109162,109162,Ramesh Gowda,26,4,1,0,1
109163,109163,Nandini Pinto,42,4,1,0,2
109164,109164,Zoya Poojary,68,4,1,0,2
109165,109165,Kavya Naik,18,1,2,0,2
109166,109166,Divya Achar,31,4,1,0,2
109167,109167,Kavya Khan,51,10,1,0,2
109168,109168,Rekha Khan,21,3,1,0,2
109169,109169,Ananya Poojary,43,2,1,0,2
109170,109170,Srinivas Desai,41,9,2,0,1
109171,109171,Imran Rao,23,3,1,0,1
109172,109172,Sowmya Merchant,55,8,1,0,2
109173,109173,Lakshmi Reddy,55,2,2,0,2
109174,109174,Kavya Rao,51,8,2,0,2
109175,109175,Geeta Shetty,28,3,1,0,2
109176,109176,Meena Naik,62,10,1,0,2
109177,109177,Lakshmi Kumar,69,7,1,0,2
109178,109178,Mahesh Kulkarni,62,8,1,0,1
109179,109179,Sowmya Gowda,39,4,1,0,2
109180,109180,Kusuma Kumar,67,8,1,0,2
109181,109181,Yogesh Merchant,24,6,1,0,1
109182,109182,Manjunath D'Souza,58,3,1,0,1
109183,109183,Sneha Sait,34,3,1,0,2
109184,109184,Meena Desai,66,7,1,0,2
109185,109185,Mahesh Sait,68,3,1,0,1
109186,109186,Salim Gowda,68,9,1,0,1
109187,109187,Mahesh Patil,53,3,1,0,1
109188,109188,Sneha Pinto,67,4,1,0,2
109189,109189,Yogesh Pinto,58,8,1,0,1
109190,109190,Nandini Merchant,60,6,1,0,2
109191,109191,Geeta Kumar,29,6,1,0,2
109192,109192,Ganesh Hiremath,66,10,1,0,1
109193,109193,Vidya Rao,65,9,1,0,2
109194,109194,Chandru Poojary,47,2,2,0,1
109195,109195,Priya Reddy,32,1,1,0,2
109196,109196,Ashok Nayak,42,4,1,0,1
109197,109197,Naveen Kulkarni,67,8,1,0,1
109198,109198,Meena Patil,66,2,2,0,2
109199,109199,Basavaraj Desai,20,9,1,0,1
109200,109200,Ganesh Desai,38,3,2,0,1
109201,109201,Sowmya Bhat,39,5,1,0,2
109202,109202,Suresh Naik,44,2,1,0,1
109203,109203,Chandru Rao,29,4,1,0,1
109204,109204,Prakash Desai,23,6,2,0,1
109205,109205,Swathi Pinto,34,10,1,0,2
109206,109206,Vijay D'Souza,24,4,1,0,1
109207,109207,Ramesh Desai,18,4,2,0,1
109208,109208,Mahesh Sait,61,2,1,0,1
109209,109209,Kavya Reddy,36,3,1,0,2
109210,109210,Suresh Rao,32,4,2,0,1
109211,109211,Sunita Gowda,54,4,1,0,2
109212,109212,Kavya Rao,72,1,1,0,2
109213,109213,Anthony Hegde,63,7,1,0,1
109214,109214,Meena Rao,44,4,1,0,2
109215,109215,Sunita D'Souza,56,9,2,0,2
109216,109216,Ravi Patil,53,2,4,0,1
109217,109217,Chandru Sait,66,9,7,0,1
109218,109218,Imran Kulkarni,65,2,1,0,1
109219,109219,Kiran Sait,65,9,1,0,1
109220,109220,Ganesh Hegde,27,6,1,0,1
109221,109221,Nagaraj Reddy,19,5,3,0,1
109222,109222,Yogesh Hegde,25,7,1,0,1
109223,109223,Mahesh Naik,53,6,1,0,1
109224,109224,Kusuma Kulkarni,29,3,1,0,2
109225,109225,Harish D'Souza,46,5,1,0,1
109226,109226,Arjun Rao,63,4,2,0,1
109227,109227,Manoj Hiremath,50,1,1,0,1
109228,109228,Swathi Kumar,40,5,1,0,2
109229,109229,Naveen Desai,21,8,1,0,1
109230,109230,Prakash Merchant,42,2,1,0,1
109231,109231,Manjunath Reddy,32,6,1,0,1
109232,109232,Yogesh Desai,18,5,2,0,1
109233,109233,Ramesh Bhat,43,1,1,0,1
109234,109234,Farhan Sait,25,6,4,0,1
109235,109235,Farhan Merchant,59,9,2,0,1
109236,109236,Prakash Naik,42,4,1,0,1
109237,109237,Kavya Shetty,35,9,1,0,2
109238,109238,Arjun Desai,46,6,1,0,1
109239,109239,Srinivas Merchant,26,9,1,0,1
109240,109240,Chandru Achar,45,4,1,0,1
109241,109241,Shilpa Shetty,22,7,1,0,2
109242,109242,Salim Rao,24,10,1,0,1
109243,109243,Prakash Hiremath,18,1,1,0,1
109244,109244,Farhan Pinto,40,6,2,0,1
109245,109245,Ashok Nayak,68,7,1,0,1
109246,109246,Suresh Pinto,50,6,2,0,1
109247,109247,Chandru Sait,62,2,2,0,1
109248,109248,Meena Hegde,46,4,1,0,2
109249,109249,Divya Nayak,62,7,1,0,2
109250,109250,Divya Pinto,23,8,1,0,2
109251,109251,Basavaraj Kumar,29,8,1,0,1
109252,109252,Sunita Khan,58,8,1,0,2
109253,109253,Geeta Shetty,56,4,1,0,2
109254,109254,Geeta Desai,48,4,1,0,2
109255,109255,Prakash Sait,44,4,1,0,1
109256,109256,Ananya Bhat,68,4,1,0,2
109257,109257,Harish Patil,42,4,2,0,1
109258,109258,Vidya Merchant,57,1,1,0,2
109259,109259,Basavaraj Poojary,34,7,1,0,1
109260,109260,Ashok Achar,61,10,1,0,1
109261,109261,Vinod Desai,59,7,2,0,1
109262,109262,Swathi Gowda,33,9,1,0,2
109263,109263,Pooja Khan,57,1,1,0,2
109264,109264,Anthony Pinto,35,2,1,0,1
109265,109265,Priya Kulkarni,62,9,1,0,2
109266,109266,Salim Merchant,62,4,1,0,1
109267,109267,Mary Sait,49,1,1,0,2
109268,109268,Nagaraj Reddy,26,7,1,0,1
109269,109269,Srinivas Patil,25,5,1,0,1
109270,109270,Ganesh Shetty,28,3,1,0,1
109271,109271,Iqbal Hiremath,50,5,1,0,1
109272,109272,Kusuma Achar,51,1,1,0,2
109273,109273,Ashok Pinto,49,7,1,0,1
109274,109274,Vinod Achar,59,1,1,0,1
109275,109275,Shalini Pinto,30,4,1,0,2
109276,109276,Yogesh Sait,33,5,1,0,1
109277,109277,Divya Merchant,51,8,1,0,2
109278,109278,Mahesh Bhat,33,5,1,0,1
109279,109279,Sneha D'Souza,55,9,5,0,2
109280,109280,Yogesh Pinto,55,9,1,0,1
109281,109281,Kusuma Poojary,64,6,1,0,2
109282,109282,Sunita Sait,39,1,1,0,2
109283,109283,Ramesh Patil,57,6,2,0,1
109284,109284,Girish Achar,26,3,1,0,1
109285,109285,Ananya Rao,50,1,2,0,2
109286,109286,Joseph Shetty,41,2,2,0,1
109287,109287,Anita Achar,32,2,1,0,2
109288,109288,Shalini Pinto,56,2,1,0,2
109289,109289,Kusuma Shetty,26,4,1,0,2
109290,109290,Arjun Reddy,42,3,1,0,1
109291,109291,Yogesh Sait,29,9,1,0,1
109292,109292,Suresh Achar,49,7,4,0,1
109293,109293,Anthony Sait,45,4,2,0,1
109294,109294,Mary Kulkarni,67,4,1,0,2
109295,109295,Ananya Nayak,66,8,2,0,2
109296,109296,Priya Kulkarni,44,8,1,0,2
109297,109297,Zoya Merchant,41,5,1,0,2
109298,109298,Radha Reddy,23,1,1,0,2
109299,109299,Chandru Patil,23,8,1,0,1
109300,109300,Radha Naik,22,1,1,0,2
109301,109301,Joseph Khan,34,1,1,0,1
109302,109302,Meena Gowda,43,6,1,0,2
109303,109303,Iqbal Patil,33,8,1,0,1
109304,109304,Kiran Achar,24,7,1,0,1
109305,109305,Zoya Nayak,22,4,1,0,2
109306,109306,Kusuma Poojary,59,4,2,0,2
109307,109307,Divya Khan,38,1,1,0,2
109308,109308,Ravi Achar,18,6,1,0,1
109309,109309,Naveen Naik,26,1,1,0,1
109310,109310,Suresh Kumar,38,4,1,0,1
109311,109311,Meena D'Souza,40,6,2,0,2
109312,109312,Nandini Kulkarni,30,7,1,0,2
109313,109313,Suresh Shetty,29,4,1,0,1
109314,109314,Ananya Pinto,60,4,1,0,2
109315,109315,Shalini Gowda,20,4,1,0,2
109316,109316,Imran Khan,35,4,2,0,1
109317,109317,Prakash Reddy,46,3,1,0,1
109318,109318,Mahesh Poojary,63,7,1,0,1
109319,109319,Kusuma Merchant,22,1,1,0,2
109320,109320,Vidya Desai,58,4,1,0,2
109321,109321,Manjunath Kulkarni,69,7,3,0,1
109322,109322,Lakshmi Desai,23,2,1,0,2
109323,109323,Kavya Desai,65,6,3,0,2
109324,109324,Radha Kulkarni,40,4,1,0,2
109325,109325,Sunita Shetty,63,10,1,0,2
109326,109326,Imran Bhat,69,9,1,0,1
109327,109327,Anita Hiremath,23,4,1,0,2
109328,109328,Manjunath Desai,23,1,2,0,1
109329,109329,Farhan Hiremath,31,7,1,0,1
109330,109330,Mary Khan,39,8,1,0,2
109331,109331,Prakash Achar,69,8,1,0,1
109332,109332,Dinesh Gowda,23,1,2,0,1
109333,109333,Nagaraj Poojary,64,7,1,0,1
109334,109334,Zoya Poojary,49,4,1,0,2
109335,109335,Suresh Khan,55,1,1,0,1
109336,109336,Anthony Poojary,72,4,1,0,1
109337,109337,Anthony Shetty,24,3,1,0,1
109338,109338,Sowmya Shetty,27,4,1,0,2
109339,109339,Suresh Kulkarni,64,8,1,0,1
109340,109340,Prakash Bhat,24,4,1,0,1
109341,109341,Ganesh Naik,60,3,1,0,1
109342,109342,Naveen Bhat,57,1,1,0,1
109343,109343,Vijay Naik,58,2,1,0,1
109344,109344,Rajesh Shetty,26,9,1,0,1
109345,109345,Deepa Kumar,49,7,1,0,2
109346,109346,Roopa Khan,39,6,1,0,2
109347,109347,Arjun Merchant,58,8,1,0,1
109348,109348,Sowmya Achar,54,8,1,0,2
109349,109349,Dinesh Kumar,25,6,1,0,1
109350,109350,Manoj Shetty,25,9,1,0,1
109351,109351,Ananya Kumar,70,9,1,0,2
109352,109352,Ashok Naik,40,8,1,0,1
109353,109353,Zoya Merchant,32,2,1,0,2
109354,109354,Radha Shetty,47,2,2,0,2
109355,109355,Nandini Shetty,47,6,1,0,2
109356,109356,Imran Hegde,59,1,1,0,1
109357,109357,Nandini Rao,40,2,1,0,2
109358,109358,Iqbal D'Souza,58,4,1,0,1
109359,109359,Dinesh Hiremath,29,8,1,0,1
109360,109360,Girish Kulkarni,43,8,1,0,1
109361,109361,Anita Naik,51,5,2,0,2
109362,109362,Divya Kumar,45,6,1,0,2
109363,109363,Rekha Gowda,31,3,1,0,2
109364,109364,Meena Sait,35,8,7,0,2
109365,109365,Rekha Hiremath,28,10,1,0,2
109366,109366,Dinesh D'Souza,59,9,1,0,1
109367,109367,Naveen Bhat,54,9,1,0,1
109368,109368,Kavya Kulkarni,66,6,1,0,2
109369,109369,Farhan Hegde,42,1,2,0,1
109370,109370,Manjunath Reddy,40,5,1,0,1
109371,109371,Vijay Shetty,39,7,1,0,1
109372,109372,Dinesh Poojary,45,2,1,0,1
109373,109373,Manjunath Gowda,51,5,2,0,1
109374,109374,Naveen Shetty,33,4,1,0,1
109375,109375,Farhan Bhat,35,8,4,0,1
109376,109376,Iqbal Desai,56,6,1,0,1
109377,109377,Mary Reddy,46,4,1,0,2
109378,109378,Yogesh Bhat,21,3,1,0,1
109379,109379,Prakash Bhat,35,6,1,0,1
109380,109380,Shilpa Kumar,40,4,1,0,2
109381,109381,Iqbal Bhat,34,4,1,0,1
109382,109382,Radha Sait,37,3,2,0,2
109383,109383,Sunita Nayak,36,6,1,0,2
109384,109384,Suresh Rao,58,6,1,0,1
109385,109385,Manjunath Pinto,52,4,1,0,1
109386,109386,Ravi Nayak,22,9,1,0,1
109387,109387,Kavya Hegde,29,2,1,0,2
109388,109388,Roopa Pinto,66,9,1,0,2
109389,109389,Fathima Shetty,67,6,1,0,2
109390,109390,Deepa Rao,53,2,1,0,2
109391,109391,Suresh Pinto,30,9,1,0,1
109392,109392,Sneha Reddy,47,9,1,0,2
109393,109393,Kiran Reddy,45,10,1,0,1
109394,109394,Roopa Pinto,35,4,1,0,2
109395,109395,Srinivas Patil,31,4,1,0,1
109396,109396,Iqbal Rao,29,4,2,0,1
109397,109397,Pooja Desai,36,4,1,0,2
109398,109398,Geeta Merchant,44,7,2,0,2
109399,109399,Nagaraj Merchant,61,2,1,0,1
109400,109400,Radha Gowda,58,4,1,0,2
109401,109401,Shalini Kumar,40,2,1,0,2
109402,109402,Chandru Naik,28,9,1,0,1
109403,109403,Suresh Kulkarni,51,7,1,0,1
109404,109404,Geeta Rao,53,3,1,0,2
109405,109405,Zoya Hegde,38,1,1,0,2
109406,109406,Divya Desai,35,10,1,0,2
109407,109407,Ramesh D'Souza,24,2,1,0,1
109408,109408,Rekha Achar,66,1,1,0,2
109409,109409,Ganesh D'Souza,29,2,1,0,1
109410,109410,Ravi Sait,56,1,1,0,1
109411,109411,Manjunath Gowda,33,8,1,0,1
109412,109412,Shalini Bhat,60,9,1,0,2
109413,109413,Ravi Kumar,55,1,1,0,1
109414,109414,Chandru Sait,44,4,3,0,1
109415,109415,Sowmya Kumar,68,1,1,0,2
109416,109416,Nandini Naik,61,4,1,0,2
109417,109417,Rekha Merchant,62,4,2,0,2
109418,109418,Ramesh Hegde,57,4,1,0,1
109419,109419,Kiran Merchant,68,4,1,0,1
109420,109420,Salim Kulkarni,29,3,2,0,1
109421,109421,Fathima Patil,69,10,1,0,2
109422,109422,Anil Gowda,64,6,1,0,1
109423,109423,Iqbal Kumar,65,7,1,0,1
109424,109424,Kiran Pinto,49,9,1,0,1
109425,109425,Joseph Merchant,27,3,2,0,1
109426,109426,Shilpa Pinto,65,1,1,0,2
109427,109427,Srinivas Achar,66,9,1,0,1
109428,109428,Manjunath D'Souza,27,6,1,0,1
109429,109429,Manjunath Reddy,71,4,1,0,1
109430,109430,Deepa Bhat,48,6,1,0,2
109431,109431,Prakash Sait,41,3,2,0,1
109432,109432,Basavaraj Merchant,37,7,1,0,1
109433,109433,Sowmya Nayak,30,4,1,0,2
109434,109434,Joseph Rao,61,9,1,0,1
109435,109435,Srinivas Bhat,20,9,1,0,1
109436,109436,Zoya Shetty,65,9,1,0,2
109437,109437,Anthony Kumar,58,4,2,0,1
109438,109438,Sunita Pinto,38,10,1,0,2
109439,109439,Deepa Hiremath,33,4,1,0,2
109440,109440,Zoya Merchant,68,9,1,0,2
109441,109441,Deepa Hiremath,36,10,1,0,2
109442,109442,Priya Desai,24,9,2,0,2
109443,109443,Anita Shetty,60,7,1,0,2
109444,109444,Zoya Bhat,57,9,1,0,2
109445,109445,Srinivas Shetty,19,4,1,0,1
109446,109446,Srinivas Achar,69,8,1,0,1
109447,109447,Rajesh Hegde,28,1,1,0,1
109448,109448,Kiran Merchant,23,9,1,0,1
109449,109449,Imran Patil,34,9,1,0,1
109450,109450,Farhan Rao,47,2,1,0,1
109451,109451,Mahesh Khan,21,6,1,0,1
109452,109452,Deepa Merchant,48,4,1,0,2
109453,109453,Chandru Nayak,24,1,1,0,1
109454,109454,Kusuma Merchant,64,2,2,0,2
109455,109455,Swathi Hiremath,26,7,1,0,2
109456,109456,Nandini Shetty,69,10,2,0,2
109457,109457,Srinivas Gowda,32,5,1,0,1
109458,109458,Zoya Naik,57,4,1,0,2
109459,109459,Anthony Bhat,67,1,1,0,1
109460,109460,Deepa D'Souza,71,4,1,0,2
109461,109461,Shilpa Hegde,28,6,1,0,2
109462,109462,Lakshmi Sait,30,5,1,0,2
109463,109463,Iqbal Achar,48,9,1,0,1
109464,109464,Srinivas Poojary,70,8,1,0,1
109465,109465,Divya Desai,38,10,1,0,2
109466,109466,Nandini Rao,48,5,1,0,2
109467,109467,Nandini Poojary,51,4,1,0,2
109468,109468,Kavya Reddy,71,5,1,0,2
109469,109469,Manoj Sait,72,4,1,0,1
109470,109470,Dinesh Nayak,62,9,1,0,1
109471,109471,Mahesh Sait,54,5,1,0,1
109472,109472,Anthony Merchant,61,5,1,0,1
109473,109473,Sowmya Desai,29,5,1,0,2
109474,109474,Swathi Shetty,62,9,1,0,2
109475,109475,Salim Naik,37,5,1,0,1
109476,109476,Mary Patil,63,2,1,0,2
109477,109477,Yogesh Bhat,37,4,1,0,1
109478,109478,Ganesh Reddy,51,8,1,0,1
109479,109479,Pooja Poojary,68,2,1,0,2
109480,109480,Nagaraj Rao,66,8,1,0,1
109481,109481,Chandru Khan,55,1,1,0,1
109482,109482,Prakash Poojary,51,4,1,0,1
109483,109483,Swathi Poojary,61,5,2,0,2
109484,109484,Nandini Reddy,50,1,1,0,2
109485,109485,Deepa Khan,58,4,1,0,2
109486,109486,Anil Achar,61,4,1,0,1
109487,109487,Imran D'Souza,65,3,1,0,1
109488,109488,Ramesh Kulkarni,63,5,2,0,1
109489,109489,Chandru Nayak,35,7,1,0,1
109490,109490,Yogesh Pinto,57,8,1,0,1
109491,109491,Girish Kumar,39,3,1,0,1
109492,109492,Anita Nayak,29,3,1,0,2
109493,109493,Rajesh Reddy,56,7,1,0,1
109494,109494,Basavaraj Hegde,60,7,1,0,1
109495,109495,Ashok Hegde,48,3,1,0,1
109496,109496,Chandru Reddy,64,3,2,0,1
109497,109497,Shilpa Gowda,18,9,1,0,2
109498,109498,Anita Nayak,21,8,1,0,2
109499,109499,Girish Reddy,55,4,2,0,1
109500,109500,Pooja Shetty,62,4,1,0,2
109501,109501,Sowmya Patil,46,5,1,0,2
109502,109502,Salim Desai,58,3,7,0,1
109503,109503,Mary D'Souza,41,9,3,0,2
109504,109504,Girish Nayak,60,2,1,0,1
109505,109505,Ganesh Merchant,52,10,2,0,1
109506,109506,Salim Achar,24,4,1,0,1
109507,109507,Ramesh Gowda,53,9,1,0,1
109508,109508,Srinivas Poojary,22,6,1,0,1
109509,109509,Anita Rao,54,5,1,0,2
109510,109510,Sowmya Shetty,64,7,1,0,2
109511,109511,Deepa Naik,22,1,1,0,2
109512,109512,Anthony Sait,31,1,2,0,1
109513,109513,Ravi Rao,46,7,1,0,1
109514,109514,Shalini Achar,64,8,1,0,2
109515,109515,Manjunath Sait,21,3,1,0,1
109516,109516,Mahesh Bhat,52,4,4,0,1
109517,109517,Prakash Kumar,24,1,1,0,1
109518,109518,Rekha Shetty,65,5,1,0,2
109519,109519,Farhan Merchant,31,6,1,0,1
109520,109520,Dinesh Kumar,61,3,1,0,1
109521,109521,Nandini Sait,60,1,1,0,2
109522,109522,Harish Kumar,62,2,1,0,1
109523,109523,Srinivas Naik,30,10,1,0,1
109524,109524,Rekha Rao,60,10,1,0,2
109525,109525,Divya Nayak,46,7,1,0,2
109526,109526,Naveen Merchant,46,10,1,0,1
109527,109527,Salim Naik,58,6,1,0,1
109528,109528,Naveen Kulkarni,47,4,1,0,1
109529,109529,Vijay Rao,37,7,1,0,1
109530,109530,Prakash Pinto,48,3,1,0,1
109531,109531,Fathima Khan,65,7,1,0,2
109532,109532,Vinod Nayak,41,8,1,0,1
109533,109533,Lakshmi Merchant,38,2,1,0,2
109534,109534,Vinod Shetty,65,5,1,0,1
109535,109535,Manoj Reddy,64,7,1,0,1
109536,109536,Shalini Pinto,63,7,2,0,2
109537,109537,Rekha Desai,65,6,2,0,2
109538,109538,Zoya Naik,63,4,1,0,2
109539,109539,Harish Gowda,23,4,1,0,1
109540,109540,Lakshmi Gowda,53,1,1,0,2
109541,109541,Meena Reddy,19,7,1,0,2
109542,109542,Swathi Merchant,38,1,1,0,2
109543,109543,Ananya Sait,19,8,1,0,2
109544,109544,Sunita Poojary,54,8,1,0,2
109545,109545,Farhan Poojary,64,4,1,0,1
109546,109546,Sowmya Bhat,52,7,4,0,2
109547,109547,Salim Merchant,49,4,1,0,1
109548,109548,Ramesh Naik,22,6,2,0,1
109549,109549,Swathi Patil,43,3,1,0,2
109550,109550,Rajesh Khan,24,6,1,0,1
109551,109551,Kavya Poojary,22,6,1,0,2
109552,109552,Dinesh Shetty,64,4,1,0,1
109553,109553,Fathima Kulkarni,33,2,1,0,2
109554,109554,Meena Kumar,70,8,1,0,2
109555,109555,Nagaraj Patil,28,4,1,0,1
109556,109556,Kavya Gowda,20,1,1,0,2
109557,109557,Kusuma Gowda,35,6,1,0,2
109558,109558,Girish Naik,40,2,1,0,1
109559,109559,Joseph Merchant,38,1,1,0,1
109560,109560,Shalini Desai,67,7,1,0,2
109561,109561,Kiran Reddy,23,1,1,0,1
109562,109562,Yogesh Desai,18,9,1,0,1
109563,109563,Basavaraj Hegde,22,7,1,0,1
109564,109564,Nandini Bhat,51,9,1,0,2
109565,109565,Prakash Sait,53,4,1,0,1
109566,109566,Ravi Reddy,37,4,1,0,1
109567,109567,Vinod Bhat,44,6,2,0,1
109568,109568,Vidya Desai,53,9,1,0,2
109569,109569,Ananya Kulkarni,36,9,1,0,2
109570,109570,Harish Shetty,18,4,1,0,1
109571,109571,Iqbal Nayak,22,6,1,0,1
109572,109572,Anita Bhat,63,3,1,0,2
109573,109573,Anita Poojary,33,4,1,0,2
109574,109574,Naveen Desai,23,10,1,0,1
109575,109575,Iqbal D'Souza,30,5,2,0,1
109576,109576,Anthony Rao,66,3,1,0,1
109577,109577,Meena Merchant,55,4,2,0,2
109578,109578,Naveen Kumar,29,6,1,0,1
109579,109579,Ganesh Shetty,28,6,1,0,1
109580,109580,Geeta Rao,22,3,1,0,2
109581,109581,Swathi Pinto,29,6,1,0,2
109582,109582,Chandru Khan,23,6,1,0,1
109583,109583,Salim Naik,45,3,1,0,1
109584,109584,Anil Shetty,49,6,1,0,1
109585,109585,Radha Achar,69,4,1,0,2
109586,109586,Dinesh Kulkarni,24,4,1,0,1
109587,109587,Vinod Kulkarni,46,4,1,0,1
109588,109588,Sunita Bhat,53,4,1,0,2
109589,109589,Suresh Naik,65,1,1,0,1
109590,109590,Kiran Desai,33,10,1,0,1
109591,109591,Deepa Nayak,59,1,1,0,2
109592,109592,Sneha Reddy,33,1,1,0,2
109593,109593,Girish Poojary,20,6,1,0,1
109594,109594,Imran Reddy,35,1,1,0,1
109595,109595,Kavya Poojary,27,2,1,0,2
109596,109596,Divya Bhat,19,1,2,0,2
109597,109597,Naveen Bhat,42,1,1,0,1
109598,109598,Anita D'Souza,21,1,1,0,2
109599,109599,Girish Shetty,64,1,1,0,1
109600,109600,Ramesh Desai,61,6,1,0,1
109601,109601,Ashok Shetty,60,4,1,0,1
109602,109602,Meena Poojary,19,5,1,0,2
109603,109603,Ashok Nayak,70,1,1,0,1
109604,109604,Rajesh Shetty,51,4,1,0,1
109605,109605,Kusuma Desai,62,5,1,0,2
109606,109606,Divya D'Souza,57,3,1,0,2
109607,109607,Rajesh Bhat,66,5,1,0,1
109608,109608,Vijay D'Souza,26,4,2,0,1
109609,109609,Imran Khan,44,3,1,0,1
109610,109610,Priya Shetty,64,4,1,0,2
109611,109611,Ramesh Patil,41,7,1,0,1
109612,109612,Srinivas Kulkarni,23,7,1,0,1
109613,109613,Vijay Shetty,32,10,1,0,1
109614,109614,Kusuma D'Souza,47,2,1,0,2
109615,109615,Radha Reddy,44,5,1,0,2
109616,109616,Naveen Desai,49,2,2,0,1
109617,109617,Manjunath Patil,47,7,2,0,1
109618,109618,Iqbal Gowda,50,6,1,0,1
109619,109619,Sowmya Gowda,56,4,1,0,2
109620,109620,Rekha Rao,52,5,1,0,2
109621,109621,Swathi Gowda,63,1,1,0,2
109622,109622,Meena Shetty,24,4,1,0,2
109623,109623,Basavaraj Rao,66,4,1,0,1
109624,109624,Anthony Kumar,44,4,1,0,1
109625,109625,Ananya Hiremath,46,5,1,0,2
109626,109626,Prakash Achar,60,4,1,0,1
109627,109627,Mary Bhat,50,4,1,0,2
109628,109628,Prakash Shetty,59,9,2,0,1
109629,109629,Ramesh Nayak,36,2,1,0,1
109630,109630,Nandini Gowda,58,3,1,0,2
109631,109631,Vidya Naik,36,3,1,0,2
109632,109632,Sunita Rao,38,6,1,0,2
109633,109633,Rekha Hegde,49,5,1,0,2
109634,109634,Radha Merchant,23,4,1,0,2
109635,109635,Radha Pinto,31,4,1,0,2
109636,109636,Iqbal Khan,24,2,2,0,1
109637,109637,Suresh Rao,37,4,1,0,1
109638,109638,Pooja Merchant,37,4,1,0,2
109639,109639,Roopa Patil,53,6,1,0,2
109640,109640,Anita Hiremath,40,2,1,0,2
109641,109641,Fathima Hegde,20,9,1,0,2
109642,109642,Joseph Kulkarni,43,4,1,0,1
109643,109643,Arjun Kumar,22,6,1,0,1
109644,109644,Anil Desai,51,5,1,0,1
109645,109645,Roopa Hegde,36,8,1,0,2
109646,109646,Pooja Rao,51,1,1,0,2
109647,109647,Divya Khan,63,4,1,0,2
109648,109648,Roopa Merchant,20,6,1,0,2
109649,109649,Sneha Hiremath,56,7,1,0,2
109650,109650,Chandru Desai,72,6,3,0,1
109651,109651,Rajesh Khan,24,9,1,0,1
109652,109652,Radha Reddy,64,5,1,0,2
109653,109653,Anthony Merchant,37,5,2,0,1
109654,109654,Vijay Rao,26,9,1,0,1
109655,109655,Joseph Patil,52,7,1,0,1
109656,109656,Basavaraj Kumar,18,4,1,0,1
109657,109657,Srinivas Desai,62,4,1,0,1
109658,109658,Anthony Nayak,53,4,1,0,1
109659,109659,Geeta Hiremath,55,1,1,0,2
109660,109660,Vidya Kumar,67,2,1,0,2
109661,109661,Basavaraj Hegde,67,3,1,0,1
109662,109662,Ashok Khan,41,7,2,0,1
109663,109663,Rajesh Bhat,64,4,2,0,1
109664,109664,Pooja Achar,27,7,1,0,2
109665,109665,Deepa Poojary,62,7,1,0,2
109666,109666,Shilpa Patil,31,3,1,0,2
109667,109667,Basavaraj Nayak,35,4,2,0,1
109668,109668,Suresh Kumar,60,3,1,0,1
109669,109669,Geeta Achar,26,7,1,0,2
109670,109670,Basavaraj Hegde,49,4,2,0,1
109671,109671,Meena Hegde,44,8,1,0,2
109672,109672,Anil Rao,30,4,1,0,1
109673,109673,Chandru Shetty,70,5,1,0,1
109674,109674,Nandini Naik,62,2,1,0,2
109675,109675,Kusuma Reddy,24,4,2,0,2
109676,109676,Rajesh Rao,54,6,1,0,1
109677,109677,Swathi Shetty,58,1,1,0,2
109678,109678,Radha Shetty,68,5,1,0,2
109679,109679,Ananya Merchant,60,6,2,0,2
109680,109680,Joseph D'Souza,66,2,1,0,1
109681,109681,Swathi Shetty,45,9,1,0,2
109682,109682,Nandini Desai,63,10,1,0,2
109683,109683,Pooja Hegde,72,4,1,0,2
109684,109684,Radha Merchant,25,10,1,0,2
109685,109685,Vijay Kulkarni,43,6,1,0,1
109686,109686,Shilpa Desai,39,1,2,0,2
109687,109687,Ganesh Bhat,20,2,1,0,1
109688,109688,Prakash D'Souza,49,4,1,0,1
109689,109689,Farhan Hiremath,33,4,1,0,1
109690,109690,Ramesh Reddy,53,2,1,0,1
109691,109691,Ravi Kumar,44,3,1,0,1
109692,109692,Sunita Pinto,24,4,1,0,2
109693,109693,Mary Achar,62,4,1,0,2
109694,109694,Vinod Shetty,50,4,1,0,1
109695,109695,Sunita Rao,39,1,1,0,2
109696,109696,Girish Desai,40,4,2,0,1
109697,109697,Geeta Reddy,53,3,1,0,2
109698,109698,Manjunath Patil,23,2,1,0,1
109699,109699,Farhan Patil,20,4,1,0,1
109700,109700,Chandru Sait,59,3,1,0,1
109701,109701,Kusuma Shetty,23,3,1,0,2
109702,109702,Dinesh Naik,60,10,2,0,1
109703,109703,Vidya Kumar,63,3,1,0,2
109704,109704,Vinod Reddy,54,4,1,0,1
109705,109705,Vidya Naik,56,6,2,0,2
109706,109706,Manjunath Bhat,59,2,1,0,1
109707,109707,Fathima Naik,62,2,1,0,2
109708,109708,Anita Nayak,62,4,1,0,2
109709,109709,Anthony Gowda,42,3,1,0,1
109710,109710,Fathima Bhat,47,3,1,0,2
109711,109711,Sunita Khan,39,2,1,0,2
109712,109712,Fathima Hiremath,72,4,1,0,2
109713,109713,Anthony Hiremath,71,1,1,0,1
109714,109714,Basavaraj Kulkarni,58,2,2,0,1
109715,109715,Ramesh Naik,29,8,1,0,1
109716,109716,Radha Rao,22,5,1,0,2
109717,109717,Shalini Rao,62,4,1,0,2
109718,109718,Vijay Nayak,64,5,1,0,1
109719,109719,Farhan Hiremath,51,3,1,0,1
109720,109720,Iqbal Hiremath,61,10,2,0,1
109721,109721,Anita Patil,35,1,1,0,2
109722,109722,Mary Hegde,53,9,1,0,2
109723,109723,Yogesh D'Souza,38,1,1,0,1
109724,109724,Geeta Hiremath,51,4,2,0,2
109725,109725,Anita Bhat,50,4,1,0,2
109726,109726,Radha Poojary,20,7,1,0,2
109727,109727,Anthony Bhat,35,7,1,0,1
109728,109728,Kusuma Shetty,62,6,3,0,2
109729,109729,Naveen Hegde,72,3,1,0,1
109730,109730,Farhan D'Souza,24,1,1,0,1
109731,109731,Basavaraj Kulkarni,34,2,1,0,1
109732,109732,Nandini Gowda,66,2,1,0,2
109733,109733,Priya Bhat,41,9,1,0,2
109734,109734,Nandini Desai,66,1,1,0,2
109735,109735,Naveen Achar,63,10,1,0,1
109736,109736,Meena Kumar,34,8,1,0,2
109737,109737,Radha Gowda,37,4,1,0,2
109738,109738,Meena Gowda,22,9,1,0,2
109739,109739,Ashok Bhat,38,2,1,0,1
109740,109740,Deepa Hiremath,27,9,1,0,2
109741,109741,Chandru Hiremath,39,7,1,0,1
109742,109742,Shilpa Desai,22,4,1,0,2
109743,109743,Joseph Bhat,62,4,1,0,1
109744,109744,Nandini Rao,63,7,1,0,2
109745,109745,Nandini Reddy,54,6,1,0,2
109746,109746,Anthony Patil,22,9,1,0,1
109747,109747,Radha Patil,41,2,1,0,2
109748,109748,Ravi Pinto,36,2,1,0,1
109749,109749,Ananya Bhat,69,1,2,0,2
109750,109750,Ravi Shetty,30,2,1,0,1
109751,109751,Joseph Patil,53,1,1,0,1
109752,109752,Yogesh D'Souza,64,1,1,0,1
109753,109753,Farhan Poojary,55,3,1,0,1
109754,109754,Yogesh Naik,24,4,1,0,1
109755,109755,Meena Reddy,54,4,1,0,2
109756,109756,Nandini Patil,57,1,1,0,2
109757,109757,Sneha Khan,50,4,1,0,2
109758,109758,Mahesh Achar,65,9,1,0,1
109759,109759,Anil Kulkarni,26,4,2,0,1
109760,109760,Harish Achar,26,8,2,0,1
109761,109761,Mary Rao,24,2,2,0,2
109762,109762,Shilpa Naik,43,7,1,0,2
109763,109763,Divya Rao,37,5,1,0,2
109764,109764,Manjunath Bhat,51,6,1,0,1
109765,109765,Sneha Naik,66,8,2,0,2
109766,109766,Girish Pinto,40,9,1,0,1
109767,109767,Deepa Shetty,32,9,1,0,2
109768,109768,Mahesh Desai,38,3,1,0,1
109769,109769,Geeta Kumar,34,6,1,0,2
109770,109770,Chandru Kumar,51,5,1,0,1
109771,109771,Kiran Desai,72,2,1,0,1
109772,109772,Kusuma Khan,53,1,1,0,2
109773,109773,Harish Merchant,34,9,1,0,1
109774,109774,Shilpa Hegde,29,7,1,0,2
109775,109775,Anil Nayak,28,4,2,0,1
109776,109776,Mahesh Rao,33,4,2,0,1
109777,109777,Iqbal Merchant,50,2,1,0,1
109778,109778,Girish Khan,34,8,2,0,1
109779,109779,Salim Sait,60,5,1,0,1
109780,109780,Mahesh Merchant,50,1,1,0,1
109781,109781,Lakshmi Kumar,68,6,2,0,2
109782,109782,Girish Kumar,62,10,1,0,1
109783,109783,Lakshmi Gowda,24,1,1,0,2
109784,109784,Naveen Hiremath,22,4,1,0,1
109785,109785,Kavya Hiremath,45,5,1,0,2
109786,109786,Anita Shetty,65,4,1,0,2
109787,109787,Mahesh Gowda,51,7,2,0,1
109788,109788,Mahesh Nayak,44,2,1,0,1
109789,109789,Sneha D'Souza,72,2,1,0,2
109790,109790,Pooja Reddy,29,8,1,0,2
109791,109791,Anita Reddy,62,5,2,0,2
109792,109792,Kavya Shetty,59,6,2,0,2
109793,109793,Rajesh Kumar,46,4,2,0,1
109794,109794,Anthony Pinto,41,4,1,0,1
109795,109795,Girish Hegde,61,8,1,0,1
109796,109796,Shilpa Sait,26,8,1,0,2
109797,109797,Ramesh Sait,56,9,1,0,1
109798,109798,Vinod D'Souza,71,9,1,0,1
109799,109799,Arjun Kulkarni,59,2,1,0,1
109800,109800,Suresh Kumar,32,6,1,0,1
109801,109801,Vidya Patil,30,6,1,0,2
109802,109802,Ashok Patil,63,4,1,0,1
109803,109803,Priya Bhat,45,3,1,0,2
109804,109804,Kiran Achar,34,4,1,0,1
109805,109805,Srinivas Reddy,57,9,2,0,1
109806,109806,Anil Patil,37,8,1,0,1
109807,109807,Meena Khan,26,6,1,0,2
109808,109808,Roopa Patil,52,7,2,0,2
109809,109809,Kiran Pinto,70,2,1,0,1
109810,109810,Iqbal Desai,21,3,1,0,1
109811,109811,Anita Merchant,62,4,1,0,2
109812,109812,Vinod Poojary,57,2,1,0,1
109813,109813,Rekha Pinto,65,1,1,0,2
109814,109814,Shilpa Bhat,37,8,1,0,2
109815,109815,Anil Merchant,69,2,1,0,1
109816,109816,Salim Poojary,45,5,2,0,1
109817,109817,Nagaraj Achar,52,1,1,0,1
109818,109818,Shilpa Reddy,33,9,1,0,2
109819,109819,Nandini Kumar,55,2,1,0,2
109820,109820,Swathi Pinto,25,7,1,0,2
109821,109821,Manjunath Hiremath,35,6,1,0,1
109822,109822,Manjunath Nayak,70,2,1,0,1
109823,109823,Girish Merchant,64,8,1,0,1
109824,109824,Ravi Kumar,28,9,1,0,1
109825,109825,Vidya Patil,31,1,1,0,2
109826,109826,Basavaraj Achar,64,10,7,0,1
109827,109827,Shilpa Achar,44,9,1,0,2
109828,109828,Sunita Merchant,56,1,1,0,2
109829,109829,Ashok Reddy,32,3,1,0,1
109830,109830,Salim D'Souza,45,8,1,0,1
109831,109831,Manoj Bhat,18,3,1,0,1
109832,109832,Mary Sait,46,5,2,0,2
109833,109833,Sunita Sait,21,4,1,0,2
109834,109834,Sowmya Naik,37,4,2,0,2
109835,109835,Anthony Achar,67,6,1,0,1
109836,109836,Sneha D'Souza,25,6,2,0,2
109837,109837,Anil Shetty,19,7,1,0,1
109838,109838,Harish Naik,19,3,1,0,1
109839,109839,Nagaraj Achar,46,7,1,0,1
109840,109840,Kusuma Shetty,25,2,1,0,2
109841,109841,Swathi Pinto,57,4,2,0,2
109842,109842,Imran Hiremath,61,1,1,0,1
109843,109843,Priya Reddy,50,4,2,0,2
109844,109844,Swathi Shetty,40,9,1,0,2
109845,109845,Geeta Desai,31,2,1,0,2
109846,109846,Kiran Sait,41,7,1,0,1
109847,109847,Manjunath Nayak,37,9,1,0,1
109848,109848,Iqbal Nayak,32,1,1,0,1
109849,109849,Manjunath Shetty,19,2,1,0,1
109850,109850,Suresh Gowda,53,4,2,0,1
109851,109851,Salim Hegde,21,4,1,0,1
109852,109852,Joseph Bhat,36,8,1,0,1
109853,109853,Priya Merchant,49,3,1,0,2
109854,109854,Manjunath Nayak,26,8,3,0,1
109855,109855,Zoya Reddy,51,7,1,0,2
109856,109856,Rajesh Bhat,23,2,1,0,1
109857,109857,Chandru Gowda,51,8,1,0,1
109858,109858,Roopa Patil,65,1,1,0,2
109859,109859,Shalini Hiremath,24,10,1,0,2
109860,109860,Rekha Naik,54,8,1,0,2
109861,109861,Lakshmi Desai,53,3,1,0,2
109862,109862,Sneha Rao,52,4,1,0,2
109863,109863,Dinesh Sait,51,1,1,0,1
109864,109864,Chandru Bhat,66,1,1,0,1
109865,109865,Dinesh Poojary,21,6,1,0,1
109866,109866,Naveen Kulkarni,31,7,2,0,1
109867,109867,Deepa Shetty,60,7,1,0,2
109868,109868,Zoya Merchant,71,4,1,0,2
109869,109869,Ananya Sait,64,4,1,0,2
109870,109870,Kiran Rao,18,2,2,0,1
109871,109871,Vijay Gowda,44,3,1,0,1
109872,109872,Priya Shetty,39,7,1,0,2
109873,109873,Kavya Hiremath,65,4,1,0,2
109874,109874,Suresh Achar,64,9,1,0,1
109875,109875,Pooja Hiremath,32,3,1,0,2
109876,109876,Fathima Shetty,19,3,1,0,2
109877,109877,Ashok Poojary,42,8,2,0,1
109878,109878,Ravi D'Souza,45,10,1,0,1
109879,109879,Radha Gowda,42,4,2,0,2
109880,109880,Rekha Poojary,33,2,2,0,2
109881,109881,Joseph Desai,18,1,1,0,1
109882,109882,Shalini Gowda,20,3,1,0,2
109883,109883,Naveen Achar,24,6,2,0,1
109884,109884,Naveen Hiremath,60,9,1,0,1
109885,109885,Salim Nayak,47,6,1,0,1
109886,109886,Sneha Pinto,23,2,6,0,2
109887,109887,Yogesh Khan,45,1,1,0,1
109888,109888,Ravi Shetty,57,6,1,0,1
109889,109889,Manjunath Bhat,52,7,1,0,1
109890,109890,Divya Rao,26,6,1,0,2
109891,109891,Yogesh Bhat,45,1,1,0,1
109892,109892,Deepa Sait,21,6,1,0,2
109893,109893,Kiran Patil,68,1,1,0,1
109894,109894,Girish Kumar,63,4,1,0,1
109895,109895,Ravi Hegde,29,2,1,0,1
109896,109896,Rekha Gowda,36,4,1,0,2
109897,109897,Farhan Shetty,27,1,2,0,1
109898,109898,Kiran Hiremath,54,1,1,0,1
109899,109899,Chandru Achar,56,4,1,0,1
109900,109900,Chandru Shetty,23,6,1,0,1
109901,109901,Nandini Sait,27,4,1,0,2
109902,109902,Pooja Desai,63,4,1,0,2
109903,109903,Ashok Pinto,62,9,1,0,1
109904,109904,Rekha Hegde,38,4,1,0,2
109905,109905,Lakshmi Nayak,69,1,1,0,2
109906,109906,Ashok Sait,58,4,1,0,1
109907,109907,Shilpa Gowda,37,3,1,0,2
109908,109908,Prakash Hegde,28,7,1,0,1
109909,109909,Shilpa Patil,47,4,1,0,2
109910,109910,Dinesh Patil,46,5,1,0,1
109911,109911,Manoj Patil,22,4,1,0,1
109912,109912,Sneha Kumar,38,2,1,0,2
109913,109913,Salim Bhat,44,8,1,0,1
109914,109914,Fathima Naik,20,3,2,0,2
109915,109915,Ramesh Patil,34,5,1,0,1
109916,109916,Farhan Shetty,56,6,1,0,1
109917,109917,Rekha Gowda,59,7,1,0,2
109918,109918,Dinesh Patil,47,1,1,0,1
109919,109919,Farhan Naik,60,5,2,0,1
109920,109920,Farhan Desai,58,2,1,0,1
109921,109921,Anita Naik,61,1,1,0,2
109922,109922,Shalini Patil,28,1,1,0,2
109923,109923,Chandru Hegde,27,6,1,0,1
109924,109924,Anthony Sait,19,2,1,0,1
109925,109925,Ganesh Nayak,25,6,2,0,1
109926,109926,Anil D'Souza,23,4,1,0,1
109927,109927,Swathi Kumar,48,4,1,0,2
109928,109928,Imran Merchant,50,8,1,0,1
109929,109929,Basavaraj Hiremath,25,5,1,0,1
109930,109930,Ramesh Bhat,19,3,1,0,1
109931,109931,Ganesh D'Souza,48,4,1,0,1
109932,109932,Srinivas Achar,54,6,2,0,1
109933,109933,Sneha Poojary,45,1,1,0,2
109934,109934,Anthony D'Souza,59,6,1,0,1
109935,109935,Zoya Pinto,66,6,1,0,2
109936,109936,Manjunath Bhat,35,4,1,0,1
109937,109937,Farhan Reddy,20,9,1,0,1
109938,109938,Iqbal Sait,28,9,1,0,1
109939,109939,Ashok Gowda,28,6,1,0,1
109940,109940,Geeta Patil,28,4,1,0,2
109941,109941,Arjun Desai,38,4,1,0,1
109942,109942,Nandini Patil,29,4,1,0,2
109943,109943,Fathima Patil,18,9,1,0,2
109944,109944,Ganesh Patil,26,3,1,0,1
109945,109945,Kusuma Achar,36,4,1,0,2
109946,109946,Zoya Sait,45,9,1,0,2
109947,109947,Mahesh Poojary,26,4,1,0,1
109948,109948,Yogesh Naik,49,8,1,0,1
109949,109949,Iqbal Khan,52,6,1,0,1
109950,109950,Suresh Hegde,33,4,1,0,1
109951,109951,Anita Shetty,29,9,1,0,2
109952,109952,Kiran Merchant,59,7,2,0,1
109953,109953,Divya Achar,31,1,1,0,2
109954,109954,Priya Khan,45,7,1,0,2
109955,109955,Anita Naik,60,9,1,0,2
109956,109956,Ganesh Naik,40,1,2,0,1
109957,109957,Ramesh Rao,47,4,2,0,1
109958,109958,Ravi Desai,38,5,1,0,1
109959,109959,Roopa Reddy,32,6,1,0,2
109960,109960,Salim Desai,49,7,1,0,1
109961,109961,Naveen Merchant,38,4,1,0,1
109962,109962,Ananya Sait,48,4,1,0,2
109963,109963,Nagaraj Kumar,36,4,1,0,1
109964,109964,Mahesh Sait,37,7,2,0,1
109965,109965,Pooja Desai,54,1,1,0,2
109966,109966,Ananya Khan,38,6,1,0,2
109967,109967,Anthony Kulkarni,30,2,1,0,1
109968,109968,Shalini Achar,52,9,1,0,2
109969,109969,Rekha Khan,41,1,4,0,2
109970,109970,Salim Gowda,25,1,2,0,1
109971,109971,Farhan Nayak,39,1,1,0,1
109972,109972,Rekha Desai,59,7,1,0,2
109973,109973,Anita Poojary,58,4,1,0,2
109974,109974,Suresh Hegde,57,3,2,0,1
109975,109975,Ravi Hegde,32,9,1,0,1
109976,109976,Shilpa Patil,28,3,1,0,2
109977,109977,Ramesh Kumar,26,6,1,0,1
109978,109978,Imran Merchant,60,6,1,0,1
109979,109979,Yogesh Poojary,22,6,1,0,1
109980,109980,Ramesh D'Souza,20,2,1,0,1
109981,109981,Sneha Hiremath,70,7,2,0,2
109982,109982,Dinesh Kumar,70,5,1,0,1
109983,109983,Kavya Naik,29,10,1,0,2
109984,109984,Srinivas Bhat,53,7,1,0,1
109985,109985,Sneha Nayak,66,4,1,0,2
109986,109986,Suresh Kulkarni,59,1,1,0,1
109987,109987,Salim Reddy,34,9,1,0,1
109988,109988,Rajesh Sait,60,5,1,0,1
109989,109989,Ananya Hegde,42,2,1,0,2
109990,109990,Sneha Poojary,30,8,2,0,2
109991,109991,Nagaraj Khan,38,8,1,0,1
109992,109992,Geeta Achar,65,6,1,0,2
109993,109993,Harish Khan,69,5,1,0,1
109994,109994,Imran Nayak,67,5,2,0,1
109995,109995,Chandru Kumar,56,8,1,0,1
109996,109996,Srinivas Patil,33,6,2,0,1
109997,109997,Manoj Nayak,36,8,1,0,1
109998,109998,Joseph Bhat,49,4,1,0,1
109999,109999,Basavaraj Hegde,32,7,2,0,1
110000,110000,Kavya Desai,67,1,1,0,2
110001,110001,Anthony Kulkarni,57,5,1,0,1
110002,110002,Manjunath Gowda,57,9,1,0,1
110003,110003,Priya Desai,69,6,1,0,2
110004,110004,Deepa Reddy,49,1,1,0,2
110005,110005,Zoya Hiremath,22,1,1,0,2
110006,110006,Rajesh Pinto,63,3,1,0,1
110007,110007,Fathima Rao,63,4,1,0,2
110008,110008,Joseph Desai,55,5,1,0,1
110009,110009,Deepa Nayak,29,4,1,0,2
110010,110010,Divya Gowda,56,6,1,0,2
110011,110011,Shalini Pinto,55,9,1,0,2
110012,110012,Fathima Desai,66,2,2,0,2
110013,110013,Kiran Achar,28,4,1,0,1
110014,110014,Ravi Pinto,20,9,1,0,1
110015,110015,Sneha Rao,42,10,1,0,2
110016,110016,Ravi Naik,21,4,1,0,1
110017,110017,Priya D'Souza,42,3,1,0,2
110018,110018,Imran Bhat,34,2,1,0,1
110019,110019,Swathi Shetty,23,7,1,0,2
110020,110020,Imran Khan,41,7,1,0,1
110021,110021,Kiran Nayak,26,2,1,0,1
110022,110022,Rekha Reddy,64,8,1,0,2
110023,110023,Manjunath Kulkarni,35,4,1,0,1
110024,110024,Harish D'Souza,26,2,1,0,1
110025,110025,Chandru Khan,20,5,1,0,1
110026,110026,Manjunath Sait,29,3,1,0,1
110027,110027,Ashok Poojary,42,7,1,0,1
110028,110028,Nagaraj Kumar,67,1,1,0,1
110029,110029,Anil Pinto,55,7,2,0,1
110030,110030,Manoj Khan,46,1,1,0,1
110031,110031,Vinod Kulkarni,50,8,1,0,1
110032,110032,Harish Hegde,30,7,1,0,1
110033,110033,Rekha Patil,52,4,2,0,2
110034,110034,Joseph Nayak,29,1,1,0,1
110035,110035,Salim Merchant,34,6,1,0,1
110036,110036,Ravi Sait,25,4,1,0,1
110037,110037,Girish Hegde,40,8,1,0,1
110038,110038,Priya Khan,68,1,1,0,2
110039,110039,Roopa Khan,46,7,1,0,2
110040,110040,Chandru Gowda,36,4,1,0,1
110041,110041,Ganesh Patil,54,2,1,0,1
110042,110042,Radha Hegde,51,9,3,0,2
110043,110043,Naveen Kumar,44,2,1,0,1
110044,110044,Harish Hegde,47,5,1,0,1
110045,110045,Dinesh Gowda,57,9,1,0,1
110046,110046,Yogesh Naik,58,1,1,0,1
110047,110047,Vinod Desai,28,6,1,0,1
110048,110048,Naveen Desai,48,8,1,0,1
110049,110049,Anita Bhat,40,6,1,0,2
110050,110050,Anita Sait,67,4,1,0,2
110051,110051,Iqbal Rao,34,4,1,0,1
110052,110052,Geeta Hiremath,60,4,1,0,2
110053,110053,Girish Bhat,24,1,1,0,1
110054,110054,Farhan Reddy,63,4,2,0,1
110055,110055,Roopa Nayak,56,1,1,0,2
110056,110056,Suresh Shetty,35,2,1,0,1
110057,110057,Nandini Hiremath,54,9,1,0,2
110058,110058,Nandini Kumar,47,4,1,0,2
110059,110059,Vinod Achar,22,5,1,0,1
110060,110060,Rekha Shetty,34,5,1,0,2
110061,110061,Imran D'Souza,57,5,2,0,1
110062,110062,Radha Rao,48,3,1,0,2
110063,110063,Yogesh Bhat,46,10,1,0,1
110064,110064,Prakash Bhat,63,7,1,0,1
110065,110065,Srinivas Shetty,18,1,1,0,1
110066,110066,Anthony Hegde,57,9,1,0,1
110067,110067,Kusuma Kumar,38,5,1,0,2
110068,110068,Dinesh Khan,35,9,1,0,1
110069,110069,Manoj Shetty,56,3,1,0,1
110070,110070,Pooja D'Souza,44,4,1,0,2
110071,110071,Zoya Khan,20,1,1,0,2
110072,110072,Vinod Rao,42,7,1,0,1
110073,110073,Rajesh D'Souza,50,4,1,0,1
110074,110074,Basavaraj Shetty,21,6,1,0,1
110075,110075,Vijay Rao,68,2,1,0,1
110076,110076,Zoya Hiremath,41,2,1,0,2
110077,110077,Dinesh Kumar,58,7,1,0,1
110078,110078,Iqbal Hegde,58,6,2,0,1
110079,110079,Geeta Hiremath,32,10,1,0,2
110080,110080,Ganesh Merchant,29,9,1,0,1
110081,110081,Sunita Hegde,66,4,1,0,2
110082,110082,Manjunath Reddy,48,5,1,0,1
110083,110083,Nagaraj Shetty,26,4,1,0,1
110084,110084,Sneha Hiremath,49,6,1,0,2
110085,110085,Geeta Naik,67,1,1,0,2
110086,110086,Vijay Hegde,40,3,1,0,1
110087,110087,Divya Achar,40,4,2,0,2
110088,110088,Joseph Shetty,32,1,1,0,1
110089,110089,Sowmya Rao,18,5,2,0,2
110090,110090,Anita Rao,46,4,1,0,2
110091,110091,Kavya Desai,25,8,1,0,2
110092,110092,Geeta Sait,60,9,1,0,2
110093,110093,Iqbal Sait,22,1,1,0,1
110094,110094,Ganesh Sait,26,6,1,0,1
110095,110095,Swathi Poojary,57,4,1,0,2
110096,110096,Chandru Hiremath,65,8,1,0,1
110097,110097,Basavaraj Merchant,68,4,1,0,1
110098,110098,Zoya Hiremath,54,3,1,0,2
110099,110099,Srinivas Kumar,71,5,1,0,1
110100,110100,Anil Khan,65,6,1,0,1
110101,110101,Deepa Patil,37,3,1,0,2
110102,110102,Vijay Achar,37,1,1,0,1
110103,110103,Kavya Kulkarni,30,10,1,0,2
110104,110104,Anil Kulkarni,49,6,1,0,1
110105,110105,Naveen Rao,62,2,2,0,1
110106,110106,Anil Khan,54,6,1,0,1
110107,110107,Geeta Poojary,72,1,3,0,2
110108,110108,Nandini Kumar,31,4,1,0,2
110109,110109,Swathi Poojary,25,4,1,0,2
110110,110110,Vijay Rao,46,9,1,0,1
110111,110111,Mahesh D'Souza,51,5,1,0,1
110112,110112,Pooja Kulkarni,69,9,1,0,2
110113,110113,Ravi Hegde,68,2,2,0,1
110114,110114,Chandru Kulkarni,38,5,3,0,1
110115,110115,Sneha Merchant,33,10,1,0,2
110116,110116,Nagaraj Nayak,43,8,1,0,1
110117,110117,Divya Merchant,64,10,1,0,2
110118,110118,Anita Reddy,43,2,1,0,2
110119,110119,Ashok Naik,64,1,1,0,1
110120,110120,Radha Desai,51,7,1,0,2
110121,110121,Basavaraj Shetty,48,4,1,0,1
110122,110122,Anita Merchant,28,3,1,0,2
110123,110123,Radha Patil,72,9,1,0,2
110124,110124,Manoj Hegde,38,9,1,0,1
110125,110125,Ananya Patil,61,7,1,0,2
110126,110126,Dinesh Patil,61,3,4,0,1
110127,110127,Manoj Rao,40,6,2,0,1
110128,110128,Imran Desai,61,6,1,0,1
110129,110129,Fathima Hegde,27,2,1,0,2
110130,110130,Pooja Gowda,72,4,2,0,2
110131,110131,Deepa Pinto,27,4,2,0,2
110132,110132,Ganesh Kumar,22,4,3,0,1
110133,110133,Farhan Kumar,61,4,3,0,1
110134,110134,Ravi Merchant,52,7,1,0,1
110135,110135,Anita Hiremath,48,5,1,0,2
110136,110136,Roopa Merchant,21,8,1,0,2
110137,110137,Srinivas Bhat,58,4,1,0,1
110138,110138,Ganesh Desai,40,1,2,0,1
110139,110139,Swathi Bhat,49,8,1,0,2
110140,110140,Shilpa Kumar,59,10,1,0,2
110141,110141,Vidya Kumar,26,1,1,0,2
110142,110142,Salim Hegde,59,6,1,0,1
110143,110143,Kiran D'Souza,34,4,1,0,1
110144,110144,Mary Desai,37,3,1,0,2
110145,110145,Kiran Achar,64,4,1,0,1
110146,110146,Vinod Achar,70,9,2,0,1
110147,110147,Anthony Kulkarni,42,4,1,0,1
110148,110148,Geeta Reddy,30,2,1,0,2
110149,110149,Ashok Rao,68,2,1,0,1
110150,110150,Manjunath Gowda,65,7,1,0,1
110151,110151,Lakshmi Khan,65,6,1,0,2
110152,110152,Dinesh Rao,45,1,2,0,1
110153,110153,Girish Gowda,30,3,1,0,1
110154,110154,Chandru Kumar,57,1,1,0,1
110155,110155,Shilpa Merchant,44,9,1,0,2
110156,110156,Dinesh Merchant,50,6,1,0,1
110157,110157,Anita Nayak,27,1,1,0,2
110158,110158,Harish D'Souza,20,1,1,0,1
110159,110159,Divya Shetty,22,9,1,0,2
110160,110160,Naveen Merchant,30,9,2,0,1
110161,110161,Ananya Hegde,54,1,1,0,2
110162,110162,Ramesh Desai,72,4,1,0,1
110163,110163,Naveen Kumar,32,2,1,0,1
110164,110164,Manjunath Desai,34,4,1,0,1
110165,110165,Sneha Achar,22,8,1,0,2
110166,110166,Lakshmi Pinto,20,8,1,0,2
110167,110167,Swathi Desai,60,1,1,0,2
110168,110168,Anthony Rao,53,3,1,0,1
110169,110169,Chandru Kulkarni,63,4,1,0,1
110170,110170,Prakash Nayak,33,3,1,0,1
110171,110171,Ananya Rao,53,4,2,0,2
110172,110172,Vidya Kulkarni,37,8,1,0,2
110173,110173,Ganesh Desai,19,5,1,0,1
110174,110174,Mahesh Shetty,52,1,1,0,1
110175,110175,Yogesh Nayak,27,3,1,0,1
110176,110176,Sneha Naik,21,2,1,0,2
110177,110177,Yogesh Shetty,39,1,4,0,1
110178,110178,Ramesh Bhat,64,4,1,0,1
110179,110179,Suresh D'Souza,32,6,1,0,1
110180,110180,Roopa Nayak,57,6,1,0,2
110181,110181,Yogesh Khan,63,6,1,0,1
110182,110182,Sowmya Kumar,66,4,2,0,2
110183,110183,Ravi Kumar,30,6,1,0,1
110184,110184,Shalini Sait,43,8,1,0,2
110185,110185,Harish Shetty,52,4,1,0,1
110186,110186,Salim Hegde,32,9,1,0,1
110187,110187,Shalini Shetty,65,3,1,0,2
110188,110188,Kiran Naik,41,9,1,0,1
110189,110189,Anita Shetty,36,9,2,0,2
110190,110190,Anil Hiremath,52,1,1,0,1
110191,110191,Zoya Hegde,58,3,1,0,2
110192,110192,Naveen Patil,25,6,1,0,1
110193,110193,Mahesh Achar,18,10,2,0,1
110194,110194,Farhan Kulkarni,70,9,1,0,1
110195,110195,Arjun Hegde,58,4,1,0,1
110196,110196,Ashok Achar,40,2,1,0,1
110197,110197,Geeta Merchant,56,4,1,0,2
110198,110198,Kusuma Kulkarni,20,1,1,0,2
110199,110199,Priya Gowda,58,9,2,0,2
110200,110200,Sunita Rao,43,9,1,0,2
110201,110201,Swathi Kumar,57,4,1,0,2
110202,110202,Srinivas Patil,57,1,1,0,1
110203,110203,Geeta Rao,38,3,1,0,2
110204,110204,Sunita Patil,29,5,1,0,2
110205,110205,Arjun D'Souza,33,6,1,0,1
110206,110206,Ganesh Nayak,33,10,1,0,1
110207,110207,Arjun Merchant,68,9,1,0,1
110208,110208,Pooja Desai,26,10,1,0,2
110209,110209,Geeta Naik,62,4,1,0,2
110210,110210,Manoj Naik,35,1,1,0,1
110211,110211,Divya Patil,72,1,1,0,2
110212,110212,Yogesh Gowda,21,1,1,0,1
110213,110213,Srinivas Rao,20,4,1,0,1
110214,110214,Dinesh Hiremath,42,1,1,0,1
110215,110215,Fathima Rao,67,4,1,0,2
110216,110216,Manjunath Khan,31,4,2,0,1
110217,110217,Fathima Desai,46,10,1,0,2
110218,110218,Meena Naik,54,6,1,0,2
110219,110219,Imran Reddy,46,4,1,0,1
110220,110220,Suresh Gowda,40,7,1,0,1
110221,110221,Farhan Gowda,53,4,1,0,1
110222,110222,Basavaraj D'Souza,32,3,1,0,1
110223,110223,Suresh Gowda,40,8,2,0,1
110224,110224,Kiran Khan,70,9,1,0,1
110225,110225,Anita Naik,29,4,1,0,2
110226,110226,Prakash Nayak,21,6,1,0,1
110227,110227,Lakshmi Kulkarni,31,2,1,0,2
110228,110228,Chandru Hegde,40,2,2,0,1
110229,110229,Shalini Hiremath,46,3,2,0,2
110230,110230,Naveen Kumar,54,4,1,0,1
110231,110231,Manoj Bhat,34,1,1,0,1
110232,110232,Nandini Pinto,25,4,1,0,2
110233,110233,Mahesh Reddy,43,8,1,0,1
110234,110234,Prakash Shetty,54,1,2,0,1
110235,110235,Manjunath Achar,72,8,1,0,1
110236,110236,Nandini Gowda,49,9,2,0,2
110237,110237,Ananya Hiremath,47,2,1,0,2
110238,110238,Anita Kulkarni,32,7,1,0,2
110239,110239,Ramesh Pinto,34,2,1,0,1
110240,110240,Anthony Khan,67,7,1,0,1
110241,110241,Imran Rao,40,10,1,0,1
110242,110242,Anita Hiremath,29,6,2,0,2
110243,110243,Ashok Desai,31,7,1,0,1
110244,110244,Swathi Bhat,25,7,1,0,2
110245,110245,Arjun Gowda,56,6,1,0,1
110246,110246,Joseph Naik,27,6,1,0,1
110247,110247,Geeta Reddy,54,7,1,0,2
110248,110248,Ravi Shetty,50,6,1,0,1
110249,110249,Yogesh Kumar,54,7,1,0,1
110250,110250,Farhan Merchant,58,4,1,0,1
110251,110251,Deepa Nayak,33,5,1,0,2
110252,110252,Shalini Nayak,67,4,1,0,2
110253,110253,Lakshmi Reddy,33,1,1,0,2
110254,110254,Manjunath Kulkarni,42,6,1,0,1
110255,110255,Pooja Kumar,61,4,1,0,2
110256,110256,Kiran Poojary,66,2,1,0,1
110257,110257,Prakash Poojary,56,2,1,0,1
110258,110258,Pooja Hiremath,18,6,1,0,2
110259,110259,Srinivas Nayak,48,6,2,0,1
110260,110260,Manjunath Reddy,56,4,2,0,1
110261,110261,Farhan Shetty,50,1,2,0,1
110262,110262,Sunita Kulkarni,22,4,1,0,2
110263,110263,Radha Patil,60,1,1,0,2
110264,110264,Nandini Merchant,48,2,1,0,2
110265,110265,Vijay Pinto,30,2,1,0,1
110266,110266,Meena Kumar,62,2,1,0,2
110267,110267,Anita D'Souza,48,10,2,0,2
110268,110268,Srinivas Hiremath,68,9,1,0,1
110269,110269,Mahesh Pinto,20,6,1,0,1
110270,110270,Manjunath Nayak,29,4,2,0,1
110271,110271,Arjun Shetty,38,9,2,0,1
110272,110272,Kiran Nayak,71,4,1,0,1
110273,110273,Vinod Khan,34,4,1,0,1
110274,110274,Lakshmi Pinto,50,4,1,0,2
110275,110275,Fathima Poojary,66,5,1,0,2
110276,110276,Ganesh Khan,65,7,2,0,1
110277,110277,Sunita Hiremath,34,1,1,0,2
110278,110278,Joseph D'Souza,53,4,1,0,1
110279,110279,Joseph Bhat,36,4,1,0,1
110280,110280,Sowmya Khan,42,1,1,0,2
110281,110281,Nagaraj Sait,29,3,1,0,1
110282,110282,Manjunath Shetty,22,6,2,0,1
110283,110283,Shilpa Desai,45,2,2,0,2
110284,110284,Prakash Merchant,63,1,1,0,1
110285,110285,Priya D'Souza,54,3,2,0,2
110286,110286,Yogesh Desai,51,5,1,0,1
110287,110287,Iqbal Khan,51,10,1,0,1
110288,110288,Salim Sait,55,3,2,0,1
110289,110289,Vidya Patil,58,1,1,0,2
110290,110290,Vinod Rao,40,4,2,0,1
110291,110291,Roopa Naik,55,6,1,0,2
110292,110292,Chandru Gowda,60,9,1,0,1
110293,110293,Girish Hegde,19,3,1,0,1
110294,110294,Sowmya Shetty,62,3,2,0,2
110295,110295,Manoj Naik,45,10,1,0,1
110296,110296,Vijay Pinto,49,4,1,0,1
110297,110297,Shilpa Merchant,60,4,7,0,2
110298,110298,Ravi Poojary,57,2,2,0,1
110299,110299,Radha Reddy,25,5,1,0,2
110300,110300,Rajesh Bhat,40,1,1,0,1
110301,110301,Ramesh Shetty,24,8,2,0,1
110302,110302,Ashok Rao,49,5,1,0,1
110303,110303,Fathima Shetty,18,6,1,0,2
110304,110304,Anil Shetty,27,4,1,0,1
110305,110305,Kavya Khan,37,6,1,0,2
110306,110306,Vijay Shetty,62,3,1,0,1
110307,110307,Lakshmi Pinto,35,1,1,0,2
110308,110308,Vidya Khan,29,6,1,0,2
110309,110309,Ganesh Pinto,38,4,1,0,1
110310,110310,Deepa Shetty,66,5,2,0,2
110311,110311,Manoj D'Souza,32,4,1,0,1
110312,110312,Kusuma Sait,70,6,1,0,2
110313,110313,Pooja Bhat,24,7,1,0,2
110314,110314,Nagaraj Hegde,24,8,1,0,1
110315,110315,Harish Kumar,62,7,2,0,1
110316,110316,Suresh Achar,54,9,1,0,1
110317,110317,Girish Patil,62,4,1,0,1
110318,110318,Nagaraj Poojary,63,4,1,0,1
110319,110319,Chandru Desai,28,4,1,0,1
110320,110320,Imran Reddy,31,8,1,0,1
110321,110321,Vidya Khan,60,9,2,0,2
110322,110322,Rekha Shetty,61,4,1,0,2
110323,110323,Deepa Shetty,55,6,1,0,2
110324,110324,Meena Merchant,66,1,2,0,2
110325,110325,Anthony Achar,30,1,1,0,1
110326,110326,Kusuma Kulkarni,65,2,1,0,2
110327,110327,Ravi D'Souza,40,3,1,0,1
110328,110328,Pooja D'Souza,45,6,1,0,2
110329,110329,Ravi Naik,30,1,1,0,1
110330,110330,Vinod Sait,71,6,1,0,1
110331,110331,Rekha Hegde,57,1,1,0,2
110332,110332,Priya Kulkarni,47,7,1,0,2
110333,110333,Kavya Achar,19,8,1,0,2
110334,110334,Ramesh Desai,45,8,1,0,1
110335,110335,Ananya D'Souza,63,4,1,0,2
110336,110336,Kusuma Khan,26,2,1,0,2
110337,110337,Farhan Sait,57,7,1,0,1
110338,110338,Girish Poojary,35,8,1,0,1
110339,110339,Rekha Nayak,32,4,1,0,2
110340,110340,Meena Nayak,18,1,1,0,2
110341,110341,Deepa Poojary,33,5,1,0,2
110342,110342,Pooja Patil,59,1,1,0,2
110343,110343,Iqbal Achar,39,4,1,0,1
110344,110344,Deepa Pinto,69,4,1,0,2
110345,110345,Ashok D'Souza,26,1,1,0,1
110346,110346,Vidya Kumar,22,4,1,0,2
110347,110347,Shilpa Poojary,66,10,1,0,2
110348,110348,Meena Gowda,56,4,3,0,2
110349,110349,Anthony Hegde,72,2,1,0,1
110350,110350,Basavaraj Nayak,52,4,1,0,1
110351,110351,Salim Naik,44,9,2,0,1
110352,110352,Radha Patil,26,5,2,0,2
110353,110353,Prakash Desai,62,8,1,0,1
110354,110354,Kavya Kumar,70,9,1,0,2
110355,110355,Salim Patil,19,9,1,0,1
110356,110356,Geeta Achar,60,4,1,0,2
110357,110357,Shalini D'Souza,52,6,1,0,2
110358,110358,Fathima Rao,37,10,1,0,2
110359,110359,Salim Gowda,25,8,1,0,1
110360,110360,Farhan Merchant,23,4,2,0,1
110361,110361,Kiran Nayak,37,2,1,0,1
110362,110362,Nandini Poojary,41,4,1,0,2
110363,110363,Ananya Desai,35,8,1,0,2
110364,110364,Vidya Kulkarni,20,2,1,0,2
110365,110365,Mary D'Souza,52,2,1,0,2
110366,110366,Manoj Gowda,54,9,2,0,1
110367,110367,Mary Khan,36,9,2,0,2
110368,110368,Lakshmi D'Souza,23,4,1,0,2
110369,110369,Manoj Rao,26,4,2,0,1
110370,110370,Nandini Sait,68,1,1,0,2
110371,110371,Kusuma Gowda,61,5,4,0,2
110372,110372,Sunita Kulkarni,36,9,1,0,2
110373,110373,Manjunath D'Souza,45,6,1,0,1
110374,110374,Sneha Gowda,51,7,1,0,2
110375,110375,Kavya Kulkarni,68,3,1,0,2
110376,110376,Ananya Pinto,34,7,1,0,2
110377,110377,Ananya Achar,67,8,1,0,2
110378,110378,Pooja Khan,44,1,1,0,2
110379,110379,Iqbal Gowda,27,4,1,0,1
110380,110380,Meena Hiremath,49,8,1,0,2
110381,110381,Farhan Sait,58,5,1,0,1
110382,110382,Arjun Patil,63,4,1,0,1
110383,110383,Ashok Desai,54,4,2,0,1
110384,110384,Mahesh Gowda,57,2,1,0,1
110385,110385,Iqbal Khan,29,4,1,0,1
110386,110386,Anil Reddy,24,6,1,0,1
110387,110387,Harish Reddy,63,4,1,0,1
110388,110388,Radha Shetty,37,9,1,0,2
110389,110389,Shilpa Shetty,40,8,2,0,2
110390,110390,Roopa Kulkarni,56,5,1,0,2
110391,110391,Nandini Nayak,64,3,2,0,2
110392,110392,Ananya Achar,32,9,1,0,2
110393,110393,Swathi Bhat,29,6,1,0,2
110394,110394,Anita Hegde,69,8,1,0,2
110395,110395,Iqbal Hiremath,23,2,1,0,1
110396,110396,Priya Achar,58,3,2,0,2
110397,110397,Shalini Reddy,40,7,3,0,2
110398,110398,Nagaraj Khan,18,4,1,0,1
110399,110399,Sunita D'Souza,51,4,1,0,2
110400,110400,Iqbal Reddy,58,6,2,0,1
110401,110401,Anita D'Souza,27,8,1,0,2
110402,110402,Ramesh Kumar,71,1,1,0,1
110403,110403,Salim Nayak,45,2,1,0,1
110404,110404,Joseph Nayak,70,7,1,0,1
110405,110405,Girish Naik,52,6,1,0,1
110406,110406,Rekha Bhat,46,4,1,0,2
110407,110407,Yogesh Sait,49,5,1,0,1
110408,110408,Anita Kumar,65,3,1,0,2
110409,110409,Kiran Desai,54,2,1,0,1
110410,110410,Vinod Patil,57,4,1,0,1
110411,110411,Nandini Khan,55,4,1,0,2
110412,110412,Sowmya Reddy,34,6,1,0,2
110413,110413,Ravi Merchant,64,3,1,0,1
110414,110414,Basavaraj D'Souza,19,7,1,0,1
110415,110415,Mahesh Patil,47,1,1,0,1
110416,110416,Kusuma Gowda,39,4,2,0,2
110417,110417,Divya Sait,32,4,2,0,2
110418,110418,Vidya Nayak,29,7,1,0,2
110419,110419,Ananya D'Souza,50,2,2,0,2
110420,110420,Manoj Bhat,34,4,1,0,1
110421,110421,Zoya Reddy,29,4,1,0,2
110422,110422,Manjunath Desai,52,4,1,0,1
110423,110423,Prakash Desai,40,8,1,0,1
110424,110424,Sunita Pinto,22,9,1,0,2
110425,110425,Imran Khan,60,2,1,0,1
110426,110426,Fathima Sait,48,3,1,0,2
110427,110427,Ganesh Hegde,46,9,1,0,1
110428,110428,Ganesh Kumar,49,7,1,0,1
110429,110429,Chandru Patil,41,3,1,0,1
110430,110430,Kusuma Merchant,21,2,1,0,2
110431,110431,Iqbal Nayak,45,5,1,0,1
110432,110432,Kiran Nayak,31,3,1,0,1
110433,110433,Anil Merchant,36,8,1,0,1
110434,110434,Nandini Poojary,58,9,1,0,2
110435,110435,Divya Gowda,44,4,1,0,2
110436,110436,Shilpa Shetty,24,9,1,0,2
110437,110437,Prakash Nayak,62,7,3,0,1
110438,110438,Ashok Kumar,57,7,1,0,1
110439,110439,Shalini Pinto,44,4,1,0,2
110440,110440,Rekha Rao,51,4,1,0,2
110441,110441,Shalini Merchant,20,2,1,0,2
110442,110442,Shalini Bhat,21,2,1,0,2
110443,110443,Roopa Achar,34,4,1,0,2
110444,110444,Ravi Kulkarni,63,2,1,0,1
110445,110445,Chandru D'Souza,53,1,1,0,1
110446,110446,Imran Poojary,58,4,1,0,1
110447,110447,Nagaraj Patil,41,4,1,0,1
110448,110448,Iqbal Merchant,50,7,1,0,1
110449,110449,Priya Merchant,24,1,1,0,2
110450,110450,Ganesh Rao,26,5,1,0,1
110451,110451,Anthony Naik,34,3,1,0,1
110452,110452,Harish Reddy,59,2,1,0,1
110453,110453,Srinivas Reddy,56,2,1,0,1
110454,110454,Shilpa Achar,38,1,1,0,2
110455,110455,Ramesh Hegde,49,1,2,0,1
110456,110456,Roopa Bhat,39,3,1,0,2
110457,110457,Priya Shetty,68,3,1,0,2
110458,110458,Divya Reddy,47,10,2,0,2
110459,110459,Ganesh Khan,28,9,1,0,1
110460,110460,Ashok Reddy,48,10,1,0,1
110461,110461,Yogesh Hiremath,28,4,1,0,1
110462,110462,Meena Patil,30,1,1,0,2
110463,110463,Sunita Pinto,52,4,1,0,2
110464,110464,Joseph Merchant,33,7,1,0,1
110465,110465,Arjun Sait,59,8,3,0,1
110466,110466,Suresh Khan,65,4,2,0,1
110467,110467,Kavya Nayak,27,5,1,0,2
110468,110468,Harish Poojary,32,3,1,0,1
110469,110469,Sneha Poojary,39,8,1,0,2
110470,110470,Naveen Pinto,53,4,1,0,1
110471,110471,Imran Shetty,51,4,1,0,1
110472,110472,Ashok Nayak,35,1,1,0,1
110473,110473,Meena Achar,50,5,1,0,2
110474,110474,Priya Patil,26,2,1,0,2
110475,110475,Joseph Merchant,63,1,1,0,1
110476,110476,Roopa Poojary,54,6,1,0,2
110477,110477,Ananya Reddy,34,1,1,0,2
110478,110478,Anil Achar,30,7,2,0,1
110479,110479,Shalini Patil,26,9,1,0,2
110480,110480,Imran Bhat,50,2,1,0,1
110481,110481,Basavaraj Kumar,19,5,7,0,1
110482,110482,Ganesh Khan,23,8,1,0,1
110483,110483,Kavya Kumar,25,4,1,0,2
110484,110484,Yogesh Poojary,35,8,1,0,1
110485,110485,Vijay Khan,38,7,2,0,1
110486,110486,Prakash Rao,58,9,1,0,1
110487,110487,Ramesh Hiremath,30,4,1,0,1
110488,110488,Priya Desai,21,9,1,0,2
110489,110489,Ramesh Hiremath,27,4,1,0,1
110490,110490,Prakash Gowda,33,4,1,0,1
110491,110491,Vijay Hegde,46,1,1,0,1
110492,110492,Nagaraj Shetty,61,4,1,0,1
110493,110493,Dinesh Naik,46,9,4,0,1
110494,110494,Radha Khan,20,3,1,0,2
110495,110495,Lakshmi Merchant,21,4,1,0,2
110496,110496,Vidya Poojary,28,2,2,0,2
110497,110497,Shalini Merchant,31,1,2,0,2
110498,110498,Lakshmi D'Souza,61,9,1,0,2
110499,110499,Farhan Sait,24,2,2,0,1
110500,110500,Rekha Pinto,42,8,1,0,2
110501,110501,Chandru Nayak,29,5,2,0,1
110502,110502,Manoj Hiremath,38,3,1,0,1
110503,110503,Dinesh Rao,41,8,1,0,1
110504,110504,Kiran D'Souza,20,4,2,0,1
110505,110505,Roopa Kulkarni,38,6,1,0,2
110506,110506,Suresh Naik,37,1,1,0,1
110507,110507,Sunita Merchant,43,1,2,0,2
110508,110508,Manoj Pinto,24,6,1,0,1
110509,110509,Rekha Shetty,53,4,1,0,2
110510,110510,Lakshmi Desai,51,5,1,0,2
110511,110511,Anita Hiremath,30,6,1,0,2
110512,110512,Vijay D'Souza,70,4,1,0,1
110513,110513,Rajesh Kumar,65,1,1,0,1
110514,110514,Rekha Khan,32,8,2,0,2
110515,110515,Fathima Hegde,44,3,1,0,2
110516,110516,Ashok Patil,37,7,1,0,1
110517,110517,Meena Patil,19,9,2,0,2
110518,110518,Salim Rao,34,6,1,0,1
110519,110519,Geeta Hiremath,63,2,1,0,2
110520,110520,Rekha D'Souza,40,4,1,0,2
110521,110521,Srinivas Desai,61,4,2,0,1
110522,110522,Sunita Sait,52,7,1,0,2
110523,110523,Salim Patil,45,2,1,0,1
110524,110524,Anil Khan,22,8,1,0,1
110525,110525,Deepa Hegde,23,5,1,0,2
110526,110526,Sneha Sait,32,10,1,0,2
110527,110527,Yogesh Naik,32,6,1,0,1
110528,110528,Salim Patil,33,7,1,0,1
110529,110529,Nandini Bhat,28,5,1,0,2
110530,110530,Shilpa Shetty,50,1,1,0,2
110531,110531,Kiran Pinto,66,1,1,0,1
110532,110532,Chandru Merchant,43,1,1,0,1
110533,110533,Imran Hiremath,57,4,1,0,1
110534,110534,Yogesh Kumar,26,9,1,0,1
110535,110535,Rajesh Pinto,45,2,1,0,1
110536,110536,Fathima Hiremath,37,1,1,0,2
110537,110537,Kiran Kumar,26,5,1,0,1
110538,110538,Roopa Poojary,65,4,2,0,2
110539,110539,Anil Hiremath,57,5,1,0,1
110540,110540,Shilpa Bhat,70,6,1,0,2
110541,110541,Deepa Nayak,56,9,1,0,2
110542,110542,Shalini Bhat,57,2,1,0,2
110543,110543,Roopa Sait,56,10,1,0,2
110544,110544,Ananya Naik,31,8,1,0,2
110545,110545,Vinod Pinto,40,1,1,0,1
110546,110546,Pooja Khan,30,9,1,0,2
110547,110547,Arjun Gowda,69,7,1,0,1
110548,110548,Nagaraj Hiremath,36,4,1,0,1
110549,110549,Manoj Nayak,43,1,1,0,1
110550,110550,Kiran Shetty,46,6,1,0,1
110551,110551,Prakash Achar,66,1,2,0,1
110552,110552,Vinod Gowda,37,3,1,0,1
110553,110553,Kusuma Sait,38,2,1,0,2
110554,110554,Swathi Shetty,54,4,1,0,2
110555,110555,Anthony Kulkarni,46,6,1,0,1
110556,110556,Vijay Gowda,69,7,1,0,1
110557,110557,Joseph Merchant,52,9,1,0,1
110558,110558,Ashok Desai,29,1,1,0,1
110559,110559,Vidya Rao,37,5,1,0,2
110560,110560,Ananya Kulkarni,70,4,1,0,2
110561,110561,Shalini Poojary,21,4,1,0,2
110562,110562,Mary Hiremath,55,3,1,0,2
110563,110563,Anil Kumar,39,8,1,0,1
110564,110564,Zoya Naik,67,9,1,0,2
110565,110565,Divya Bhat,66,3,1,0,2
110566,110566,Lakshmi Poojary,68,4,1,0,2
110567,110567,Rekha D'Souza,48,6,1,0,2
110568,110568,Farhan Desai,36,1,1,0,1
110569,110569,Ramesh Pinto,21,1,1,0,1
110570,110570,Dinesh D'Souza,57,9,1,0,1
110571,110571,Kavya Merchant,40,4,1,0,2
110572,110572,Kusuma Reddy,33,1,1,0,2
110573,110573,Arjun D'Souza,66,3,2,0,1
110574,110574,Ananya Hiremath,18,6,2,0,2
110575,110575,Sunita Gowda,21,8,1,0,2
110576,110576,Geeta Sait,49,6,1,0,2
110577,110577,Swathi Patil,26,7,1,0,2
110578,110578,Chandru Patil,56,10,1,0,1
110579,110579,Sunita Rao,21,6,1,0,2
110580,110580,Ashok Rao,56,4,1,0,1
110581,110581,Rajesh Kulkarni,28,1,1,0,1
110582,110582,Geeta Nayak,44,1,1,0,2
110583,110583,Mahesh Hegde,69,6,1,0,1
110584,110584,Iqbal Merchant,45,4,1,0,1
110585,110585,Fathima Poojary,52,1,1,0,2
110586,110586,Sunita Sait,49,4,1,0,2
110587,110587,Kavya Khan,50,4,1,0,2
110588,110588,Chandru Desai,61,4,1,0,1
110589,110589,Vijay Bhat,30,6,2,0,1
110590,110590,Deepa Kumar,26,6,1,0,2
110591,110591,Kavya Desai,61,6,1,0,2
110592,110592,Mary Gowda,45,8,2,0,2
110593,110593,Imran Khan,56,4,1,0,1
110594,110594,Vidya Shetty,44,2,2,0,2
110595,110595,Ravi Kumar,24,5,1,0,1
110596,110596,Salim Hegde,38,1,1,0,1
110597,110597,Suresh Poojary,45,4,1,0,1
110598,110598,Kiran D'Souza,29,6,2,0,1
110599,110599,Deepa Rao,58,4,1,0,2
110600,110600,Salim Hiremath,45,7,1,0,1
110601,110601,Meena Poojary,34,4,2,0,2
110602,110602,Chandru Hegde,36,5,2,0,1
110603,110603,Roopa Sait,48,6,1,0,2
110604,110604,Anil Kulkarni,50,5,1,0,1
110605,110605,Manjunath Khan,18,1,1,0,1
110606,110606,Yogesh Naik,71,5,1,0,1
110607,110607,Kiran Achar,44,2,1,0,1
110608,110608,Mahesh Khan,24,6,1,0,1
110609,110609,Roopa Merchant,19,7,2,0,2
110610,110610,Yogesh Achar,69,9,1,0,1
110611,110611,Pooja Nayak,19,6,1,0,2
110612,110612,Kiran Kumar,58,4,2,0,1
110613,110613,Anita Pinto,40,7,1,0,2
110614,110614,Zoya Shetty,27,9,2,0,2
110615,110615,Swathi Gowda,59,6,1,0,2
110616,110616,Geeta Pinto,59,9,1,0,2
110617,110617,Vinod Gowda,28,5,1,0,1
110618,110618,Harish Kulkarni,54,7,1,0,1
110619,110619,Suresh Reddy,27,3,1,0,1
110620,110620,Iqbal Gowda,27,6,1,0,1
110621,110621,Ananya Bhat,65,4,1,0,2
110622,110622,Kusuma Kumar,64,5,1,0,2
110623,110623,Ramesh Shetty,28,6,1,0,1
110624,110624,Fathima Naik,72,8,1,0,2
110625,110625,Girish D'Souza,23,2,1,0,1
110626,110626,Manjunath Kumar,41,4,7,0,1
110627,110627,Ramesh Sait,22,3,1,0,1
110628,110628,Priya Patil,58,4,1,0,2
110629,110629,Yogesh Achar,45,5,1,0,1
110630,110630,Mary Poojary,66,4,1,0,2
110631,110631,Farhan Kulkarni,30,2,1,0,1
110632,110632,Lakshmi Kumar,48,4,1,0,2
110633,110633,Zoya Poojary,60,1,1,0,2
110634,110634,Srinivas Kumar,62,2,1,0,1
110635,110635,Manjunath Merchant,65,4,1,0,1
110636,110636,Yogesh Gowda,55,1,1,0,1
110637,110637,Manjunath Poojary,36,8,1,0,1
110638,110638,Meena Hegde,65,4,2,0,2
110639,110639,Vidya Desai,37,10,1,0,2
110640,110640,Geeta Rao,38,5,1,0,2
110641,110641,Kiran D'Souza,30,7,1,0,1
110642,110642,Naveen Hegde,22,4,1,0,1
110643,110643,Harish Pinto,27,9,1,0,1
110644,110644,Zoya D'Souza,39,4,1,0,2
110645,110645,Joseph Naik,42,6,1,0,1
110646,110646,Ananya Kumar,28,2,1,0,2
110647,110647,Kiran Rao,40,7,1,0,1
110648,110648,Zoya Reddy,25,10,1,0,2
110649,110649,Farhan D'Souza,28,3,1,0,1
110650,110650,Mahesh Desai,54,1,1,0,1
110651,110651,Ganesh Kulkarni,26,4,3,0,1
110652,110652,Ashok Hegde,52,4,2,0,1
110653,110653,Chandru Khan,68,7,1,0,1
110654,110654,Zoya Hegde,56,1,1,0,2
110655,110655,Pooja Achar,21,10,1,0,2
110656,110656,Swathi Pinto,66,8,1,0,2
110657,110657,Anita Shetty,58,4,2,0,2
110658,110658,Rajesh Rao,57,1,1,0,1
110659,110659,Imran Naik,44,9,1,0,1
110660,110660,Ganesh Reddy,18,1,1,0,1
110661,110661,Yogesh Kulkarni,51,2,1,0,1
110662,110662,Rajesh Nayak,40,6,1,0,1
110663,110663,Anthony Merchant,26,7,1,0,1
110664,110664,Sneha Rao,42,7,1,0,2
110665,110665,Vijay Kulkarni,35,8,2,0,1
110666,110666,Imran Hiremath,26,6,1,0,1
110667,110667,Ravi Patil,49,1,1,0,1
110668,110668,Rajesh Sait,53,6,1,0,1
110669,110669,Manjunath Hiremath,69,2,1,0,1
110670,110670,Manoj Hiremath,35,9,1,0,1
110671,110671,Suresh Nayak,30,6,1,0,1
110672,110672,Anil Desai,70,3,1,0,1
110673,110673,Vijay Hiremath,59,8,1,0,1
110674,110674,Ganesh Bhat,34,7,1,0,1
110675,110675,Priya Poojary,19,10,1,0,2
110676,110676,Yogesh Merchant,57,4,1,0,1
110677,110677,Deepa Kumar,46,6,1,0,2
110678,110678,Pooja D'Souza,56,7,1,0,2
110679,110679,Rekha Kumar,64,5,1,0,2
110680,110680,Zoya Poojary,51,2,1,0,2
110681,110681,Sunita Poojary,64,8,1,0,2
110682,110682,Geeta Pinto,29,1,2,0,2
110683,110683,Suresh Sait,57,10,1,0,1
110684,110684,Vidya Kumar,52,9,1,0,2
110685,110685,Zoya Nayak,45,6,2,0,2
110686,110686,Ravi Kumar,36,2,1,0,1
110687,110687,Geeta Kumar,66,9,1,0,2
110688,110688,Manjunath Hegde,37,4,1,0,1
110689,110689,Salim Rao,22,5,1,0,1
110690,110690,Nagaraj Pinto,67,2,1,0,1
110691,110691,Kavya Pinto,62,5,1,0,2
110692,110692,Swathi Reddy,21,4,1,0,2
110693,110693,Salim Kulkarni,31,9,1,0,1
110694,110694,Shalini Hegde,68,8,1,0,2
110695,110695,Anil Shetty,55,9,1,0,1
110696,110696,Sowmya Gowda,23,8,2,0,2
110697,110697,Kavya Kumar,34,4,1,0,2
110698,110698,Kiran Rao,56,1,1,0,1
110699,110699,Mahesh Hegde,31,4,1,0,1
110700,110700,Radha Hiremath,59,7,1,0,2
110701,110701,Yogesh Gowda,60,4,2,0,1
110702,110702,Sneha Kulkarni,58,2,1,0,2
110703,110703,Yogesh Desai,51,8,1,0,1
110704,110704,Radha Hiremath,48,7,2,0,2
110705,110705,Girish Kulkarni,67,9,1,0,1
110706,110706,Shilpa Naik,53,3,1,0,2
110707,110707,Imran Achar,45,4,1,0,1
110708,110708,Roopa Khan,33,2,2,0,2
110709,110709,Manjunath Kumar,40,1,1,0,1
110710,110710,Swathi Merchant,47,8,1,0,2
110711,110711,Vijay Achar,66,2,2,0,1
110712,110712,Divya Merchant,35,1,1,0,2
110713,110713,Basavaraj Hiremath,26,3,1,0,1
110714,110714,Divya Patil,18,4,1,0,2
110715,110715,Shalini Bhat,29,5,2,0,2
110716,110716,Chandru Bhat,34,4,1,0,1
110717,110717,Priya Nayak,64,2,1,0,2
110718,110718,Rajesh Kumar,36,2,1,0,1
110719,110719,Priya Bhat,33,8,1,0,2
110720,110720,Farhan Kulkarni,33,4,2,0,1
110721,110721,Roopa D'Souza,54,4,1,0,2
110722,110722,Kusuma Reddy,65,9,1,0,2
110723,110723,Anthony Sait,62,1,1,0,1
110724,110724,Iqbal Gowda,27,4,1,0,1
110725,110725,Mahesh Khan,21,4,1,0,1
110726,110726,Yogesh Naik,41,3,1,0,1
110727,110727,Rajesh Reddy,33,7,1,0,1
110728,110728,Harish Hiremath,38,3,2,0,1
110729,110729,Anthony Hiremath,42,6,1,0,1
110730,110730,Ravi Gowda,26,6,1,0,1
110731,110731,Priya Rao,22,1,1,0,2
110732,110732,Shilpa Nayak,62,7,1,0,2
110733,110733,Girish Patil,72,10,1,0,1
110734,110734,Kavya Shetty,72,6,2,0,2
110735,110735,Sneha Khan,20,9,1,0,2
110736,110736,Anita Achar,37,9,1,0,2
110737,110737,Arjun Hiremath,45,3,1,0,1
110738,110738,Mahesh Bhat,46,9,1,0,1
110739,110739,Lakshmi Kulkarni,69,5,3,0,2
110740,110740,Mary Poojary,65,4,1,0,2
110741,110741,Mary Hiremath,39,4,2,0,2
110742,110742,Farhan Gowda,47,9,1,0,1
110743,110743,Ramesh Rao,35,8,1,0,1
110744,110744,Harish Kumar,61,4,1,0,1
110745,110745,Prakash Bhat,48,4,2,0,1
110746,110746,Shilpa Achar,53,3,1,0,2
110747,110747,Manjunath Gowda,34,4,1,0,1
110748,110748,Rekha Pinto,60,7,1,0,2
110749,110749,Anita Rao,44,7,1,0,2
110750,110750,Lakshmi Poojary,22,8,1,0,2
110751,110751,Ananya Achar,59,6,1,0,2
110752,110752,Ravi Shetty,25,4,1,0,1
110753,110753,Sowmya Khan,57,9,1,0,2
110754,110754,Dinesh Khan,25,9,1,0,1
110755,110755,Ravi Pinto,37,2,1,0,1
110756,110756,Sneha Kumar,53,6,2,0,2
110757,110757,Shalini Rao,58,8,3,0,2
110758,110758,Shalini Kumar,39,7,1,0,2
110759,110759,Imran Hiremath,30,7,1,0,1
110760,110760,Divya Pinto,72,9,1,0,2
110761,110761,Sowmya Hegde,51,6,1,0,2
110762,110762,Ananya Kulkarni,26,2,1,0,2
110763,110763,Divya Kumar,49,4,1,0,2
110764,110764,Ganesh Reddy,18,7,1,0,1
110765,110765,Basavaraj Merchant,37,1,1,0,1
110766,110766,Naveen Gowda,22,8,1,0,1
110767,110767,Meena Patil,54,2,1,0,2
110768,110768,Ramesh Kulkarni,54,6,3,0,1
110769,110769,Sneha Achar,41,4,1,0,2
110770,110770,Srinivas Kumar,65,4,1,0,1
110771,110771,Anthony Hiremath,48,5,1,0,1
110772,110772,Ramesh Desai,54,9,1,0,1
110773,110773,Shalini Pinto,64,8,1,0,2
110774,110774,Chandru Bhat,30,8,1,0,1
110775,110775,Anita Pinto,55,4,2,0,2
110776,110776,Sowmya Naik,61,6,1,0,2
110777,110777,Ananya Achar,64,4,1,0,2
110778,110778,Nandini Nayak,28,8,1,0,2
110779,110779,Girish Bhat,65,8,1,0,1
110780,110780,Rajesh Sait,22,4,1,0,1
110781,110781,Lakshmi Naik,69,4,1,0,2
110782,110782,Nandini Achar,50,6,2,0,2
110783,110783,Shalini Pinto,58,9,1,0,2
110784,110784,Meena D'Souza,64,1,1,0,2
110785,110785,Chandru Khan,24,1,1,0,1
110786,110786,Priya Rao,18,6,1,0,2
110787,110787,Divya D'Souza,41,2,1,0,2
110788,110788,Geeta D'Souza,40,8,1,0,2
110789,110789,Anthony Khan,31,2,2,0,1
110790,110790,Joseph Gowda,55,4,1,0,1
110791,110791,Arjun Kumar,21,5,1,0,1
110792,110792,Anita Kulkarni,41,7,1,0,2
110793,110793,Rajesh Gowda,55,4,1,0,1
110794,110794,Imran Kumar,28,4,1,0,1
110795,110795,Kavya Merchant,46,1,1,0,2
110796,110796,Rekha Reddy,71,6,1,0,2
110797,110797,Vijay Achar,54,4,1,0,1
110798,110798,Joseph Achar,33,1,1,0,1
110799,110799,Anil Gowda,45,1,1,0,1
110800,110800,Ramesh Rao,54,4,1,0,1
110801,110801,Arjun Bhat,22,6,1,0,1
110802,110802,Rajesh Hiremath,32,5,3,0,1
110803,110803,Suresh Hiremath,66,7,1,0,1
110804,110804,Manjunath Hiremath,56,9,1,0,1
110805,110805,Ramesh Desai,64,4,1,0,1
110806,110806,Shalini Nayak,30,3,1,0,2
110807,110807,Sunita Hegde,38,7,1,0,2
110808,110808,Divya Pinto,43,9,1,0,2
110809,110809,Iqbal Bhat,28,7,1,0,1
110810,110810,Anthony Nayak,28,3,1,0,1
110811,110811,Rajesh Patil,30,9,1,0,1
110812,110812,Ravi Naik,28,5,1,0,1
110813,110813,Basavaraj Bhat,61,10,1,0,1
110814,110814,Basavaraj Nayak,30,6,2,0,1
110815,110815,Sunita Gowda,21,9,1,0,2
110816,110816,Basavaraj Hegde,37,9,1,0,1
110817,110817,Suresh Gowda,51,4,1,0,1
110818,110818,Meena Sait,57,4,1,0,2
110819,110819,Ramesh Merchant,71,8,1,0,1
110820,110820,Salim Merchant,29,2,1,0,1
110821,110821,Harish Nayak,19,9,1,0,1
110822,110822,Harish Shetty,41,9,1,0,1
110823,110823,Fathima Kumar,42,7,1,0,2
110824,110824,Mary Reddy,67,9,2,0,2
110825,110825,Pooja Patil,34,4,3,0,2
110826,110826,Vijay Reddy,18,4,1,0,1
110827,110827,Vijay Rao,51,4,1,0,1
110828,110828,Geeta Gowda,50,10,1,0,2
110829,110829,Ramesh Kulkarni,29,1,1,0,1
110830,110830,Sunita Gowda,29,2,2,0,2
110831,110831,Nagaraj Gowda,32,1,1,0,1
110832,110832,Manoj Shetty,43,7,1,0,1
110833,110833,Vinod Kumar,45,2,1,0,1
110834,110834,Chandru Naik,65,1,1,0,1
110835,110835,Radha Merchant,64,10,1,0,2
110836,110836,Lakshmi D'Souza,26,5,1,0,2
110837,110837,Sowmya Kulkarni,27,1,1,0,2
110838,110838,Nagaraj Shetty,71,3,1,0,1
110839,110839,Fathima Pinto,26,4,1,0,2
110840,110840,Geeta Pinto,57,4,1,0,2
110841,110841,Srinivas Nayak,61,1,1,0,1
110842,110842,Prakash Bhat,47,6,1,0,1
110843,110843,Girish Poojary,60,8,1,0,1
110844,110844,Chandru Naik,38,7,1,0,1
110845,110845,Anthony Kulkarni,54,4,1,0,1
110846,110846,Srinivas Merchant,51,8,1,0,1
110847,110847,Chandru Desai,67,4,1,0,1
110848,110848,Anil Kulkarni,20,2,1,0,1
110849,110849,Vidya Khan,52,2,1,0,2
110850,110850,Ashok Pinto,32,1,1,0,1
110851,110851,Nandini Shetty,68,6,1,0,2
110852,110852,Sunita Kumar,53,6,1,0,2
110853,110853,Mary Merchant,71,5,2,0,2
110854,110854,Mary Patil,23,4,2,0,2
110855,110855,Meena Naik,34,4,1,0,2
110856,110856,Shilpa Kulkarni,54,2,1,0,2
110857,110857,Sowmya Khan,68,5,1,0,2
110858,110858,Kavya Bhat,68,6,1,0,2
110859,110859,Mahesh Kumar,26,1,1,0,1
110860,110860,Arjun Merchant,34,10,1,0,1
110861,110861,Prakash Bhat,68,9,1,0,1
110862,110862,Anthony Patil,49,3,2,0,1
110863,110863,Meena Desai,69,9,1,0,2
110864,110864,Nagaraj Achar,50,8,1,0,1
110865,110865,Roopa Gowda,34,9,1,0,2
110866,110866,Lakshmi Gowda,41,4,1,0,2
110867,110867,Ashok Kumar,65,3,1,0,1
110868,110868,Girish Rao,38,1,1,0,1
110869,110869,Anthony Bhat,44,3,2,0,1
110870,110870,Iqbal Sait,50,8,1,0,1
110871,110871,Ramesh Kumar,38,9,1,0,1
110872,110872,Radha Naik,54,3,1,0,2
110873,110873,Roopa Achar,45,4,1,0,2
110874,110874,Ravi Kumar,47,9,1,0,1
110875,110875,Kusuma Kumar,26,2,1,0,2
110876,110876,Pooja Desai,28,5,2,0,2
110877,110877,Naveen Poojary,53,1,1,0,1
110878,110878,Salim Kulkarni,19,4,2,0,1
110879,110879,Mary D'Souza,43,9,1,0,2
110880,110880,Radha D'Souza,63,5,1,0,2
110881,110881,Sowmya Patil,61,3,1,0,2
110882,110882,Ravi Kumar,64,9,1,0,1
110883,110883,Prakash Rao,42,4,1,0,1
110884,110884,Ramesh Sait,25,4,1,0,1
110885,110885,Geeta Kumar,49,2,1,0,2
110886,110886,Geeta Kulkarni,67,7,1,0,2
110887,110887,Meena Naik,42,4,1,0,2
110888,110888,Pooja Shetty,31,8,1,0,2
110889,110889,Kiran Bhat,56,5,1,0,1
110890,110890,Anil Achar,37,7,2,0,1
110891,110891,Meena Merchant,37,10,1,0,2
110892,110892,Vinod Pinto,18,1,1,0,1
110893,110893,Zoya Bhat,32,9,2,0,2
110894,110894,Anita Kumar,31,6,2,0,2
110895,110895,Chandru Sait,23,7,1,0,1
110896,110896,Prakash Hegde,19,9,1,0,1
110897,110897,Sneha Naik,57,4,4,0,2
110898,110898,Rajesh Patil,40,3,1,0,1
110899,110899,Kiran Naik,42,9,1,0,1
110900,110900,Kiran Patil,35,9,1,0,1
110901,110901,Rajesh Hegde,51,3,1,0,1
110902,110902,Nandini Shetty,53,3,1,0,2
110903,110903,Rekha Achar,31,7,1,0,2
110904,110904,Manoj D'Souza,54,4,1,0,1
110905,110905,Harish Bhat,32,4,1,0,1
110906,110906,Fathima Rao,37,10,1,0,2
110907,110907,Ganesh D'Souza,30,5,1,0,1
110908,110908,Vidya Achar,31,7,1,0,2
110909,110909,Girish Khan,44,2,1,0,1
110910,110910,Anil Hiremath,42,5,1,0,1
110911,110911,Ravi Sait,46,4,1,0,1
110912,110912,Ashok Nayak,57,8,1,0,1
110913,110913,Shalini Reddy,20,1,1,0,2
110914,110914,Arjun Pinto,43,8,2,0,1
110915,110915,Swathi Reddy,44,3,1,0,2
110916,110916,Shalini Poojary,66,4,1,0,2
110917,110917,Farhan Achar,49,3,2,0,1
110918,110918,Vinod Gowda,51,8,1,0,1
110919,110919,Anil Nayak,66,3,1,0,1
110920,110920,Basavaraj Kulkarni,61,9,1,0,1
110921,110921,Ashok Pinto,71,10,1,0,1
110922,110922,Roopa Desai,65,8,2,0,2
110923,110923,Meena Hegde,60,4,1,0,2
110924,110924,Prakash Desai,52,5,1,0,1
110925,110925,Divya Nayak,59,4,1,0,2
110926,110926,Swathi Pinto,58,3,1,0,2
110927,110927,Manjunath Desai,60,6,1,0,1
110928,110928,Ashok Merchant,65,6,1,0,1
110929,110929,Zoya Reddy,38,3,1,0,2
110930,110930,Roopa Nayak,52,9,2,0,2
110931,110931,Vidya Patil,21,5,1,0,2
110932,110932,Divya D'Souza,63,4,2,0,2
110933,110933,Vijay Achar,43,9,1,0,1
110934,110934,Geeta Patil,50,9,1,0,2
110935,110935,Pooja Hiremath,33,2,1,0,2
110936,110936,Priya Desai,54,4,1,0,2
110937,110937,Ashok Hegde,65,4,1,0,1
110938,110938,Manoj Desai,28,9,1,0,1
110939,110939,Nandini Achar,19,4,2,0,2
110940,110940,Vijay Reddy,65,5,1,0,1
110941,110941,Rajesh Hiremath,23,4,1,0,1
110942,110942,Manjunath Kumar,45,2,1,0,1
110943,110943,Vidya Merchant,38,8,2,0,2
110944,110944,Anita Hiremath,41,9,1,0,2
110945,110945,Kiran Khan,60,9,1,0,1
110946,110946,Imran Rao,49,2,1,0,1
110947,110947,Deepa Bhat,48,7,2,0,2
110948,110948,Yogesh Nayak,52,4,1,0,1
110949,110949,Sunita Pinto,20,6,1,0,2
110950,110950,Suresh Reddy,50,4,1,0,1
110951,110951,Farhan Kumar,49,8,2,0,1
110952,110952,Rekha Kumar,58,1,1,0,2
110953,110953,Yogesh Nayak,44,4,2,0,1
110954,110954,Ashok Merchant,63,4,1,0,1
110955,110955,Ashok Reddy,37,1,1,0,1
110956,110956,Fathima Shetty,53,1,1,0,2
110957,110957,Kusuma Gowda,24,4,1,0,2
110958,110958,Priya Hiremath,21,4,1,0,2
110959,110959,Sneha Rao,56,5,2,0,2
110960,110960,Suresh Reddy,25,2,3,0,1
110961,110961,Geeta Kulkarni,31,2,1,0,2
110962,110962,Vidya Patil,39,7,1,0,2
110963,110963,Vijay Hiremath,41,6,1,0,1
110964,110964,Ananya D'Souza,56,9,1,0,2
110965,110965,Kusuma Hegde,66,1,1,0,2
110966,110966,Naveen Reddy,44,9,1,0,1
110967,110967,Manoj Kulkarni,66,10,2,0,1
110968,110968,Fathima Bhat,45,8,1,0,2
110969,110969,Ananya Kulkarni,64,4,1,0,2
110970,110970,Nagaraj Sait,69,8,1,0,1
110971,110971,Priya Poojary,35,4,1,0,2
110972,110972,Shalini Rao,48,5,1,0,2
110973,110973,Manoj Poojary,55,8,1,0,1
110974,110974,Ashok Naik,55,6,1,0,1
110975,110975,Chandru Gowda,33,4,1,0,1
110976,110976,Shalini Desai,65,7,1,0,2
110977,110977,Vijay Hegde,56,1,1,0,1
110978,110978,Srinivas Rao,50,8,1,0,1
110979,110979,Imran Hegde,62,8,1,0,1
110980,110980,Nandini Rao,58,9,2,0,2
110981,110981,Vinod Kumar,38,4,1,0,1
110982,110982,Anita Patil,57,9,1,0,2
110983,110983,Lakshmi Reddy,29,9,1,0,2
110984,110984,Kusuma Gowda,69,6,1,0,2
110985,110985,Arjun Patil,44,5,1,0,1
110986,110986,Rajesh Desai,54,1,1,0,1
110987,110987,Ravi Pinto,60,8,2,0,1
110988,110988,Anthony Nayak,61,8,2,0,1
110989,110989,Arjun Merchant,28,4,1,0,1
110990,110990,Sowmya Reddy,30,1,1,0,2
110991,110991,Manoj Naik,32,8,1,0,1
110992,110992,Lakshmi Sait,56,4,1,0,2
110993,110993,Deepa Gowda,47,4,2,0,2
110994,110994,Ashok Kulkarni,24,4,1,0,1
110995,110995,Sneha Achar,59,6,1,0,2
110996,110996,Swathi Merchant,68,5,1,0,2
110997,110997,Deepa Shetty,46,1,2,0,2
110998,110998,Shalini D'Souza,68,9,1,0,2
110999,110999,Arjun Hiremath,25,5,1,0,1
111000,111000,Sneha Hiremath,72,4,1,0,2
111001,111001,Ananya Achar,42,3,1,0,2
111002,111002,Manjunath Naik,41,4,1,0,1
111003,111003,Nandini Shetty,52,4,1,0,2
111004,111004,Rajesh D'Souza,38,5,1,0,1
111005,111005,Fathima Reddy,27,9,1,0,2
111006,111006,Anthony Nayak,52,7,1,0,1
111007,111007,Vidya Poojary,34,5,1,0,2
111008,111008,Ashok Desai,46,4,4,0,1
111009,111009,Kavya Patil,18,6,1,0,2
111010,111010,Mahesh Sait,72,6,1,0,1
111011,111011,Salim D'Souza,52,8,1,0,1
111012,111012,Shalini Gowda,27,3,1,0,2
111013,111013,Manoj Achar,66,4,1,0,1
111014,111014,Priya Khan,42,10,1,0,2
111015,111015,Pooja Rao,25,1,1,0,2
111016,111016,Sneha Desai,22,8,1,0,2
111017,111017,Prakash Sait,28,6,1,0,1
111018,111018,Fathima Kulkarni,48,2,1,0,2
111019,111019,Ganesh Merchant,49,5,1,0,1
111020,111020,Kiran Hegde,64,8,3,0,1
111021,111021,Imran Merchant,25,5,1,0,1
111022,111022,Dinesh Gowda,42,1,1,0,1
111023,111023,Lakshmi Bhat,56,6,1,0,2
111024,111024,Mahesh Poojary,41,1,1,0,1
111025,111025,Sunita Desai,61,4,2,0,2
111026,111026,Radha Khan,62,3,1,0,2
111027,111027,Rajesh Hiremath,30,1,1,0,1
111028,111028,Girish Achar,47,8,1,0,1
111029,111029,Fathima D'Souza,59,2,1,0,2
111030,111030,Vinod Hegde,52,8,1,0,1
111031,111031,Naveen Hegde,67,4,2,0,1
111032,111032,Yogesh Naik,57,3,1,0,1
111033,111033,Girish Kumar,28,4,2,0,1
111034,111034,Vidya Desai,60,7,3,0,2
111035,111035,Manjunath Patil,37,6,2,0,1
111036,111036,Kusuma Shetty,72,9,1,0,2
111037,111037,Girish Gowda,63,9,3,0,1
111038,111038,Prakash Kulkarni,66,10,2,0,1
111039,111039,Sunita D'Souza,58,1,1,0,2
111040,111040,Basavaraj Khan,39,1,1,0,1
111041,111041,Iqbal Hegde,49,4,1,0,1
111042,111042,Mahesh Reddy,43,5,2,0,1
111043,111043,Chandru Kulkarni,35,6,1,0,1
111044,111044,Salim Reddy,29,3,1,0,1
111045,111045,Priya Merchant,36,8,1,0,2
111046,111046,Farhan Patil,19,9,1,0,1
111047,111047,Zoya Gowda,68,8,1,0,2
111048,111048,Chandru Nayak,37,1,1,0,1
111049,111049,Meena Rao,69,1,1,0,2
111050,111050,Basavaraj Rao,52,8,3,0,1
111051,111051,Kusuma Gowda,44,8,1,0,2
111052,111052,Ganesh Hegde,29,4,2,0,1
111053,111053,Sneha Gowda,18,4,1,0,2
111054,111054,Srinivas Shetty,62,6,2,0,1
111055,111055,Joseph Poojary,23,6,1,0,1
111056,111056,Fathima Merchant,46,6,1,0,2
111057,111057,Anita Nayak,55,9,1,0,2
111058,111058,Kavya Naik,47,9,1,0,2
111059,111059,Vinod Hiremath,56,3,1,0,1
111060,111060,Harish Nayak,41,8,3,0,1
111061,111061,Suresh Pinto,65,5,1,0,1
111062,111062,Suresh Nayak,65,4,1,0,1
111063,111063,Swathi Kulkarni,59,1,1,0,2
111064,111064,Girish Shetty,54,4,1,0,1
111065,111065,Ashok Reddy,42,4,4,0,1
111066,111066,Vijay Gowda,56,1,2,0,1
111067,111067,Fathima Achar,25,4,1,0,2
111068,111068,Nagaraj Hiremath,47,6,1,0,1
111069,111069,Ramesh Achar,58,2,1,0,1
111070,111070,Ravi Kumar,18,8,1,0,1
111071,111071,Mary Poojary,35,4,1,0,2
111072,111072,Anthony Merchant,46,8,1,0,1
111073,111073,Basavaraj Bhat,33,8,1,0,1
111074,111074,Ananya Hegde,39,4,1,0,2
111075,111075,Ananya Merchant,38,4,2,0,2
111076,111076,Geeta D'Souza,22,2,1,0,2
111077,111077,Ananya Hegde,21,2,1,0,2
111078,111078,Priya Rao,66,4,7,0,2
111079,111079,Nandini Achar,66,2,1,0,2
111080,111080,Joseph Rao,48,1,2,0,1
111081,111081,Vidya Shetty,25,4,1,0,2
111082,111082,Vijay Shetty,44,6,1,0,1
111083,111083,Mahesh Shetty,53,1,1,0,1
111084,111084,Rajesh Gowda,47,4,1,0,1
111085,111085,Girish Khan,22,1,1,0,1
111086,111086,Swathi Shetty,21,7,1,0,2
111087,111087,Vinod Reddy,60,4,1,0,1
111088,111088,Chandru Sait,47,4,1,0,1
111089,111089,Nandini Patil,61,4,1,0,2
111090,111090,Ravi Kulkarni,32,1,3,0,1
111091,111091,Pooja Hiremath,43,9,1,0,2
111092,111092,Roopa Desai,40,7,1,0,2
111093,111093,Vidya Poojary,50,2,1,0,2
111094,111094,Kusuma Patil,49,4,1,0,2
111095,111095,Zoya Poojary,65,1,2,0,2
111096,111096,Priya Achar,26,6,1,0,2
111097,111097,Ananya Rao,55,10,1,0,2
111098,111098,Pooja Desai,49,4,2,0,2
111099,111099,Chandru Kumar,19,1,1,0,1
111100,111100,Naveen Nayak,56,1,1,0,1
111101,111101,Srinivas Rao,71,6,1,0,1
111102,111102,Zoya Achar,34,1,1,0,2
111103,111103,Ravi D'Souza,51,1,1,0,1
111104,111104,Radha Patil,19,2,1,0,2
111105,111105,Joseph Shetty,55,3,1,0,1
111106,111106,Radha Gowda,70,4,1,0,2
111107,111107,Priya Patil,49,7,1,0,2
111108,111108,Shalini Merchant,37,6,1,0,2
111109,111109,Harish Pinto,68,4,1,0,1
111110,111110,Anita Bhat,61,4,1,0,2
111111,111111,Girish Poojary,72,6,1,0,1
111112,111112,Manoj Pinto,58,7,1,0,1
111113,111113,Ravi Bhat,64,8,1,0,1
111114,111114,Anthony Bhat,58,2,1,0,1
111115,111115,Yogesh Naik,35,7,1,0,1
111116,111116,Mahesh Pinto,63,9,1,0,1
111117,111117,Ananya Hegde,65,5,2,0,2
111118,111118,Srinivas Merchant,44,7,3,0,1
111119,111119,Salim Shetty,25,4,1,0,1
111120,111120,Srinivas D'Souza,61,3,1,0,1
111121,111121,Arjun Naik,44,7,1,0,1
111122,111122,Mahesh Pinto,46,3,1,0,1
111123,111123,Vinod Kumar,25,4,1,0,1
111124,111124,Prakash Kulkarni,20,1,1,0,1
111125,111125,Fathima Nayak,43,5,1,0,2
111126,111126,Naveen Shetty,38,8,1,0,1
111127,111127,Chandru Kulkarni,45,2,2,0,1
111128,111128,Mary Gowda,37,1,1,0,2
111129,111129,Suresh Hegde,18,4,1,0,1
111130,111130,Sowmya Shetty,29,4,1,0,2
111131,111131,Kusuma Rao,61,5,1,0,2
111132,111132,Rajesh Reddy,68,5,1,0,1
111133,111133,Sneha Sait,37,4,1,0,2
111134,111134,Chandru Naik,65,6,1,0,1
111135,111135,Iqbal Shetty,50,4,2,0,1
111136,111136,Roopa Khan,67,6,1,0,2
111137,111137,Nagaraj Merchant,53,6,1,0,1
111138,111138,Nandini Rao,63,1,1,0,2
111139,111139,Deepa Gowda,50,9,1,0,2
111140,111140,Pooja Gowda,33,1,1,0,2
111141,111141,Fathima Gowda,30,4,1,0,2
111142,111142,Farhan Desai,37,6,1,0,1
111143,111143,Rajesh Kumar,42,1,1,0,1
111144,111144,Sunita Rao,43,6,1,0,2
111145,111145,Anita Merchant,63,9,1,0,2
111146,111146,Radha Nayak,47,1,1,0,2
111147,111147,Sunita D'Souza,71,8,1,0,2
111148,111148,Divya Khan,28,9,3,0,2
111149,111149,Ganesh Kulkarni,29,9,1,0,1
111150,111150,Deepa Kulkarni,45,4,1,0,2
111151,111151,Deepa Poojary,53,4,1,0,2
111152,111152,Nandini Merchant,32,9,1,0,2
111153,111153,Anil Shetty,52,1,1,0,1
111154,111154,Swathi Desai,19,2,1,0,2
111155,111155,Kusuma Merchant,56,1,1,0,2
111156,111156,Yogesh Naik,48,5,1,0,1
111157,111157,Pooja Hiremath,56,7,2,0,2
111158,111158,Kusuma D'Souza,59,2,1,0,2
111159,111159,Roopa Reddy,48,9,1,0,2
111160,111160,Anthony Hiremath,37,2,1,0,1
111161,111161,Sowmya Patil,56,10,1,0,2
111162,111162,Girish Khan,34,6,1,0,1
111163,111163,Harish D'Souza,24,7,1,0,1
111164,111164,Deepa Patil,50,2,1,0,2
111165,111165,Geeta Hiremath,47,7,1,0,2
111166,111166,Basavaraj Naik,65,1,1,0,1
111167,111167,Ananya Hiremath,51,1,1,0,2
111168,111168,Ananya Patil,62,8,4,0,2
111169,111169,Radha Shetty,56,7,2,0,2
111170,111170,Vinod Naik,57,9,1,0,1
111171,111171,Naveen Pinto,54,7,1,0,1
111172,111172,Sneha Khan,53,10,1,0,2
111173,111173,Imran Shetty,61,3,1,0,1
111174,111174,Mahesh Sait,21,3,1,0,1
111175,111175,Kiran Desai,27,2,1,0,1
111176,111176,Shalini Rao,68,8,1,0,2
111177,111177,Naveen Shetty,51,4,1,0,1
111178,111178,Anthony Sait,22,4,4,0,1
111179,111179,Mary Sait,39,4,1,0,2
111180,111180,Mary Poojary,24,5,1,0,2
111181,111181,Manjunath Rao,47,6,1,0,1
111182,111182,Joseph Pinto,31,3,1,0,1
111183,111183,Deepa Poojary,44,1,1,0,2
111184,111184,Imran Reddy,69,7,1,0,1
111185,111185,Basavaraj Desai,32,6,1,0,1
111186,111186,Sunita Kulkarni,57,7,1,0,2
111187,111187,Shilpa D'Souza,42,2,1,0,2
111188,111188,Anthony Achar,19,10,1,0,1
111189,111189,Sneha Bhat,25,4,1,0,2
111190,111190,Girish Hegde,40,2,2,0,1
111191,111191,Arjun D'Souza,52,6,1,0,1
111192,111192,Kiran Poojary,48,7,1,0,1
111193,111193,Mahesh Rao,51,4,1,0,1
111194,111194,Girish Rao,28,2,1,0,1
111195,111195,Girish Reddy,51,4,1,0,1
111196,111196,Vinod Merchant,32,2,1,0,1
111197,111197,Meena Kumar,66,4,1,0,2
111198,111198,Rekha Hiremath,64,9,1,0,2
111199,111199,Iqbal Desai,41,4,1,0,1
111200,111200,Mahesh Gowda,55,9,1,0,1
111201,111201,Naveen Achar,27,1,1,0,1
111202,111202,Ravi Khan,46,3,1,0,1
111203,111203,Mary Sait,67,9,2,0,2
111204,111204,Mary Shetty,19,6,1,0,2
111205,111205,Suresh Gowda,54,1,1,0,1
111206,111206,Mahesh Pinto,55,1,2,0,1
111207,111207,Yogesh Achar,20,1,1,0,1
111208,111208,Suresh Desai,58,8,1,0,1
111209,111209,Sowmya Kumar,65,6,1,0,2
111210,111210,Vinod D'Souza,44,1,1,0,1
111211,111211,Rajesh Hegde,22,6,2,0,1
111212,111212,Manoj Khan,26,7,2,0,1
111213,111213,Vijay Kumar,69,5,2,0,1
111214,111214,Anita Naik,28,2,1,0,2
111215,111215,Vidya Kulkarni,34,1,1,0,2
111216,111216,Rekha Gowda,65,10,2,0,2
111217,111217,Ravi Sait,28,9,1,0,1
111218,111218,Priya Shetty,61,7,1,0,2
111219,111219,Dinesh Desai,68,8,1,0,1
111220,111220,Pooja Shetty,64,8,1,0,2
111221,111221,Mahesh Gowda,49,4,1,0,1
111222,111222,Sneha Hiremath,50,6,1,0,2
111223,111223,Mahesh Naik,43,8,1,0,1
111224,111224,Srinivas Pinto,30,9,1,0,1
111225,111225,Fathima Kumar,36,8,1,0,2
111226,111226,Zoya Shetty,40,7,1,0,2
111227,111227,Manjunath Desai,34,6,1,0,1
111228,111228,Radha Naik,49,4,2,0,2
111229,111229,Mary Gowda,23,7,2,0,2
111230,111230,Imran Gowda,64,4,1,0,1
111231,111231,Anil Achar,40,5,1,0,1
111232,111232,Imran Reddy,67,9,1,0,1
111233,111233,Imran Bhat,47,6,1,0,1
111234,111234,Basavaraj Naik,52,6,1,0,1
111235,111235,Shalini Bhat,43,7,1,0,2
111236,111236,Manoj Pinto,67,4,1,0,1
111237,111237,Vinod Patil,32,1,1,0,1
111238,111238,Dinesh Naik,28,6,1,0,1
111239,111239,Rajesh Naik,51,3,1,0,1
111240,111240,Girish Patil,34,9,1,0,1
111241,111241,Divya Bhat,31,3,1,0,2
111242,111242,Swathi Khan,23,10,1,0,2
111243,111243,Geeta Shetty,26,4,1,0,2
111244,111244,Mary Kulkarni,56,4,1,0,2
111245,111245,Anil Poojary,56,6,1,0,1
111246,111246,Sneha Pinto,68,6,1,0,2
111247,111247,Naveen Reddy,61,4,1,0,1
111248,111248,Manjunath Kumar,30,1,1,0,1
111249,111249,Anita Rao,31,3,1,0,2
111250,111250,Ashok Bhat,40,3,1,0,1
111251,111251,Kiran Achar,69,4,1,0,1
111252,111252,Basavaraj Kulkarni,25,4,1,0,1
111253,111253,Girish Bhat,39,6,1,0,1
111254,111254,Geeta Gowda,32,2,2,0,2
111255,111255,Anil Hegde,21,5,1,0,1
111256,111256,Yogesh D'Souza,49,8,1,0,1
111257,111257,Arjun Shetty,39,4,2,0,1
111258,111258,Farhan Desai,48,4,1,0,1
111259,111259,Kusuma Khan,67,3,1,0,2
111260,111260,Sunita Poojary,44,1,2,0,2
111261,111261,Vinod Poojary,26,4,1,0,1
111262,111262,Fathima Hiremath,63,7,1,0,2
111263,111263,Zoya Nayak,28,1,1,0,2
111264,111264,Manjunath Khan,44,2,1,0,1
111265,111265,Farhan Kumar,49,8,1,0,1
111266,111266,Deepa Kumar,67,10,2,0,2
111267,111267,Priya Kumar,53,1,1,0,2
111268,111268,Prakash Bhat,32,6,2,0,1
111269,111269,Deepa Gowda,46,5,1,0,2
111270,111270,Ananya Shetty,18,4,1,0,2
111271,111271,Ganesh Merchant,23,5,1,0,1
111272,111272,Salim Bhat,36,8,2,0,1
111273,111273,Kavya Nayak,61,3,1,0,2
111274,111274,Vidya Reddy,59,7,1,0,2
111275,111275,Chandru Rao,22,1,1,0,1
111276,111276,Basavaraj Sait,30,3,2,0,1
111277,111277,Dinesh Sait,70,2,1,0,1
111278,111278,Radha Bhat,53,9,1,0,2
111279,111279,Fathima Reddy,62,4,1,0,2
111280,111280,Nandini Reddy,60,8,1,0,2
111281,111281,Nagaraj Sait,22,7,1,0,1
111282,111282,Ashok Naik,62,4,1,0,1
111283,111283,Sowmya Patil,21,5,2,0,2
111284,111284,Arjun Pinto,32,4,1,0,1
111285,111285,Ravi Gowda,36,1,1,0,1
111286,111286,Yogesh Reddy,21,6,1,0,1
111287,111287,Kavya Merchant,45,1,1,0,2
111288,111288,Iqbal Gowda,53,2,1,0,1
111289,111289,Srinivas Hegde,61,10,1,0,1
111290,111290,Srinivas Shetty,71,1,1,0,1
111291,111291,Pooja Kulkarni,31,4,1,0,2
111292,111292,Rekha Bhat,25,4,1,0,2
111293,111293,Swathi D'Souza,54,4,1,0,2
111294,111294,Manoj Khan,54,4,1,0,1
111295,111295,Mahesh Hegde,20,4,2,0,1
111296,111296,Imran Nayak,24,3,1,0,1
111297,111297,Geeta Naik,45,1,3,0,2
111298,111298,Iqbal Achar,56,2,1,0,1
111299,111299,Shilpa Gowda,62,10,1,0,2
111300,111300,Harish D'Souza,70,6,1,0,1
111301,111301,Vidya Merchant,23,4,1,0,2
111302,111302,Sunita Pinto,50,5,1,0,2
111303,111303,Geeta Shetty,22,10,1,0,2
111304,111304,Farhan Pinto,71,7,1,0,1
111305,111305,Naveen Desai,24,4,2,0,1
111306,111306,Lakshmi Hegde,62,4,1,0,2
111307,111307,Shalini Rao,25,3,1,0,2
111308,111308,Rekha Pinto,65,4,1,0,2
111309,111309,Meena Poojary,55,4,1,0,2
111310,111310,Ananya Desai,25,8,1,0,2
111311,111311,Dinesh Achar,46,2,1,0,1
111312,111312,Suresh Naik,63,2,2,0,1
111313,111313,Ananya Nayak,65,8,2,0,2
111314,111314,Sneha Reddy,30,7,4,0,2
111315,111315,Arjun Khan,51,7,1,0,1
111316,111316,Sunita Kumar,63,8,1,0,2
111317,111317,Geeta Reddy,60,7,1,0,2
111318,111318,Anthony Nayak,26,5,2,0,1
111319,111319,Vidya Reddy,32,3,1,0,2
111320,111320,Girish Bhat,22,1,1,0,1
111321,111321,Sowmya Desai,40,8,1,0,2
111322,111322,Kiran Reddy,20,8,1,0,1
111323,111323,Srinivas Khan,69,4,1,0,1
111324,111324,Shilpa D'Souza,18,3,1,0,2
111325,111325,Fathima Reddy,46,8,1,0,2
111326,111326,Fathima Naik,22,1,1,0,2
111327,111327,Divya Achar,27,7,2,0,2
111328,111328,Sowmya Reddy,57,1,1,0,2
111329,111329,Nagaraj Patil,51,5,1,0,1
111330,111330,Mary Sait,54,4,1,0,2
111331,111331,Shalini Hiremath,55,3,1,0,2
111332,111332,Ravi Hegde,69,10,1,0,1
111333,111333,Rekha Pinto,70,4,1,0,2
111334,111334,Priya Merchant,51,2,1,0,2
111335,111335,Deepa Nayak,34,8,1,0,2
111336,111336,Mahesh Naik,51,8,4,0,1
111337,111337,Zoya Khan,67,3,1,0,2
111338,111338,Nandini Merchant,46,5,1,0,2
111339,111339,Swathi Poojary,37,6,1,0,2
111340,111340,Swathi Hegde,52,4,2,0,2
111341,111341,Manoj Merchant,34,3,2,0,1
111342,111342,Fathima Pinto,49,7,1,0,2
111343,111343,Yogesh Nayak,38,6,1,0,1
111344,111344,Pooja Khan,70,1,1,0,2
111345,111345,Rekha D'Souza,61,4,1,0,2
111346,111346,Geeta Khan,50,9,1,0,2
111347,111347,Salim Hiremath,68,5,1,0,1
111348,111348,Ravi Hegde,58,3,1,0,1
111349,111349,Ravi Khan,52,2,1,0,1
111350,111350,Salim Kulkarni,45,9,1,0,1
111351,111351,Salim Merchant,56,6,1,0,1
111352,111352,Lakshmi Hegde,58,4,1,0,2
111353,111353,Vijay Merchant,57,5,2,0,1
111354,111354,Divya Kulkarni,43,7,2,0,2
111355,111355,Meena Kumar,37,8,1,0,2
111356,111356,Mahesh Achar,32,7,1,0,1
111357,111357,Fathima Kumar,32,6,1,0,2
111358,111358,Mahesh D'Souza,63,8,1,0,1
111359,111359,Kavya Sait,50,7,1,0,2
111360,111360,Kavya Patil,70,3,1,0,2
111361,111361,Anita Kulkarni,33,5,1,0,2
111362,111362,Sunita Hegde,71,1,1,0,2
111363,111363,Kusuma Gowda,54,2,1,0,2
111364,111364,Imran Sait,28,9,1,0,1
111365,111365,Roopa Gowda,31,1,1,0,2
111366,111366,Srinivas Poojary,33,5,2,0,1
111367,111367,Mahesh Sait,20,7,1,0,1
111368,111368,Zoya Nayak,54,6,3,0,2
111369,111369,Harish Khan,46,4,1,0,1
111370,111370,Chandru Pinto,65,5,1,0,1
111371,111371,Joseph Naik,59,4,1,0,1
111372,111372,Ananya Pinto,49,1,1,0,2
111373,111373,Manoj Pinto,60,3,1,0,1
111374,111374,Ravi Bhat,62,4,1,0,1
111375,111375,Anita Merchant,31,9,1,0,2
111376,111376,Divya Kumar,25,6,1,0,2
111377,111377,Salim Kumar,52,4,1,0,1
111378,111378,Deepa D'Souza,32,4,1,0,2
111379,111379,Ashok Pinto,38,4,1,0,1
111380,111380,Nagaraj Gowda,71,4,1,0,1
111381,111381,Ravi Hegde,43,1,1,0,1
111382,111382,Anil Khan,21,6,1,0,1
111383,111383,Suresh Hiremath,68,1,1,0,1
111384,111384,Radha Shetty,56,8,2,0,2
111385,111385,Sowmya Poojary,71,1,1,0,2
111386,111386,Vinod Sait,49,6,1,0,1
111387,111387,Sunita Poojary,63,7,1,0,2
111388,111388,Joseph Pinto,70,8,2,0,1
111389,111389,Swathi Naik,22,6,1,0,2
111390,111390,Anthony Rao,62,4,2,0,1
111391,111391,Sneha D'Souza,46,3,3,0,2
111392,111392,Zoya Reddy,38,1,1,0,2
111393,111393,Sowmya Sait,51,6,1,0,2
111394,111394,Rekha Sait,32,7,2,0,2
111395,111395,Basavaraj Gowda,57,3,1,0,1
111396,111396,Salim Desai,23,7,1,0,1
111397,111397,Prakash Gowda,34,7,1,0,1
111398,111398,Basavaraj Bhat,72,5,1,0,1
111399,111399,Yogesh Sait,27,7,1,0,1
111400,111400,Kiran Gowda,38,3,1,0,1
111401,111401,Iqbal Merchant,60,3,2,0,1
111402,111402,Vijay Shetty,19,4,1,0,1
111403,111403,Sunita D'Souza,40,9,1,0,2
111404,111404,Radha Merchant,34,1,1,0,2
111405,111405,Girish Patil,24,2,1,0,1
111406,111406,Kusuma Pinto,46,1,2,0,2
111407,111407,Deepa Pinto,34,3,1,0,2
111408,111408,Prakash Shetty,57,8,1,0,1
111409,111409,Sowmya Khan,49,10,1,0,2
111410,111410,Srinivas Hiremath,63,1,1,0,1
111411,111411,Kavya Naik,61,7,1,0,2
111412,111412,Vijay Hegde,21,2,1,0,1
111413,111413,Ravi Kulkarni,67,4,1,0,1
111414,111414,Nandini Pinto,56,9,1,0,2
111415,111415,Yogesh Sait,29,5,1,0,1
111416,111416,Arjun Rao,19,4,1,0,1
111417,111417,Anthony Merchant,44,2,1,0,1
111418,111418,Anil Reddy,67,3,1,0,1
111419,111419,Divya Reddy,42,4,1,0,2
111420,111420,Meena Poojary,24,6,1,0,2
111421,111421,Roopa Sait,60,2,1,0,2
111422,111422,Zoya Pinto,72,1,2,0,2
111423,111423,Ramesh Bhat,64,4,1,0,1
111424,111424,Srinivas Sait,63,6,1,0,1
111425,111425,Priya Reddy,62,8,1,0,2
111426,111426,Meena Sait,25,9,1,0,2
111427,111427,Roopa Reddy,27,1,7,0,2
111428,111428,Arjun Hiremath,39,4,1,0,1
111429,111429,Naveen Sait,44,6,1,0,1
111430,111430,Sneha Achar,58,9,2,0,2
111431,111431,Iqbal Khan,32,2,1,0,1
111432,111432,Kavya Gowda,41,3,1,0,2
111433,111433,Kusuma Kumar,63,5,1,0,2
111434,111434,Mahesh Gowda,19,7,1,0,1
111435,111435,Sunita Achar,51,3,2,0,2
111436,111436,Vidya Reddy,33,4,5,0,2
111437,111437,Manjunath Naik,29,7,1,0,1
111438,111438,Chandru Kulkarni,28,7,1,0,1
111439,111439,Sneha Shetty,55,1,1,0,2
111440,111440,Arjun Achar,57,8,1,0,1
111441,111441,Kiran Gowda,60,4,1,0,1
111442,111442,Manjunath Kulkarni,19,8,1,0,1
111443,111443,Pooja Hegde,37,4,1,0,2
111444,111444,Vinod Nayak,48,1,1,0,1
111445,111445,Naveen Hiremath,29,9,1,0,1
111446,111446,Vidya Poojary,18,6,1,0,2
111447,111447,Suresh Kulkarni,41,6,1,0,1
111448,111448,Manjunath Merchant,46,1,1,0,1
111449,111449,Rekha Achar,23,4,1,0,2
111450,111450,Sunita Achar,29,7,1,0,2
111451,111451,Vijay Merchant,64,4,1,0,1
111452,111452,Ramesh Shetty,32,10,1,0,1
111453,111453,Suresh Gowda,28,5,1,0,1
111454,111454,Ramesh Sait,57,2,1,0,1
111455,111455,Zoya Kulkarni,20,2,1,0,2
111456,111456,Girish Desai,54,8,1,0,1
111457,111457,Prakash Khan,18,2,2,0,1
111458,111458,Geeta Poojary,45,3,1,0,2
111459,111459,Roopa Hiremath,66,10,1,0,2
111460,111460,Lakshmi Pinto,57,7,1,0,2
111461,111461,Kavya Poojary,43,1,1,0,2
111462,111462,Girish Nayak,54,3,2,0,1
111463,111463,Anthony Pinto,24,4,1,0,1
111464,111464,Prakash Kumar,43,4,1,0,1
111465,111465,Zoya Achar,48,5,1,0,2
111466,111466,Yogesh Desai,62,2,1,0,1
111467,111467,Shilpa Reddy,61,8,1,0,2
111468,111468,Meena Gowda,18,9,1,0,2
111469,111469,Vinod Kulkarni,23,4,1,0,1
111470,111470,Imran D'Souza,48,2,1,0,1
111471,111471,Anita Bhat,64,5,2,0,2
111472,111472,Zoya D'Souza,52,8,1,0,2
111473,111473,Anthony Shetty,49,4,1,0,1
111474,111474,Prakash Khan,69,4,1,0,1
111475,111475,Fathima Poojary,43,4,1,0,2
111476,111476,Swathi Sait,26,2,1,0,2
111477,111477,Vinod Bhat,44,4,1,0,1
111478,111478,Srinivas D'Souza,39,1,1,0,1
111479,111479,Kusuma Kumar,45,9,1,0,2
111480,111480,Joseph Patil,65,6,1,0,1
111481,111481,Joseph D'Souza,60,7,1,0,1
111482,111482,Ganesh Gowda,58,5,1,0,1
111483,111483,Dinesh Naik,41,9,1,0,1
111484,111484,Nandini Nayak,25,2,1,0,2
111485,111485,Vidya Shetty,23,4,1,0,2
111486,111486,Kusuma Poojary,22,8,1,0,2
111487,111487,Imran Kulkarni,65,8,2,0,1
111488,111488,Shalini Rao,27,4,2,0,2
111489,111489,Nagaraj Hiremath,45,2,1,0,1
111490,111490,Kusuma Bhat,44,2,1,0,2
111491,111491,Meena Desai,24,7,1,0,2
111492,111492,Shalini Bhat,18,1,1,0,2
111493,111493,Kusuma Poojary,19,4,1,0,2
111494,111494,Basavaraj Pinto,31,2,1,0,1
111495,111495,Sunita Kulkarni,50,1,1,0,2
111496,111496,Dinesh Bhat,26,1,1,0,1
111497,111497,Ashok D'Souza,66,4,2,0,1
111498,111498,Imran Desai,64,8,1,0,1
111499,111499,Ramesh Achar,25,3,1,0,1
111500,111500,Anita Shetty,50,1,1,0,2
111501,111501,Anil Kulkarni,52,1,1,0,1
111502,111502,Basavaraj D'Souza,50,4,2,0,1
111503,111503,Nandini Khan,55,2,2,0,2
111504,111504,Imran Pinto,20,8,1,0,1
111505,111505,Suresh Patil,34,8,1,0,1
111506,111506,Anita Nayak,39,3,1,0,2
111507,111507,Manjunath D'Souza,67,3,1,0,1
111508,111508,Priya Kulkarni,38,1,1,0,2
111509,111509,Basavaraj Nayak,63,3,1,0,1
111510,111510,Ramesh Khan,56,10,1,0,1
111511,111511,Iqbal D'Souza,35,1,2,0,1
111512,111512,Radha Khan,39,8,1,0,2
111513,111513,Joseph Pinto,42,2,1,0,1
111514,111514,Roopa Merchant,42,2,1,0,2
111515,111515,Sowmya Pinto,55,3,1,0,2
111516,111516,Radha Kulkarni,35,5,1,0,2
111517,111517,Salim Bhat,20,4,1,0,1
111518,111518,Basavaraj Reddy,45,2,1,0,1
111519,111519,Rekha Hiremath,42,4,1,0,2
111520,111520,Geeta Nayak,57,9,1,0,2
111521,111521,Radha Hegde,54,8,2,0,2
111522,111522,Radha Reddy,51,5,2,0,2
111523,111523,Shilpa Merchant,37,10,2,0,2
111524,111524,Joseph Achar,20,10,1,0,1
111525,111525,Sunita D'Souza,72,1,2,0,2
111526,111526,Naveen Naik,68,4,1,0,1
111527,111527,Ganesh D'Souza,37,1,3,0,1
111528,111528,Divya Khan,48,7,1,0,2
111529,111529,Suresh Merchant,41,7,2,0,1
111530,111530,Vijay Reddy,71,7,2,0,1
111531,111531,Meena Kulkarni,28,1,1,0,2
111532,111532,Suresh Gowda,38,9,1,0,1
111533,111533,Dinesh Kumar,61,4,1,0,1
111534,111534,Anita Pinto,51,2,1,0,2
111535,111535,Divya Merchant,22,7,1,0,2
111536,111536,Rajesh Kulkarni,52,10,1,0,1
111537,111537,Farhan D'Souza,63,5,1,0,1
111538,111538,Pooja Rao,66,5,1,0,2
111539,111539,Basavaraj Poojary,19,10,2,0,1
111540,111540,Arjun Pinto,65,7,2,0,1
111541,111541,Imran Gowda,49,5,1,0,1
111542,111542,Prakash Naik,68,1,1,0,1
111543,111543,Harish Shetty,28,8,1,0,1
111544,111544,Manoj Kumar,34,5,1,0,1
111545,111545,Fathima Hiremath,58,6,1,0,2
111546,111546,Vijay Reddy,49,4,1,0,1
111547,111547,Chandru Nayak,64,6,1,0,1
111548,111548,Naveen Achar,48,7,1,0,1
111549,111549,Mary Reddy,33,1,1,0,2
111550,111550,Nandini Bhat,24,6,1,0,2
111551,111551,Chandru Khan,65,1,1,0,1
111552,111552,Pooja Desai,72,10,1,0,2
111553,111553,Sunita Naik,33,5,1,0,2
111554,111554,Radha Kumar,32,4,2,0,2
111555,111555,Sunita Gowda,48,3,1,0,2
111556,111556,Anthony Nayak,53,3,1,0,1
111557,111557,Swathi Reddy,64,6,1,0,2
111558,111558,Divya Shetty,53,7,1,0,2
111559,111559,Manjunath Pinto,30,4,1,0,1
111560,111560,Sowmya Poojary,20,4,1,0,2
111561,111561,Kiran Bhat,25,4,2,0,1
111562,111562,Chandru Gowda,57,5,1,0,1
111563,111563,Pooja Sait,24,4,2,0,2
111564,111564,Kusuma Achar,22,1,3,0,2
111565,111565,Priya Desai,20,3,1,0,2
111566,111566,Mary Patil,54,4,2,0,2
111567,111567,Kavya Naik,46,1,1,0,2
111568,111568,Swathi Nayak,60,4,1,0,2
111569,111569,Ravi Poojary,58,7,1,0,1
111570,111570,Farhan Gowda,43,9,1,0,1
111571,111571,Prakash Nayak,33,6,1,0,1
111572,111572,Zoya Sait,28,9,1,0,2
111573,111573,Geeta Nayak,28,1,1,0,2
111574,111574,Vidya Kulkarni,31,10,1,0,2
111575,111575,Salim Kumar,63,6,1,0,1
111576,111576,Iqbal Kumar,59,1,1,0,1
111577,111577,Prakash Kulkarni,69,7,2,0,1
111578,111578,Mary Hegde,25,1,1,0,2
111579,111579,Mahesh Kumar,63,7,2,0,1
111580,111580,Manoj Merchant,63,9,2,0,1
111581,111581,Anita Kulkarni,64,9,1,0,2
111582,111582,Manjunath Poojary,59,3,1,0,1
111583,111583,Nagaraj Pinto,22,4,2,0,1
111584,111584,Mahesh Bhat,69,4,1,0,1
111585,111585,Arjun Sait,70,6,2,0,1
111586,111586,Ananya Pinto,34,6,1,0,2
111587,111587,Ananya Rao,50,1,1,0,2
111588,111588,Salim Pinto,25,1,1,0,1
111589,111589,Swathi Nayak,55,2,1,0,2
111590,111590,Harish Khan,59,3,1,0,1
111591,111591,Salim Merchant,39,4,2,0,1
111592,111592,Harish D'Souza,57,6,1,0,1
111593,111593,Pooja Khan,51,5,1,0,2
111594,111594,Rekha Desai,38,9,1,0,2
111595,111595,Deepa Kulkarni,18,4,1,0,2
111596,111596,Kiran Hiremath,61,7,1,0,1
111597,111597,Sneha Nayak,49,5,1,0,2
111598,111598,Nagaraj Reddy,25,2,1,0,1
111599,111599,Divya Poojary,38,8,1,0,2
111600,111600,Vidya Khan,70,8,1,0,2
111601,111601,Anil Bhat,68,2,2,0,1
111602,111602,Farhan D'Souza,36,9,1,0,1
111603,111603,Manjunath Kulkarni,52,4,1,0,1
111604,111604,Vijay Reddy,34,4,1,0,1
111605,111605,Joseph Kulkarni,21,4,1,0,1
111606,111606,Mahesh Poojary,45,4,1,0,1
111607,111607,Sowmya Shetty,65,3,1,0,2
111608,111608,Ashok Reddy,34,4,1,0,1
111609,111609,Dinesh Sait,18,2,1,0,1
111610,111610,Kiran Hiremath,54,6,1,0,1
111611,111611,Kavya Poojary,47,4,1,0,2
111612,111612,Sneha Bhat,33,7,1,0,2
111613,111613,Arjun Desai,23,6,1,0,1
111614,111614,Anita Naik,69,6,1,0,2
111615,111615,Manjunath Achar,54,4,1,0,1
111616,111616,Naveen Pinto,32,2,1,0,1
111617,111617,Deepa Merchant,56,6,4,0,2
111618,111618,Meena Sait,29,3,1,0,2
111619,111619,Divya Reddy,70,4,2,0,2
111620,111620,Pooja Reddy,24,5,1,0,2
111621,111621,Vijay Sait,61,7,4,0,1
111622,111622,Basavaraj Reddy,46,1,1,0,1
111623,111623,Radha Shetty,37,5,1,0,2
111624,111624,Nagaraj Hegde,42,2,1,0,1
111625,111625,Swathi Sait,36,7,1,0,2
111626,111626,Harish Khan,25,6,1,0,1
111627,111627,Girish Desai,37,4,1,0,1
111628,111628,Basavaraj Kulkarni,23,3,1,0,1
111629,111629,Sneha Sait,20,6,2,0,2
111630,111630,Manoj D'Souza,37,4,1,0,1
111631,111631,Sneha Kumar,61,6,1,0,2
111632,111632,Basavaraj Shetty,68,6,1,0,1
111633,111633,Meena Hegde,42,7,1,0,2
111634,111634,Manoj Kulkarni,40,8,1,0,1
111635,111635,Ravi Pinto,32,4,1,0,1
111636,111636,Anthony Achar,66,4,1,0,1
111637,111637,Sunita Sait,55,5,1,0,2
111638,111638,Ashok Bhat,58,8,1,0,1
111639,111639,Basavaraj Nayak,42,1,1,0,1
111640,111640,Kavya Pinto,34,5,1,0,2
111641,111641,Zoya Shetty,52,2,6,0,2
111642,111642,Nagaraj Poojary,45,1,1,0,1
111643,111643,Geeta Patil,67,3,1,0,2
111644,111644,Deepa Pinto,60,9,1,0,2
111645,111645,Shilpa Achar,30,4,1,0,2
111646,111646,Zoya Naik,65,6,1,0,2
111647,111647,Ravi Nayak,66,4,1,0,1
111648,111648,Kusuma D'Souza,64,9,6,0,2
111649,111649,Naveen Kulkarni,44,9,1,0,1
111650,111650,Rajesh Hiremath,55,9,1,0,1
111651,111651,Rajesh Shetty,36,9,1,0,1
111652,111652,Nagaraj Kumar,59,7,1,0,1
111653,111653,Girish Rao,34,1,1,0,1
111654,111654,Harish Kumar,36,1,1,0,1
111655,111655,Ravi Gowda,49,9,1,0,1
111656,111656,Roopa Reddy,57,9,1,0,2
111657,111657,Iqbal Hegde,39,1,1,0,1
111658,111658,Dinesh Hiremath,35,4,1,0,1
111659,111659,Chandru Nayak,20,7,1,0,1
111660,111660,Harish Poojary,36,4,1,0,1
111661,111661,Chandru Kulkarni,53,10,1,0,1
111662,111662,Suresh Naik,41,3,1,0,1
111663,111663,Anita Merchant,33,4,1,0,2
111664,111664,Ravi Kulkarni,48,3,1,0,1
111665,111665,Sneha D'Souza,65,10,4,0,2
111666,111666,Radha Achar,44,6,1,0,2
111667,111667,Sunita Bhat,49,8,1,0,2
111668,111668,Mahesh Patil,36,4,1,0,1
111669,111669,Kavya Naik,21,10,7,0,2
111670,111670,Priya Poojary,32,5,1,0,2
111671,111671,Kusuma Kulkarni,30,6,1,0,2
111672,111672,Arjun Nayak,21,7,1,0,1
111673,111673,Farhan Gowda,62,2,1,0,1
111674,111674,Lakshmi Sait,30,3,2,0,2
111675,111675,Nandini Bhat,42,8,1,0,2
111676,111676,Ganesh Rao,21,2,1,0,1
111677,111677,Shilpa Hegde,44,7,1,0,2
111678,111678,Naveen Khan,37,6,1,0,1
111679,111679,Joseph Desai,18,1,1,0,1
111680,111680,Srinivas Patil,52,3,1,0,1
111681,111681,Dinesh Achar,60,4,1,0,1
111682,111682,Ashok Sait,61,2,1,0,1
111683,111683,Rekha Naik,19,8,1,0,2
111684,111684,Suresh Sait,63,4,1,0,1
111685,111685,Salim Poojary,46,8,2,0,1
111686,111686,Sunita Rao,35,8,1,0,2
111687,111687,Radha Merchant,47,3,1,0,2
111688,111688,Manjunath Poojary,45,7,2,0,1
111689,111689,Srinivas Nayak,58,8,1,0,1
111690,111690,Kiran Naik,39,3,1,0,1
111691,111691,Ravi Patil,70,7,1,0,1
111692,111692,Sneha Hegde,19,9,1,0,2
111693,111693,Sowmya Kumar,31,4,1,0,2
111694,111694,Chandru Merchant,28,9,1,0,1
111695,111695,Sunita Hiremath,69,4,1,0,2
111696,111696,Basavaraj Sait,72,2,1,0,1
111697,111697,Ananya Poojary,31,1,2,0,2
111698,111698,Ravi Shetty,41,7,1,0,1
111699,111699,Vijay Nayak,33,4,1,0,1
111700,111700,Yogesh D'Souza,43,8,1,0,1
111701,111701,Swathi Patil,41,6,1,0,2
111702,111702,Rajesh Desai,53,1,1,0,1
111703,111703,Kusuma Rao,60,10,1,0,2
111704,111704,Mahesh Reddy,22,9,1,0,1
111705,111705,Fathima Kumar,59,2,1,0,2
111706,111706,Kavya Nayak,62,1,1,0,2
111707,111707,Iqbal Reddy,53,2,1,0,1
111708,111708,Fathima D'Souza,50,4,1,0,2
111709,111709,Srinivas Gowda,67,7,1,0,1
111710,111710,Salim Naik,40,4,1,0,1
111711,111711,Suresh Pinto,24,1,1,0,1
111712,111712,Meena Bhat,64,4,1,0,2
111713,111713,Roopa Patil,28,2,1,0,2
111714,111714,Zoya Achar,25,7,1,0,2
111715,111715,Rekha Patil,48,7,1,0,2
111716,111716,Vinod Hegde,24,4,1,0,1
111717,111717,Yogesh Gowda,63,4,1,0,1
111718,111718,Imran Reddy,19,2,1,0,1
111719,111719,Girish Kumar,53,1,1,0,1
111720,111720,Joseph Bhat,40,4,1,0,1
111721,111721,Sunita Achar,53,6,1,0,2
111722,111722,Deepa Kulkarni,30,3,1,0,2
111723,111723,Radha Rao,47,1,1,0,2
111724,111724,Geeta Hiremath,57,9,1,0,2
111725,111725,Anil Patil,63,9,1,0,1
111726,111726,Rajesh Poojary,39,8,2,0,1
111727,111727,Fathima Reddy,46,6,1,0,2
111728,111728,Naveen Patil,28,9,1,0,1
111729,111729,Chandru Naik,23,4,1,0,1
111730,111730,Lakshmi Naik,59,5,1,0,2
111731,111731,Manjunath Desai,36,9,1,0,1
111732,111732,Kusuma Nayak,42,7,1,0,2
111733,111733,Chandru Pinto,72,1,1,0,1
111734,111734,Zoya Merchant,72,4,1,0,2
111735,111735,Kusuma Achar,20,8,1,0,2
111736,111736,Harish Pinto,57,4,1,0,1
111737,111737,Rajesh Hegde,37,7,1,0,1
111738,111738,Radha Desai,23,5,1,0,2
111739,111739,Kusuma Khan,63,8,1,0,2
111740,111740,Shalini Hegde,20,5,3,0,2
111741,111741,Mary Khan,72,8,2,0,2
111742,111742,Yogesh Desai,40,9,1,0,1
111743,111743,Suresh Pinto,43,5,1,0,1
111744,111744,Kavya Kumar,52,9,1,0,2
111745,111745,Divya Poojary,43,4,1,0,2
111746,111746,Vijay Khan,40,2,1,0,1
111747,111747,Harish D'Souza,63,4,1,0,1
111748,111748,Farhan Desai,67,6,1,0,1
111749,111749,Naveen Reddy,31,7,2,0,1
111750,111750,Priya Nayak,69,10,1,0,2
111751,111751,Ashok Merchant,37,6,1,0,1
111752,111752,Zoya Desai,24,6,1,0,2
111753,111753,Ashok Achar,59,1,1,0,1
111754,111754,Radha Shetty,47,8,1,0,2
111755,111755,Ravi Merchant,25,6,1,0,1
111756,111756,Prakash Poojary,44,7,1,0,1
111757,111757,Lakshmi Gowda,22,8,1,0,2
111758,111758,Naveen Patil,25,3,2,0,1
111759,111759,Anita Khan,37,4,1,0,2
111760,111760,Shilpa Kumar,40,8,1,0,2
111761,111761,Salim Kulkarni,36,2,2,0,1
111762,111762,Radha Achar,34,1,1,0,2
111763,111763,Anita Pinto,30,4,2,0,2
111764,111764,Joseph Sait,65,4,1,0,1
111765,111765,Chandru D'Souza,43,7,2,0,1
111766,111766,Roopa Hiremath,19,4,1,0,2
111767,111767,Nagaraj Achar,37,9,1,0,1
111768,111768,Harish Khan,40,5,3,0,1
111769,111769,Girish Poojary,49,4,2,0,1
111770,111770,Harish Poojary,24,10,1,0,1
111771,111771,Farhan Desai,45,9,2,0,1
111772,111772,Manjunath Gowda,63,7,1,0,1
111773,111773,Kusuma Kumar,38,7,1,0,2
111774,111774,Sneha Reddy,64,7,1,0,2
111775,111775,Yogesh Nayak,49,10,1,0,1
111776,111776,Prakash Kumar,55,9,1,0,1
111777,111777,Joseph Poojary,29,9,1,0,1
111778,111778,Anthony Rao,44,4,1,0,1
111779,111779,Chandru Bhat,24,4,1,0,1
111780,111780,Rekha Hegde,38,2,1,0,2
111781,111781,Sowmya Khan,20,1,2,0,2
111782,111782,Shilpa Khan,42,5,1,0,2
111783,111783,Nandini Hiremath,29,1,1,0,2
111784,111784,Ravi Gowda,72,4,1,0,1
111785,111785,Kusuma D'Souza,58,6,1,0,2
111786,111786,Basavaraj Naik,60,8,1,0,1
111787,111787,Suresh Bhat,68,5,1,0,1
111788,111788,Kavya Khan,61,9,2,0,2
111789,111789,Kiran Nayak,53,4,1,0,1
111790,111790,Arjun Bhat,32,7,2,0,1
111791,111791,Vijay Sait,39,4,2,0,1
111792,111792,Ravi Achar,54,1,1,0,1
111793,111793,Ramesh Naik,52,1,1,0,1
111794,111794,Suresh Hiremath,32,2,1,0,1
111795,111795,Manoj Pinto,20,4,1,0,1
111796,111796,Anil Desai,38,1,1,0,1
111797,111797,Yogesh Khan,48,1,1,0,1
111798,111798,Anthony Nayak,54,1,1,0,1
111799,111799,Pooja Hiremath,68,9,1,0,2
111800,111800,Mahesh Naik,72,2,1,0,1
111801,111801,Imran Reddy,48,7,1,0,1
111802,111802,Lakshmi Naik,30,4,1,0,2
111803,111803,Dinesh Khan,65,8,4,0,1
111804,111804,Lakshmi Hegde,30,4,1,0,2
111805,111805,Kiran Gowda,34,6,1,0,1
111806,111806,Kavya Kulkarni,23,1,1,0,2
111807,111807,Deepa Hegde,37,3,1,0,2
111808,111808,Rajesh Khan,49,2,3,0,1
111809,111809,Ashok Hegde,70,6,2,0,1
111810,111810,Yogesh Khan,31,3,1,0,1
111811,111811,Chandru Naik,31,5,1,0,1
111812,111812,Chandru Desai,43,10,1,0,1
111813,111813,Mahesh D'Souza,69,8,1,0,1
111814,111814,Vijay Patil,41,4,1,0,1
111815,111815,Girish Hegde,29,8,1,0,1
111816,111816,Nandini Pinto,42,6,1,0,2
111817,111817,Dinesh Nayak,72,5,1,0,1
111818,111818,Rajesh Desai,30,5,1,0,1
111819,111819,Suresh Reddy,20,7,1,0,1
111820,111820,Ashok Desai,62,3,1,0,1
111821,111821,Deepa Rao,67,4,1,0,2
111822,111822,Dinesh Poojary,60,9,1,0,1
111823,111823,Swathi Naik,60,3,1,0,2
111824,111824,Anil Khan,34,6,1,0,1
111825,111825,Deepa Naik,40,5,1,0,2
111826,111826,Arjun Poojary,59,4,2,0,1
111827,111827,Vinod Poojary,45,4,1,0,1
111828,111828,Kavya Naik,65,3,1,0,2
111829,111829,Fathima Rao,63,2,1,0,2
111830,111830,Ramesh Patil,56,9,1,0,1
111831,111831,Radha Patil,69,2,1,0,2
111832,111832,Kusuma Rao,34,8,1,0,2
111833,111833,Ananya Rao,59,1,2,0,2
111834,111834,Manjunath Hiremath,71,7,1,0,1
111835,111835,Sneha Khan,33,6,1,0,2
111836,111836,Suresh Bhat,27,1,2,0,1
111837,111837,Geeta Naik,19,10,1,0,2
111838,111838,Dinesh D'Souza,24,9,1,0,1
111839,111839,Rajesh Nayak,53,8,1,0,1
111840,111840,Suresh Achar,34,6,1,0,1
111841,111841,Anil Poojary,63,6,1,0,1
111842,111842,Meena Gowda,72,8,1,0,2
111843,111843,Basavaraj D'Souza,38,2,1,0,1
111844,111844,Kavya Gowda,38,9,1,0,2
111845,111845,Fathima Rao,61,3,1,0,2
111846,111846,Pooja Hiremath,48,3,2,0,2
111847,111847,Sunita Kumar,38,7,1,0,2
111848,111848,Anil Hiremath,18,4,1,0,1
111849,111849,Ravi Reddy,50,9,1,0,1
111850,111850,Shalini Gowda,33,1,1,0,2
111851,111851,Farhan Sait,36,6,1,0,1
111852,111852,Radha Kumar,38,9,1,0,2
111853,111853,Ramesh Gowda,36,1,1,0,1
111854,111854,Prakash D'Souza,21,4,1,0,1
111855,111855,Geeta Rao,27,7,1,0,2
111856,111856,Nagaraj Desai,55,5,1,0,1
111857,111857,Shilpa Reddy,45,6,1,0,2
111858,111858,Nagaraj Naik,48,1,1,0,1
111859,111859,Roopa Kulkarni,45,3,1,0,2
111860,111860,Zoya Khan,35,2,1,0,2
111861,111861,Imran Hiremath,70,4,1,0,1
111862,111862,Kusuma Merchant,54,8,1,0,2
111863,111863,Ramesh Desai,31,4,1,0,1
111864,111864,Radha Patil,50,4,1,0,2
111865,111865,Imran Reddy,56,10,2,0,1
111866,111866,Mary Kulkarni,50,8,1,0,2
111867,111867,Lakshmi Reddy,39,4,2,0,2
111868,111868,Harish Bhat,41,8,1,0,1
111869,111869,Geeta Patil,62,6,1,0,2
111870,111870,Harish Sait,42,6,1,0,1
111871,111871,Meena Sait,24,9,1,0,2
111872,111872,Kiran Sait,34,5,3,0,1
111873,111873,Suresh Reddy,22,2,1,0,1
111874,111874,Geeta Poojary,18,9,2,0,2
111875,111875,Shalini Khan,29,5,1,0,2
111876,111876,Joseph Poojary,60,9,1,0,1
111877,111877,Rajesh Merchant,54,7,1,0,1
111878,111878,Srinivas Reddy,43,4,1,0,1
111879,111879,Nagaraj Patil,51,6,1,0,1
111880,111880,Srinivas D'Souza,68,5,1,0,1
111881,111881,Mahesh Bhat,33,3,1,0,1
111882,111882,Shalini Kumar,20,5,1,0,2
111883,111883,Shalini Nayak,57,3,1,0,2
111884,111884,Fathima D'Souza,32,5,1,0,2
111885,111885,Ashok Naik,23,4,1,0,1
111886,111886,Deepa Achar,55,5,1,0,2
111887,111887,Divya Patil,62,3,1,0,2
111888,111888,Ananya Reddy,36,8,1,0,2
111889,111889,Kusuma D'Souza,28,9,2,0,2
111890,111890,Ramesh Kumar,44,4,1,0,1
111891,111891,Joseph Shetty,39,3,1,0,1
111892,111892,Radha Shetty,61,8,1,0,2
111893,111893,Arjun Hegde,36,8,1,0,1
111894,111894,Mary Reddy,33,1,2,0,2
111895,111895,Yogesh Nayak,63,4,2,0,1
111896,111896,Arjun Shetty,57,10,3,0,1
111897,111897,Chandru Patil,24,6,1,0,1
111898,111898,Ananya Kumar,27,8,1,0,2
111899,111899,Deepa Desai,69,9,1,0,2
111900,111900,Rekha Merchant,48,3,1,0,2
111901,111901,Imran Hegde,29,1,1,0,1
111902,111902,Salim Reddy,59,5,1,0,1
111903,111903,Zoya Rao,47,7,1,0,2
111904,111904,Sneha Patil,37,9,1,0,2
111905,111905,Shilpa Gowda,26,4,1,0,2
111906,111906,Nagaraj Kulkarni,68,7,1,0,1
111907,111907,Rekha Hegde,67,7,2,0,2
111908,111908,Anil Kulkarni,71,2,2,0,1
111909,111909,Ashok Reddy,32,9,2,0,1
111910,111910,Divya Naik,64,2,1,0,2
111911,111911,Swathi Kulkarni,31,9,1,0,2
111912,111912,Geeta Shetty,60,9,2,0,2
111913,111913,Vijay Khan,54,2,1,0,1
111914,111914,Swathi Naik,20,5,1,0,2
111915,111915,Girish Rao,50,4,1,0,1
111916,111916,Lakshmi Naik,44,6,1,0,2
111917,111917,Radha Sait,30,9,1,0,2
111918,111918,Rajesh Khan,55,6,1,0,1
111919,111919,Yogesh Kumar,21,4,1,0,1
111920,111920,Kavya Reddy,61,9,1,0,2
111921,111921,Ashok Gowda,34,3,1,0,1
111922,111922,Shalini Poojary,58,2,2,0,2
111923,111923,Ashok Bhat,49,10,1,0,1
111924,111924,Girish Reddy,68,5,1,0,1
111925,111925,Kusuma Naik,36,1,1,0,2
111926,111926,Geeta Kulkarni,32,2,1,0,2
111927,111927,Farhan Desai,54,2,2,0,1
111928,111928,Chandru Bhat,19,1,2,0,1
111929,111929,Vinod Patil,69,2,1,0,1
111930,111930,Ganesh Shetty,44,9,1,0,1
111931,111931,Dinesh Shetty,59,1,2,0,1
111932,111932,Manjunath Shetty,35,4,1,0,1
111933,111933,Swathi Kulkarni,69,1,4,0,2
111934,111934,Basavaraj Hiremath,50,3,1,0,1
111935,111935,Sowmya Shetty,49,3,1,0,2
111936,111936,Rajesh Shetty,27,4,1,0,1
111937,111937,Deepa Rao,61,1,1,0,2
111938,111938,Ananya Sait,70,1,1,0,2
111939,111939,Iqbal Shetty,41,2,1,0,1
111940,111940,Roopa Patil,44,8,1,0,2
111941,111941,Ananya Nayak,61,9,1,0,2
111942,111942,Sowmya Gowda,67,9,1,0,2
111943,111943,Roopa Rao,27,4,1,0,2
111944,111944,Sunita Patil,68,1,1,0,2
111945,111945,Salim Hiremath,37,9,1,0,1
111946,111946,Prakash Gowda,56,6,1,0,1
111947,111947,Swathi Khan,44,4,1,0,2
111948,111948,Manjunath Kumar,27,4,1,0,1
111949,111949,Divya Reddy,60,10,1,0,2
111950,111950,Iqbal Achar,52,3,1,0,1
111951,111951,Salim Pinto,40,1,1,0,1
111952,111952,Deepa Reddy,24,3,1,0,2
111953,111953,Vidya Gowda,26,4,1,0,2
111954,111954,Rajesh Rao,33,7,1,0,1
111955,111955,Kiran Khan,18,6,2,0,1
111956,111956,Divya Khan,69,5,1,0,2
111957,111957,Geeta Poojary,64,4,1,0,2
111958,111958,Nagaraj Bhat,33,8,1,0,1
111959,111959,Sneha Kumar,18,6,1,0,2
111960,111960,Ramesh Gowda,35,9,1,0,1
111961,111961,Divya Rao,72,6,1,0,2
111962,111962,Kusuma Bhat,69,8,1,0,2
111963,111963,Naveen Naik,61,6,1,0,1
111964,111964,Ananya Shetty,37,6,1,0,2
111965,111965,Shilpa Sait,26,6,1,0,2
111966,111966,Sowmya Rao,31,9,1,0,2
111967,111967,Ashok Pinto,61,2,1,0,1
111968,111968,Sowmya Kulkarni,26,1,1,0,2
111969,111969,Arjun Reddy,66,4,3,0,1
111970,111970,Kavya Kulkarni,39,5,1,0,2
111971,111971,Joseph Hegde,35,1,1,0,1
111972,111972,Rajesh Bhat,20,8,1,0,1
111973,111973,Prakash D'Souza,36,6,2,0,1
111974,111974,Naveen Bhat,22,5,1,0,1
111975,111975,Nagaraj Bhat,19,7,2,0,1
111976,111976,Naveen Sait,51,4,2,0,1
111977,111977,Radha Kulkarni,65,4,1,0,2
111978,111978,Radha Hiremath,47,5,1,0,2
111979,111979,Roopa Reddy,33,4,1,0,2
111980,111980,Sowmya D'Souza,35,9,1,0,2
111981,111981,Sneha Achar,49,4,1,0,2
